# .PCD v0.7 - mock_mapper
VERSION 0.7
FIELDS x y z
SIZE 4 4 4
TYPE F F F
COUNT 1 1 1
WIDTH 5339
HEIGHT 1
VIEWPOINT 0 0 0 1 0 0 0
POINTS 5339
DATA ascii
-10.000 -10.000 0.200
-10.000 -10.000 1.200
-10.000 -10.000 2.000
-10.000 -9.800 0.200
-9.800 -10.000 0.200
-10.000 -9.800 1.200
-9.800 -10.000 1.200
-10.000 -9.800 2.000
-9.800 -10.000 2.000
-10.000 -9.600 0.200
-9.600 -10.000 0.200
-10.000 -9.600 1.200
-9.600 -10.000 1.200
-10.000 -9.600 2.000
-9.600 -10.000 2.000
-10.000 -9.400 0.200
-9.400 -10.000 0.200
-10.000 -9.400 1.200
-9.400 -10.000 1.200
-10.000 -9.400 2.000
-9.400 -10.000 2.000
-10.000 -9.200 0.200
-9.200 -10.000 0.200
-10.000 -9.200 1.200
-9.200 -10.000 1.200
-10.000 -9.200 2.000
-9.200 -10.000 2.000
-10.000 -9.000 0.200
-9.000 -10.000 0.200
-10.000 -9.000 1.200
-9.000 -10.000 1.200
-10.000 -9.000 2.000
-9.000 -10.000 2.000
-10.000 -8.800 0.200
-8.800 -10.000 0.200
-10.000 -8.800 1.200
-8.800 -10.000 1.200
-10.000 -8.800 2.000
-8.800 -10.000 2.000
-10.000 -8.600 0.200
-8.600 -10.000 0.200
-10.000 -8.600 1.200
-8.600 -10.000 1.200
-10.000 -8.600 2.000
-8.600 -10.000 2.000
-10.000 -8.400 0.200
-8.400 -10.000 0.200
-10.000 -8.400 1.200
-8.400 -10.000 1.200
-10.000 -8.400 2.000
-8.400 -10.000 2.000
-10.000 -8.200 0.200
-8.200 -10.000 0.200
-10.000 -8.200 1.200
-8.200 -10.000 1.200
-10.000 -8.200 2.000
-8.200 -10.000 2.000
-10.000 -8.000 0.200
-8.000 -10.000 0.200
-10.000 -8.000 1.200
-8.000 -10.000 1.200
-10.000 -8.000 2.000
-8.000 -10.000 2.000
-10.000 -7.800 0.200
-7.800 -10.000 0.200
-10.000 -7.800 1.200
-7.800 -10.000 1.200
-10.000 -7.800 2.000
-7.800 -10.000 2.000
-10.000 -7.600 0.200
-7.600 -10.000 0.200
-10.000 -7.600 1.200
-7.600 -10.000 1.200
-10.000 -7.600 2.000
-7.600 -10.000 2.000
-10.000 -7.400 0.200
-7.400 -10.000 0.200
-10.000 -7.400 1.200
-7.400 -10.000 1.200
-10.000 -7.400 2.000
-7.400 -10.000 2.000
-10.000 -7.200 0.200
-7.200 -10.000 0.200
-10.000 -7.200 1.200
-7.200 -10.000 1.200
-10.000 -7.200 2.000
-7.200 -10.000 2.000
-10.000 -7.000 0.200
-7.000 -10.000 0.200
-10.000 -7.000 1.200
-7.000 -10.000 1.200
-10.000 -7.000 2.000
-7.000 -10.000 2.000
-10.000 -6.800 0.200
-6.800 -10.000 0.200
-10.000 -6.800 1.200
-6.800 -10.000 1.200
-10.000 -6.800 2.000
-6.800 -10.000 2.000
-10.000 -6.600 0.200
-6.600 -10.000 0.200
-10.000 -6.600 1.200
-6.600 -10.000 1.200
-10.000 -6.600 2.000
-6.600 -10.000 2.000
-10.000 -6.400 0.200
-6.400 -10.000 0.200
-10.000 -6.400 1.200
-6.400 -10.000 1.200
-10.000 -6.400 2.000
-6.400 -10.000 2.000
-10.000 -6.200 0.200
-6.200 -10.000 0.200
-10.000 -6.200 1.200
-6.200 -10.000 1.200
-10.000 -6.200 2.000
-6.200 -10.000 2.000
-10.000 -6.000 0.200
-6.000 -10.000 0.200
-10.000 -6.000 1.200
-6.000 -10.000 1.200
-10.000 -6.000 2.000
-6.000 -10.000 2.000
-10.000 -5.800 0.200
-5.800 -10.000 0.200
-10.000 -5.800 1.200
-5.800 -10.000 1.200
-10.000 -5.800 2.000
-5.800 -10.000 2.000
-10.000 -5.600 0.200
-5.600 -10.000 0.200
-10.000 -5.600 1.200
-5.600 -10.000 1.200
-10.000 -5.600 2.000
-5.600 -10.000 2.000
-10.000 -5.400 0.200
-5.400 -10.000 0.200
-10.000 -5.400 1.200
-5.400 -10.000 1.200
-10.000 -5.400 2.000
-5.400 -10.000 2.000
-10.000 -5.200 0.200
-5.200 -10.000 0.200
-10.000 -5.200 1.200
-5.200 -10.000 1.200
-10.000 -5.200 2.000
-5.200 -10.000 2.000
-10.000 -5.000 0.200
-5.000 -10.000 0.200
-10.000 -5.000 1.200
-5.000 -10.000 1.200
-10.000 -5.000 2.000
-5.000 -10.000 2.000
-10.000 -4.800 0.200
-4.800 -10.000 0.200
-10.000 -4.800 1.200
-4.800 -10.000 1.200
-10.000 -4.800 2.000
-4.800 -10.000 2.000
-10.000 -4.600 0.200
-4.600 -10.000 0.200
-10.000 -4.600 1.200
-4.600 -10.000 1.200
-10.000 -4.600 2.000
-4.600 -10.000 2.000
-10.000 -4.400 0.200
-4.400 -10.000 0.200
-10.000 -4.400 1.200
-4.400 -10.000 1.200
-10.000 -4.400 2.000
-4.400 -10.000 2.000
-10.000 -4.200 0.200
-4.200 -10.000 0.200
-10.000 -4.200 1.200
-4.200 -10.000 1.200
-10.000 -4.200 2.000
-4.200 -10.000 2.000
-10.000 -4.000 0.200
-4.000 -10.000 0.200
-10.000 -4.000 1.200
-4.000 -10.000 1.200
-10.000 -4.000 2.000
-4.000 -10.000 2.000
-10.000 -3.800 0.200
-3.800 -10.000 0.200
-10.000 -3.800 1.200
-3.800 -10.000 1.200
-10.000 -3.800 2.000
-3.800 -10.000 2.000
-10.000 -3.600 0.200
-3.600 -10.000 0.200
-10.000 -3.600 1.200
-3.600 -10.000 1.200
-10.000 -3.600 2.000
-3.600 -10.000 2.000
-10.000 -3.400 0.200
-3.400 -10.000 0.200
-10.000 -3.400 1.200
-3.400 -10.000 1.200
-10.000 -3.400 2.000
-3.400 -10.000 2.000
-10.000 -3.200 0.200
-3.200 -10.000 0.200
-10.000 -3.200 1.200
-3.200 -10.000 1.200
-10.000 -3.200 2.000
-3.200 -10.000 2.000
-10.000 -3.000 0.200
-3.000 -10.000 0.200
-10.000 -3.000 1.200
-3.000 -10.000 1.200
-10.000 -3.000 2.000
-3.000 -10.000 2.000
-10.000 -2.800 0.200
-2.800 -10.000 0.200
-10.000 -2.800 1.200
-2.800 -10.000 1.200
-10.000 -2.800 2.000
-2.800 -10.000 2.000
-10.000 -2.600 0.200
-2.600 -10.000 0.200
-10.000 -2.600 1.200
-2.600 -10.000 1.200
-10.000 -2.600 2.000
-2.600 -10.000 2.000
-10.000 -2.400 0.200
-2.400 -10.000 0.200
-10.000 -2.400 1.200
-2.400 -10.000 1.200
-10.000 -2.400 2.000
-2.400 -10.000 2.000
-10.000 -2.200 0.200
-2.200 -10.000 0.200
-10.000 -2.200 1.200
-2.200 -10.000 1.200
-10.000 -2.200 2.000
-2.200 -10.000 2.000
-10.000 -2.000 0.200
-2.000 -10.000 0.200
-10.000 -2.000 1.200
-2.000 -10.000 1.200
-10.000 -2.000 2.000
-2.000 -10.000 2.000
-10.000 -1.800 0.200
-1.800 -10.000 0.200
-10.000 -1.800 1.200
-1.800 -10.000 1.200
-10.000 -1.800 2.000
-1.800 -10.000 2.000
-10.000 -1.600 0.200
-1.600 -10.000 0.200
-10.000 -1.600 1.200
-1.600 -10.000 1.200
-10.000 -1.600 2.000
-1.600 -10.000 2.000
-10.000 -1.400 0.200
-1.400 -10.000 0.200
-10.000 -1.400 1.200
-1.400 -10.000 1.200
-10.000 -1.400 2.000
-1.400 -10.000 2.000
-10.000 -1.200 0.200
-1.200 -10.000 0.200
-10.000 -1.200 1.200
-1.200 -10.000 1.200
-10.000 -1.200 2.000
-1.200 -10.000 2.000
-10.000 -1.000 0.200
-1.000 -10.000 0.200
-10.000 -1.000 1.200
-1.000 -10.000 1.200
-10.000 -1.000 2.000
-1.000 -10.000 2.000
-10.000 -0.800 0.200
-0.800 -10.000 0.200
-10.000 -0.800 1.200
-0.800 -10.000 1.200
-10.000 -0.800 2.000
-0.800 -10.000 2.000
-10.000 -0.600 0.200
-0.600 -10.000 0.200
-10.000 -0.600 1.200
-0.600 -10.000 1.200
-10.000 -0.600 2.000
-0.600 -10.000 2.000
-10.000 -0.400 0.200
-0.400 -10.000 0.200
-10.000 -0.400 1.200
-0.400 -10.000 1.200
-10.000 -0.400 2.000
-0.400 -10.000 2.000
-10.000 -0.200 0.200
-0.200 -10.000 0.200
-10.000 -0.200 1.200
-0.200 -10.000 1.200
-10.000 -0.200 2.000
-0.200 -10.000 2.000
-10.000 0.000 0.200
0.000 -10.000 0.200
-10.000 0.000 1.200
0.000 -10.000 1.200
-10.000 0.000 2.000
0.000 -10.000 2.000
-10.000 0.200 0.200
0.200 -10.000 0.200
-10.000 0.200 1.200
0.200 -10.000 1.200
-10.000 0.200 2.000
0.200 -10.000 2.000
-10.000 0.400 0.200
0.400 -10.000 0.200
-10.000 0.400 1.200
0.400 -10.000 1.200
-10.000 0.400 2.000
0.400 -10.000 2.000
-10.000 0.600 0.200
0.600 -10.000 0.200
-10.000 0.600 1.200
0.600 -10.000 1.200
-10.000 0.600 2.000
0.600 -10.000 2.000
-10.000 0.800 0.200
0.800 -10.000 0.200
-10.000 0.800 1.200
0.800 -10.000 1.200
-10.000 0.800 2.000
0.800 -10.000 2.000
-10.000 1.000 0.200
1.000 -10.000 0.200
-10.000 1.000 1.200
1.000 -10.000 1.200
-10.000 1.000 2.000
1.000 -10.000 2.000
-10.000 1.200 0.200
1.200 -10.000 0.200
-10.000 1.200 1.200
1.200 -10.000 1.200
-10.000 1.200 2.000
1.200 -10.000 2.000
-10.000 1.400 0.200
1.400 -10.000 0.200
-10.000 1.400 1.200
1.400 -10.000 1.200
-10.000 1.400 2.000
1.400 -10.000 2.000
-10.000 1.600 0.200
1.600 -10.000 0.200
-10.000 1.600 1.200
1.600 -10.000 1.200
-10.000 1.600 2.000
1.600 -10.000 2.000
-10.000 1.800 0.200
1.800 -10.000 0.200
-10.000 1.800 1.200
1.800 -10.000 1.200
-10.000 1.800 2.000
1.800 -10.000 2.000
-10.000 2.000 0.200
2.000 -10.000 0.200
-10.000 2.000 1.200
2.000 -10.000 1.200
-10.000 2.000 2.000
2.000 -10.000 2.000
-10.000 2.200 0.200
2.200 -10.000 0.200
-10.000 2.200 1.200
2.200 -10.000 1.200
-10.000 2.200 2.000
2.200 -10.000 2.000
-10.000 2.400 0.200
2.400 -10.000 0.200
-10.000 2.400 1.200
2.400 -10.000 1.200
-10.000 2.400 2.000
2.400 -10.000 2.000
-10.000 2.600 0.200
2.600 -10.000 0.200
-10.000 2.600 1.200
2.600 -10.000 1.200
-10.000 2.600 2.000
2.600 -10.000 2.000
-10.000 2.800 0.200
2.800 -10.000 0.200
-10.000 2.800 1.200
2.800 -10.000 1.200
-10.000 2.800 2.000
2.800 -10.000 2.000
-10.000 3.000 0.200
3.000 -10.000 0.200
-10.000 3.000 1.200
3.000 -10.000 1.200
-10.000 3.000 2.000
3.000 -10.000 2.000
-10.000 3.200 0.200
3.200 -10.000 0.200
-10.000 3.200 1.200
3.200 -10.000 1.200
-10.000 3.200 2.000
3.200 -10.000 2.000
-10.000 3.400 0.200
3.400 -10.000 0.200
-10.000 3.400 1.200
3.400 -10.000 1.200
-10.000 3.400 2.000
3.400 -10.000 2.000
-10.000 3.600 0.200
3.600 -10.000 0.200
-10.000 3.600 1.200
3.600 -10.000 1.200
-10.000 3.600 2.000
3.600 -10.000 2.000
-10.000 3.800 0.200
3.800 -10.000 0.200
-10.000 3.800 1.200
3.800 -10.000 1.200
-10.000 3.800 2.000
3.800 -10.000 2.000
-10.000 4.000 0.200
4.000 -10.000 0.200
-10.000 4.000 1.200
4.000 -10.000 1.200
-10.000 4.000 2.000
4.000 -10.000 2.000
-10.000 4.200 0.200
4.200 -10.000 0.200
-10.000 4.200 1.200
4.200 -10.000 1.200
-10.000 4.200 2.000
4.200 -10.000 2.000
-10.000 4.400 0.200
4.400 -10.000 0.200
-10.000 4.400 1.200
4.400 -10.000 1.200
-10.000 4.400 2.000
4.400 -10.000 2.000
-10.000 4.600 0.200
4.600 -10.000 0.200
-10.000 4.600 1.200
4.600 -10.000 1.200
-10.000 4.600 2.000
4.600 -10.000 2.000
-10.000 4.800 0.200
4.800 -10.000 0.200
-10.000 4.800 1.200
4.800 -10.000 1.200
-10.000 4.800 2.000
4.800 -10.000 2.000
-10.000 5.000 0.200
5.000 -10.000 0.200
-10.000 5.000 1.200
5.000 -10.000 1.200
-10.000 5.000 2.000
5.000 -10.000 2.000
-10.000 5.200 0.200
5.200 -10.000 0.200
-10.000 5.200 1.200
5.200 -10.000 1.200
-10.000 5.200 2.000
5.200 -10.000 2.000
-10.000 5.400 0.200
5.400 -10.000 0.200
-10.000 5.400 1.200
5.400 -10.000 1.200
-10.000 5.400 2.000
5.400 -10.000 2.000
-10.000 5.600 0.200
5.600 -10.000 0.200
-10.000 5.600 1.200
5.600 -10.000 1.200
-10.000 5.600 2.000
5.600 -10.000 2.000
-10.000 5.800 0.200
5.800 -10.000 0.200
-10.000 5.800 1.200
5.800 -10.000 1.200
-10.000 5.800 2.000
5.800 -10.000 2.000
-10.000 6.000 0.200
6.000 -10.000 0.200
-10.000 6.000 1.200
6.000 -10.000 1.200
-10.000 6.000 2.000
6.000 -10.000 2.000
-10.000 6.200 0.200
6.200 -10.000 0.200
-10.000 6.200 1.200
6.200 -10.000 1.200
-10.000 6.200 2.000
6.200 -10.000 2.000
-10.000 6.400 0.200
6.400 -10.000 0.200
-10.000 6.400 1.200
6.400 -10.000 1.200
-10.000 6.400 2.000
6.400 -10.000 2.000
-10.000 6.600 0.200
6.600 -10.000 0.200
-10.000 6.600 1.200
6.600 -10.000 1.200
-10.000 6.600 2.000
6.600 -10.000 2.000
-10.000 6.800 0.200
6.800 -10.000 0.200
-10.000 6.800 1.200
6.800 -10.000 1.200
-10.000 6.800 2.000
6.800 -10.000 2.000
-10.000 7.000 0.200
7.000 -10.000 0.200
-10.000 7.000 1.200
7.000 -10.000 1.200
-10.000 7.000 2.000
7.000 -10.000 2.000
-10.000 7.200 0.200
7.200 -10.000 0.200
-10.000 7.200 1.200
7.200 -10.000 1.200
-10.000 7.200 2.000
7.200 -10.000 2.000
-10.000 7.400 0.200
7.400 -10.000 0.200
-10.000 7.400 1.200
7.400 -10.000 1.200
-10.000 7.400 2.000
7.400 -10.000 2.000
-10.000 7.600 0.200
7.600 -10.000 0.200
-10.000 7.600 1.200
7.600 -10.000 1.200
-10.000 7.600 2.000
7.600 -10.000 2.000
-10.000 7.800 0.200
7.800 -10.000 0.200
-10.000 7.800 1.200
7.800 -10.000 1.200
-10.000 7.800 2.000
7.800 -10.000 2.000
-10.000 8.000 0.200
8.000 -10.000 0.200
-10.000 8.000 1.200
8.000 -10.000 1.200
-10.000 8.000 2.000
8.000 -10.000 2.000
-10.000 8.200 0.200
8.200 -10.000 0.200
-10.000 8.200 1.200
8.200 -10.000 1.200
-10.000 8.200 2.000
8.200 -10.000 2.000
-10.000 8.400 0.200
8.400 -10.000 0.200
-10.000 8.400 1.200
8.400 -10.000 1.200
-10.000 8.400 2.000
8.400 -10.000 2.000
-10.000 8.600 0.200
8.600 -10.000 0.200
-10.000 8.600 1.200
8.600 -10.000 1.200
-10.000 8.600 2.000
8.600 -10.000 2.000
-10.000 8.800 0.200
8.800 -10.000 0.200
-10.000 8.800 1.200
8.800 -10.000 1.200
-10.000 8.800 2.000
8.800 -10.000 2.000
-10.000 9.000 0.200
9.000 -10.000 0.200
-10.000 9.000 1.200
9.000 -10.000 1.200
-10.000 9.000 2.000
9.000 -10.000 2.000
-10.000 9.200 0.200
9.200 -10.000 0.200
-10.000 9.200 1.200
9.200 -10.000 1.200
-10.000 9.200 2.000
9.200 -10.000 2.000
-10.000 9.400 0.200
9.400 -10.000 0.200
-10.000 9.400 1.200
9.400 -10.000 1.200
-10.000 9.400 2.000
9.400 -10.000 2.000
-10.000 9.600 0.200
9.600 -10.000 0.200
-10.000 9.600 1.200
9.600 -10.000 1.200
-10.000 9.600 2.000
9.600 -10.000 2.000
-10.000 9.800 0.200
9.800 -10.000 0.200
-10.000 9.800 1.200
9.800 -10.000 1.200
-10.000 9.800 2.000
9.800 -10.000 2.000
-10.000 10.000 0.200
10.000 -10.000 0.200
-10.000 10.000 1.200
10.000 -10.000 1.200
-10.000 10.000 2.000
10.000 -10.000 2.000
10.000 -9.800 0.200
-9.800 10.000 0.200
10.000 -9.800 1.200
-9.800 10.000 1.200
10.000 -9.800 2.000
-9.800 10.000 2.000
10.000 -9.600 0.200
-9.600 10.000 0.200
10.000 -9.600 1.200
-9.600 10.000 1.200
10.000 -9.600 2.000
-9.600 10.000 2.000
10.000 -9.400 0.200
-9.400 10.000 0.200
10.000 -9.400 1.200
-9.400 10.000 1.200
10.000 -9.400 2.000
-9.400 10.000 2.000
10.000 -9.200 0.200
-9.200 10.000 0.200
10.000 -9.200 1.200
-9.200 10.000 1.200
10.000 -9.200 2.000
-9.200 10.000 2.000
10.000 -9.000 0.200
-9.000 10.000 0.200
10.000 -9.000 1.200
-9.000 10.000 1.200
10.000 -9.000 2.000
-9.000 10.000 2.000
10.000 -8.800 0.200
-8.800 10.000 0.200
10.000 -8.800 1.200
-8.800 10.000 1.200
10.000 -8.800 2.000
-8.800 10.000 2.000
10.000 -8.600 0.200
-8.600 10.000 0.200
10.000 -8.600 1.200
-8.600 10.000 1.200
10.000 -8.600 2.000
-8.600 10.000 2.000
10.000 -8.400 0.200
-8.400 10.000 0.200
10.000 -8.400 1.200
-8.400 10.000 1.200
10.000 -8.400 2.000
-8.400 10.000 2.000
10.000 -8.200 0.200
-8.200 10.000 0.200
10.000 -8.200 1.200
-8.200 10.000 1.200
10.000 -8.200 2.000
-8.200 10.000 2.000
10.000 -8.000 0.200
-8.000 10.000 0.200
10.000 -8.000 1.200
-8.000 10.000 1.200
10.000 -8.000 2.000
-8.000 10.000 2.000
10.000 -7.800 0.200
-7.800 10.000 0.200
10.000 -7.800 1.200
-7.800 10.000 1.200
10.000 -7.800 2.000
-7.800 10.000 2.000
10.000 -7.600 0.200
-7.600 10.000 0.200
10.000 -7.600 1.200
-7.600 10.000 1.200
10.000 -7.600 2.000
-7.600 10.000 2.000
10.000 -7.400 0.200
-7.400 10.000 0.200
10.000 -7.400 1.200
-7.400 10.000 1.200
10.000 -7.400 2.000
-7.400 10.000 2.000
10.000 -7.200 0.200
-7.200 10.000 0.200
10.000 -7.200 1.200
-7.200 10.000 1.200
10.000 -7.200 2.000
-7.200 10.000 2.000
10.000 -7.000 0.200
-7.000 10.000 0.200
10.000 -7.000 1.200
-7.000 10.000 1.200
10.000 -7.000 2.000
-7.000 10.000 2.000
10.000 -6.800 0.200
-6.800 10.000 0.200
10.000 -6.800 1.200
-6.800 10.000 1.200
10.000 -6.800 2.000
-6.800 10.000 2.000
10.000 -6.600 0.200
-6.600 10.000 0.200
10.000 -6.600 1.200
-6.600 10.000 1.200
10.000 -6.600 2.000
-6.600 10.000 2.000
10.000 -6.400 0.200
-6.400 10.000 0.200
10.000 -6.400 1.200
-6.400 10.000 1.200
10.000 -6.400 2.000
-6.400 10.000 2.000
10.000 -6.200 0.200
-6.200 10.000 0.200
10.000 -6.200 1.200
-6.200 10.000 1.200
10.000 -6.200 2.000
-6.200 10.000 2.000
10.000 -6.000 0.200
-6.000 10.000 0.200
10.000 -6.000 1.200
-6.000 10.000 1.200
10.000 -6.000 2.000
-6.000 10.000 2.000
10.000 -5.800 0.200
-5.800 10.000 0.200
10.000 -5.800 1.200
-5.800 10.000 1.200
10.000 -5.800 2.000
-5.800 10.000 2.000
10.000 -5.600 0.200
-5.600 10.000 0.200
10.000 -5.600 1.200
-5.600 10.000 1.200
10.000 -5.600 2.000
-5.600 10.000 2.000
10.000 -5.400 0.200
-5.400 10.000 0.200
10.000 -5.400 1.200
-5.400 10.000 1.200
10.000 -5.400 2.000
-5.400 10.000 2.000
10.000 -5.200 0.200
-5.200 10.000 0.200
10.000 -5.200 1.200
-5.200 10.000 1.200
10.000 -5.200 2.000
-5.200 10.000 2.000
10.000 -5.000 0.200
-5.000 10.000 0.200
10.000 -5.000 1.200
-5.000 10.000 1.200
10.000 -5.000 2.000
-5.000 10.000 2.000
10.000 -4.800 0.200
-4.800 10.000 0.200
10.000 -4.800 1.200
-4.800 10.000 1.200
10.000 -4.800 2.000
-4.800 10.000 2.000
10.000 -4.600 0.200
-4.600 10.000 0.200
10.000 -4.600 1.200
-4.600 10.000 1.200
10.000 -4.600 2.000
-4.600 10.000 2.000
10.000 -4.400 0.200
-4.400 10.000 0.200
10.000 -4.400 1.200
-4.400 10.000 1.200
10.000 -4.400 2.000
-4.400 10.000 2.000
10.000 -4.200 0.200
-4.200 10.000 0.200
10.000 -4.200 1.200
-4.200 10.000 1.200
10.000 -4.200 2.000
-4.200 10.000 2.000
10.000 -4.000 0.200
-4.000 10.000 0.200
10.000 -4.000 1.200
-4.000 10.000 1.200
10.000 -4.000 2.000
-4.000 10.000 2.000
10.000 -3.800 0.200
-3.800 10.000 0.200
10.000 -3.800 1.200
-3.800 10.000 1.200
10.000 -3.800 2.000
-3.800 10.000 2.000
10.000 -3.600 0.200
-3.600 10.000 0.200
10.000 -3.600 1.200
-3.600 10.000 1.200
10.000 -3.600 2.000
-3.600 10.000 2.000
10.000 -3.400 0.200
-3.400 10.000 0.200
10.000 -3.400 1.200
-3.400 10.000 1.200
10.000 -3.400 2.000
-3.400 10.000 2.000
10.000 -3.200 0.200
-3.200 10.000 0.200
10.000 -3.200 1.200
-3.200 10.000 1.200
10.000 -3.200 2.000
-3.200 10.000 2.000
10.000 -3.000 0.200
-3.000 10.000 0.200
10.000 -3.000 1.200
-3.000 10.000 1.200
10.000 -3.000 2.000
-3.000 10.000 2.000
10.000 -2.800 0.200
-2.800 10.000 0.200
10.000 -2.800 1.200
-2.800 10.000 1.200
10.000 -2.800 2.000
-2.800 10.000 2.000
10.000 -2.600 0.200
-2.600 10.000 0.200
10.000 -2.600 1.200
-2.600 10.000 1.200
10.000 -2.600 2.000
-2.600 10.000 2.000
10.000 -2.400 0.200
-2.400 10.000 0.200
10.000 -2.400 1.200
-2.400 10.000 1.200
10.000 -2.400 2.000
-2.400 10.000 2.000
10.000 -2.200 0.200
-2.200 10.000 0.200
10.000 -2.200 1.200
-2.200 10.000 1.200
10.000 -2.200 2.000
-2.200 10.000 2.000
10.000 -2.000 0.200
-2.000 10.000 0.200
10.000 -2.000 1.200
-2.000 10.000 1.200
10.000 -2.000 2.000
-2.000 10.000 2.000
10.000 -1.800 0.200
-1.800 10.000 0.200
10.000 -1.800 1.200
-1.800 10.000 1.200
10.000 -1.800 2.000
-1.800 10.000 2.000
10.000 -1.600 0.200
-1.600 10.000 0.200
10.000 -1.600 1.200
-1.600 10.000 1.200
10.000 -1.600 2.000
-1.600 10.000 2.000
10.000 -1.400 0.200
-1.400 10.000 0.200
10.000 -1.400 1.200
-1.400 10.000 1.200
10.000 -1.400 2.000
-1.400 10.000 2.000
10.000 -1.200 0.200
-1.200 10.000 0.200
10.000 -1.200 1.200
-1.200 10.000 1.200
10.000 -1.200 2.000
-1.200 10.000 2.000
10.000 -1.000 0.200
-1.000 10.000 0.200
10.000 -1.000 1.200
-1.000 10.000 1.200
10.000 -1.000 2.000
-1.000 10.000 2.000
10.000 -0.800 0.200
-0.800 10.000 0.200
10.000 -0.800 1.200
-0.800 10.000 1.200
10.000 -0.800 2.000
-0.800 10.000 2.000
10.000 -0.600 0.200
-0.600 10.000 0.200
10.000 -0.600 1.200
-0.600 10.000 1.200
10.000 -0.600 2.000
-0.600 10.000 2.000
10.000 -0.400 0.200
-0.400 10.000 0.200
10.000 -0.400 1.200
-0.400 10.000 1.200
10.000 -0.400 2.000
-0.400 10.000 2.000
10.000 -0.200 0.200
-0.200 10.000 0.200
10.000 -0.200 1.200
-0.200 10.000 1.200
10.000 -0.200 2.000
-0.200 10.000 2.000
10.000 0.000 0.200
0.000 10.000 0.200
10.000 0.000 1.200
0.000 10.000 1.200
10.000 0.000 2.000
0.000 10.000 2.000
10.000 0.200 0.200
0.200 10.000 0.200
10.000 0.200 1.200
0.200 10.000 1.200
10.000 0.200 2.000
0.200 10.000 2.000
10.000 0.400 0.200
0.400 10.000 0.200
10.000 0.400 1.200
0.400 10.000 1.200
10.000 0.400 2.000
0.400 10.000 2.000
10.000 0.600 0.200
0.600 10.000 0.200
10.000 0.600 1.200
0.600 10.000 1.200
10.000 0.600 2.000
0.600 10.000 2.000
10.000 0.800 0.200
0.800 10.000 0.200
10.000 0.800 1.200
0.800 10.000 1.200
10.000 0.800 2.000
0.800 10.000 2.000
10.000 1.000 0.200
1.000 10.000 0.200
10.000 1.000 1.200
1.000 10.000 1.200
10.000 1.000 2.000
1.000 10.000 2.000
10.000 1.200 0.200
1.200 10.000 0.200
10.000 1.200 1.200
1.200 10.000 1.200
10.000 1.200 2.000
1.200 10.000 2.000
10.000 1.400 0.200
1.400 10.000 0.200
10.000 1.400 1.200
1.400 10.000 1.200
10.000 1.400 2.000
1.400 10.000 2.000
10.000 1.600 0.200
1.600 10.000 0.200
10.000 1.600 1.200
1.600 10.000 1.200
10.000 1.600 2.000
1.600 10.000 2.000
10.000 1.800 0.200
1.800 10.000 0.200
10.000 1.800 1.200
1.800 10.000 1.200
10.000 1.800 2.000
1.800 10.000 2.000
10.000 2.000 0.200
2.000 10.000 0.200
10.000 2.000 1.200
2.000 10.000 1.200
10.000 2.000 2.000
2.000 10.000 2.000
10.000 2.200 0.200
2.200 10.000 0.200
10.000 2.200 1.200
2.200 10.000 1.200
10.000 2.200 2.000
2.200 10.000 2.000
10.000 2.400 0.200
2.400 10.000 0.200
10.000 2.400 1.200
2.400 10.000 1.200
10.000 2.400 2.000
2.400 10.000 2.000
10.000 2.600 0.200
2.600 10.000 0.200
10.000 2.600 1.200
2.600 10.000 1.200
10.000 2.600 2.000
2.600 10.000 2.000
10.000 2.800 0.200
2.800 10.000 0.200
10.000 2.800 1.200
2.800 10.000 1.200
10.000 2.800 2.000
2.800 10.000 2.000
10.000 3.000 0.200
3.000 10.000 0.200
10.000 3.000 1.200
3.000 10.000 1.200
10.000 3.000 2.000
3.000 10.000 2.000
10.000 3.200 0.200
3.200 10.000 0.200
10.000 3.200 1.200
3.200 10.000 1.200
10.000 3.200 2.000
3.200 10.000 2.000
10.000 3.400 0.200
3.400 10.000 0.200
10.000 3.400 1.200
3.400 10.000 1.200
10.000 3.400 2.000
3.400 10.000 2.000
10.000 3.600 0.200
3.600 10.000 0.200
10.000 3.600 1.200
3.600 10.000 1.200
10.000 3.600 2.000
3.600 10.000 2.000
10.000 3.800 0.200
3.800 10.000 0.200
10.000 3.800 1.200
3.800 10.000 1.200
10.000 3.800 2.000
3.800 10.000 2.000
10.000 4.000 0.200
4.000 10.000 0.200
10.000 4.000 1.200
4.000 10.000 1.200
10.000 4.000 2.000
4.000 10.000 2.000
10.000 4.200 0.200
4.200 10.000 0.200
10.000 4.200 1.200
4.200 10.000 1.200
10.000 4.200 2.000
4.200 10.000 2.000
10.000 4.400 0.200
4.400 10.000 0.200
10.000 4.400 1.200
4.400 10.000 1.200
10.000 4.400 2.000
4.400 10.000 2.000
10.000 4.600 0.200
4.600 10.000 0.200
10.000 4.600 1.200
4.600 10.000 1.200
10.000 4.600 2.000
4.600 10.000 2.000
10.000 4.800 0.200
4.800 10.000 0.200
10.000 4.800 1.200
4.800 10.000 1.200
10.000 4.800 2.000
4.800 10.000 2.000
10.000 5.000 0.200
5.000 10.000 0.200
10.000 5.000 1.200
5.000 10.000 1.200
10.000 5.000 2.000
5.000 10.000 2.000
10.000 5.200 0.200
5.200 10.000 0.200
10.000 5.200 1.200
5.200 10.000 1.200
10.000 5.200 2.000
5.200 10.000 2.000
10.000 5.400 0.200
5.400 10.000 0.200
10.000 5.400 1.200
5.400 10.000 1.200
10.000 5.400 2.000
5.400 10.000 2.000
10.000 5.600 0.200
5.600 10.000 0.200
10.000 5.600 1.200
5.600 10.000 1.200
10.000 5.600 2.000
5.600 10.000 2.000
10.000 5.800 0.200
5.800 10.000 0.200
10.000 5.800 1.200
5.800 10.000 1.200
10.000 5.800 2.000
5.800 10.000 2.000
10.000 6.000 0.200
6.000 10.000 0.200
10.000 6.000 1.200
6.000 10.000 1.200
10.000 6.000 2.000
6.000 10.000 2.000
10.000 6.200 0.200
6.200 10.000 0.200
10.000 6.200 1.200
6.200 10.000 1.200
10.000 6.200 2.000
6.200 10.000 2.000
10.000 6.400 0.200
6.400 10.000 0.200
10.000 6.400 1.200
6.400 10.000 1.200
10.000 6.400 2.000
6.400 10.000 2.000
10.000 6.600 0.200
6.600 10.000 0.200
10.000 6.600 1.200
6.600 10.000 1.200
10.000 6.600 2.000
6.600 10.000 2.000
10.000 6.800 0.200
6.800 10.000 0.200
10.000 6.800 1.200
6.800 10.000 1.200
10.000 6.800 2.000
6.800 10.000 2.000
10.000 7.000 0.200
7.000 10.000 0.200
10.000 7.000 1.200
7.000 10.000 1.200
10.000 7.000 2.000
7.000 10.000 2.000
10.000 7.200 0.200
7.200 10.000 0.200
10.000 7.200 1.200
7.200 10.000 1.200
10.000 7.200 2.000
7.200 10.000 2.000
10.000 7.400 0.200
7.400 10.000 0.200
10.000 7.400 1.200
7.400 10.000 1.200
10.000 7.400 2.000
7.400 10.000 2.000
10.000 7.600 0.200
7.600 10.000 0.200
10.000 7.600 1.200
7.600 10.000 1.200
10.000 7.600 2.000
7.600 10.000 2.000
10.000 7.800 0.200
7.800 10.000 0.200
10.000 7.800 1.200
7.800 10.000 1.200
10.000 7.800 2.000
7.800 10.000 2.000
10.000 8.000 0.200
8.000 10.000 0.200
10.000 8.000 1.200
8.000 10.000 1.200
10.000 8.000 2.000
8.000 10.000 2.000
10.000 8.200 0.200
8.200 10.000 0.200
10.000 8.200 1.200
8.200 10.000 1.200
10.000 8.200 2.000
8.200 10.000 2.000
10.000 8.400 0.200
8.400 10.000 0.200
10.000 8.400 1.200
8.400 10.000 1.200
10.000 8.400 2.000
8.400 10.000 2.000
10.000 8.600 0.200
8.600 10.000 0.200
10.000 8.600 1.200
8.600 10.000 1.200
10.000 8.600 2.000
8.600 10.000 2.000
10.000 8.800 0.200
8.800 10.000 0.200
10.000 8.800 1.200
8.800 10.000 1.200
10.000 8.800 2.000
8.800 10.000 2.000
10.000 9.000 0.200
9.000 10.000 0.200
10.000 9.000 1.200
9.000 10.000 1.200
10.000 9.000 2.000
9.000 10.000 2.000
10.000 9.200 0.200
9.200 10.000 0.200
10.000 9.200 1.200
9.200 10.000 1.200
10.000 9.200 2.000
9.200 10.000 2.000
10.000 9.400 0.200
9.400 10.000 0.200
10.000 9.400 1.200
9.400 10.000 1.200
10.000 9.400 2.000
9.400 10.000 2.000
10.000 9.600 0.200
9.600 10.000 0.200
10.000 9.600 1.200
9.600 10.000 1.200
10.000 9.600 2.000
9.600 10.000 2.000
10.000 9.800 0.200
9.800 10.000 0.200
10.000 9.800 1.200
9.800 10.000 1.200
10.000 9.800 2.000
9.800 10.000 2.000
10.000 10.000 0.200
10.000 10.000 1.200
10.000 10.000 2.000
-5.900 -6.000 0.200
-5.900 -6.000 0.800
-5.900 -6.000 1.400
-5.900 -6.000 2.000
-5.912 -5.952 0.200
-5.912 -5.952 0.800
-5.912 -5.952 1.400
-5.912 -5.952 2.000
-6.042 -5.909 0.200
-6.042 -5.909 0.800
-6.042 -5.909 1.400
-6.042 -5.909 2.000
-6.094 -6.035 0.200
-6.094 -6.035 0.800
-6.094 -6.035 1.400
-6.094 -6.035 2.000
-5.900 6.000 0.200
-5.900 6.000 0.800
-5.900 6.000 1.400
-5.900 6.000 2.000
-6.042 6.091 0.200
-6.042 6.091 0.800
-6.042 6.091 1.400
-6.042 6.091 2.000
-6.094 5.965 0.200
-6.094 5.965 0.800
-6.094 5.965 1.400
-6.094 5.965 2.000
-5.972 5.904 0.200
-5.972 5.904 0.800
-5.972 5.904 1.400
-5.972 5.904 2.000
6.100 -6.000 0.200
6.100 -6.000 0.800
6.100 -6.000 1.400
6.100 -6.000 2.000
6.088 -5.952 0.200
6.088 -5.952 0.800
6.088 -5.952 1.400
6.088 -5.952 2.000
5.958 -5.909 0.200
5.958 -5.909 0.800
5.958 -5.909 1.400
5.958 -5.909 2.000
5.906 -6.035 0.200
5.906 -6.035 0.800
5.906 -6.035 1.400
5.906 -6.035 2.000
6.100 6.000 0.200
6.100 6.000 0.800
6.100 6.000 1.400
6.100 6.000 2.000
5.958 6.091 0.200
5.958 6.091 0.800
5.958 6.091 1.400
5.958 6.091 2.000
5.906 5.965 0.200
5.906 5.965 0.800
5.906 5.965 1.400
5.906 5.965 2.000
6.028 5.904 0.200
6.028 5.904 0.800
6.028 5.904 1.400
6.028 5.904 2.000
-2.900 4.000 0.200
-2.900 4.000 0.800
-2.900 4.000 1.400
-2.900 4.000 2.000
-3.042 4.091 0.200
-3.042 4.091 0.800
-3.042 4.091 1.400
-3.042 4.091 2.000
-3.094 3.965 0.200
-3.094 3.965 0.800
-3.094 3.965 1.400
-3.094 3.965 2.000
-2.972 3.904 0.200
-2.972 3.904 0.800
-2.972 3.904 1.400
-2.972 3.904 2.000
4.100 3.000 0.200
4.100 3.000 0.800
4.100 3.000 1.400
4.100 3.000 2.000
3.958 3.091 0.200
3.958 3.091 0.800
3.958 3.091 1.400
3.958 3.091 2.000
3.906 2.965 0.200
3.906 2.965 0.800
3.906 2.965 1.400
3.906 2.965 2.000
4.028 2.904 0.200
4.028 2.904 0.800
4.028 2.904 1.400
4.028 2.904 2.000
2.000 -4.000 0.200
2.000 -2.000 0.200
4.000 -4.000 0.200
2.000 -4.000 0.500
2.000 -2.000 0.500
4.000 -4.000 0.500
2.000 -4.000 0.800
2.000 -2.000 0.800
4.000 -4.000 0.800
2.250 -4.000 0.200
2.250 -2.000 0.200
2.000 -3.750 0.200
4.000 -3.750 0.200
2.250 -4.000 0.500
2.250 -2.000 0.500
2.000 -3.750 0.500
4.000 -3.750 0.500
2.250 -4.000 0.800
2.250 -2.000 0.800
2.000 -3.750 0.800
4.000 -3.750 0.800
2.500 -4.000 0.200
2.500 -2.000 0.200
2.000 -3.500 0.200
4.000 -3.500 0.200
2.500 -4.000 0.500
2.500 -2.000 0.500
2.000 -3.500 0.500
4.000 -3.500 0.500
2.500 -4.000 0.800
2.500 -2.000 0.800
2.000 -3.500 0.800
4.000 -3.500 0.800
2.750 -4.000 0.200
2.750 -2.000 0.200
2.000 -3.250 0.200
4.000 -3.250 0.200
2.750 -4.000 0.500
2.750 -2.000 0.500
2.000 -3.250 0.500
4.000 -3.250 0.500
2.750 -4.000 0.800
2.750 -2.000 0.800
2.000 -3.250 0.800
4.000 -3.250 0.800
3.000 -4.000 0.200
3.000 -2.000 0.200
2.000 -3.000 0.200
4.000 -3.000 0.200
3.000 -4.000 0.500
3.000 -2.000 0.500
2.000 -3.000 0.500
4.000 -3.000 0.500
3.000 -4.000 0.800
3.000 -2.000 0.800
2.000 -3.000 0.800
4.000 -3.000 0.800
3.250 -4.000 0.200
3.250 -2.000 0.200
2.000 -2.750 0.200
4.000 -2.750 0.200
3.250 -4.000 0.500
3.250 -2.000 0.500
2.000 -2.750 0.500
4.000 -2.750 0.500
3.250 -4.000 0.800
3.250 -2.000 0.800
2.000 -2.750 0.800
4.000 -2.750 0.800
3.500 -4.000 0.200
3.500 -2.000 0.200
2.000 -2.500 0.200
4.000 -2.500 0.200
3.500 -4.000 0.500
3.500 -2.000 0.500
2.000 -2.500 0.500
4.000 -2.500 0.500
3.500 -4.000 0.800
3.500 -2.000 0.800
2.000 -2.500 0.800
4.000 -2.500 0.800
3.750 -4.000 0.200
3.750 -2.000 0.200
2.000 -2.250 0.200
4.000 -2.250 0.200
3.750 -4.000 0.500
3.750 -2.000 0.500
2.000 -2.250 0.500
4.000 -2.250 0.500
3.750 -4.000 0.800
3.750 -2.000 0.800
2.000 -2.250 0.800
4.000 -2.250 0.800
4.000 -2.000 0.200
4.000 -2.000 0.500
4.000 -2.000 0.800
-10.000 -10.000 0.200
-10.000 -10.000 1.200
-10.000 -10.000 2.000
-10.000 -9.800 0.200
-9.800 -10.000 0.200
-10.000 -9.800 1.200
-9.800 -10.000 1.200
-10.000 -9.800 2.000
-9.800 -10.000 2.000
-10.000 -9.600 0.200
-10.000 -9.600 1.200
-10.000 -9.600 2.000
-10.000 -9.400 0.200
-9.400 -10.000 0.200
-10.000 -9.400 1.200
-9.400 -10.000 1.200
-10.000 -9.400 2.000
-9.400 -10.000 2.000
-10.000 -9.200 0.200
-10.000 -9.200 1.200
-10.000 -9.200 2.000
-10.000 -9.000 0.200
-9.000 -10.000 0.200
-10.000 -9.000 1.200
-9.000 -10.000 1.200
-10.000 -9.000 2.000
-9.000 -10.000 2.000
-10.000 -8.800 0.200
-10.000 -8.800 1.200
-10.000 -8.800 2.000
-8.600 -10.000 0.200
-8.600 -10.000 1.200
-8.600 -10.000 2.000
-10.000 -8.400 0.200
-8.400 -10.000 0.200
-10.000 -8.400 1.200
-8.400 -10.000 1.200
-10.000 -8.400 2.000
-8.400 -10.000 2.000
-8.200 -10.000 0.200
-8.200 -10.000 1.200
-8.200 -10.000 2.000
-10.000 -8.000 0.200
-8.000 -10.000 0.200
-10.000 -8.000 1.200
-8.000 -10.000 1.200
-10.000 -8.000 2.000
-8.000 -10.000 2.000
-10.000 -7.800 0.200
-7.800 -10.000 0.200
-10.000 -7.800 1.200
-7.800 -10.000 1.200
-10.000 -7.800 2.000
-7.800 -10.000 2.000
-10.000 -7.600 0.200
-7.600 -10.000 0.200
-10.000 -7.600 1.200
-7.600 -10.000 1.200
-10.000 -7.600 2.000
-7.600 -10.000 2.000
-10.000 -7.400 0.200
-10.000 -7.400 1.200
-10.000 -7.400 2.000
-7.200 -10.000 0.200
-7.200 -10.000 1.200
-7.200 -10.000 2.000
-10.000 -7.000 0.200
-7.000 -10.000 0.200
-10.000 -7.000 1.200
-7.000 -10.000 1.200
-10.000 -7.000 2.000
-7.000 -10.000 2.000
-10.000 -6.800 0.200
-6.800 -10.000 0.200
-10.000 -6.800 1.200
-6.800 -10.000 1.200
-10.000 -6.800 2.000
-6.800 -10.000 2.000
-10.000 -6.600 0.200
-6.600 -10.000 0.200
-10.000 -6.600 1.200
-6.600 -10.000 1.200
-10.000 -6.600 2.000
-6.600 -10.000 2.000
-6.200 -10.000 0.200
-6.200 -10.000 1.200
-6.200 -10.000 2.000
-10.000 -6.000 0.200
-10.000 -6.000 1.200
-10.000 -6.000 2.000
-10.000 -5.800 0.200
-5.800 -10.000 0.200
-10.000 -5.800 1.200
-5.800 -10.000 1.200
-10.000 -5.800 2.000
-5.800 -10.000 2.000
-10.000 -5.600 0.200
-5.600 -10.000 0.200
-10.000 -5.600 1.200
-5.600 -10.000 1.200
-10.000 -5.600 2.000
-5.600 -10.000 2.000
-10.000 -5.200 0.200
-5.200 -10.000 0.200
-10.000 -5.200 1.200
-5.200 -10.000 1.200
-10.000 -5.200 2.000
-5.200 -10.000 2.000
-10.000 -4.800 0.200
-4.800 -10.000 0.200
-10.000 -4.800 1.200
-4.800 -10.000 1.200
-10.000 -4.800 2.000
-4.800 -10.000 2.000
-10.000 -4.600 0.200
-10.000 -4.600 1.200
-10.000 -4.600 2.000
-10.000 -4.400 0.200
-10.000 -4.400 1.200
-10.000 -4.400 2.000
-10.000 -4.200 0.200
-4.200 -10.000 0.200
-10.000 -4.200 1.200
-4.200 -10.000 1.200
-10.000 -4.200 2.000
-4.200 -10.000 2.000
-10.000 -3.800 0.200
-3.800 -10.000 0.200
-10.000 -3.800 1.200
-3.800 -10.000 1.200
-10.000 -3.800 2.000
-3.800 -10.000 2.000
-10.000 -3.600 0.200
-10.000 -3.600 1.200
-10.000 -3.600 2.000
-10.000 -3.400 0.200
-3.400 -10.000 0.200
-10.000 -3.400 1.200
-3.400 -10.000 1.200
-10.000 -3.400 2.000
-3.400 -10.000 2.000
-10.000 -3.200 0.200
-3.200 -10.000 0.200
-10.000 -3.200 1.200
-3.200 -10.000 1.200
-10.000 -3.200 2.000
-3.200 -10.000 2.000
-10.000 -2.800 0.200
-2.800 -10.000 0.200
-10.000 -2.800 1.200
-2.800 -10.000 1.200
-10.000 -2.800 2.000
-2.800 -10.000 2.000
-10.000 -2.600 0.200
-10.000 -2.600 1.200
-10.000 -2.600 2.000
-10.000 -2.400 0.200
-2.400 -10.000 0.200
-10.000 -2.400 1.200
-2.400 -10.000 1.200
-10.000 -2.400 2.000
-2.400 -10.000 2.000
-10.000 -2.200 0.200
-2.200 -10.000 0.200
-10.000 -2.200 1.200
-2.200 -10.000 1.200
-10.000 -2.200 2.000
-2.200 -10.000 2.000
-10.000 -2.000 0.200
-2.000 -10.000 0.200
-10.000 -2.000 1.200
-2.000 -10.000 1.200
-10.000 -2.000 2.000
-2.000 -10.000 2.000
-10.000 -1.800 0.200
-1.800 -10.000 0.200
-10.000 -1.800 1.200
-1.800 -10.000 1.200
-10.000 -1.800 2.000
-1.800 -10.000 2.000
-1.600 -10.000 0.200
-1.600 -10.000 1.200
-1.600 -10.000 2.000
-10.000 -1.400 0.200
-1.400 -10.000 0.200
-10.000 -1.400 1.200
-1.400 -10.000 1.200
-10.000 -1.400 2.000
-1.400 -10.000 2.000
-10.000 -1.200 0.200
-10.000 -1.200 1.200
-10.000 -1.200 2.000
-10.000 -1.000 0.200
-1.000 -10.000 0.200
-10.000 -1.000 1.200
-1.000 -10.000 1.200
-10.000 -1.000 2.000
-1.000 -10.000 2.000
-10.000 -0.800 0.200
-0.800 -10.000 0.200
-10.000 -0.800 1.200
-0.800 -10.000 1.200
-10.000 -0.800 2.000
-0.800 -10.000 2.000
-0.600 -10.000 0.200
-0.600 -10.000 1.200
-0.600 -10.000 2.000
-10.000 -0.400 0.200
-0.400 -10.000 0.200
-10.000 -0.400 1.200
-0.400 -10.000 1.200
-10.000 -0.400 2.000
-0.400 -10.000 2.000
-0.200 -10.000 0.200
-0.200 -10.000 1.200
-0.200 -10.000 2.000
-10.000 0.000 0.200
-0.000 -10.000 0.200
-10.000 0.000 1.200
-0.000 -10.000 1.200
-10.000 0.000 2.000
-0.000 -10.000 2.000
-10.000 0.200 0.200
-10.000 0.200 1.200
-10.000 0.200 2.000
-10.000 0.400 0.200
0.400 -10.000 0.200
-10.000 0.400 1.200
0.400 -10.000 1.200
-10.000 0.400 2.000
0.400 -10.000 2.000
-10.000 0.600 0.200
-10.000 0.600 1.200
-10.000 0.600 2.000
-10.000 0.800 0.200
-10.000 0.800 1.200
-10.000 0.800 2.000
-10.000 1.000 0.200
1.000 -10.000 0.200
-10.000 1.000 1.200
1.000 -10.000 1.200
-10.000 1.000 2.000
1.000 -10.000 2.000
-10.000 1.400 0.200
1.400 -10.000 0.200
-10.000 1.400 1.200
1.400 -10.000 1.200
-10.000 1.400 2.000
1.400 -10.000 2.000
-10.000 1.800 0.200
1.800 -10.000 0.200
-10.000 1.800 1.200
1.800 -10.000 1.200
-10.000 1.800 2.000
1.800 -10.000 2.000
-10.000 2.000 0.200
2.000 -10.000 0.200
-10.000 2.000 1.200
2.000 -10.000 1.200
-10.000 2.000 2.000
2.000 -10.000 2.000
-10.000 2.200 0.200
-10.000 2.200 1.200
-10.000 2.200 2.000
-10.000 2.400 0.200
2.400 -10.000 0.200
-10.000 2.400 1.200
2.400 -10.000 1.200
-10.000 2.400 2.000
2.400 -10.000 2.000
-10.000 2.600 0.200
2.600 -10.000 0.200
-10.000 2.600 1.200
2.600 -10.000 1.200
-10.000 2.600 2.000
2.600 -10.000 2.000
-10.000 2.800 0.200
2.800 -10.000 0.200
-10.000 2.800 1.200
2.800 -10.000 1.200
-10.000 2.800 2.000
2.800 -10.000 2.000
-10.000 3.200 0.200
3.200 -10.000 0.200
-10.000 3.200 1.200
3.200 -10.000 1.200
-10.000 3.200 2.000
3.200 -10.000 2.000
-10.000 3.400 0.200
3.400 -10.000 0.200
-10.000 3.400 1.200
3.400 -10.000 1.200
-10.000 3.400 2.000
3.400 -10.000 2.000
3.600 -10.000 0.200
3.600 -10.000 1.200
3.600 -10.000 2.000
-10.000 3.800 0.200
3.800 -10.000 0.200
-10.000 3.800 1.200
3.800 -10.000 1.200
-10.000 3.800 2.000
3.800 -10.000 2.000
-10.000 4.000 0.200
-10.000 4.000 1.200
-10.000 4.000 2.000
-10.000 4.200 0.200
4.200 -10.000 0.200
-10.000 4.200 1.200
4.200 -10.000 1.200
-10.000 4.200 2.000
4.200 -10.000 2.000
-10.000 4.400 0.200
4.400 -10.000 0.200
-10.000 4.400 1.200
4.400 -10.000 1.200
-10.000 4.400 2.000
4.400 -10.000 2.000
4.600 -10.000 0.200
4.600 -10.000 1.200
4.600 -10.000 2.000
-10.000 4.800 0.200
4.800 -10.000 0.200
-10.000 4.800 1.200
4.800 -10.000 1.200
-10.000 4.800 2.000
4.800 -10.000 2.000
-10.000 5.000 0.200
5.000 -10.000 0.200
-10.000 5.000 1.200
5.000 -10.000 1.200
-10.000 5.000 2.000
5.000 -10.000 2.000
-10.000 5.200 0.200
5.200 -10.000 0.200
-10.000 5.200 1.200
5.200 -10.000 1.200
-10.000 5.200 2.000
5.200 -10.000 2.000
-10.000 5.400 0.200
5.400 -10.000 0.200
-10.000 5.400 1.200
5.400 -10.000 1.200
-10.000 5.400 2.000
5.400 -10.000 2.000
-10.000 5.600 0.200
5.600 -10.000 0.200
-10.000 5.600 1.200
5.600 -10.000 1.200
-10.000 5.600 2.000
5.600 -10.000 2.000
-10.000 5.800 0.200
-10.000 5.800 1.200
-10.000 5.800 2.000
-10.000 6.000 0.200
6.000 -10.000 0.200
-10.000 6.000 1.200
6.000 -10.000 1.200
-10.000 6.000 2.000
6.000 -10.000 2.000
-10.000 6.200 0.200
6.200 -10.000 0.200
-10.000 6.200 1.200
6.200 -10.000 1.200
-10.000 6.200 2.000
6.200 -10.000 2.000
-10.000 6.400 0.200
6.400 -10.000 0.200
-10.000 6.400 1.200
6.400 -10.000 1.200
-10.000 6.400 2.000
6.400 -10.000 2.000
-10.000 6.600 0.200
6.600 -10.000 0.200
-10.000 6.600 1.200
6.600 -10.000 1.200
-10.000 6.600 2.000
6.600 -10.000 2.000
-10.000 7.000 0.200
7.000 -10.000 0.200
-10.000 7.000 1.200
7.000 -10.000 1.200
-10.000 7.000 2.000
7.000 -10.000 2.000
-10.000 7.200 0.200
7.200 -10.000 0.200
-10.000 7.200 1.200
7.200 -10.000 1.200
-10.000 7.200 2.000
7.200 -10.000 2.000
-10.000 7.400 0.200
7.400 -10.000 0.200
-10.000 7.400 1.200
7.400 -10.000 1.200
-10.000 7.400 2.000
7.400 -10.000 2.000
-10.000 7.600 0.200
7.600 -10.000 0.200
-10.000 7.600 1.200
7.600 -10.000 1.200
-10.000 7.600 2.000
7.600 -10.000 2.000
-10.000 8.000 0.200
8.000 -10.000 0.200
-10.000 8.000 1.200
8.000 -10.000 1.200
-10.000 8.000 2.000
8.000 -10.000 2.000
8.200 -10.000 0.200
8.200 -10.000 1.200
8.200 -10.000 2.000
8.400 -10.000 0.200
8.400 -10.000 1.200
8.400 -10.000 2.000
-10.000 8.600 0.200
-10.000 8.600 1.200
-10.000 8.600 2.000
-10.000 8.800 0.200
-10.000 8.800 1.200
-10.000 8.800 2.000
-10.000 9.000 0.200
9.000 -10.000 0.200
-10.000 9.000 1.200
9.000 -10.000 1.200
-10.000 9.000 2.000
9.000 -10.000 2.000
-10.000 9.200 0.200
-10.000 9.200 1.200
-10.000 9.200 2.000
-10.000 9.400 0.200
9.400 -10.000 0.200
-10.000 9.400 1.200
9.400 -10.000 1.200
-10.000 9.400 2.000
9.400 -10.000 2.000
-10.000 9.600 0.200
-10.000 9.600 1.200
-10.000 9.600 2.000
9.800 -10.000 0.200
9.800 -10.000 1.200
9.800 -10.000 2.000
-10.000 10.000 0.200
10.000 -10.000 0.200
-10.000 10.000 1.200
10.000 -10.000 1.200
-10.000 10.000 2.000
10.000 -10.000 2.000
10.000 -9.800 0.200
-9.800 10.000 0.200
10.000 -9.800 1.200
-9.800 10.000 1.200
10.000 -9.800 2.000
-9.800 10.000 2.000
10.000 -9.600 0.200
10.000 -9.600 1.200
10.000 -9.600 2.000
10.000 -9.400 0.200
10.000 -9.400 1.200
10.000 -9.400 2.000
10.000 -9.200 0.200
-9.200 10.000 0.200
10.000 -9.200 1.200
-9.200 10.000 1.200
10.000 -9.200 2.000
-9.200 10.000 2.000
10.000 -9.000 0.200
10.000 -9.000 1.200
10.000 -9.000 2.000
-8.800 10.000 0.200
-8.800 10.000 1.200
-8.800 10.000 2.000
10.000 -8.600 0.200
-8.600 10.000 0.200
10.000 -8.600 1.200
-8.600 10.000 1.200
10.000 -8.600 2.000
-8.600 10.000 2.000
-8.400 10.000 0.200
-8.400 10.000 1.200
-8.400 10.000 2.000
10.000 -8.200 0.200
-8.200 10.000 0.200
10.000 -8.200 1.200
-8.200 10.000 1.200
10.000 -8.200 2.000
-8.200 10.000 2.000
10.000 -7.800 0.200
-7.800 10.000 0.200
10.000 -7.800 1.200
-7.800 10.000 1.200
10.000 -7.800 2.000
-7.800 10.000 2.000
10.000 -7.600 0.200
-7.600 10.000 0.200
10.000 -7.600 1.200
-7.600 10.000 1.200
10.000 -7.600 2.000
-7.600 10.000 2.000
-7.400 10.000 0.200
-7.400 10.000 1.200
-7.400 10.000 2.000
10.000 -7.200 0.200
10.000 -7.200 1.200
10.000 -7.200 2.000
-7.000 10.000 0.200
-7.000 10.000 1.200
-7.000 10.000 2.000
10.000 -6.800 0.200
-6.800 10.000 0.200
10.000 -6.800 1.200
-6.800 10.000 1.200
10.000 -6.800 2.000
-6.800 10.000 2.000
-6.600 10.000 0.200
-6.600 10.000 1.200
-6.600 10.000 2.000
-6.400 10.000 0.200
-6.400 10.000 1.200
-6.400 10.000 2.000
10.000 -6.200 0.200
10.000 -6.200 1.200
10.000 -6.200 2.000
-6.000 10.000 0.200
-6.000 10.000 1.200
-6.000 10.000 2.000
10.000 -5.800 0.200
-5.800 10.000 0.200
10.000 -5.800 1.200
-5.800 10.000 1.200
10.000 -5.800 2.000
-5.800 10.000 2.000
-5.600 10.000 0.200
-5.600 10.000 1.200
-5.600 10.000 2.000
10.000 -5.400 0.200
-5.400 10.000 0.200
10.000 -5.400 1.200
-5.400 10.000 1.200
10.000 -5.400 2.000
-5.400 10.000 2.000
10.000 -5.000 0.200
-5.000 10.000 0.200
10.000 -5.000 1.200
-5.000 10.000 1.200
10.000 -5.000 2.000
-5.000 10.000 2.000
10.000 -4.800 0.200
-4.800 10.000 0.200
10.000 -4.800 1.200
-4.800 10.000 1.200
10.000 -4.800 2.000
-4.800 10.000 2.000
-4.600 10.000 0.200
-4.600 10.000 1.200
-4.600 10.000 2.000
10.000 -4.400 0.200
-4.400 10.000 0.200
10.000 -4.400 1.200
-4.400 10.000 1.200
10.000 -4.400 2.000
-4.400 10.000 2.000
10.000 -4.000 0.200
-4.000 10.000 0.200
10.000 -4.000 1.200
-4.000 10.000 1.200
10.000 -4.000 2.000
-4.000 10.000 2.000
10.000 -3.800 0.200
10.000 -3.800 1.200
10.000 -3.800 2.000
-3.600 10.000 0.200
-3.600 10.000 1.200
-3.600 10.000 2.000
10.000 -3.400 0.200
10.000 -3.400 1.200
10.000 -3.400 2.000
-3.200 10.000 0.200
-3.200 10.000 1.200
-3.200 10.000 2.000
10.000 -3.000 0.200
-3.000 10.000 0.200
10.000 -3.000 1.200
-3.000 10.000 1.200
10.000 -3.000 2.000
-3.000 10.000 2.000
10.000 -2.600 0.200
-2.600 10.000 0.200
10.000 -2.600 1.200
-2.600 10.000 1.200
10.000 -2.600 2.000
-2.600 10.000 2.000
10.000 -2.400 0.200
10.000 -2.400 1.200
10.000 -2.400 2.000
-2.200 10.000 0.200
-2.200 10.000 1.200
-2.200 10.000 2.000
10.000 -2.000 0.200
10.000 -2.000 1.200
10.000 -2.000 2.000
-1.800 10.000 0.200
-1.800 10.000 1.200
-1.800 10.000 2.000
10.000 -1.600 0.200
-1.600 10.000 0.200
10.000 -1.600 1.200
-1.600 10.000 1.200
10.000 -1.600 2.000
-1.600 10.000 2.000
10.000 -1.400 0.200
-1.400 10.000 0.200
10.000 -1.400 1.200
-1.400 10.000 1.200
10.000 -1.400 2.000
-1.400 10.000 2.000
10.000 -1.200 0.200
-1.200 10.000 0.200
10.000 -1.200 1.200
-1.200 10.000 1.200
10.000 -1.200 2.000
-1.200 10.000 2.000
10.000 -1.000 0.200
10.000 -1.000 1.200
10.000 -1.000 2.000
10.000 -0.800 0.200
-0.800 10.000 0.200
10.000 -0.800 1.200
-0.800 10.000 1.200
10.000 -0.800 2.000
-0.800 10.000 2.000
10.000 -0.600 0.200
10.000 -0.600 1.200
10.000 -0.600 2.000
-0.400 10.000 0.200
-0.400 10.000 1.200
-0.400 10.000 2.000
10.000 -0.200 0.200
-0.200 10.000 0.200
10.000 -0.200 1.200
-0.200 10.000 1.200
10.000 -0.200 2.000
-0.200 10.000 2.000
0.200 10.000 0.200
0.200 10.000 1.200
0.200 10.000 2.000
10.000 0.400 0.200
10.000 0.400 1.200
10.000 0.400 2.000
0.600 10.000 0.200
0.600 10.000 1.200
0.600 10.000 2.000
10.000 0.800 0.200
0.800 10.000 0.200
10.000 0.800 1.200
0.800 10.000 1.200
10.000 0.800 2.000
0.800 10.000 2.000
10.000 1.200 0.200
1.200 10.000 0.200
10.000 1.200 1.200
1.200 10.000 1.200
10.000 1.200 2.000
1.200 10.000 2.000
1.400 10.000 0.200
1.400 10.000 1.200
1.400 10.000 2.000
10.000 1.600 0.200
1.600 10.000 0.200
10.000 1.600 1.200
1.600 10.000 1.200
10.000 1.600 2.000
1.600 10.000 2.000
10.000 1.800 0.200
10.000 1.800 1.200
10.000 1.800 2.000
10.000 2.000 0.200
2.000 10.000 0.200
10.000 2.000 1.200
2.000 10.000 1.200
10.000 2.000 2.000
2.000 10.000 2.000
10.000 2.200 0.200
10.000 2.200 1.200
10.000 2.200 2.000
2.400 10.000 0.200
2.400 10.000 1.200
2.400 10.000 2.000
10.000 2.600 0.200
2.600 10.000 0.200
10.000 2.600 1.200
2.600 10.000 1.200
10.000 2.600 2.000
2.600 10.000 2.000
10.000 2.800 0.200
10.000 2.800 1.200
10.000 2.800 2.000
10.000 3.000 0.200
3.000 10.000 0.200
10.000 3.000 1.200
3.000 10.000 1.200
10.000 3.000 2.000
3.000 10.000 2.000
10.000 3.200 0.200
10.000 3.200 1.200
10.000 3.200 2.000
3.400 10.000 0.200
3.400 10.000 1.200
3.400 10.000 2.000
10.000 3.600 0.200
10.000 3.600 1.200
10.000 3.600 2.000
10.000 4.000 0.200
4.000 10.000 0.200
10.000 4.000 1.200
4.000 10.000 1.200
10.000 4.000 2.000
4.000 10.000 2.000
10.000 4.200 0.200
4.200 10.000 0.200
10.000 4.200 1.200
4.200 10.000 1.200
10.000 4.200 2.000
4.200 10.000 2.000
4.400 10.000 0.200
4.400 10.000 1.200
4.400 10.000 2.000
10.000 4.600 0.200
4.600 10.000 0.200
10.000 4.600 1.200
4.600 10.000 1.200
10.000 4.600 2.000
4.600 10.000 2.000
4.800 10.000 0.200
4.800 10.000 1.200
4.800 10.000 2.000
10.000 5.000 0.200
5.000 10.000 0.200
10.000 5.000 1.200
5.000 10.000 1.200
10.000 5.000 2.000
5.000 10.000 2.000
10.000 5.200 0.200
5.200 10.000 0.200
10.000 5.200 1.200
5.200 10.000 1.200
10.000 5.200 2.000
5.200 10.000 2.000
10.000 5.400 0.200
5.400 10.000 0.200
10.000 5.400 1.200
5.400 10.000 1.200
10.000 5.400 2.000
5.400 10.000 2.000
10.000 5.600 0.200
5.600 10.000 0.200
10.000 5.600 1.200
5.600 10.000 1.200
10.000 5.600 2.000
5.600 10.000 2.000
5.800 10.000 0.200
5.800 10.000 1.200
5.800 10.000 2.000
10.000 6.000 0.200
6.000 10.000 0.200
10.000 6.000 1.200
6.000 10.000 1.200
10.000 6.000 2.000
6.000 10.000 2.000
10.000 6.200 0.200
6.200 10.000 0.200
10.000 6.200 1.200
6.200 10.000 1.200
10.000 6.200 2.000
6.200 10.000 2.000
10.000 6.400 0.200
6.400 10.000 0.200
10.000 6.400 1.200
6.400 10.000 1.200
10.000 6.400 2.000
6.400 10.000 2.000
6.600 10.000 0.200
6.600 10.000 1.200
6.600 10.000 2.000
6.800 10.000 0.200
6.800 10.000 1.200
6.800 10.000 2.000
10.000 7.000 0.200
7.000 10.000 0.200
10.000 7.000 1.200
7.000 10.000 1.200
10.000 7.000 2.000
7.000 10.000 2.000
10.000 7.200 0.200
7.200 10.000 0.200
10.000 7.200 1.200
7.200 10.000 1.200
10.000 7.200 2.000
7.200 10.000 2.000
10.000 7.400 0.200
7.400 10.000 0.200
10.000 7.400 1.200
7.400 10.000 1.200
10.000 7.400 2.000
7.400 10.000 2.000
7.600 10.000 0.200
7.600 10.000 1.200
7.600 10.000 2.000
10.000 7.800 0.200
7.800 10.000 0.200
10.000 7.800 1.200
7.800 10.000 1.200
10.000 7.800 2.000
7.800 10.000 2.000
10.000 8.000 0.200
10.000 8.000 1.200
10.000 8.000 2.000
10.000 8.200 0.200
8.200 10.000 0.200
10.000 8.200 1.200
8.200 10.000 1.200
10.000 8.200 2.000
8.200 10.000 2.000
10.000 8.400 0.200
10.000 8.400 1.200
10.000 8.400 2.000
10.000 8.600 0.200
8.600 10.000 0.200
10.000 8.600 1.200
8.600 10.000 1.200
10.000 8.600 2.000
8.600 10.000 2.000
10.000 8.800 0.200
10.000 8.800 1.200
10.000 8.800 2.000
9.000 10.000 0.200
9.000 10.000 1.200
9.000 10.000 2.000
10.000 9.200 0.200
9.200 10.000 0.200
10.000 9.200 1.200
9.200 10.000 1.200
10.000 9.200 2.000
9.200 10.000 2.000
10.000 9.400 0.200
9.400 10.000 0.200
10.000 9.400 1.200
9.400 10.000 1.200
10.000 9.400 2.000
9.400 10.000 2.000
9.600 10.000 0.200
9.600 10.000 1.200
9.600 10.000 2.000
10.000 9.800 0.200
9.800 10.000 0.200
10.000 9.800 1.200
9.800 10.000 1.200
10.000 9.800 2.000
9.800 10.000 2.000
10.000 10.000 0.200
10.000 10.000 1.200
10.000 10.000 2.000
-5.900 -6.000 0.200
-5.900 -6.000 0.800
-5.900 -6.000 1.400
-5.900 -6.000 2.000
6.100 -6.000 0.200
6.100 -6.000 0.800
6.100 -6.000 1.400
6.100 -6.000 2.000
-2.900 4.000 0.200
-2.900 4.000 0.800
-2.900 4.000 1.400
-2.900 4.000 2.000
4.100 3.000 0.200
4.100 3.000 0.800
4.100 3.000 1.400
4.100 3.000 2.000
2.000 -4.000 0.200
2.000 -2.000 0.200
4.000 -4.000 0.200
2.000 -4.000 0.500
2.000 -2.000 0.500
4.000 -4.000 0.500
2.000 -4.000 0.800
2.000 -2.000 0.800
4.000 -4.000 0.800
2.500 -2.000 0.200
4.000 -3.500 0.200
2.500 -2.000 0.500
4.000 -3.500 0.500
2.500 -2.000 0.800
4.000 -3.500 0.800
2.750 -2.000 0.200
2.000 -3.250 0.200
4.000 -3.250 0.200
2.750 -2.000 0.500
2.000 -3.250 0.500
4.000 -3.250 0.500
2.750 -2.000 0.800
2.000 -3.250 0.800
4.000 -3.250 0.800
3.000 -2.000 0.200
2.000 -3.000 0.200
4.000 -3.000 0.200
3.000 -2.000 0.500
2.000 -3.000 0.500
4.000 -3.000 0.500
3.000 -2.000 0.800
2.000 -3.000 0.800
4.000 -3.000 0.800
3.250 -2.000 0.200
2.000 -2.750 0.200
4.000 -2.750 0.200
3.250 -2.000 0.500
2.000 -2.750 0.500
4.000 -2.750 0.500
3.250 -2.000 0.800
2.000 -2.750 0.800
4.000 -2.750 0.800
3.500 -2.000 0.200
3.500 -2.000 0.500
3.500 -2.000 0.800
3.750 -4.000 0.200
2.000 -2.250 0.200
3.750 -4.000 0.500
2.000 -2.250 0.500
3.750 -4.000 0.800
2.000 -2.250 0.800
-10.000 -9.800 0.200
-9.800 -10.000 0.200
-10.000 -9.800 1.200
-9.800 -10.000 1.200
-10.000 -9.800 2.000
-9.800 -10.000 2.000
-10.000 -9.400 0.200
-10.000 -9.400 1.200
-10.000 -9.400 2.000
-9.200 -10.000 0.200
-9.200 -10.000 1.200
-9.200 -10.000 2.000
-10.000 -9.000 0.200
-9.000 -10.000 0.200
-10.000 -9.000 1.200
-9.000 -10.000 1.200
-10.000 -9.000 2.000
-9.000 -10.000 2.000
-10.000 -8.800 0.200
-8.800 -10.000 0.200
-10.000 -8.800 1.200
-8.800 -10.000 1.200
-10.000 -8.800 2.000
-8.800 -10.000 2.000
-10.000 -8.600 0.200
-8.600 -10.000 0.200
-10.000 -8.600 1.200
-8.600 -10.000 1.200
-10.000 -8.600 2.000
-8.600 -10.000 2.000
-10.000 -8.400 0.200
-8.400 -10.000 0.200
-10.000 -8.400 1.200
-8.400 -10.000 1.200
-10.000 -8.400 2.000
-8.400 -10.000 2.000
-10.000 -8.200 0.200
-10.000 -8.200 1.200
-10.000 -8.200 2.000
-10.000 -7.600 0.200
-10.000 -7.600 1.200
-10.000 -7.600 2.000
-7.200 -10.000 0.200
-7.200 -10.000 1.200
-7.200 -10.000 2.000
-7.000 -10.000 0.200
-7.000 -10.000 1.200
-7.000 -10.000 2.000
-10.000 -6.800 0.200
-6.800 -10.000 0.200
-10.000 -6.800 1.200
-6.800 -10.000 1.200
-10.000 -6.800 2.000
-6.800 -10.000 2.000
-10.000 -6.600 0.200
-6.600 -10.000 0.200
-10.000 -6.600 1.200
-6.600 -10.000 1.200
-10.000 -6.600 2.000
-6.600 -10.000 2.000
-10.000 -6.400 0.200
-6.400 -10.000 0.200
-10.000 -6.400 1.200
-6.400 -10.000 1.200
-10.000 -6.400 2.000
-6.400 -10.000 2.000
-10.000 -6.200 0.200
-10.000 -6.200 1.200
-10.000 -6.200 2.000
-6.000 -10.000 0.200
-6.000 -10.000 1.200
-6.000 -10.000 2.000
-5.600 -10.000 0.200
-5.600 -10.000 1.200
-5.600 -10.000 2.000
-5.400 -10.000 0.200
-5.400 -10.000 1.200
-5.400 -10.000 2.000
-10.000 -5.000 0.200
-5.000 -10.000 0.200
-10.000 -5.000 1.200
-5.000 -10.000 1.200
-10.000 -5.000 2.000
-5.000 -10.000 2.000
-4.600 -10.000 0.200
-4.600 -10.000 1.200
-4.600 -10.000 2.000
-10.000 -4.400 0.200
-4.400 -10.000 0.200
-10.000 -4.400 1.200
-4.400 -10.000 1.200
-10.000 -4.400 2.000
-4.400 -10.000 2.000
-4.200 -10.000 0.200
-4.200 -10.000 1.200
-4.200 -10.000 2.000
-10.000 -4.000 0.200
-4.000 -10.000 0.200
-10.000 -4.000 1.200
-4.000 -10.000 1.200
-10.000 -4.000 2.000
-4.000 -10.000 2.000
-3.600 -10.000 0.200
-3.600 -10.000 1.200
-3.600 -10.000 2.000
-3.400 -10.000 0.200
-3.400 -10.000 1.200
-3.400 -10.000 2.000
-10.000 -3.200 0.200
-3.200 -10.000 0.200
-10.000 -3.200 1.200
-3.200 -10.000 1.200
-10.000 -3.200 2.000
-3.200 -10.000 2.000
-10.000 -3.000 0.200
-10.000 -3.000 1.200
-10.000 -3.000 2.000
-10.000 -2.800 0.200
-10.000 -2.800 1.200
-10.000 -2.800 2.000
-10.000 -2.600 0.200
-2.600 -10.000 0.200
-10.000 -2.600 1.200
-2.600 -10.000 1.200
-10.000 -2.600 2.000
-2.600 -10.000 2.000
-2.400 -10.000 0.200
-2.400 -10.000 1.200
-2.400 -10.000 2.000
-2.200 -10.000 0.200
-2.200 -10.000 1.200
-2.200 -10.000 2.000
-10.000 -2.000 0.200
-10.000 -2.000 1.200
-10.000 -2.000 2.000
-10.000 -1.800 0.200
-10.000 -1.800 1.200
-10.000 -1.800 2.000
-10.000 -1.600 0.200
-10.000 -1.600 1.200
-10.000 -1.600 2.000
-10.000 -1.400 0.200
-10.000 -1.400 1.200
-10.000 -1.400 2.000
-1.000 -10.000 0.200
-1.000 -10.000 1.200
-1.000 -10.000 2.000
-0.800 -10.000 0.200
-0.800 -10.000 1.200
-0.800 -10.000 2.000
-10.000 -0.200 0.200
-0.200 -10.000 0.200
-10.000 -0.200 1.200
-0.200 -10.000 1.200
-10.000 -0.200 2.000
-0.200 -10.000 2.000
-10.000 0.200 0.200
0.200 -10.000 0.200
-10.000 0.200 1.200
0.200 -10.000 1.200
-10.000 0.200 2.000
0.200 -10.000 2.000
-10.000 0.400 0.200
-10.000 0.400 1.200
-10.000 0.400 2.000
-10.000 0.600 0.200
-10.000 0.600 1.200
-10.000 0.600 2.000
-10.000 1.200 0.200
-10.000 1.200 1.200
-10.000 1.200 2.000
1.600 -10.000 0.200
1.600 -10.000 1.200
1.600 -10.000 2.000
-10.000 1.800 0.200
-10.000 1.800 1.200
-10.000 1.800 2.000
2.000 -10.000 0.200
2.000 -10.000 1.200
2.000 -10.000 2.000
-10.000 2.200 0.200
2.200 -10.000 0.200
-10.000 2.200 1.200
2.200 -10.000 1.200
-10.000 2.200 2.000
2.200 -10.000 2.000
-10.000 2.400 0.200
-10.000 2.400 1.200
-10.000 2.400 2.000
-10.000 2.600 0.200
-10.000 2.600 1.200
-10.000 2.600 2.000
2.800 -10.000 0.200
2.800 -10.000 1.200
2.800 -10.000 2.000
3.200 -10.000 0.200
3.200 -10.000 1.200
3.200 -10.000 2.000
3.600 -10.000 0.200
3.600 -10.000 1.200
3.600 -10.000 2.000
-10.000 3.800 0.200
-10.000 3.800 1.200
-10.000 3.800 2.000
-10.000 4.000 0.200
4.000 -10.000 0.200
-10.000 4.000 1.200
4.000 -10.000 1.200
-10.000 4.000 2.000
4.000 -10.000 2.000
4.400 -10.000 0.200
4.400 -10.000 1.200
4.400 -10.000 2.000
-10.000 4.600 0.200
4.600 -10.000 0.200
-10.000 4.600 1.200
4.600 -10.000 1.200
-10.000 4.600 2.000
4.600 -10.000 2.000
5.200 -10.000 0.200
5.200 -10.000 1.200
5.200 -10.000 2.000
-10.000 5.800 0.200
5.800 -10.000 0.200
-10.000 5.800 1.200
5.800 -10.000 1.200
-10.000 5.800 2.000
5.800 -10.000 2.000
-10.000 6.000 0.200
-10.000 6.000 1.200
-10.000 6.000 2.000
6.200 -10.000 0.200
6.200 -10.000 1.200
6.200 -10.000 2.000
-10.000 6.400 0.200
6.400 -10.000 0.200
-10.000 6.400 1.200
6.400 -10.000 1.200
-10.000 6.400 2.000
6.400 -10.000 2.000
-10.000 6.800 0.200
6.800 -10.000 0.200
-10.000 6.800 1.200
6.800 -10.000 1.200
-10.000 6.800 2.000
6.800 -10.000 2.000
-10.000 7.200 0.200
-10.000 7.200 1.200
-10.000 7.200 2.000
-10.000 7.600 0.200
-10.000 7.600 1.200
-10.000 7.600 2.000
7.800 -10.000 0.200
7.800 -10.000 1.200
7.800 -10.000 2.000
-10.000 8.000 0.200
8.000 -10.000 0.200
-10.000 8.000 1.200
8.000 -10.000 1.200
-10.000 8.000 2.000
8.000 -10.000 2.000
-10.000 8.200 0.200
8.200 -10.000 0.200
-10.000 8.200 1.200
8.200 -10.000 1.200
-10.000 8.200 2.000
8.200 -10.000 2.000
-10.000 8.400 0.200
8.400 -10.000 0.200
-10.000 8.400 1.200
8.400 -10.000 1.200
-10.000 8.400 2.000
8.400 -10.000 2.000
-10.000 8.600 0.200
8.600 -10.000 0.200
-10.000 8.600 1.200
8.600 -10.000 1.200
-10.000 8.600 2.000
8.600 -10.000 2.000
-10.000 8.800 0.200
8.800 -10.000 0.200
-10.000 8.800 1.200
8.800 -10.000 1.200
-10.000 8.800 2.000
8.800 -10.000 2.000
9.000 -10.000 0.200
9.000 -10.000 1.200
9.000 -10.000 2.000
9.200 -10.000 0.200
9.200 -10.000 1.200
9.200 -10.000 2.000
-10.000 9.400 0.200
-10.000 9.400 1.200
-10.000 9.400 2.000
9.600 -10.000 0.200
9.600 -10.000 1.200
9.600 -10.000 2.000
-10.000 9.800 0.200
-10.000 9.800 1.200
-10.000 9.800 2.000
10.000 -10.000 0.200
10.000 -10.000 1.200
10.000 -10.000 2.000
-9.600 10.000 0.200
-9.600 10.000 1.200
-9.600 10.000 2.000
-9.400 10.000 0.200
-9.400 10.000 1.200
-9.400 10.000 2.000
-9.200 10.000 0.200
-9.200 10.000 1.200
-9.200 10.000 2.000
-9.000 10.000 0.200
-9.000 10.000 1.200
-9.000 10.000 2.000
10.000 -8.800 0.200
10.000 -8.800 1.200
10.000 -8.800 2.000
10.000 -8.600 0.200
-8.600 10.000 0.200
10.000 -8.600 1.200
-8.600 10.000 1.200
10.000 -8.600 2.000
-8.600 10.000 2.000
10.000 -8.400 0.200
-8.400 10.000 0.200
10.000 -8.400 1.200
-8.400 10.000 1.200
10.000 -8.400 2.000
-8.400 10.000 2.000
10.000 -8.200 0.200
-8.200 10.000 0.200
10.000 -8.200 1.200
-8.200 10.000 1.200
10.000 -8.200 2.000
-8.200 10.000 2.000
10.000 -8.000 0.200
-8.000 10.000 0.200
10.000 -8.000 1.200
-8.000 10.000 1.200
10.000 -8.000 2.000
-8.000 10.000 2.000
10.000 -7.800 0.200
10.000 -7.800 1.200
10.000 -7.800 2.000
-7.200 10.000 0.200
-7.200 10.000 1.200
-7.200 10.000 2.000
-6.800 10.000 0.200
-6.800 10.000 1.200
-6.800 10.000 2.000
10.000 -6.600 0.200
-6.600 10.000 0.200
10.000 -6.600 1.200
-6.600 10.000 1.200
10.000 -6.600 2.000
-6.600 10.000 2.000
10.000 -6.400 0.200
-6.400 10.000 0.200
10.000 -6.400 1.200
-6.400 10.000 1.200
10.000 -6.400 2.000
-6.400 10.000 2.000
10.000 -6.200 0.200
-6.200 10.000 0.200
10.000 -6.200 1.200
-6.200 10.000 1.200
10.000 -6.200 2.000
-6.200 10.000 2.000
10.000 -6.000 0.200
-6.000 10.000 0.200
10.000 -6.000 1.200
-6.000 10.000 1.200
10.000 -6.000 2.000
-6.000 10.000 2.000
10.000 -5.800 0.200
10.000 -5.800 1.200
10.000 -5.800 2.000
10.000 -5.600 0.200
-5.600 10.000 0.200
10.000 -5.600 1.200
-5.600 10.000 1.200
10.000 -5.600 2.000
-5.600 10.000 2.000
-5.200 10.000 0.200
-5.200 10.000 1.200
-5.200 10.000 2.000
-5.000 10.000 0.200
-5.000 10.000 1.200
-5.000 10.000 2.000
-4.800 10.000 0.200
-4.800 10.000 1.200
-4.800 10.000 2.000
10.000 -4.400 0.200
-4.400 10.000 0.200
10.000 -4.400 1.200
-4.400 10.000 1.200
10.000 -4.400 2.000
-4.400 10.000 2.000
10.000 -4.200 0.200
-4.200 10.000 0.200
10.000 -4.200 1.200
-4.200 10.000 1.200
10.000 -4.200 2.000
-4.200 10.000 2.000
10.000 -4.000 0.200
-4.000 10.000 0.200
10.000 -4.000 1.200
-4.000 10.000 1.200
10.000 -4.000 2.000
-4.000 10.000 2.000
10.000 -3.800 0.200
-3.800 10.000 0.200
10.000 -3.800 1.200
-3.800 10.000 1.200
10.000 -3.800 2.000
-3.800 10.000 2.000
10.000 -3.600 0.200
-3.600 10.000 0.200
10.000 -3.600 1.200
-3.600 10.000 1.200
10.000 -3.600 2.000
-3.600 10.000 2.000
10.000 -3.400 0.200
-3.400 10.000 0.200
10.000 -3.400 1.200
-3.400 10.000 1.200
10.000 -3.400 2.000
-3.400 10.000 2.000
10.000 -3.200 0.200
10.000 -3.200 1.200
10.000 -3.200 2.000
10.000 -3.000 0.200
-3.000 10.000 0.200
10.000 -3.000 1.200
-3.000 10.000 1.200
10.000 -3.000 2.000
-3.000 10.000 2.000
10.000 -2.800 0.200
-2.800 10.000 0.200
10.000 -2.800 1.200
-2.800 10.000 1.200
10.000 -2.800 2.000
-2.800 10.000 2.000
-2.600 10.000 0.200
-2.600 10.000 1.200
-2.600 10.000 2.000
10.000 -2.400 0.200
-2.400 10.000 0.200
10.000 -2.400 1.200
-2.400 10.000 1.200
10.000 -2.400 2.000
-2.400 10.000 2.000
10.000 -2.200 0.200
-2.200 10.000 0.200
10.000 -2.200 1.200
-2.200 10.000 1.200
10.000 -2.200 2.000
-2.200 10.000 2.000
10.000 -2.000 0.200
10.000 -2.000 1.200
10.000 -2.000 2.000
10.000 -1.800 0.200
-1.800 10.000 0.200
10.000 -1.800 1.200
-1.800 10.000 1.200
10.000 -1.800 2.000
-1.800 10.000 2.000
10.000 -1.600 0.200
10.000 -1.600 1.200
10.000 -1.600 2.000
10.000 -1.400 0.200
10.000 -1.400 1.200
10.000 -1.400 2.000
10.000 -1.200 0.200
10.000 -1.200 1.200
10.000 -1.200 2.000
10.000 -1.000 0.200
-1.000 10.000 0.200
10.000 -1.000 1.200
-1.000 10.000 1.200
10.000 -1.000 2.000
-1.000 10.000 2.000
-0.800 10.000 0.200
-0.800 10.000 1.200
-0.800 10.000 2.000
10.000 -0.600 0.200
-0.600 10.000 0.200
10.000 -0.600 1.200
-0.600 10.000 1.200
10.000 -0.600 2.000
-0.600 10.000 2.000
10.000 -0.400 0.200
10.000 -0.400 1.200
10.000 -0.400 2.000
10.000 -0.200 0.200
-0.200 10.000 0.200
10.000 -0.200 1.200
-0.200 10.000 1.200
10.000 -0.200 2.000
-0.200 10.000 2.000
10.000 -0.000 0.200
10.000 -0.000 1.200
10.000 -0.000 2.000
10.000 0.200 0.200
10.000 0.200 1.200
10.000 0.200 2.000
0.400 10.000 0.200
0.400 10.000 1.200
0.400 10.000 2.000
10.000 0.600 0.200
0.600 10.000 0.200
10.000 0.600 1.200
0.600 10.000 1.200
10.000 0.600 2.000
0.600 10.000 2.000
1.000 10.000 0.200
1.000 10.000 1.200
1.000 10.000 2.000
1.200 10.000 0.200
1.200 10.000 1.200
1.200 10.000 2.000
10.000 1.400 0.200
1.400 10.000 0.200
10.000 1.400 1.200
1.400 10.000 1.200
10.000 1.400 2.000
1.400 10.000 2.000
1.600 10.000 0.200
1.600 10.000 1.200
1.600 10.000 2.000
10.000 1.800 0.200
1.800 10.000 0.200
10.000 1.800 1.200
1.800 10.000 1.200
10.000 1.800 2.000
1.800 10.000 2.000
10.000 2.000 0.200
2.000 10.000 0.200
10.000 2.000 1.200
2.000 10.000 1.200
10.000 2.000 2.000
2.000 10.000 2.000
10.000 2.200 0.200
10.000 2.200 1.200
10.000 2.200 2.000
10.000 2.400 0.200
10.000 2.400 1.200
10.000 2.400 2.000
10.000 2.600 0.200
2.600 10.000 0.200
10.000 2.600 1.200
2.600 10.000 1.200
10.000 2.600 2.000
2.600 10.000 2.000
10.000 3.000 0.200
3.000 10.000 0.200
10.000 3.000 1.200
3.000 10.000 1.200
10.000 3.000 2.000
3.000 10.000 2.000
3.200 10.000 0.200
3.200 10.000 1.200
3.200 10.000 2.000
10.000 3.400 0.200
3.400 10.000 0.200
10.000 3.400 1.200
3.400 10.000 1.200
10.000 3.400 2.000
3.400 10.000 2.000
10.000 3.600 0.200
3.600 10.000 0.200
10.000 3.600 1.200
3.600 10.000 1.200
10.000 3.600 2.000
3.600 10.000 2.000
3.800 10.000 0.200
3.800 10.000 1.200
3.800 10.000 2.000
4.000 10.000 0.200
4.000 10.000 1.200
4.000 10.000 2.000
10.000 4.200 0.200
4.200 10.000 0.200
10.000 4.200 1.200
4.200 10.000 1.200
10.000 4.200 2.000
4.200 10.000 2.000
10.000 4.400 0.200
10.000 4.400 1.200
10.000 4.400 2.000
10.000 4.600 0.200
10.000 4.600 1.200
10.000 4.600 2.000
10.000 4.800 0.200
4.800 10.000 0.200
10.000 4.800 1.200
4.800 10.000 1.200
10.000 4.800 2.000
4.800 10.000 2.000
5.000 10.000 0.200
5.000 10.000 1.200
5.000 10.000 2.000
5.400 10.000 0.200
5.400 10.000 1.200
5.400 10.000 2.000
5.600 10.000 0.200
5.600 10.000 1.200
5.600 10.000 2.000
5.800 10.000 0.200
5.800 10.000 1.200
5.800 10.000 2.000
6.000 10.000 0.200
6.000 10.000 1.200
6.000 10.000 2.000
6.200 10.000 0.200
6.200 10.000 1.200
6.200 10.000 2.000
10.000 6.400 0.200
10.000 6.400 1.200
10.000 6.400 2.000
10.000 6.600 0.200
10.000 6.600 1.200
10.000 6.600 2.000
10.000 6.800 0.200
10.000 6.800 1.200
10.000 6.800 2.000
10.000 7.200 0.200
7.200 10.000 0.200
10.000 7.200 1.200
7.200 10.000 1.200
10.000 7.200 2.000
7.200 10.000 2.000
7.600 10.000 0.200
7.600 10.000 1.200
7.600 10.000 2.000
10.000 7.800 0.200
7.800 10.000 0.200
10.000 7.800 1.200
7.800 10.000 1.200
10.000 7.800 2.000
7.800 10.000 2.000
8.000 10.000 0.200
8.000 10.000 1.200
8.000 10.000 2.000
8.200 10.000 0.200
8.200 10.000 1.200
8.200 10.000 2.000
10.000 8.400 0.200
8.400 10.000 0.200
10.000 8.400 1.200
8.400 10.000 1.200
10.000 8.400 2.000
8.400 10.000 2.000
10.000 8.600 0.200
8.600 10.000 0.200
10.000 8.600 1.200
8.600 10.000 1.200
10.000 8.600 2.000
8.600 10.000 2.000
10.000 9.000 0.200
10.000 9.000 1.200
10.000 9.000 2.000
10.000 9.200 0.200
10.000 9.200 1.200
10.000 9.200 2.000
10.000 9.400 0.200
10.000 9.400 1.200
10.000 9.400 2.000
9.800 10.000 0.200
9.800 10.000 1.200
9.800 10.000 2.000
6.100 6.000 0.200
6.100 6.000 0.800
6.100 6.000 1.400
6.100 6.000 2.000
2.000 -4.000 0.200
2.000 -2.000 0.200
2.000 -4.000 0.500
2.000 -2.000 0.500
2.000 -4.000 0.800
2.000 -2.000 0.800
4.000 -3.750 0.200
4.000 -3.750 0.500
4.000 -3.750 0.800
2.500 -4.000 0.200
2.500 -2.000 0.200
4.000 -3.500 0.200
2.500 -4.000 0.500
2.500 -2.000 0.500
4.000 -3.500 0.500
2.500 -4.000 0.800
2.500 -2.000 0.800
4.000 -3.500 0.800
2.750 -4.000 0.200
2.750 -4.000 0.500
2.750 -4.000 0.800
2.000 -3.000 0.200
2.000 -3.000 0.500
2.000 -3.000 0.800
3.500 -4.000 0.200
2.000 -2.500 0.200
4.000 -2.500 0.200
3.500 -4.000 0.500
2.000 -2.500 0.500
4.000 -2.500 0.500
3.500 -4.000 0.800
2.000 -2.500 0.800
4.000 -2.500 0.800
4.000 -2.000 0.200
4.000 -2.000 0.500
4.000 -2.000 0.800
-9.600 -10.000 0.200
-9.600 -10.000 1.200
-9.600 -10.000 2.000
-10.000 -9.400 0.200
-10.000 -9.400 1.200
-10.000 -9.400 2.000
-10.000 -9.200 0.200
-9.200 -10.000 0.200
-10.000 -9.200 1.200
-9.200 -10.000 1.200
-10.000 -9.200 2.000
-9.200 -10.000 2.000
-9.000 -10.000 0.200
-9.000 -10.000 1.200
-9.000 -10.000 2.000
-8.800 -10.000 0.200
-8.800 -10.000 1.200
-8.800 -10.000 2.000
-10.000 -8.600 0.200
-10.000 -8.600 1.200
-10.000 -8.600 2.000
-10.000 -8.400 0.200
-10.000 -8.400 1.200
-10.000 -8.400 2.000
-10.000 -8.200 0.200
-8.200 -10.000 0.200
-10.000 -8.200 1.200
-8.200 -10.000 1.200
-10.000 -8.200 2.000
-8.200 -10.000 2.000
-10.000 -8.000 0.200
-10.000 -8.000 1.200
-10.000 -8.000 2.000
-10.000 -7.800 0.200
-10.000 -7.800 1.200
-10.000 -7.800 2.000
-10.000 -7.400 0.200
-10.000 -7.400 1.200
-10.000 -7.400 2.000
-10.000 -7.200 0.200
-10.000 -7.200 1.200
-10.000 -7.200 2.000
-10.000 -7.000 0.200
-10.000 -7.000 1.200
-10.000 -7.000 2.000
-6.600 -10.000 0.200
-6.600 -10.000 1.200
-6.600 -10.000 2.000
-6.400 -10.000 0.200
-6.400 -10.000 1.200
-6.400 -10.000 2.000
-10.000 -6.200 0.200
-10.000 -6.200 1.200
-10.000 -6.200 2.000
-10.000 -6.000 0.200
-6.000 -10.000 0.200
-10.000 -6.000 1.200
-6.000 -10.000 1.200
-10.000 -6.000 2.000
-6.000 -10.000 2.000
-5.800 -10.000 0.200
-5.800 -10.000 1.200
-5.800 -10.000 2.000
-10.000 -5.400 0.200
-5.400 -10.000 0.200
-10.000 -5.400 1.200
-5.400 -10.000 1.200
-10.000 -5.400 2.000
-5.400 -10.000 2.000
-5.000 -10.000 0.200
-5.000 -10.000 1.200
-5.000 -10.000 2.000
-10.000 -4.600 0.200
-10.000 -4.600 1.200
-10.000 -4.600 2.000
-10.000 -4.400 0.200
-10.000 -4.400 1.200
-10.000 -4.400 2.000
-10.000 -3.800 0.200
-3.800 -10.000 0.200
-10.000 -3.800 1.200
-3.800 -10.000 1.200
-10.000 -3.800 2.000
-3.800 -10.000 2.000
-3.400 -10.000 0.200
-3.400 -10.000 1.200
-3.400 -10.000 2.000
-3.200 -10.000 0.200
-3.200 -10.000 1.200
-3.200 -10.000 2.000
-10.000 -3.000 0.200
-3.000 -10.000 0.200
-10.000 -3.000 1.200
-3.000 -10.000 1.200
-10.000 -3.000 2.000
-3.000 -10.000 2.000
-10.000 -2.800 0.200
-2.800 -10.000 0.200
-10.000 -2.800 1.200
-2.800 -10.000 1.200
-10.000 -2.800 2.000
-2.800 -10.000 2.000
-2.400 -10.000 0.200
-2.400 -10.000 1.200
-2.400 -10.000 2.000
-2.200 -10.000 0.200
-2.200 -10.000 1.200
-2.200 -10.000 2.000
-2.000 -10.000 0.200
-2.000 -10.000 1.200
-2.000 -10.000 2.000
-10.000 -1.600 0.200
-10.000 -1.600 1.200
-10.000 -1.600 2.000
-10.000 -1.400 0.200
-10.000 -1.400 1.200
-10.000 -1.400 2.000
-1.200 -10.000 0.200
-1.200 -10.000 1.200
-1.200 -10.000 2.000
-0.800 -10.000 0.200
-0.800 -10.000 1.200
-0.800 -10.000 2.000
-10.000 -0.600 0.200
-10.000 -0.600 1.200
-10.000 -0.600 2.000
-0.400 -10.000 0.200
-0.400 -10.000 1.200
-0.400 -10.000 2.000
-10.000 -0.200 0.200
-10.000 -0.200 1.200
-10.000 -0.200 2.000
0.600 -10.000 0.200
0.600 -10.000 1.200
0.600 -10.000 2.000
-10.000 0.800 0.200
0.800 -10.000 0.200
-10.000 0.800 1.200
0.800 -10.000 1.200
-10.000 0.800 2.000
0.800 -10.000 2.000
-10.000 1.400 0.200
1.400 -10.000 0.200
-10.000 1.400 1.200
1.400 -10.000 1.200
-10.000 1.400 2.000
1.400 -10.000 2.000
-10.000 2.000 0.200
-10.000 2.000 1.200
-10.000 2.000 2.000
2.800 -10.000 0.200
2.800 -10.000 1.200
2.800 -10.000 2.000
-10.000 3.000 0.200
3.000 -10.000 0.200
-10.000 3.000 1.200
3.000 -10.000 1.200
-10.000 3.000 2.000
3.000 -10.000 2.000
-10.000 3.200 0.200
-10.000 3.200 1.200
-10.000 3.200 2.000
-10.000 3.400 0.200
-10.000 3.400 1.200
-10.000 3.400 2.000
-10.000 3.600 0.200
-10.000 3.600 1.200
-10.000 3.600 2.000
4.000 -10.000 0.200
4.000 -10.000 1.200
4.000 -10.000 2.000
-10.000 4.200 0.200
-10.000 4.200 1.200
-10.000 4.200 2.000
-10.000 4.400 0.200
4.400 -10.000 0.200
-10.000 4.400 1.200
4.400 -10.000 1.200
-10.000 4.400 2.000
4.400 -10.000 2.000
-10.000 4.800 0.200
-10.000 4.800 1.200
-10.000 4.800 2.000
-10.000 5.200 0.200
5.200 -10.000 0.200
-10.000 5.200 1.200
5.200 -10.000 1.200
-10.000 5.200 2.000
5.200 -10.000 2.000
5.400 -10.000 0.200
5.400 -10.000 1.200
5.400 -10.000 2.000
-10.000 5.600 0.200
-10.000 5.600 1.200
-10.000 5.600 2.000
-10.000 5.800 0.200
5.800 -10.000 0.200
-10.000 5.800 1.200
5.800 -10.000 1.200
-10.000 5.800 2.000
5.800 -10.000 2.000
-10.000 6.200 0.200
-10.000 6.200 1.200
-10.000 6.200 2.000
-10.000 6.600 0.200
6.600 -10.000 0.200
-10.000 6.600 1.200
6.600 -10.000 1.200
-10.000 6.600 2.000
6.600 -10.000 2.000
-10.000 6.800 0.200
6.800 -10.000 0.200
-10.000 6.800 1.200
6.800 -10.000 1.200
-10.000 6.800 2.000
6.800 -10.000 2.000
-10.000 7.000 0.200
7.000 -10.000 0.200
-10.000 7.000 1.200
7.000 -10.000 1.200
-10.000 7.000 2.000
7.000 -10.000 2.000
7.600 -10.000 0.200
7.600 -10.000 1.200
7.600 -10.000 2.000
7.800 -10.000 0.200
7.800 -10.000 1.200
7.800 -10.000 2.000
-10.000 8.000 0.200
-10.000 8.000 1.200
-10.000 8.000 2.000
-10.000 8.200 0.200
-10.000 8.200 1.200
-10.000 8.200 2.000
8.400 -10.000 0.200
8.400 -10.000 1.200
8.400 -10.000 2.000
-10.000 8.600 0.200
-10.000 8.600 1.200
-10.000 8.600 2.000
8.800 -10.000 0.200
8.800 -10.000 1.200
8.800 -10.000 2.000
-10.000 9.200 0.200
9.200 -10.000 0.200
-10.000 9.200 1.200
9.200 -10.000 1.200
-10.000 9.200 2.000
9.200 -10.000 2.000
-10.000 9.400 0.200
-10.000 9.400 1.200
-10.000 9.400 2.000
-10.000 9.600 0.200
-10.000 9.600 1.200
-10.000 9.600 2.000
9.800 -10.000 0.200
9.800 -10.000 1.200
9.800 -10.000 2.000
-10.000 10.000 0.200
-10.000 10.000 1.200
-10.000 10.000 2.000
10.000 -9.800 0.200
10.000 -9.800 1.200
10.000 -9.800 2.000
10.000 -9.600 0.200
-9.600 10.000 0.200
10.000 -9.600 1.200
-9.600 10.000 1.200
10.000 -9.600 2.000
-9.600 10.000 2.000
-9.400 10.000 0.200
-9.400 10.000 1.200
-9.400 10.000 2.000
10.000 -9.200 0.200
10.000 -9.200 1.200
10.000 -9.200 2.000
10.000 -9.000 0.200
-9.000 10.000 0.200
10.000 -9.000 1.200
-9.000 10.000 1.200
10.000 -9.000 2.000
-9.000 10.000 2.000
10.000 -8.800 0.200
-8.800 10.000 0.200
10.000 -8.800 1.200
-8.800 10.000 1.200
10.000 -8.800 2.000
-8.800 10.000 2.000
10.000 -8.400 0.200
10.000 -8.400 1.200
10.000 -8.400 2.000
10.000 -7.800 0.200
-7.800 10.000 0.200
10.000 -7.800 1.200
-7.800 10.000 1.200
10.000 -7.800 2.000
-7.800 10.000 2.000
-7.600 10.000 0.200
-7.600 10.000 1.200
-7.600 10.000 2.000
10.000 -7.400 0.200
-7.400 10.000 0.200
10.000 -7.400 1.200
-7.400 10.000 1.200
10.000 -7.400 2.000
-7.400 10.000 2.000
10.000 -7.200 0.200
-7.200 10.000 0.200
10.000 -7.200 1.200
-7.200 10.000 1.200
10.000 -7.200 2.000
-7.200 10.000 2.000
10.000 -7.000 0.200
-7.000 10.000 0.200
10.000 -7.000 1.200
-7.000 10.000 1.200
10.000 -7.000 2.000
-7.000 10.000 2.000
-6.200 10.000 0.200
-6.200 10.000 1.200
-6.200 10.000 2.000
10.000 -5.200 0.200
-5.200 10.000 0.200
10.000 -5.200 1.200
-5.200 10.000 1.200
10.000 -5.200 2.000
-5.200 10.000 2.000
10.000 -5.000 0.200
10.000 -5.000 1.200
10.000 -5.000 2.000
10.000 -4.600 0.200
-4.600 10.000 0.200
10.000 -4.600 1.200
-4.600 10.000 1.200
10.000 -4.600 2.000
-4.600 10.000 2.000
10.000 -4.400 0.200
10.000 -4.400 1.200
10.000 -4.400 2.000
10.000 -4.200 0.200
10.000 -4.200 1.200
10.000 -4.200 2.000
10.000 -4.000 0.200
10.000 -4.000 1.200
10.000 -4.000 2.000
-3.800 10.000 0.200
-3.800 10.000 1.200
-3.800 10.000 2.000
-3.200 10.000 0.200
-3.200 10.000 1.200
-3.200 10.000 2.000
-2.800 10.000 0.200
-2.800 10.000 1.200
-2.800 10.000 2.000
10.000 -2.600 0.200
10.000 -2.600 1.200
10.000 -2.600 2.000
10.000 -2.200 0.200
10.000 -2.200 1.200
10.000 -2.200 2.000
10.000 -1.800 0.200
10.000 -1.800 1.200
10.000 -1.800 2.000
-1.400 10.000 0.200
-1.400 10.000 1.200
-1.400 10.000 2.000
10.000 -1.200 0.200
10.000 -1.200 1.200
10.000 -1.200 2.000
10.000 -0.800 0.200
10.000 -0.800 1.200
10.000 -0.800 2.000
-0.000 10.000 0.200
-0.000 10.000 1.200
-0.000 10.000 2.000
0.800 10.000 0.200
0.800 10.000 1.200
0.800 10.000 2.000
1.000 10.000 0.200
1.000 10.000 1.200
1.000 10.000 2.000
10.000 1.200 0.200
10.000 1.200 1.200
10.000 1.200 2.000
10.000 1.400 0.200
10.000 1.400 1.200
10.000 1.400 2.000
10.000 1.600 0.200
10.000 1.600 1.200
10.000 1.600 2.000
1.800 10.000 0.200
1.800 10.000 1.200
1.800 10.000 2.000
2.000 10.000 0.200
2.000 10.000 1.200
2.000 10.000 2.000
2.200 10.000 0.200
2.200 10.000 1.200
2.200 10.000 2.000
10.000 2.400 0.200
2.400 10.000 0.200
10.000 2.400 1.200
2.400 10.000 1.200
10.000 2.400 2.000
2.400 10.000 2.000
2.600 10.000 0.200
2.600 10.000 1.200
2.600 10.000 2.000
10.000 3.200 0.200
3.200 10.000 0.200
10.000 3.200 1.200
3.200 10.000 1.200
10.000 3.200 2.000
3.200 10.000 2.000
10.000 3.800 0.200
3.800 10.000 0.200
10.000 3.800 1.200
3.800 10.000 1.200
10.000 3.800 2.000
3.800 10.000 2.000
4.400 10.000 0.200
4.400 10.000 1.200
4.400 10.000 2.000
10.000 4.600 0.200
4.600 10.000 0.200
10.000 4.600 1.200
4.600 10.000 1.200
10.000 4.600 2.000
4.600 10.000 2.000
10.000 4.800 0.200
10.000 4.800 1.200
10.000 4.800 2.000
5.000 10.000 0.200
5.000 10.000 1.200
5.000 10.000 2.000
10.000 5.200 0.200
10.000 5.200 1.200
10.000 5.200 2.000
10.000 5.400 0.200
5.400 10.000 0.200
10.000 5.400 1.200
5.400 10.000 1.200
10.000 5.400 2.000
5.400 10.000 2.000
10.000 5.600 0.200
10.000 5.600 1.200
10.000 5.600 2.000
10.000 5.800 0.200
10.000 5.800 1.200
10.000 5.800 2.000
10.000 6.200 0.200
10.000 6.200 1.200
10.000 6.200 2.000
6.400 10.000 0.200
6.400 10.000 1.200
6.400 10.000 2.000
10.000 6.800 0.200
6.800 10.000 0.200
10.000 6.800 1.200
6.800 10.000 1.200
10.000 6.800 2.000
6.800 10.000 2.000
7.000 10.000 0.200
7.000 10.000 1.200
7.000 10.000 2.000
10.000 7.400 0.200
7.400 10.000 0.200
10.000 7.400 1.200
7.400 10.000 1.200
10.000 7.400 2.000
7.400 10.000 2.000
10.000 7.600 0.200
10.000 7.600 1.200
10.000 7.600 2.000
10.000 7.800 0.200
10.000 7.800 1.200
10.000 7.800 2.000
8.000 10.000 0.200
8.000 10.000 1.200
8.000 10.000 2.000
10.000 8.800 0.200
8.800 10.000 0.200
10.000 8.800 1.200
8.800 10.000 1.200
10.000 8.800 2.000
8.800 10.000 2.000
9.200 10.000 0.200
9.200 10.000 1.200
9.200 10.000 2.000
10.000 9.600 0.200
9.600 10.000 0.200
10.000 9.600 1.200
9.600 10.000 1.200
10.000 9.600 2.000
9.600 10.000 2.000
10.000 9.800 0.200
9.800 10.000 0.200
10.000 9.800 1.200
9.800 10.000 1.200
10.000 9.800 2.000
9.800 10.000 2.000
10.000 10.000 0.200
10.000 10.000 1.200
10.000 10.000 2.000
-5.900 6.000 0.200
-5.900 6.000 0.800
-5.900 6.000 1.400
-5.900 6.000 2.000
6.100 6.000 0.200
6.100 6.000 0.800
6.100 6.000 1.400
6.100 6.000 2.000
4.100 3.000 0.200
4.100 3.000 0.800
4.100 3.000 1.400
4.100 3.000 2.000
2.000 -4.000 0.200
2.000 -2.000 0.200
4.000 -4.000 0.200
2.000 -4.000 0.500
2.000 -2.000 0.500
4.000 -4.000 0.500
2.000 -4.000 0.800
2.000 -2.000 0.800
4.000 -4.000 0.800
2.250 -2.000 0.200
2.000 -3.750 0.200
2.250 -2.000 0.500
2.000 -3.750 0.500
2.250 -2.000 0.800
2.000 -3.750 0.800
2.500 -4.000 0.200
2.500 -4.000 0.500
2.500 -4.000 0.800
3.000 -4.000 0.200
2.000 -3.000 0.200
3.000 -4.000 0.500
2.000 -3.000 0.500
3.000 -4.000 0.800
2.000 -3.000 0.800
3.250 -4.000 0.200
3.250 -4.000 0.500
3.250 -4.000 0.800
3.500 -4.000 0.200
2.000 -2.500 0.200
4.000 -2.500 0.200
3.500 -4.000 0.500
2.000 -2.500 0.500
4.000 -2.500 0.500
3.500 -4.000 0.800
2.000 -2.500 0.800
4.000 -2.500 0.800
-10.000 -10.000 0.200
-10.000 -10.000 1.200
-10.000 -10.000 2.000
-10.000 -9.800 0.200
-10.000 -9.800 1.200
-10.000 -9.800 2.000
-10.000 -9.600 0.200
-10.000 -9.600 1.200
-10.000 -9.600 2.000
-10.000 -8.200 0.200
-8.200 -10.000 0.200
-10.000 -8.200 1.200
-8.200 -10.000 1.200
-10.000 -8.200 2.000
-8.200 -10.000 2.000
-8.000 -10.000 0.200
-8.000 -10.000 1.200
-8.000 -10.000 2.000
-10.000 -7.800 0.200
-10.000 -7.800 1.200
-10.000 -7.800 2.000
-7.600 -10.000 0.200
-7.600 -10.000 1.200
-7.600 -10.000 2.000
-7.400 -10.000 0.200
-7.400 -10.000 1.200
-7.400 -10.000 2.000
-10.000 -7.000 0.200
-10.000 -7.000 1.200
-10.000 -7.000 2.000
-10.000 -6.800 0.200
-10.000 -6.800 1.200
-10.000 -6.800 2.000
-6.200 -10.000 0.200
-6.200 -10.000 1.200
-6.200 -10.000 2.000
-10.000 -6.000 0.200
-10.000 -6.000 1.200
-10.000 -6.000 2.000
-10.000 -5.800 0.200
-10.000 -5.800 1.200
-10.000 -5.800 2.000
-10.000 -5.600 0.200
-5.600 -10.000 0.200
-10.000 -5.600 1.200
-5.600 -10.000 1.200
-10.000 -5.600 2.000
-5.600 -10.000 2.000
-10.000 -5.400 0.200
-10.000 -5.400 1.200
-10.000 -5.400 2.000
-10.000 -5.200 0.200
-10.000 -5.200 1.200
-10.000 -5.200 2.000
-10.000 -5.000 0.200
-10.000 -5.000 1.200
-10.000 -5.000 2.000
-10.000 -4.800 0.200
-4.800 -10.000 0.200
-10.000 -4.800 1.200
-4.800 -10.000 1.200
-10.000 -4.800 2.000
-4.800 -10.000 2.000
-4.600 -10.000 0.200
-4.600 -10.000 1.200
-4.600 -10.000 2.000
-10.000 -4.200 0.200
-10.000 -4.200 1.200
-10.000 -4.200 2.000
-10.000 -4.000 0.200
-10.000 -4.000 1.200
-10.000 -4.000 2.000
-10.000 -3.800 0.200
-10.000 -3.800 1.200
-10.000 -3.800 2.000
-3.600 -10.000 0.200
-3.600 -10.000 1.200
-3.600 -10.000 2.000
-3.000 -10.000 0.200
-3.000 -10.000 1.200
-3.000 -10.000 2.000
-10.000 -2.200 0.200
-10.000 -2.200 1.200
-10.000 -2.200 2.000
-2.000 -10.000 0.200
-2.000 -10.000 1.200
-2.000 -10.000 2.000
-1.800 -10.000 0.200
-1.800 -10.000 1.200
-1.800 -10.000 2.000
-1.600 -10.000 0.200
-1.600 -10.000 1.200
-1.600 -10.000 2.000
-1.400 -10.000 0.200
-1.400 -10.000 1.200
-1.400 -10.000 2.000
-10.000 -1.200 0.200
-10.000 -1.200 1.200
-10.000 -1.200 2.000
-10.000 -0.400 0.200
-10.000 -0.400 1.200
-10.000 -0.400 2.000
0.600 -10.000 0.200
0.600 -10.000 1.200
0.600 -10.000 2.000
-10.000 1.000 0.200
-10.000 1.000 1.200
-10.000 1.000 2.000
-10.000 1.200 0.200
1.200 -10.000 0.200
-10.000 1.200 1.200
1.200 -10.000 1.200
-10.000 1.200 2.000
1.200 -10.000 2.000
-10.000 1.600 0.200
-10.000 1.600 1.200
-10.000 1.600 2.000
1.800 -10.000 0.200
1.800 -10.000 1.200
1.800 -10.000 2.000
-10.000 2.400 0.200
-10.000 2.400 1.200
-10.000 2.400 2.000
-10.000 3.400 0.200
3.400 -10.000 0.200
-10.000 3.400 1.200
3.400 -10.000 1.200
-10.000 3.400 2.000
3.400 -10.000 2.000
3.800 -10.000 0.200
3.800 -10.000 1.200
3.800 -10.000 2.000
-10.000 4.400 0.200
-10.000 4.400 1.200
-10.000 4.400 2.000
-10.000 4.600 0.200
-10.000 4.600 1.200
-10.000 4.600 2.000
-10.000 5.000 0.200
-10.000 5.000 1.200
-10.000 5.000 2.000
-10.000 5.600 0.200
-10.000 5.600 1.200
-10.000 5.600 2.000
-10.000 6.000 0.200
-10.000 6.000 1.200
-10.000 6.000 2.000
6.600 -10.000 0.200
6.600 -10.000 1.200
6.600 -10.000 2.000
-10.000 7.000 0.200
-10.000 7.000 1.200
-10.000 7.000 2.000
7.200 -10.000 0.200
7.200 -10.000 1.200
7.200 -10.000 2.000
7.400 -10.000 0.200
7.400 -10.000 1.200
7.400 -10.000 2.000
-10.000 7.600 0.200
-10.000 7.600 1.200
-10.000 7.600 2.000
-10.000 7.800 0.200
7.800 -10.000 0.200
-10.000 7.800 1.200
7.800 -10.000 1.200
-10.000 7.800 2.000
7.800 -10.000 2.000
-10.000 8.200 0.200
-10.000 8.200 1.200
-10.000 8.200 2.000
-10.000 8.800 0.200
-10.000 8.800 1.200
-10.000 8.800 2.000
-10.000 9.000 0.200
9.000 -10.000 0.200
-10.000 9.000 1.200
9.000 -10.000 1.200
-10.000 9.000 2.000
9.000 -10.000 2.000
9.200 -10.000 0.200
9.200 -10.000 1.200
9.200 -10.000 2.000
9.400 -10.000 0.200
9.400 -10.000 1.200
9.400 -10.000 2.000
-10.000 9.800 0.200
-10.000 9.800 1.200
-10.000 9.800 2.000
10.000 -9.200 0.200
10.000 -9.200 1.200
10.000 -9.200 2.000
10.000 -9.000 0.200
10.000 -9.000 1.200
10.000 -9.000 2.000
-8.800 10.000 0.200
-8.800 10.000 1.200
-8.800 10.000 2.000
-8.600 10.000 0.200
-8.600 10.000 1.200
-8.600 10.000 2.000
10.000 -8.000 0.200
10.000 -8.000 1.200
10.000 -8.000 2.000
-7.800 10.000 0.200
-7.800 10.000 1.200
-7.800 10.000 2.000
-7.600 10.000 0.200
-7.600 10.000 1.200
-7.600 10.000 2.000
10.000 -6.800 0.200
-6.800 10.000 0.200
10.000 -6.800 1.200
-6.800 10.000 1.200
10.000 -6.800 2.000
-6.800 10.000 2.000
-6.600 10.000 0.200
-6.600 10.000 1.200
-6.600 10.000 2.000
10.000 -6.400 0.200
-6.400 10.000 0.200
10.000 -6.400 1.200
-6.400 10.000 1.200
10.000 -6.400 2.000
-6.400 10.000 2.000
10.000 -6.000 0.200
10.000 -6.000 1.200
10.000 -6.000 2.000
10.000 -5.600 0.200
-5.600 10.000 0.200
10.000 -5.600 1.200
-5.600 10.000 1.200
10.000 -5.600 2.000
-5.600 10.000 2.000
-5.200 10.000 0.200
-5.200 10.000 1.200
-5.200 10.000 2.000
10.000 -5.000 0.200
10.000 -5.000 1.200
10.000 -5.000 2.000
10.000 -4.800 0.200
10.000 -4.800 1.200
10.000 -4.800 2.000
10.000 -4.600 0.200
-4.600 10.000 0.200
10.000 -4.600 1.200
-4.600 10.000 1.200
10.000 -4.600 2.000
-4.600 10.000 2.000
10.000 -3.600 0.200
-3.600 10.000 0.200
10.000 -3.600 1.200
-3.600 10.000 1.200
10.000 -3.600 2.000
-3.600 10.000 2.000
-3.400 10.000 0.200
-3.400 10.000 1.200
-3.400 10.000 2.000
10.000 -2.800 0.200
10.000 -2.800 1.200
10.000 -2.800 2.000
10.000 -2.200 0.200
10.000 -2.200 1.200
10.000 -2.200 2.000
-1.800 10.000 0.200
-1.800 10.000 1.200
-1.800 10.000 2.000
10.000 -1.600 0.200
10.000 -1.600 1.200
10.000 -1.600 2.000
10.000 -1.000 0.200
10.000 -1.000 1.200
10.000 -1.000 2.000
10.000 0.400 0.200
0.400 10.000 0.200
10.000 0.400 1.200
0.400 10.000 1.200
10.000 0.400 2.000
0.400 10.000 2.000
10.000 1.000 0.200
10.000 1.000 1.200
10.000 1.000 2.000
1.400 10.000 0.200
1.400 10.000 1.200
1.400 10.000 2.000
1.600 10.000 0.200
1.600 10.000 1.200
1.600 10.000 2.000
10.000 1.800 0.200
10.000 1.800 1.200
10.000 1.800 2.000
10.000 2.600 0.200
10.000 2.600 1.200
10.000 2.600 2.000
2.800 10.000 0.200
2.800 10.000 1.200
2.800 10.000 2.000
3.000 10.000 0.200
3.000 10.000 1.200
3.000 10.000 2.000
10.000 3.200 0.200
3.200 10.000 0.200
10.000 3.200 1.200
3.200 10.000 1.200
10.000 3.200 2.000
3.200 10.000 2.000
3.600 10.000 0.200
3.600 10.000 1.200
3.600 10.000 2.000
3.800 10.000 0.200
3.800 10.000 1.200
3.800 10.000 2.000
10.000 4.200 0.200
10.000 4.200 1.200
10.000 4.200 2.000
10.000 4.400 0.200
4.400 10.000 0.200
10.000 4.400 1.200
4.400 10.000 1.200
10.000 4.400 2.000
4.400 10.000 2.000
5.200 10.000 0.200
5.200 10.000 1.200
5.200 10.000 2.000
10.000 5.400 0.200
10.000 5.400 1.200
10.000 5.400 2.000
10.000 5.800 0.200
5.800 10.000 0.200
10.000 5.800 1.200
5.800 10.000 1.200
10.000 5.800 2.000
5.800 10.000 2.000
6.000 10.000 0.200
6.000 10.000 1.200
6.000 10.000 2.000
6.400 10.000 0.200
6.400 10.000 1.200
6.400 10.000 2.000
10.000 6.600 0.200
10.000 6.600 1.200
10.000 6.600 2.000
10.000 6.800 0.200
10.000 6.800 1.200
10.000 6.800 2.000
7.200 10.000 0.200
7.200 10.000 1.200
7.200 10.000 2.000
10.000 7.600 0.200
10.000 7.600 1.200
10.000 7.600 2.000
7.800 10.000 0.200
7.800 10.000 1.200
7.800 10.000 2.000
10.000 8.000 0.200
10.000 8.000 1.200
10.000 8.000 2.000
10.000 8.400 0.200
8.400 10.000 0.200
10.000 8.400 1.200
8.400 10.000 1.200
10.000 8.400 2.000
8.400 10.000 2.000
9.000 10.000 0.200
9.000 10.000 1.200
9.000 10.000 2.000
9.200 10.000 0.200
9.200 10.000 1.200
9.200 10.000 2.000
10.000 9.400 0.200
9.400 10.000 0.200
10.000 9.400 1.200
9.400 10.000 1.200
10.000 9.400 2.000
9.400 10.000 2.000
10.000 9.600 0.200
10.000 9.600 1.200
10.000 9.600 2.000
-5.900 6.000 0.200
-5.900 6.000 0.800
-5.900 6.000 1.400
-5.900 6.000 2.000
4.000 -4.000 0.200
4.000 -4.000 0.500
4.000 -4.000 0.800
2.000 -3.500 0.200
2.000 -3.500 0.500
2.000 -3.500 0.800
3.000 -4.000 0.200
3.000 -2.000 0.200
3.000 -4.000 0.500
3.000 -2.000 0.500
3.000 -4.000 0.800
3.000 -2.000 0.800
2.000 -2.500 0.200
2.000 -2.500 0.500
2.000 -2.500 0.800
4.000 -2.250 0.200
4.000 -2.250 0.500
4.000 -2.250 0.800
-9.800 -10.000 0.200
-9.800 -10.000 1.200
-9.800 -10.000 2.000
-10.000 -9.600 0.200
-10.000 -9.600 1.200
-10.000 -9.600 2.000
-10.000 -8.600 0.200
-10.000 -8.600 1.200
-10.000 -8.600 2.000
-8.000 -10.000 0.200
-8.000 -10.000 1.200
-8.000 -10.000 2.000
-7.800 -10.000 0.200
-7.800 -10.000 1.200
-7.800 -10.000 2.000
-10.000 -7.200 0.200
-10.000 -7.200 1.200
-10.000 -7.200 2.000
-6.800 -10.000 0.200
-6.800 -10.000 1.200
-6.800 -10.000 2.000
-10.000 -6.600 0.200
-10.000 -6.600 1.200
-10.000 -6.600 2.000
-10.000 -6.400 0.200
-6.400 -10.000 0.200
-10.000 -6.400 1.200
-6.400 -10.000 1.200
-10.000 -6.400 2.000
-6.400 -10.000 2.000
-10.000 -6.200 0.200
-10.000 -6.200 1.200
-10.000 -6.200 2.000
-10.000 -5.600 0.200
-10.000 -5.600 1.200
-10.000 -5.600 2.000
-5.400 -10.000 0.200
-5.400 -10.000 1.200
-5.400 -10.000 2.000
-4.400 -10.000 0.200
-4.400 -10.000 1.200
-4.400 -10.000 2.000
-4.000 -10.000 0.200
-4.000 -10.000 1.200
-4.000 -10.000 2.000
-10.000 -3.600 0.200
-3.600 -10.000 0.200
-10.000 -3.600 1.200
-3.600 -10.000 1.200
-10.000 -3.600 2.000
-3.600 -10.000 2.000
-2.800 -10.000 0.200
-2.800 -10.000 1.200
-2.800 -10.000 2.000
-10.000 -1.800 0.200
-10.000 -1.800 1.200
-10.000 -1.800 2.000
-1.200 -10.000 0.200
-1.200 -10.000 1.200
-1.200 -10.000 2.000
-10.000 -0.800 0.200
-10.000 -0.800 1.200
-10.000 -0.800 2.000
-10.000 -0.400 0.200
-0.400 -10.000 0.200
-10.000 -0.400 1.200
-0.400 -10.000 1.200
-10.000 -0.400 2.000
-0.400 -10.000 2.000
-10.000 -0.200 0.200
-10.000 -0.200 1.200
-10.000 -0.200 2.000
-10.000 0.400 0.200
-10.000 0.400 1.200
-10.000 0.400 2.000
1.200 -10.000 0.200
1.200 -10.000 1.200
1.200 -10.000 2.000
-10.000 1.600 0.200
-10.000 1.600 1.200
-10.000 1.600 2.000
-10.000 1.800 0.200
-10.000 1.800 1.200
-10.000 1.800 2.000
-10.000 2.600 0.200
2.600 -10.000 0.200
-10.000 2.600 1.200
2.600 -10.000 1.200
-10.000 2.600 2.000
2.600 -10.000 2.000
-10.000 3.600 0.200
-10.000 3.600 1.200
-10.000 3.600 2.000
-10.000 3.800 0.200
-10.000 3.800 1.200
-10.000 3.800 2.000
-10.000 5.000 0.200
5.000 -10.000 0.200
-10.000 5.000 1.200
5.000 -10.000 1.200
-10.000 5.000 2.000
5.000 -10.000 2.000
5.600 -10.000 0.200
5.600 -10.000 1.200
5.600 -10.000 2.000
-10.000 6.600 0.200
-10.000 6.600 1.200
-10.000 6.600 2.000
6.800 -10.000 0.200
6.800 -10.000 1.200
6.800 -10.000 2.000
-10.000 7.400 0.200
7.400 -10.000 0.200
-10.000 7.400 1.200
7.400 -10.000 1.200
-10.000 7.400 2.000
7.400 -10.000 2.000
-10.000 7.800 0.200
-10.000 7.800 1.200
-10.000 7.800 2.000
-10.000 8.400 0.200
-10.000 8.400 1.200
-10.000 8.400 2.000
-10.000 9.200 0.200
-10.000 9.200 1.200
-10.000 9.200 2.000
-10.000 9.800 0.200
-10.000 9.800 1.200
-10.000 9.800 2.000
10.000 -8.600 0.200
10.000 -8.600 1.200
10.000 -8.600 2.000
-8.200 10.000 0.200
-8.200 10.000 1.200
-8.200 10.000 2.000
10.000 -6.600 0.200
10.000 -6.600 1.200
10.000 -6.600 2.000
10.000 -6.200 0.200
10.000 -6.200 1.200
10.000 -6.200 2.000
-5.800 10.000 0.200
-5.800 10.000 1.200
-5.800 10.000 2.000
-5.400 10.000 0.200
-5.400 10.000 1.200
-5.400 10.000 2.000
10.000 -5.200 0.200
10.000 -5.200 1.200
10.000 -5.200 2.000
10.000 -4.600 0.200
10.000 -4.600 1.200
10.000 -4.600 2.000
-4.200 10.000 0.200
-4.200 10.000 1.200
-4.200 10.000 2.000
10.000 -3.200 0.200
10.000 -3.200 1.200
10.000 -3.200 2.000
10.000 -2.000 0.200
-2.000 10.000 0.200
10.000 -2.000 1.200
-2.000 10.000 1.200
10.000 -2.000 2.000
-2.000 10.000 2.000
10.000 -1.800 0.200
10.000 -1.800 1.200
10.000 -1.800 2.000
10.000 -0.800 0.200
10.000 -0.800 1.200
10.000 -0.800 2.000
-0.400 10.000 0.200
-0.400 10.000 1.200
-0.400 10.000 2.000
10.000 1.000 0.200
10.000 1.000 1.200
10.000 1.000 2.000
2.200 10.000 0.200
2.200 10.000 1.200
2.200 10.000 2.000
10.000 2.800 0.200
2.800 10.000 0.200
10.000 2.800 1.200
2.800 10.000 1.200
10.000 2.800 2.000
2.800 10.000 2.000
3.600 10.000 0.200
3.600 10.000 1.200
3.600 10.000 2.000
4.000 10.000 0.200
4.000 10.000 1.200
4.000 10.000 2.000
10.000 7.000 0.200
7.000 10.000 0.200
10.000 7.000 1.200
7.000 10.000 1.200
10.000 7.000 2.000
7.000 10.000 2.000
10.000 7.600 0.200
10.000 7.600 1.200
10.000 7.600 2.000
10.000 8.000 0.200
10.000 8.000 1.200
10.000 8.000 2.000
10.000 8.200 0.200
8.200 10.000 0.200
10.000 8.200 1.200
8.200 10.000 1.200
10.000 8.200 2.000
8.200 10.000 2.000
10.000 8.600 0.200
10.000 8.600 1.200
10.000 8.600 2.000
10.000 9.000 0.200
10.000 9.000 1.200
10.000 9.000 2.000
10.000 9.200 0.200
10.000 9.200 1.200
10.000 9.200 2.000
10.000 9.600 0.200
10.000 9.600 1.200
10.000 9.600 2.000
6.100 -6.000 0.200
6.100 -6.000 0.800
6.100 -6.000 1.400
6.100 -6.000 2.000
2.250 -4.000 0.200
2.250 -4.000 0.500
2.250 -4.000 0.800
3.500 -2.000 0.200
4.000 -2.500 0.200
3.500 -2.000 0.500
4.000 -2.500 0.500
3.500 -2.000 0.800
4.000 -2.500 0.800
4.000 -2.000 0.200
4.000 -2.000 0.500
4.000 -2.000 0.800
-10.000 -10.000 0.200
-10.000 -10.000 1.200
-10.000 -10.000 2.000
-9.400 -10.000 0.200
-9.400 -10.000 1.200
-9.400 -10.000 2.000
-8.800 -10.000 0.200
-8.800 -10.000 1.200
-8.800 -10.000 2.000
-8.400 -10.000 0.200
-8.400 -10.000 1.200
-8.400 -10.000 2.000
-10.000 -8.000 0.200
-10.000 -8.000 1.200
-10.000 -8.000 2.000
-7.600 -10.000 0.200
-7.600 -10.000 1.200
-7.600 -10.000 2.000
-10.000 -7.400 0.200
-10.000 -7.400 1.200
-10.000 -7.400 2.000
-6.200 -10.000 0.200
-6.200 -10.000 1.200
-6.200 -10.000 2.000
-6.000 -10.000 0.200
-6.000 -10.000 1.200
-6.000 -10.000 2.000
-5.800 -10.000 0.200
-5.800 -10.000 1.200
-5.800 -10.000 2.000
-10.000 -5.400 0.200
-10.000 -5.400 1.200
-10.000 -5.400 2.000
-4.800 -10.000 0.200
-4.800 -10.000 1.200
-4.800 -10.000 2.000
-4.000 -10.000 0.200
-4.000 -10.000 1.200
-4.000 -10.000 2.000
-1.200 -10.000 0.200
-1.200 -10.000 1.200
-1.200 -10.000 2.000
-10.000 -1.000 0.200
-10.000 -1.000 1.200
-10.000 -1.000 2.000
-0.200 -10.000 0.200
-0.200 -10.000 1.200
-0.200 -10.000 2.000
-10.000 0.200 0.200
-10.000 0.200 1.200
-10.000 0.200 2.000
-10.000 1.000 0.200
-10.000 1.000 1.200
-10.000 1.000 2.000
1.200 -10.000 0.200
1.200 -10.000 1.200
1.200 -10.000 2.000
-10.000 1.400 0.200
-10.000 1.400 1.200
-10.000 1.400 2.000
-10.000 1.600 0.200
-10.000 1.600 1.200
-10.000 1.600 2.000
-10.000 2.000 0.200
-10.000 2.000 1.200
-10.000 2.000 2.000
3.000 -10.000 0.200
3.000 -10.000 1.200
3.000 -10.000 2.000
-10.000 5.200 0.200
-10.000 5.200 1.200
-10.000 5.200 2.000
5.400 -10.000 0.200
5.400 -10.000 1.200
5.400 -10.000 2.000
-10.000 6.400 0.200
-10.000 6.400 1.200
-10.000 6.400 2.000
-10.000 6.800 0.200
-10.000 6.800 1.200
-10.000 6.800 2.000
-10.000 7.200 0.200
-10.000 7.200 1.200
-10.000 7.200 2.000
7.600 -10.000 0.200
7.600 -10.000 1.200
7.600 -10.000 2.000
-10.000 9.000 0.200
-10.000 9.000 1.200
-10.000 9.000 2.000
-10.000 10.000 0.200
10.000 -10.000 0.200
-10.000 10.000 1.200
10.000 -10.000 1.200
-10.000 10.000 2.000
10.000 -10.000 2.000
10.000 -8.400 0.200
10.000 -8.400 1.200
10.000 -8.400 2.000
-8.000 10.000 0.200
-8.000 10.000 1.200
-8.000 10.000 2.000
10.000 -7.600 0.200
10.000 -7.600 1.200
10.000 -7.600 2.000
10.000 -7.400 0.200
-7.400 10.000 0.200
10.000 -7.400 1.200
-7.400 10.000 1.200
10.000 -7.400 2.000
-7.400 10.000 2.000
10.000 -6.800 0.200
10.000 -6.800 1.200
10.000 -6.800 2.000
10.000 -6.000 0.200
10.000 -6.000 1.200
10.000 -6.000 2.000
-5.800 10.000 0.200
-5.800 10.000 1.200
-5.800 10.000 2.000
10.000 -5.600 0.200
10.000 -5.600 1.200
10.000 -5.600 2.000
10.000 -5.400 0.200
10.000 -5.400 1.200
10.000 -5.400 2.000
-2.800 10.000 0.200
-2.800 10.000 1.200
-2.800 10.000 2.000
10.000 -2.600 0.200
-2.600 10.000 0.200
10.000 -2.600 1.200
-2.600 10.000 1.200
10.000 -2.600 2.000
-2.600 10.000 2.000
10.000 -2.400 0.200
10.000 -2.400 1.200
10.000 -2.400 2.000
-1.200 10.000 0.200
-1.200 10.000 1.200
-1.200 10.000 2.000
0.200 10.000 0.200
0.200 10.000 1.200
0.200 10.000 2.000
10.000 1.400 0.200
10.000 1.400 1.200
10.000 1.400 2.000
2.400 10.000 0.200
2.400 10.000 1.200
2.400 10.000 2.000
10.000 3.400 0.200
10.000 3.400 1.200
10.000 3.400 2.000
10.000 3.600 0.200
10.000 3.600 1.200
10.000 3.600 2.000
10.000 3.800 0.200
10.000 3.800 1.200
10.000 3.800 2.000
10.000 6.000 0.200
10.000 6.000 1.200
10.000 6.000 2.000
10.000 6.400 0.200
10.000 6.400 1.200
10.000 6.400 2.000
6.600 10.000 0.200
6.600 10.000 1.200
6.600 10.000 2.000
9.600 10.000 0.200
9.600 10.000 1.200
9.600 10.000 2.000
-5.900 -6.000 0.800
-5.912 -5.952 0.800
-6.042 -5.909 0.800
-6.094 -6.035 0.800
-5.900 6.000 0.800
-5.912 6.048 0.800
-6.042 6.091 0.800
-6.094 5.965 0.800
-5.972 5.904 0.800
6.100 -6.000 0.800
5.958 -5.909 0.800
5.906 -6.035 0.800
6.028 -6.096 0.800
6.100 6.000 0.800
6.088 6.048 0.800
5.958 6.091 0.800
5.906 5.965 0.800
-2.900 4.000 0.800
-2.912 4.048 0.800
-3.042 4.091 0.800
-3.094 3.965 0.800
-2.972 3.904 0.800
4.100 3.000 0.800
3.958 3.091 0.800
3.906 2.965 0.800
4.028 2.904 0.800
2.000 -4.000 0.800
2.000 -2.000 0.800
4.000 -4.000 0.800
2.250 -4.000 0.800
2.250 -2.000 0.800
2.000 -3.750 0.800
4.000 -3.750 0.800
2.500 -2.000 0.200
2.500 -2.000 0.500
2.500 -4.000 0.800
2.500 -2.000 0.800
2.000 -3.500 0.800
4.000 -3.500 0.800
2.750 -4.000 0.800
2.750 -2.000 0.800
2.000 -3.250 0.800
4.000 -3.250 0.800
3.000 -4.000 0.800
3.000 -2.000 0.800
2.000 -3.000 0.800
4.000 -3.000 0.800
3.250 -4.000 0.800
3.250 -2.000 0.800
2.000 -2.750 0.800
4.000 -2.750 0.800
3.500 -2.000 0.200
3.500 -2.000 0.500
3.500 -4.000 0.800
3.500 -2.000 0.800
2.000 -2.500 0.800
4.000 -2.500 0.800
3.750 -2.000 0.200
3.750 -2.000 0.500
3.750 -4.000 0.800
3.750 -2.000 0.800
2.000 -2.250 0.800
4.000 -2.250 0.800
4.000 -2.000 0.800
-9.600 -10.000 0.200
-9.600 -10.000 1.200
-9.600 -10.000 2.000
-9.200 -10.000 0.200
-9.200 -10.000 1.200
-9.200 -10.000 2.000
-10.000 -8.800 0.200
-10.000 -8.800 1.200
-10.000 -8.800 2.000
-8.600 -10.000 0.200
-8.600 -10.000 1.200
-8.600 -10.000 2.000
-10.000 -7.600 0.200
-10.000 -7.600 1.200
-10.000 -7.600 2.000
-7.200 -10.000 0.200
-7.200 -10.000 1.200
-7.200 -10.000 2.000
-7.000 -10.000 0.200
-7.000 -10.000 1.200
-7.000 -10.000 2.000
-10.000 -4.800 0.200
-10.000 -4.800 1.200
-10.000 -4.800 2.000
-4.400 -10.000 0.200
-4.400 -10.000 1.200
-4.400 -10.000 2.000
-4.200 -10.000 0.200
-4.200 -10.000 1.200
-4.200 -10.000 2.000
-3.800 -10.000 0.200
-3.800 -10.000 1.200
-3.800 -10.000 2.000
-10.000 -3.400 0.200
-10.000 -3.400 1.200
-10.000 -3.400 2.000
-10.000 -0.800 0.200
-10.000 -0.800 1.200
-10.000 -0.800 2.000
1.000 -10.000 0.200
1.000 -10.000 1.200
1.000 -10.000 2.000
-10.000 2.800 0.200
-10.000 2.800 1.200
-10.000 2.800 2.000
-10.000 4.000 0.200
-10.000 4.000 1.200
-10.000 4.000 2.000
4.200 -10.000 0.200
4.200 -10.000 1.200
4.200 -10.000 2.000
-10.000 4.600 0.200
-10.000 4.600 1.200
-10.000 4.600 2.000
-10.000 7.400 0.200
-10.000 7.400 1.200
-10.000 7.400 2.000
9.800 -10.000 0.200
9.800 -10.000 1.200
9.800 -10.000 2.000
10.000 -9.800 0.200
-9.800 10.000 0.200
10.000 -9.800 1.200
-9.800 10.000 1.200
10.000 -9.800 2.000
-9.800 10.000 2.000
10.000 -9.400 0.200
10.000 -9.400 1.200
10.000 -9.400 2.000
10.000 -8.200 0.200
10.000 -8.200 1.200
10.000 -8.200 2.000
10.000 -7.600 0.200
10.000 -7.600 1.200
10.000 -7.600 2.000
-7.000 10.000 0.200
-7.000 10.000 1.200
-7.000 10.000 2.000
10.000 -6.400 0.200
10.000 -6.400 1.200
10.000 -6.400 2.000
-6.000 10.000 0.200
-6.000 10.000 1.200
-6.000 10.000 2.000
10.000 -5.800 0.200
10.000 -5.800 1.200
10.000 -5.800 2.000
10.000 -5.400 0.200
10.000 -5.400 1.200
10.000 -5.400 2.000
10.000 -4.800 0.200
10.000 -4.800 1.200
10.000 -4.800 2.000
-2.000 10.000 0.200
-2.000 10.000 1.200
-2.000 10.000 2.000
10.000 -0.600 0.200
10.000 -0.600 1.200
10.000 -0.600 2.000
10.000 0.600 0.200
10.000 0.600 1.200
10.000 0.600 2.000
10.000 1.200 0.200
10.000 1.200 1.200
10.000 1.200 2.000
10.000 2.200 0.200
10.000 2.200 1.200
10.000 2.200 2.000
10.000 5.200 0.200
10.000 5.200 1.200
10.000 5.200 2.000
10.000 7.200 0.200
10.000 7.200 1.200
10.000 7.200 2.000
10.000 10.000 0.200
10.000 10.000 1.200
10.000 10.000 2.000
4.000 -3.500 0.200
4.000 -3.500 0.500
4.000 -3.500 0.800
3.000 -2.000 0.200
3.000 -2.000 0.500
3.000 -2.000 0.800
3.750 -2.000 0.800
-9.400 -10.000 0.200
-9.400 -10.000 1.200
-9.400 -10.000 2.000
-5.000 -10.000 0.200
-5.000 -10.000 1.200
-5.000 -10.000 2.000
-4.600 -10.000 0.200
-4.600 -10.000 1.200
-4.600 -10.000 2.000
-3.000 -10.000 0.200
-3.000 -10.000 1.200
-3.000 -10.000 2.000
-1.800 -10.000 0.200
-1.800 -10.000 1.200
-1.800 -10.000 2.000
0.200 -10.000 0.200
0.200 -10.000 1.200
0.200 -10.000 2.000
-10.000 4.200 0.200
-10.000 4.200 1.200
-10.000 4.200 2.000
-10.000 6.200 0.200
6.200 -10.000 0.200
-10.000 6.200 1.200
6.200 -10.000 1.200
-10.000 6.200 2.000
6.200 -10.000 2.000
6.400 -10.000 0.200
6.400 -10.000 1.200
6.400 -10.000 2.000
-10.000 7.800 0.200
-10.000 7.800 1.200
-10.000 7.800 2.000
-10.000 8.400 0.200
-10.000 8.400 1.200
-10.000 8.400 2.000
8.600 -10.000 0.200
8.600 -10.000 1.200
8.600 -10.000 2.000
9.400 -10.000 0.200
9.400 -10.000 1.200
9.400 -10.000 2.000
9.600 -10.000 0.200
9.600 -10.000 1.200
9.600 -10.000 2.000
10.000 -9.400 0.200
10.000 -9.400 1.200
10.000 -9.400 2.000
-9.200 10.000 0.200
-9.200 10.000 1.200
-9.200 10.000 2.000
-9.000 10.000 0.200
-9.000 10.000 1.200
-9.000 10.000 2.000
-8.400 10.000 0.200
-8.400 10.000 1.200
-8.400 10.000 2.000
10.000 -8.000 0.200
10.000 -8.000 1.200
10.000 -8.000 2.000
10.000 -7.200 0.200
10.000 -7.200 1.200
10.000 -7.200 2.000
10.000 -6.600 0.200
10.000 -6.600 1.200
10.000 -6.600 2.000
10.000 -5.200 0.200
10.000 -5.200 1.200
10.000 -5.200 2.000
10.000 -3.600 0.200
10.000 -3.600 1.200
10.000 -3.600 2.000
10.000 -3.400 0.200
10.000 -3.400 1.200
10.000 -3.400 2.000
-2.000 10.000 0.200
-2.000 10.000 1.200
-2.000 10.000 2.000
-1.000 10.000 0.200
-1.000 10.000 1.200
-1.000 10.000 2.000
1.000 10.000 0.200
1.000 10.000 1.200
1.000 10.000 2.000
1.200 10.000 0.200
1.200 10.000 1.200
1.200 10.000 2.000
1.800 10.000 0.200
1.800 10.000 1.200
1.800 10.000 2.000
3.400 10.000 0.200
3.400 10.000 1.200
3.400 10.000 2.000
4.600 10.000 0.200
4.600 10.000 1.200
4.600 10.000 2.000
5.200 10.000 0.200
5.200 10.000 1.200
5.200 10.000 2.000
5.600 10.000 0.200
5.600 10.000 1.200
5.600 10.000 2.000
10.000 6.600 0.200
6.600 10.000 0.200
10.000 6.600 1.200
6.600 10.000 1.200
10.000 6.600 2.000
6.600 10.000 2.000
6.800 10.000 0.200
6.800 10.000 1.200
6.800 10.000 2.000
10.000 9.000 0.200
9.000 10.000 0.200
10.000 9.000 1.200
9.000 10.000 1.200
10.000 9.000 2.000
9.000 10.000 2.000
9.400 10.000 0.200
9.400 10.000 1.200
9.400 10.000 2.000
2.000 -3.500 0.200
2.000 -3.500 0.500
2.000 -3.500 0.800
4.000 -3.000 0.200
4.000 -3.000 0.500
4.000 -3.000 0.800
4.000 -2.000 0.200
4.000 -2.000 0.500
4.000 -2.000 0.800
-7.400 -10.000 0.200
-7.400 -10.000 1.200
-7.400 -10.000 2.000
-10.000 -0.600 0.200
-0.600 -10.000 0.200
-10.000 -0.600 1.200
-0.600 -10.000 1.200
-10.000 -0.600 2.000
-0.600 -10.000 2.000
0.600 -10.000 0.200
0.600 -10.000 1.200
0.600 -10.000 2.000
0.800 -10.000 0.200
0.800 -10.000 1.200
0.800 -10.000 2.000
-10.000 1.200 0.200
-10.000 1.200 1.200
-10.000 1.200 2.000
1.600 -10.000 0.200
1.600 -10.000 1.200
1.600 -10.000 2.000
-10.000 2.800 0.200
-10.000 2.800 1.200
-10.000 2.800 2.000
3.800 -10.000 0.200
3.800 -10.000 1.200
3.800 -10.000 2.000
4.800 -10.000 0.200
4.800 -10.000 1.200
4.800 -10.000 2.000
10.000 -9.600 0.200
10.000 -9.600 1.200
10.000 -9.600 2.000
10.000 -8.800 0.200
10.000 -8.800 1.200
10.000 -8.800 2.000
-8.000 10.000 0.200
-8.000 10.000 1.200
-8.000 10.000 2.000
-6.200 10.000 0.200
-6.200 10.000 1.200
-6.200 10.000 2.000
-4.800 10.000 0.200
-4.800 10.000 1.200
-4.800 10.000 2.000
10.000 -4.200 0.200
10.000 -4.200 1.200
10.000 -4.200 2.000
10.000 -3.000 0.200
10.000 -3.000 1.200
10.000 -3.000 2.000
-0.800 10.000 0.200
-0.800 10.000 1.200
-0.800 10.000 2.000
10.000 -0.200 0.200
10.000 -0.200 1.200
10.000 -0.200 2.000
0.200 10.000 0.200
0.200 10.000 1.200
0.200 10.000 2.000
10.000 0.800 0.200
10.000 0.800 1.200
10.000 0.800 2.000
2.200 10.000 0.200
2.200 10.000 1.200
2.200 10.000 2.000
4.800 10.000 0.200
4.800 10.000 1.200
4.800 10.000 2.000
6.200 10.000 0.200
6.200 10.000 1.200
6.200 10.000 2.000
8.400 10.000 0.200
8.400 10.000 1.200
8.400 10.000 2.000
8.800 10.000 0.200
8.800 10.000 1.200
8.800 10.000 2.000
2.500 -2.000 0.800
-5.200 -10.000 0.200
-5.200 -10.000 1.200
-5.200 -10.000 2.000
-10.000 -3.400 0.200
-10.000 -3.400 1.200
-10.000 -3.400 2.000
-2.600 -10.000 0.200
-2.600 -10.000 1.200
-2.600 -10.000 2.000
-10.000 -2.400 0.200
-10.000 -2.400 1.200
-10.000 -2.400 2.000
-10.000 -1.200 0.200
-10.000 -1.200 1.200
-10.000 -1.200 2.000
1.000 -10.000 0.200
1.000 -10.000 1.200
1.000 -10.000 2.000
1.600 -10.000 0.200
1.600 -10.000 1.200
1.600 -10.000 2.000
2.200 -10.000 0.200
2.200 -10.000 1.200
2.200 -10.000 2.000
-10.000 3.000 0.200
-10.000 3.000 1.200
-10.000 3.000 2.000
-10.000 3.200 0.200
-10.000 3.200 1.200
-10.000 3.200 2.000
-10.000 3.600 0.200
-10.000 3.600 1.200
-10.000 3.600 2.000
5.000 -10.000 0.200
5.000 -10.000 1.200
5.000 -10.000 2.000
-10.000 5.400 0.200
-10.000 5.400 1.200
-10.000 5.400 2.000
10.000 -3.800 0.200
10.000 -3.800 1.200
10.000 -3.800 2.000
10.000 -1.400 0.200
10.000 -1.400 1.200
10.000 -1.400 2.000
10.000 -0.400 0.200
10.000 -0.400 1.200
10.000 -0.400 2.000
10.000 0.200 0.200
10.000 0.200 1.200
10.000 0.200 2.000
10.000 0.400 0.200
10.000 0.400 1.200
10.000 0.400 2.000
10.000 0.800 0.200
10.000 0.800 1.200
10.000 0.800 2.000
10.000 2.000 0.200
10.000 2.000 1.200
10.000 2.000 2.000
4.200 10.000 0.200
4.200 10.000 1.200
4.200 10.000 2.000
10.000 8.200 0.200
10.000 8.200 1.200
10.000 8.200 2.000
6.100 6.000 0.800
4.100 3.000 0.800
2.000 -4.000 0.800
2.000 -2.000 0.800
4.000 -4.000 0.800
2.250 -4.000 0.800
4.000 -3.750 0.800
2.500 -4.000 0.800
2.500 -2.000 0.800
2.000 -3.500 0.800
4.000 -3.500 0.800
2.750 -2.000 0.800
2.000 -3.250 0.800
3.000 -4.000 0.800
3.000 -2.000 0.800
2.000 -3.000 0.800
3.500 -4.000 0.800
3.500 -2.000 0.800
4.000 -2.500 0.800
3.750 -4.000 0.800
3.750 -2.000 0.800
4.000 -2.250 0.800
-7.400 -10.000 0.200
-7.400 -10.000 1.200
-7.400 -10.000 2.000
-10.000 -4.200 0.200
-10.000 -4.200 1.200
-10.000 -4.200 2.000
-1.000 -10.000 0.200
-1.000 -10.000 1.200
-1.000 -10.000 2.000
-10.000 0.800 0.200
-10.000 0.800 1.200
-10.000 0.800 2.000
-10.000 2.200 0.200
-10.000 2.200 1.200
-10.000 2.200 2.000
4.200 -10.000 0.200
4.200 -10.000 1.200
4.200 -10.000 2.000
-9.400 10.000 0.200
-9.400 10.000 1.200
-9.400 10.000 2.000
10.000 -2.800 0.200
10.000 -2.800 1.200
10.000 -2.800 2.000
0.800 10.000 0.200
0.800 10.000 1.200
0.800 10.000 2.000
10.000 1.000 0.200
10.000 1.000 1.200
10.000 1.000 2.000
-2.900 4.000 0.200
-2.900 4.000 0.800
-2.900 4.000 1.400
-2.900 4.000 2.000
-10.000 -9.000 0.200
-10.000 -9.000 1.200
-10.000 -9.000 2.000
-10.000 -4.600 0.200
-10.000 -4.600 1.200
-10.000 -4.600 2.000
-10.000 -3.000 0.200
-10.000 -3.000 1.200
-10.000 -3.000 2.000
-2.600 -10.000 0.200
-2.600 -10.000 1.200
-2.600 -10.000 2.000
-0.600 -10.000 0.200
-0.600 -10.000 1.200
-0.600 -10.000 2.000
0.200 -10.000 0.200
0.200 -10.000 1.200
0.200 -10.000 2.000
0.400 -10.000 0.200
0.400 -10.000 1.200
0.400 -10.000 2.000
2.200 -10.000 0.200
2.200 -10.000 1.200
2.200 -10.000 2.000
6.000 -10.000 0.200
6.000 -10.000 1.200
6.000 -10.000 2.000
-10.000 9.600 0.200
-10.000 9.600 1.200
-10.000 9.600 2.000
10.000 -3.200 0.200
10.000 -3.200 1.200
10.000 -3.200 2.000
-1.400 10.000 0.200
-1.400 10.000 1.200
-1.400 10.000 2.000
10.000 0.600 0.200
10.000 0.600 1.200
10.000 0.600 2.000
10.000 2.800 0.200
2.800 10.000 0.200
10.000 2.800 1.200
2.800 10.000 1.200
10.000 2.800 2.000
2.800 10.000 2.000
10.000 3.400 0.200
10.000 3.400 1.200
10.000 3.400 2.000
10.000 5.000 0.200
10.000 5.000 1.200
10.000 5.000 2.000
8.600 10.000 0.200
8.600 10.000 1.200
8.600 10.000 2.000
2.000 -3.500 0.200
2.000 -3.500 0.500
2.000 -3.500 0.800
3.500 -4.000 0.200
3.500 -4.000 0.500
3.500 -4.000 0.800
3.500 -2.000 0.800
-10.000 -7.200 0.200
-10.000 -7.200 1.200
-10.000 -7.200 2.000
-10.000 -2.400 0.200
-10.000 -2.400 1.200
-10.000 -2.400 2.000
-10.000 -1.600 0.200
-1.600 -10.000 0.200
-10.000 -1.600 1.200
-1.600 -10.000 1.200
-10.000 -1.600 2.000
-1.600 -10.000 2.000
0.800 -10.000 0.200
0.800 -10.000 1.200
0.800 -10.000 2.000
2.400 -10.000 0.200
2.400 -10.000 1.200
2.400 -10.000 2.000
-10.000 3.000 0.200
-10.000 3.000 1.200
-10.000 3.000 2.000
3.400 -10.000 0.200
3.400 -10.000 1.200
3.400 -10.000 2.000
-10.000 5.400 0.200
-10.000 5.400 1.200
-10.000 5.400 2.000
-0.600 10.000 0.200
-0.600 10.000 1.200
-0.600 10.000 2.000
-0.400 10.000 0.200
-0.400 10.000 1.200
-0.400 10.000 2.000
10.000 0.200 0.200
10.000 0.200 1.200
10.000 0.200 2.000
7.400 10.000 0.200
7.400 10.000 1.200
7.400 10.000 2.000
-5.200 -10.000 0.200
-5.200 -10.000 1.200
-5.200 -10.000 2.000
-10.000 -4.000 0.200
-10.000 -4.000 1.200
-10.000 -4.000 2.000
-10.000 -0.600 0.200
-10.000 -0.600 1.200
-10.000 -0.600 2.000
-10.000 0.600 0.200
-10.000 0.600 1.200
-10.000 0.600 2.000
-1.400 -10.000 0.200
-1.400 -10.000 1.200
-1.400 -10.000 2.000
-1.200 10.000 0.200
-1.200 10.000 1.200
-1.200 10.000 2.000
-0.600 10.000 0.200
-0.600 10.000 1.200
-0.600 10.000 2.000
-0.200 10.000 0.200
-0.200 10.000 1.200
-0.200 10.000 2.000
10.000 1.600 0.200
10.000 1.600 1.200
10.000 1.600 2.000
10.000 2.400 0.200
10.000 2.400 1.200
10.000 2.400 2.000
-5.900 -6.000 0.800
2.000 -4.000 0.800
2.500 -4.000 0.800
2.500 -2.000 0.800
2.000 -3.500 0.800
4.000 -3.250 0.800
3.000 -4.000 0.200
3.000 -4.000 0.500
3.000 -4.000 0.800
2.000 -3.000 0.800
4.000 -2.500 0.800
4.000 -2.000 0.800
-10.000 -2.600 0.200
-10.000 -2.600 1.200
-10.000 -2.600 2.000
-10.000 -2.000 0.200
-10.000 -2.000 1.200
-10.000 -2.000 2.000
0.400 -10.000 0.200
0.400 -10.000 1.200
0.400 -10.000 2.000
1.800 -10.000 0.200
1.800 -10.000 1.200
1.800 -10.000 2.000
3.600 -10.000 0.200
3.600 -10.000 1.200
3.600 -10.000 2.000
6.000 -10.000 0.200
6.000 -10.000 1.200
6.000 -10.000 2.000
-3.200 10.000 0.200
-3.200 10.000 1.200
-3.200 10.000 2.000
-2.400 10.000 0.200
-2.400 10.000 1.200
-2.400 10.000 2.000
10.000 -0.400 0.200
10.000 -0.400 1.200
10.000 -0.400 2.000
0.600 10.000 0.200
0.600 10.000 1.200
0.600 10.000 2.000
10.000 3.800 0.200
10.000 3.800 1.200
10.000 3.800 2.000
3.000 -4.000 0.800
-10.000 -6.400 0.200
-10.000 -6.400 1.200
-10.000 -6.400 2.000
-10.000 -5.200 0.200
-10.000 -5.200 1.200
-10.000 -5.200 2.000
-10.000 -2.200 0.200
-10.000 -2.200 1.200
-10.000 -2.200 2.000
2.000 -10.000 0.200
2.000 -10.000 1.200
2.000 -10.000 2.000
-10.000 4.800 0.200
-10.000 4.800 1.200
-10.000 4.800 2.000
5.800 -10.000 0.200
5.800 -10.000 1.200
5.800 -10.000 2.000
10.000 7.000 0.200
10.000 7.000 1.200
10.000 7.000 2.000
2.500 -4.000 0.200
2.500 -4.000 0.500
2.500 -4.000 0.800
-10.000 -1.000 0.200
-10.000 -1.000 1.200
-10.000 -1.000 2.000
2.400 -10.000 0.200
2.400 -10.000 1.200
2.400 -10.000 2.000
8.000 -10.000 0.200
8.000 -10.000 1.200
8.000 -10.000 2.000
8.800 -10.000 0.200
8.800 -10.000 1.200
8.800 -10.000 2.000
-3.000 10.000 0.200
-3.000 10.000 1.200
-3.000 10.000 2.000
-2.200 10.000 0.200
-2.200 10.000 1.200
-2.200 10.000 2.000
0.400 10.000 0.200
0.400 10.000 1.200
0.400 10.000 2.000
10.000 4.000 0.200
10.000 4.000 1.200
10.000 4.000 2.000
6.100 -6.000 0.800
2.000 -2.000 0.800
2.250 -2.000 0.800
2.500 -4.000 0.800
2.500 -2.000 0.800
2.750 -4.000 0.800
3.250 -4.000 0.800
3.500 -2.000 0.800
2.000 -2.500 0.800
-10.000 -5.000 0.200
-10.000 -5.000 1.200
-10.000 -5.000 2.000
3.200 -10.000 0.200
3.200 -10.000 1.200
3.200 -10.000 2.000
4.800 -10.000 0.200
4.800 -10.000 1.200
4.800 -10.000 2.000
7.000 -10.000 0.200
7.000 -10.000 1.200
7.000 -10.000 2.000
9.600 -10.000 0.200
9.600 -10.000 1.200
9.600 -10.000 2.000
10.000 5.000 0.200
10.000 5.000 1.200
10.000 5.000 2.000
3.000 -10.000 0.200
3.000 -10.000 1.200
3.000 -10.000 2.000
8.600 -10.000 0.200
8.600 -10.000 1.200
8.600 -10.000 2.000
-5.400 10.000 0.200
-5.400 10.000 1.200
-5.400 10.000 2.000
-2.400 10.000 0.200
-2.400 10.000 1.200
-2.400 10.000 2.000
10.000 5.800 0.200
10.000 5.800 1.200
10.000 5.800 2.000
4.000 -3.000 0.200
4.000 -3.000 0.500
4.000 -3.000 0.800
-4.200 10.000 0.200
-4.200 10.000 1.200
-4.200 10.000 2.000
-3.400 10.000 0.200
-3.400 10.000 1.200
-3.400 10.000 2.000
2.600 -10.000 0.200
2.600 -10.000 1.200
2.600 -10.000 2.000
4.000 -10.000 0.200
4.000 -10.000 1.200
4.000 -10.000 2.000
10.000 5.600 0.200
10.000 5.600 1.200
10.000 5.600 2.000
4.000 -4.000 0.800
2.000 -3.750 0.800
3.000 -4.000 0.800
3.000 -2.000 0.800
4.000 -3.000 0.800
3.250 -2.000 0.800
2.000 -2.750 0.800
4.000 -2.750 0.800
3.500 -4.000 0.800
2.000 -2.500 0.800
-10.000 -3.600 0.200
-10.000 -3.600 1.200
-10.000 -3.600 2.000
4.600 -10.000 0.200
4.600 -10.000 1.200
4.600 -10.000 2.000
7.200 -10.000 0.200
7.200 -10.000 1.200
7.200 -10.000 2.000
8.200 -10.000 0.200
8.200 -10.000 1.200
8.200 -10.000 2.000
-1.600 10.000 0.200
-1.600 10.000 1.200
-1.600 10.000 2.000
-10.000 -3.200 0.200
-10.000 -3.200 1.200
-10.000 -3.200 2.000
-9.600 10.000 0.200
-9.600 10.000 1.200
-9.600 10.000 2.000
-4.400 10.000 0.200
-4.400 10.000 1.200
-4.400 10.000 2.000
-1.000 10.000 0.200
-1.000 10.000 1.200
-1.000 10.000 2.000
10.000 4.000 0.200
10.000 4.000 1.200
10.000 4.000 2.000
10.000 7.400 0.200
10.000 7.400 1.200
10.000 7.400 2.000
-10.000 -9.200 0.200
-10.000 -9.200 1.200
-10.000 -9.200 2.000
-9.800 10.000 0.200
-9.800 10.000 1.200
-9.800 10.000 2.000
10.000 -7.000 0.200
10.000 -7.000 1.200
10.000 -7.000 2.000
10.000 4.400 0.200
10.000 4.400 1.200
10.000 4.400 2.000
10.000 6.000 0.200
10.000 6.000 1.200
10.000 6.000 2.000
10.000 8.800 0.200
10.000 8.800 1.200
10.000 8.800 2.000
10.000 3.000 0.200
10.000 3.000 1.200
10.000 3.000 2.000
10.000 4.800 0.200
10.000 4.800 1.200
10.000 4.800 2.000
-9.600 -10.000 0.200
-9.600 -10.000 1.200
-9.600 -10.000 2.000
1.400 -10.000 0.200
1.400 -10.000 1.200
1.400 -10.000 2.000
-7.200 10.000 0.200
-7.200 10.000 1.200
-7.200 10.000 2.000
-5.000 10.000 0.200
-5.000 10.000 1.200
-5.000 10.000 2.000
-3.800 10.000 0.200
-3.800 10.000 1.200
-3.800 10.000 2.000
-7.800 -10.000 0.200
-7.800 -10.000 1.200
-7.800 -10.000 2.000
8.800 10.000 0.200
8.800 10.000 1.200
8.800 10.000 2.000
10.000 -7.400 0.200
10.000 -7.400 1.200
10.000 -7.400 2.000
-4.000 10.000 0.200
-4.000 10.000 1.200
-4.000 10.000 2.000
10.000 6.200 0.200
10.000 6.200 1.200
10.000 6.200 2.000
-5.900 -6.000 0.200
-5.900 -6.000 0.800
-5.900 -6.000 1.400
-5.900 -6.000 2.000
5.600 -10.000 0.200
5.600 -10.000 1.200
5.600 -10.000 2.000
7.600 10.000 0.200
7.600 10.000 1.200
7.600 10.000 2.000
8.000 10.000 0.200
8.000 10.000 1.200
8.000 10.000 2.000
10.000 -7.000 0.200
10.000 -7.000 1.200
10.000 -7.000 2.000
-1.600 10.000 0.200
-1.600 10.000 1.200
-1.600 10.000 2.000
-10.000 -5.800 0.200
-10.000 -5.800 1.200
-10.000 -5.800 2.000
-5.900 6.000 0.800
-2.900 4.000 0.800
2.000 -3.500 0.800
4.000 -3.500 0.800
4.000 -3.000 0.800
3.500 -2.000 0.800
2.000 -2.250 0.800
6.100 6.000 0.800
4.000 -3.500 0.800
3.000 -2.000 0.800
4.000 -3.000 0.800
2.000 -2.500 0.800
10.000 9.800 0.200
10.000 9.800 1.200
10.000 9.800 2.000
2.000 -2.000 0.800
-5.900 -6.000 0.800
2.000 -4.000 0.800
4.000 -2.000 0.800
4.100 3.000 0.800
2.000 -3.000 0.800
4.000 -2.500 0.800
3.500 -4.000 0.800
4.000 -4.000 0.800
4.000 -2.000 0.800
