# .PCD v0.7 - map_manager
VERSION 0.7
FIELDS x y z
SIZE 4 4 4
TYPE F F F
COUNT 1 1 1
WIDTH 48855
HEIGHT 1
VIEWPOINT 0 0 0 1 0 0 0
POINTS 48855
DATA ascii
-2.010 -3.844 0.637
6.178 -1.246 2.210
0.579 -2.404 2.135
0.730 -2.337 2.135
-0.169 1.668 1.953
0.177 1.639 1.964
0.028 1.646 1.943
-1.584 0.943 1.963
-0.142 -2.016 2.130
-0.863 -1.685 2.130
0.087 -2.043 2.131
-0.769 -1.745 2.132
0.341 -2.002 2.132
-0.558 -1.876 2.132
1.627 -0.588 2.116
1.482 -1.000 2.121
1.527 -0.898 2.119
1.662 1.099 2.111
-1.555 1.269 2.266
-1.554 1.253 2.096
-0.496 1.693 1.807
-1.597 0.307 1.706
-1.706 -0.973 1.965
-1.655 -0.379 1.753
-1.345 -1.602 1.942
-1.199 -1.875 2.130
1.234 -2.989 2.159
-0.114 1.773 0.734
-1.410 1.776 0.949
-1.656 0.506 0.766
0.922 1.610 0.531
-0.364 1.799 0.513
-0.125 1.768 0.483
-0.225 1.769 0.504
0.422 1.666 0.281
0.868 -2.886 0.150
-0.666 -2.398 0.088
-1.670 0.581 0.309
0.294 1.662 0.277
-1.644 0.423 0.521
-1.643 0.445 0.461
-1.716 -8.555 2.243
1.304 -8.250 2.252
0.476 1.653 0.545
-1.344 -1.689 0.813
-0.752 -5.832 2.223
-1.689 0.158 1.064
-1.695 0.040 1.063
-1.665 0.558 1.047
-1.622 1.132 1.537
-1.508 -2.555 2.147
2.173 1.258 2.115
1.545 1.492 2.123
-1.517 1.735 2.280
-1.581 0.422 1.723
-1.681 -0.706 1.711
0.231 -2.123 2.128
0.476 -2.065 2.130
0.846 -1.861 2.122
1.210 -1.625 2.093
1.281 -1.582 2.104
1.304 -1.441 2.118
1.386 -1.350 2.118
1.988 -0.760 2.114
1.729 -1.406 2.121
2.039 -0.496 2.115
1.965 -1.209 2.122
0.865 1.569 2.102
0.560 1.604 1.798
0.612 1.593 2.013
0.492 1.608 1.986
-0.415 1.687 1.987
0.259 1.627 1.947
-0.719 1.691 2.121
-0.547 1.702 2.022
-0.686 1.713 2.067
-0.832 1.720 2.117
-1.639 -0.238 1.860
-1.647 -0.334 1.835
-1.519 -1.456 2.140
-1.756 -1.438 2.343
-0.415 -1.920 2.131
-0.312 -1.953 2.132
-0.624 -1.790 2.128
-0.065 -1.897 2.134
0.090 -1.879 2.127
-0.007 -1.889 2.128
0.281 -1.825 2.130
0.235 -1.914 2.129
1.593 -0.813 2.123
1.638 -0.709 2.123
2.018 -0.628 2.115
1.859 -0.573 2.112
1.913 -0.319 2.110
2.068 0.358 2.109
1.894 0.333 2.110
1.932 -0.059 2.108
1.822 0.587 2.111
2.113 0.123 2.114
1.850 0.907 2.110
1.711 0.826 2.109
1.570 1.049 2.111
1.402 1.251 2.117
1.305 1.339 2.114
1.068 1.397 2.115
0.639 1.597 2.090
0.144 1.638 1.942
0.751 1.560 2.115
-0.052 1.660 1.949
-0.269 1.674 2.062
-0.206 1.668 1.972
-0.371 1.679 2.031
-0.588 1.703 2.086
-1.507 1.417 2.333
-1.575 1.095 2.029
-1.061 1.512 2.118
-1.591 0.926 2.245
-1.585 0.955 2.098
-1.596 0.309 1.844
-1.603 0.808 1.922
-1.607 0.198 1.834
-1.627 0.560 1.951
-1.635 -0.204 1.711
-1.660 -0.352 1.900
-1.680 -0.631 1.847
-1.471 -1.071 2.138
-1.344 -1.406 2.130
-1.372 -1.503 2.079
-1.140 -1.379 2.129
-1.060 -1.588 2.130
-0.955 -1.649 2.128
-0.513 -1.871 2.128
-0.902 -1.775 2.126
-0.878 -1.583 2.127
-0.800 -1.835 2.125
-0.309 -1.905 2.136
-0.670 -1.861 2.129
-0.252 -1.894 2.130
-0.133 -1.902 2.130
0.208 -1.876 2.126
0.677 -1.852 2.127
0.389 -1.791 2.133
0.444 -1.853 2.129
2.205 -0.140 2.111
2.204 0.014 2.110
2.190 0.168 2.107
1.371 1.448 2.118
1.816 1.152 2.113
1.252 1.528 2.116
1.203 1.435 2.115
1.097 1.549 2.058
1.097 1.497 2.117
0.950 1.564 2.010
0.812 1.580 1.975
0.699 1.591 1.883
0.715 1.586 1.966
0.442 1.613 1.857
0.465 1.611 1.922
0.094 1.644 1.859
-0.041 1.652 1.914
-0.186 1.670 1.906
-0.627 1.678 2.122
-1.194 1.266 2.128
-1.600 0.820 2.024
-1.318 1.175 2.146
-1.603 0.202 1.807
-1.705 0.668 1.730
-1.616 0.051 1.660
-1.622 -0.061 1.662
-1.585 0.363 1.543
-1.596 0.313 1.824
-1.648 -0.324 1.691
-1.660 -0.472 1.621
-1.689 -0.830 1.766
-1.666 -0.563 1.914
-1.680 -0.662 1.823
-1.767 -1.263 2.238
-1.381 -1.492 2.123
0.343 -2.115 2.133
1.339 -1.567 2.114
1.443 -1.477 2.107
2.195 -0.386 2.122
2.427 -0.877 2.127
2.252 0.193 2.118
2.028 0.154 2.113
2.529 -0.537 2.123
2.223 0.493 2.114
1.075 1.552 1.801
-1.621 0.017 1.553
-1.746 -0.345 1.558
-1.887 -0.609 1.613
-1.615 1.131 1.473
-1.717 -0.074 1.055
-1.748 -0.310 1.048
-0.066 1.769 0.925
-1.723 -0.339 0.836
0.601 -5.785 2.223
0.376 1.674 0.612
-0.004 1.756 0.637
-1.766 -10.063 2.259
0.024 -9.073 2.239
-2.131 -5.008 1.349
5.389 -6.081 1.539
1.928 4.787 0.821
-0.160 1.777 0.386
-0.262 1.799 0.419
-1.608 -10.110 1.044
-3.258 0.636 0.032
0.918 -3.041 0.091
-0.038 -2.160 0.085
-1.757 1.809 0.217
0.073 1.750 0.338
-0.334 1.804 0.371
-0.569 1.831 0.362
-0.721 1.848 0.373
0.776 1.624 0.552
0.136 1.707 0.620
-0.017 1.751 0.566
0.328 1.674 0.488
-0.498 1.812 0.620
-1.354 -1.492 0.862
0.086 1.755 0.905
-0.046 1.765 0.831
-0.174 1.790 0.913
-0.310 1.804 0.921
-0.614 1.848 0.938
-1.655 0.503 0.966
2.307 1.437 1.806
-1.635 1.096 1.322
-1.660 0.478 1.127
-1.741 -0.358 1.247
1.414 -2.415 2.117
2.130 -1.857 2.124
2.567 0.350 2.119
2.572 0.986 2.117
-1.252 1.761 1.969
-1.634 0.515 1.554
-1.594 0.312 1.667
-1.607 0.164 1.665
-1.606 0.213 1.548
-1.620 0.100 1.544
-1.791 0.068 1.577
-1.629 -0.146 1.696
-1.637 -0.091 1.539
-1.644 -0.261 1.722
-1.648 -0.289 1.605
-1.891 -0.473 1.586
-1.673 -0.566 1.549
-1.693 -0.817 1.927
-1.686 -0.817 1.640
-1.706 -0.957 2.003
-1.705 -0.966 1.836
-1.757 -1.089 2.126
-1.324 -1.823 2.136
-0.715 -2.109 2.132
-0.640 -2.064 2.129
-0.394 -2.357 2.136
-0.419 -2.161 2.134
-0.308 -2.175 2.133
-0.225 -2.205 2.126
0.521 -2.221 2.137
0.387 -2.260 2.140
0.780 -2.125 2.136
1.123 -1.778 2.084
1.237 -1.953 2.097
1.484 -1.416 2.116
1.493 -1.783 2.090
1.574 -1.318 2.117
1.652 -1.530 2.122
1.632 -1.333 2.123
1.980 -0.478 2.110
2.162 -0.525 2.124
1.988 -0.424 2.110
1.842 -0.250 2.115
2.055 -0.232 2.114
1.849 -0.130 2.116
1.941 0.528 2.113
2.050 -0.103 2.110
1.895 0.647 2.110
1.680 1.277 2.112
1.842 0.110 2.117
1.570 1.267 2.113
1.466 1.368 2.117
2.059 1.099 2.112
0.948 1.565 1.907
0.983 1.559 2.112
0.846 1.575 2.064
0.682 1.585 1.821
0.588 1.599 1.940
0.445 1.621 1.775
0.330 1.619 1.847
0.238 1.631 1.842
-0.506 1.693 1.898
0.064 1.647 1.829
-0.792 1.712 2.102
-0.113 1.662 1.842
-0.952 1.583 2.122
-0.235 1.676 1.862
-1.066 1.697 2.130
-1.602 0.791 2.187
-1.658 -0.390 1.724
-1.615 0.618 1.983
-1.686 -0.818 1.779
-1.612 0.495 1.951
-1.632 0.557 1.862
-1.757 -1.103 2.047
-1.159 -1.517 2.128
-1.057 -1.676 2.126
-1.066 -1.808 2.125
-0.955 -1.743 2.128
-0.683 -1.693 2.127
-0.670 -1.801 2.131
-0.235 -1.969 2.132
0.377 -1.886 2.137
0.487 -1.848 2.137
-0.186 -1.906 2.136
0.526 -1.784 2.135
-0.090 -1.968 2.133
-0.021 -1.930 2.127
0.693 -1.749 2.129
0.029 -1.957 2.133
0.148 -1.940 2.134
0.359 -1.914 2.129
1.365 -1.392 2.123
1.450 -1.302 2.122
0.983 -1.765 2.115
1.214 -1.526 2.117
1.809 -1.137 2.118
1.825 -1.058 2.115
1.730 -0.894 2.124
1.956 -0.893 2.119
1.782 -0.781 2.122
1.827 -0.665 2.121
1.895 -0.422 2.118
2.085 -0.344 2.111
2.034 0.551 2.114
1.833 0.503 2.113
1.981 0.642 2.109
1.935 -0.171 2.117
1.740 0.737 2.111
1.941 0.084 2.116
2.095 0.267 2.113
1.771 1.031 2.113
0.385 1.621 1.952
0.425 1.615 2.022
0.520 1.604 2.042
0.227 1.631 1.911
0.271 1.627 1.976
0.515 1.606 1.902
0.129 1.642 1.986
-0.114 1.660 1.997
-0.034 1.650 1.975
-0.024 1.653 1.992
-0.196 1.666 1.985
-0.150 1.661 2.014
-0.501 1.697 2.091
-0.454 1.689 2.036
-0.389 1.677 2.109
-0.608 1.706 2.040
-0.759 1.556 2.120
-0.858 1.481 2.119
-1.583 0.922 1.947
-1.600 0.196 1.997
-1.596 0.736 2.032
-1.590 0.623 2.284
-1.613 0.092 1.999
-1.625 0.626 1.868
-1.586 0.388 1.888
-1.634 -0.128 1.844
-1.643 -0.311 1.726
-1.327 -0.922 2.133
-1.293 -1.264 2.129
-1.224 -1.133 2.128
-1.256 -1.442 2.130
-1.113 -1.636 2.132
-1.007 -1.701 2.128
-0.820 -1.532 2.133
-0.559 -1.770 2.126
-0.340 -1.840 2.127
-0.450 -1.808 2.126
-0.254 -1.844 2.130
-0.277 -1.864 2.127
0.419 -1.929 2.135
-0.112 -1.880 2.125
0.052 -1.878 2.131
0.638 -1.886 2.128
0.188 -1.860 2.130
0.736 -1.689 2.126
0.326 -1.869 2.127
0.298 -1.949 2.131
0.932 -1.693 2.121
1.399 -1.526 2.119
1.291 -1.268 2.124
1.058 -1.672 2.096
1.529 -1.428 2.112
1.137 -1.716 2.104
1.286 -1.060 2.123
1.430 -1.099 2.120
1.338 -0.973 2.121
1.229 -1.346 2.121
1.601 -1.108 2.122
1.909 -1.023 2.117
1.525 -0.517 2.118
1.748 -0.368 2.111
1.335 1.497 2.118
1.027 1.527 2.121
0.954 1.563 2.108
0.658 1.594 1.948
0.714 1.586 2.021
0.553 1.602 1.930
0.390 1.617 1.907
-0.655 1.623 2.120
0.345 1.619 1.910
-0.657 1.701 2.028
0.127 1.641 1.887
-0.771 1.638 2.124
0.045 1.654 1.905
0.078 1.642 1.886
-0.087 1.659 1.956
-0.930 1.451 2.121
-0.023 1.658 1.879
-0.287 1.673 2.000
-0.360 1.686 1.886
-0.570 1.699 2.071
-0.476 1.699 1.996
-1.598 0.157 1.770
-1.603 0.748 1.883
-1.662 0.616 1.787
-1.670 -0.555 2.151
-1.679 -0.675 2.205
-1.583 0.371 1.775
-1.695 -0.825 2.094
-1.669 -0.469 1.936
-1.748 -1.116 2.293
-1.494 -1.233 2.136
-1.434 -1.364 2.134
-1.347 -1.451 2.132
1.455 1.483 2.113
0.639 -2.142 2.134
0.767 -1.963 2.129
1.220 1.542 1.968
-1.162 -1.536 2.128
1.965 0.903 2.113
1.848 0.765 2.112
1.092 1.549 1.961
1.728 -1.100 2.113
1.787 0.877 2.106
1.799 -0.986 2.117
0.150 1.718 1.685
0.192 -2.045 2.130
1.072 -1.611 2.103
1.712 -0.932 2.118
1.951 -0.012 2.107
1.728 0.990 2.109
-0.847 -1.800 2.126
1.909 -0.919 2.118
2.094 0.212 2.108
1.139 -1.560 2.111
1.668 1.159 2.111
1.345 -1.731 2.092
1.640 1.382 2.117
0.445 -1.964 2.131
1.244 -1.492 2.119
1.894 0.260 2.113
1.582 1.253 2.111
1.490 -1.667 2.120
2.167 -0.653 2.121
1.523 1.509 1.990
-0.584 -1.930 2.131
0.541 -1.927 2.128
-0.487 -2.015 2.125
1.900 0.383 2.107
-0.902 1.727 1.813
1.236 1.540 1.865
-0.586 1.701 1.847
-0.623 1.704 1.817
-1.490 1.779 1.981
-0.767 1.719 1.867
-1.520 1.652 2.174
-1.547 1.424 1.888
-1.638 1.093 1.714
-1.657 1.065 1.903
-1.588 0.373 1.606
-1.770 0.300 1.600
-1.612 0.251 1.543
-1.604 0.192 1.690
-1.602 0.149 1.572
-1.613 0.079 1.684
-1.642 -0.206 1.551
-1.669 -0.513 1.766
-1.677 -0.674 1.739
-1.779 -1.385 2.104
-1.344 -1.595 1.854
-0.521 -2.483 2.134
0.260 -2.506 2.134
0.348 2.940 2.142
-1.735 -0.333 1.172
-1.646 0.516 1.277
-1.109 2.871 2.172
-1.583 1.167 1.417
2.031 -2.587 2.138
3.439 -0.487 2.149
3.388 1.342 1.946
-0.019 1.770 1.025
-0.256 1.797 1.091
-0.223 1.788 1.015
-0.358 1.808 1.032
-0.348 1.822 0.980
-0.540 1.826 1.148
-0.498 1.826 1.052
-0.645 1.844 1.077
-1.600 1.135 1.163
-1.620 1.098 1.098
-1.740 -0.356 0.963
-1.743 -1.139 0.989
-1.369 -1.483 0.931
-1.328 -1.526 0.986
4.370 0.901 1.780
-0.250 1.790 0.750
-0.411 1.813 0.681
-0.536 1.829 0.793
-0.692 1.850 0.822
-0.721 1.863 0.731
-1.439 2.315 0.966
-1.306 1.762 0.689
-1.625 1.116 0.761
-1.686 0.190 0.700
-1.677 0.102 0.708
-1.704 -0.090 0.720
-1.433 -1.483 0.670
0.014 -7.692 2.245
0.709 -8.180 2.239
1.195 -9.655 2.252
0.072 1.760 0.411
-0.060 1.769 0.419
-0.334 1.795 0.444
-0.631 1.831 0.480
-1.516 1.780 0.594
-1.486 1.780 0.387
-1.774 1.810 0.559
-1.623 1.094 0.570
-2.061 -4.058 0.770
2.006 1.680 0.227
0.150 1.687 0.248
-1.945 -3.161 0.273
-1.312 -2.731 0.184
0.656 3.293 0.002
-0.282 1.833 0.008
-0.547 -2.431 0.056
-1.637 0.577 0.020
-1.688 0.372 0.013
-0.034 1.761 -0.001
0.326 1.664 0.139
0.118 1.734 0.108
3.209 1.359 0.128
2.300 1.431 0.387
3.809 1.310 0.128
-0.133 1.754 0.229
0.342 1.643 0.241
-0.216 1.792 0.275
-0.398 1.808 0.316
-1.326 1.759 0.350
-1.620 1.776 0.331
0.402 1.669 0.500
0.029 1.757 0.433
0.155 1.697 0.495
0.642 1.641 0.544
-0.754 1.758 0.485
-0.785 1.770 0.526
-0.256 1.766 0.486
-0.434 1.794 0.479
-0.958 1.792 0.543
-0.541 1.815 0.509
-1.510 1.781 0.660
-1.767 1.800 0.627
-1.662 0.732 0.484
-1.656 0.441 0.494
-1.673 0.309 0.526
-1.702 0.196 0.533
5.345 -3.586 2.212
5.572 -3.611 2.225
2.065 2.260 0.976
-0.015 1.767 0.695
0.078 1.750 0.777
-0.046 1.766 0.780
-0.291 1.798 0.729
-0.402 1.814 0.783
-0.308 1.801 0.798
-1.717 1.808 1.025
-1.670 0.564 0.734
-1.688 -0.013 0.840
-1.714 -0.221 0.820
-1.732 -0.347 0.889
-1.748 -1.145 0.934
-1.349 -1.735 1.040
2.039 -3.958 2.189
2.917 -3.183 2.174
0.143 1.782 1.058
0.041 1.765 1.083
3.704 -2.304 2.168
3.731 0.041 2.149
3.751 -1.747 2.160
-1.417 1.768 1.384
2.008 1.725 1.483
-1.748 -1.168 1.235
-1.357 -1.750 1.607
1.585 -2.748 2.142
2.123 -2.141 2.129
2.223 1.447 2.066
2.425 0.770 2.110
1.725 1.493 1.819
2.368 1.038 2.115
2.448 1.179 2.108
1.881 2.461 2.148
-0.185 2.774 2.157
0.591 2.533 2.151
-0.776 2.596 2.163
-1.649 1.008 1.745
-1.577 0.287 1.569
-1.750 0.406 1.608
-1.647 -0.362 1.583
-1.670 -0.436 1.643
-1.780 0.133 1.599
-1.675 -0.558 1.679
-1.905 -0.526 1.574
-1.624 -0.092 1.556
-1.799 -0.077 1.596
-1.632 -0.176 1.583
-1.747 -1.080 1.767
-1.744 -1.078 1.653
-1.622 -1.479 1.940
-1.569 -1.485 1.710
-0.654 -2.477 2.139
0.715 -2.294 2.131
0.871 -2.257 2.129
1.726 -1.465 2.121
1.968 -1.614 2.125
1.903 -1.194 2.117
1.963 -0.802 2.116
1.926 0.251 2.107
1.986 0.689 2.111
1.936 0.826 2.117
1.710 0.967 2.104
1.823 1.392 2.109
0.603 1.591 1.826
0.480 1.604 1.796
0.351 1.665 1.684
1.131 1.554 1.855
0.076 1.639 1.694
0.170 1.640 1.769
1.003 1.558 1.984
0.827 1.580 1.847
0.836 1.580 1.939
-0.357 1.680 1.793
-0.450 1.689 1.793
-1.538 1.448 2.066
-0.762 1.716 1.926
-0.614 1.706 1.882
-1.539 1.290 1.958
-1.578 1.027 1.963
-0.882 1.725 1.991
-1.589 0.881 1.915
-1.232 1.515 2.126
-1.648 0.527 1.981
-1.585 0.426 1.844
-1.600 0.229 1.638
-1.613 0.054 1.786
-1.671 -0.485 1.941
-1.610 0.041 1.567
-1.666 -0.521 1.659
-1.617 -0.049 1.795
-1.620 -0.068 1.570
-1.767 -1.059 2.241
-1.756 -1.117 2.100
-1.279 -1.580 2.132
-1.354 -1.729 2.100
-1.445 -1.314 2.132
-0.898 -1.763 2.129
-0.831 -1.863 2.131
-0.808 -1.679 2.131
-0.743 -1.779 2.130
-0.747 -1.904 2.129
-0.379 -2.051 2.130
-0.460 -1.955 2.134
-0.212 -1.969 2.131
-0.019 -2.027 2.132
-0.067 -1.978 2.134
0.055 -1.978 2.135
0.210 -2.008 2.131
0.319 -2.005 2.126
0.485 -1.905 2.129
0.564 -1.912 2.130
0.594 -1.828 2.127
0.654 -1.860 2.134
0.765 -1.807 2.126
0.606 -1.950 2.126
1.437 -1.597 2.112
0.856 -1.763 2.122
1.419 -1.105 2.120
1.556 -1.508 2.116
0.973 -1.826 2.116
1.665 -1.405 2.117
1.767 -1.294 2.117
1.224 -1.710 2.086
2.070 -0.790 2.124
1.854 -1.150 2.114
2.013 -0.917 2.123
2.093 0.555 2.105
2.216 -0.217 2.114
2.217 -0.072 2.115
2.024 -0.015 2.105
1.668 0.742 2.113
1.900 1.016 2.111
1.625 0.859 2.114
1.792 1.079 2.113
1.709 1.197 2.113
1.487 1.226 2.111
1.326 1.143 2.113
1.176 1.370 2.116
1.208 1.543 2.070
1.191 1.508 2.115
1.062 1.554 1.992
0.940 1.425 2.110
0.290 1.628 1.931
0.771 1.587 2.011
0.597 1.600 1.917
0.081 1.643 1.952
0.723 1.587 2.107
-0.328 1.679 2.001
-0.597 1.655 2.124
0.475 1.613 1.925
-0.544 1.684 2.119
0.562 1.598 1.995
-0.007 1.653 1.934
-0.247 1.670 1.988
-0.749 1.718 2.099
-0.913 1.484 2.120
-0.892 1.599 2.117
-1.493 1.569 2.285
-1.251 0.999 2.129
-1.538 1.411 2.209
-1.567 1.056 2.021
-1.593 0.266 1.697
-1.605 0.152 1.688
-1.616 0.074 1.834
-1.620 0.007 1.701
-1.627 -0.117 1.681
-1.674 -0.575 1.837
-1.633 -0.132 2.043
-1.691 -0.695 1.895
-1.654 -0.382 1.972
-1.700 -0.954 2.161
-1.663 -0.461 1.790
-1.291 -1.558 2.129
-1.419 -0.799 2.129
-1.370 -0.836 2.134
-1.111 -1.245 2.130
-1.419 -1.321 2.130
-0.865 -1.622 2.128
-1.316 -1.378 2.132
-0.774 -1.637 2.129
-0.211 -1.865 2.128
-0.665 -1.709 2.126
-0.160 -1.874 2.127
-0.123 -1.864 2.127
0.167 -1.856 2.131
0.229 -1.831 2.133
0.791 -1.869 2.123
1.390 -1.508 2.116
1.329 -1.325 2.121
0.963 -1.806 2.122
1.379 -1.174 2.121
1.062 -1.721 2.093
2.036 -0.590 2.117
1.692 -1.013 2.114
1.911 -0.365 2.115
1.750 -0.294 2.117
1.485 -0.667 2.117
1.942 -0.275 2.109
1.864 -0.613 2.116
1.686 -0.570 2.120
1.793 0.043 2.128
2.121 0.297 2.107
1.582 0.702 2.112
1.533 0.801 2.110
1.479 0.898 2.110
1.549 1.092 2.107
1.444 0.975 2.117
1.341 0.884 2.110
1.445 1.198 2.114
1.358 1.086 2.111
1.322 1.022 2.111
1.366 1.303 2.113
1.290 1.178 2.116
0.360 1.618 2.007
0.737 1.586 2.057
-0.632 1.558 2.117
-0.729 1.495 2.116
-0.265 1.677 1.937
-0.926 1.720 2.080
-0.346 1.682 1.952
-0.998 1.528 2.119
-1.045 1.413 2.117
-1.206 1.603 2.128
-1.571 1.132 2.054
-1.540 1.327 2.278
-1.602 0.742 2.008
-1.588 0.551 2.302
-1.601 0.203 1.660
-1.602 0.179 1.968
-1.611 0.119 1.635
-1.582 0.411 2.022
-1.610 0.080 1.959
-1.622 0.010 1.640
-1.599 0.277 1.957
-1.620 -0.020 1.958
-1.626 -0.119 1.959
-1.626 -0.225 1.794
-1.634 -0.251 1.964
-1.666 -0.442 1.732
-1.662 -0.465 2.050
-1.682 -0.666 1.950
-1.691 -0.792 1.991
-1.704 -0.883 2.091
-1.216 -1.345 2.127
-1.157 -1.606 2.126
-1.364 -1.138 2.136
-1.252 -1.529 2.127
-0.349 -1.932 2.127
-0.266 -1.998 2.130
-0.886 -1.626 2.133
-0.118 -1.995 2.130
-0.671 -1.936 2.126
-0.219 -2.012 2.131
-0.683 -1.849 2.132
-0.622 -1.901 2.127
0.003 -2.014 2.129
0.101 -1.939 2.128
-0.043 -2.052 2.131
-0.507 -1.943 2.131
0.139 -2.021 2.135
0.058 -2.068 2.126
0.232 -2.018 2.128
0.474 -1.915 2.131
0.379 -2.025 2.127
0.652 -1.784 2.127
0.563 -1.827 2.129
0.642 -2.033 2.126
0.584 -1.925 2.129
0.761 -1.739 2.129
0.891 -1.995 2.128
0.934 -1.576 2.126
1.065 -1.820 2.115
1.068 -1.549 2.112
1.545 -1.225 2.114
1.127 -1.608 2.096
1.342 -1.710 2.149
1.306 -1.290 2.121
1.741 -0.434 2.113
1.997 0.813 2.108
1.787 -0.091 2.123
1.726 0.577 2.111
1.939 0.938 2.111
1.848 -0.011 2.114
1.787 0.780 2.109
1.966 0.133 2.110
1.870 1.035 2.110
1.647 0.942 2.113
1.675 1.181 2.108
1.888 0.529 2.111
1.304 1.537 2.073
0.942 1.565 1.816
0.794 1.580 1.799
0.154 1.614 1.709
0.193 1.647 1.708
-0.038 1.626 1.681
0.307 1.621 1.700
0.182 1.641 1.735
-0.618 1.705 1.966
-0.728 1.712 2.069
-0.880 1.685 2.123
-1.048 1.740 2.086
-1.047 1.737 1.991
-1.068 1.742 1.881
-1.222 1.755 2.088
-1.663 0.965 1.729
-1.598 0.880 2.056
-1.595 0.828 1.900
-1.522 1.674 2.276
-1.521 1.609 1.995
-1.489 1.477 2.334
-1.711 0.616 1.717
-1.603 0.503 1.741
-1.595 0.244 1.794
-1.610 0.093 1.797
-1.693 -0.759 1.967
-1.759 -1.137 1.827
-1.633 -0.150 1.534
-1.694 -0.906 1.977
-1.811 -0.204 1.612
-1.747 -1.038 1.969
-1.632 -0.155 1.667
-1.632 -0.254 1.549
-1.641 -0.309 1.823
-1.654 -0.421 1.853
-1.463 -1.498 1.877
-1.453 -1.499 1.969
-1.670 -0.504 1.853
-1.679 -0.731 1.707
-1.341 -1.574 1.938
-1.681 -0.726 1.779
-1.362 -1.822 2.102
-1.031 -2.144 2.135
-1.159 -2.008 2.128
-0.891 -2.196 2.134
-0.994 -2.109 2.133
-0.749 -2.242 2.137
-0.479 -2.333 2.131
-0.623 -2.299 2.132
0.241 -2.407 2.134
-0.332 -2.365 2.135
0.291 -2.466 2.135
0.544 -2.335 2.133
1.092 -2.380 2.110
1.440 -1.723 2.120
2.798 -0.579 2.127
2.205 -0.556 2.116
2.840 -0.385 2.128
2.865 -0.188 2.128
2.298 -0.170 2.116
2.298 -0.008 2.113
2.812 0.578 2.121
2.144 1.078 2.115
2.321 0.463 2.108
2.240 0.667 2.109
0.592 2.628 2.147
0.103 2.633 2.151
-1.093 1.747 1.795
-2.036 1.830 2.036
-1.600 1.150 1.655
-1.808 -1.427 1.612
-1.929 -0.924 1.628
-1.753 -1.119 1.464
-1.535 -1.494 1.536
-1.343 -1.505 1.434
-1.335 -1.519 1.477
-1.541 -2.584 2.150
-1.228 -2.862 2.149
-0.875 -3.010 2.154
1.960 -2.293 2.134
3.004 -0.726 2.126
3.026 -0.527 2.128
3.343 -0.287 2.134
3.117 -0.346 2.130
2.040 2.052 1.739
1.148 3.586 2.164
-0.026 1.768 1.139
-0.419 1.816 1.131
-0.394 1.810 1.115
-1.327 1.761 1.338
-1.682 0.277 1.068
-1.685 -0.135 0.759
0.017 1.764 0.725
0.049 1.759 0.754
-0.204 1.788 0.873
-0.145 1.777 0.805
-1.704 -0.102 1.103
-0.164 1.782 0.752
-1.794 -1.425 0.833
-1.583 -1.466 0.748
-1.799 -0.967 1.173
-1.747 -1.038 1.079
-1.552 1.789 0.989
-1.556 -1.469 0.806
-1.633 0.512 1.070
-1.743 -1.069 1.127
-1.715 -1.447 0.864
-0.446 1.822 0.870
-1.738 -0.317 1.105
-1.418 -1.488 0.759
-0.388 1.800 0.766
-0.592 1.843 0.891
-0.594 1.838 0.829
-1.350 -1.495 0.772
-1.770 -1.246 1.182
-1.811 -1.456 1.257
-1.339 -1.651 0.796
-1.623 -1.465 1.153
-1.663 1.076 0.909
-1.370 -1.950 0.829
-1.682 0.029 0.712
-1.700 -0.025 0.666
0.032 1.761 0.803
-1.407 -1.487 1.112
-1.707 -0.107 0.654
-1.338 -1.578 1.097
-1.688 0.021 0.755
-1.787 -1.012 0.824
0.493 -6.723 2.218
0.360 -7.494 2.237
1.227 1.587 0.563
0.649 1.627 0.509
0.499 1.652 0.517
0.244 1.681 0.520
0.277 1.676 0.495
0.370 1.665 0.453
0.005 1.751 0.477
0.033 1.740 0.500
-0.649 1.806 0.525
0.103 1.752 0.444
-0.144 1.761 0.572
-0.671 1.855 0.455
-0.799 1.765 0.578
-0.027 1.770 0.451
-0.195 1.782 0.430
-0.939 1.795 0.493
-0.519 1.792 0.563
-1.298 1.772 0.578
-1.648 1.087 0.623
-1.641 1.040 0.511
-1.511 1.784 0.531
-1.649 1.038 0.454
-1.753 1.810 0.770
-1.627 0.914 0.386
-1.736 1.801 0.478
-1.652 0.688 0.534
-1.661 0.311 0.483
-1.660 0.186 0.478
-1.736 -0.368 0.453
0.146 1.700 0.322
-0.544 1.829 0.321
-1.342 1.762 0.411
-1.655 0.509 0.363
-1.686 0.272 0.356
-1.635 0.750 0.362
0.242 1.688 0.113
0.926 3.302 0.054
-1.712 -2.642 0.064
-0.291 -2.224 0.113
-0.161 -2.204 0.088
0.002 -2.134 0.124
0.935 -2.713 0.145
0.096 1.732 0.006
-1.639 0.655 -0.004
-3.243 0.671 0.007
-1.601 0.736 -0.013
-0.709 -2.399 0.057
-0.603 -2.401 0.120
-0.010 1.766 0.104
-1.445 -1.484 0.242
0.236 1.666 0.089
1.017 -2.411 0.213
4.183 1.273 0.462
0.377 1.657 0.210
0.289 1.671 0.196
0.125 1.707 0.218
0.039 1.761 0.199
-1.337 1.765 0.235
-0.106 1.782 0.256
-1.593 1.793 0.322
-0.270 1.791 0.236
-0.380 1.811 0.261
2.615 -10.580 1.416
12.141 1.741 2.333
1.586 1.558 0.545
0.377 1.664 0.464
0.245 1.676 0.454
0.131 1.719 0.470
-0.001 1.751 0.470
-0.201 1.780 0.419
-0.369 1.801 0.392
-0.232 1.794 0.437
-0.481 1.825 0.387
-0.402 1.814 0.426
-0.507 1.819 0.522
-0.717 1.775 0.501
-0.971 1.788 0.468
-1.643 1.080 0.570
-1.640 0.948 0.488
-1.635 0.796 0.483
-1.700 -0.056 0.404
5.670 -3.434 1.905
0.906 1.609 0.580
-0.233 1.790 0.684
0.059 1.760 0.693
-1.600 1.135 0.816
-1.694 0.122 0.799
-1.708 -0.238 0.687
-1.700 -0.030 0.785
-1.698 -0.001 0.676
-1.709 0.014 0.656
-1.692 -0.095 0.759
-1.733 -0.486 0.717
-1.782 -1.033 0.914
-1.746 -1.092 0.788
-1.389 -1.487 0.863
4.213 -0.577 2.057
4.232 -0.283 2.057
4.257 -0.083 1.825
4.286 0.218 1.833
2.031 1.457 1.166
-0.112 1.778 1.040
-1.718 0.085 1.043
-1.720 -0.169 1.097
-1.758 -1.176 1.352
-1.368 -1.916 1.564
-1.789 -1.342 1.390
-1.806 -1.471 1.296
-1.716 -1.463 1.392
-1.673 0.380 1.078
-1.667 0.453 1.061
-1.846 1.791 1.482
-1.672 0.476 0.985
-1.688 0.329 1.052
-1.338 -1.496 1.230
-1.700 0.206 1.043
1.855 -2.712 2.143
2.919 0.009 2.130
3.122 0.082 2.131
2.875 0.210 2.131
2.617 1.402 2.102
3.269 -0.752 2.134
1.096 2.722 2.143
-1.369 1.762 1.687
-0.983 2.770 2.164
0.128 2.945 2.155
-1.598 1.228 1.628
-1.640 1.085 1.592
-2.682 0.794 2.132
-1.736 -0.311 1.578
-1.787 -1.423 2.011
-1.029 -2.215 2.126
-1.673 -0.421 1.546
-0.973 -2.599 2.138
0.401 -2.548 2.142
-1.749 -0.371 1.322
-1.910 -0.534 1.666
-0.686 -2.454 2.134
-1.392 -1.503 1.562
0.681 -2.474 2.138
-0.433 -2.582 2.139
-1.354 -1.705 1.579
0.938 -2.298 2.114
0.838 -2.406 2.143
-1.808 -0.939 1.481
-1.751 -1.072 1.858
1.049 -2.356 2.115
1.232 -2.100 2.107
0.092 -2.542 2.135
2.173 -0.447 2.117
2.279 -0.301 2.118
2.640 -0.397 2.130
2.013 0.602 2.112
2.135 -0.058 2.108
2.314 0.758 2.119
2.503 -0.097 2.124
1.974 0.741 2.115
2.288 0.154 2.113
1.924 0.866 2.110
1.844 0.992 2.106
1.950 1.127 2.115
1.661 1.495 2.109
1.523 1.420 2.118
1.129 1.553 1.937
0.989 1.562 1.794
0.765 1.580 1.798
-1.542 1.436 2.194
-1.588 0.357 1.719
-1.583 0.408 1.578
0.427 2.328 2.134
-1.771 0.365 1.637
-1.614 0.089 1.827
-1.624 -0.020 1.832
-1.578 1.006 1.945
-1.619 0.040 1.689
0.088 2.342 2.138
-0.713 1.708 1.787
-1.626 -0.115 1.839
-1.624 -0.097 1.699
-1.189 1.693 2.131
-0.023 1.700 1.715
-1.621 0.669 1.942
0.047 1.688 1.705
-1.652 0.787 1.804
-0.106 1.704 1.704
-1.677 0.647 1.895
-1.662 -0.385 1.816
-1.689 -0.631 1.914
-1.701 -0.924 2.045
-1.379 -1.451 2.131
-1.227 -1.417 2.133
-1.759 -1.117 1.996
-1.212 -1.476 2.133
-1.256 -1.599 2.129
-1.099 -1.545 2.130
-1.783 -1.456 2.236
-1.382 -1.240 2.137
-0.912 -1.943 2.127
-0.850 -2.070 2.132
-0.810 -1.769 2.134
-0.774 -2.004 2.128
-0.723 -1.785 2.125
-0.536 -2.127 2.132
-0.482 -1.907 2.131
-0.304 -2.042 2.129
0.532 -1.977 2.127
-0.076 -2.094 2.133
-0.173 -2.049 2.128
0.602 -2.009 2.129
0.723 -1.944 2.127
0.737 -1.857 2.126
0.140 -2.115 2.130
0.800 -1.914 2.115
0.395 -2.070 2.135
0.981 -1.694 2.124
2.096 -0.795 2.119
1.407 -1.236 2.120
1.497 -1.478 2.117
1.613 -1.572 2.122
1.556 -1.392 2.118
1.526 -1.206 2.119
1.803 0.462 2.117
1.486 -1.073 2.118
1.746 0.545 2.105
1.541 -0.972 2.114
1.798 -1.340 2.118
1.668 -1.004 2.123
1.600 -0.873 2.120
1.847 0.793 2.110
2.074 0.012 2.118
1.644 -0.766 2.117
1.972 -1.092 2.120
1.423 1.400 2.112
1.844 0.217 2.115
2.040 -0.933 2.118
1.709 1.035 2.109
1.411 0.915 2.110
1.357 1.018 2.114
1.039 1.560 1.949
1.060 1.554 2.059
1.511 1.306 2.115
0.916 1.569 1.981
0.904 1.571 2.077
0.731 1.584 1.871
0.771 1.583 1.948
0.818 1.578 2.063
0.664 1.593 2.005
0.546 1.605 2.063
-0.739 1.621 2.121
-0.724 1.653 2.119
-0.104 1.662 1.904
-0.846 1.558 2.120
-0.954 1.546 2.119
-0.290 1.679 1.967
-1.047 1.361 2.117
-0.246 1.674 1.929
-0.522 1.697 2.034
-1.543 1.327 2.128
-1.036 1.628 2.126
-1.114 1.304 2.121
-1.563 1.128 2.210
-1.159 1.510 2.120
-1.255 1.418 2.119
-1.594 0.835 2.200
-1.606 0.188 2.203
-1.599 0.240 1.982
-1.606 0.708 2.150
-1.614 0.586 2.105
-1.615 -0.012 2.206
-1.617 -0.013 2.000
-1.621 -0.016 1.802
-1.588 0.394 2.215
-1.626 -0.116 2.013
-1.578 0.430 1.744
-1.632 -0.119 1.787
-1.601 0.291 2.209
-1.593 0.364 1.866
-1.626 -0.175 1.980
-1.630 -0.216 1.842
-1.648 -0.314 2.061
-1.649 -0.322 1.864
-1.660 -0.424 2.097
-1.662 -0.462 1.890
-1.666 -0.574 2.090
-1.689 -0.689 1.982
-1.679 -0.754 2.228
-1.717 -1.244 2.338
-1.281 -1.007 2.135
-1.409 -1.098 2.142
-1.229 -1.088 2.134
-1.290 -1.220 2.128
-1.273 -1.325 2.132
-1.158 -1.354 2.128
-1.024 -1.415 2.129
-1.012 -1.633 2.131
-0.371 -1.876 2.126
-0.877 -1.554 2.129
-0.403 -1.820 2.128
-0.913 -1.703 2.130
-0.366 -1.817 2.131
-0.737 -1.855 2.128
-0.581 -1.739 2.127
-0.567 -1.849 2.128
-0.432 -1.891 2.129
-0.509 -1.821 2.126
-0.437 -1.856 2.129
0.340 -1.798 2.134
0.313 -1.884 2.131
0.393 -1.856 2.129
0.497 -1.782 2.135
0.598 -1.734 2.131
0.696 -1.682 2.131
0.865 -1.683 2.124
1.016 -1.670 2.105
0.976 -1.569 2.128
1.171 -1.652 2.094
1.322 -1.115 2.122
1.719 -1.222 2.120
1.594 -1.050 2.117
1.799 -1.106 2.118
1.872 -0.985 2.118
1.763 -0.849 2.114
1.937 -0.859 2.120
1.797 -0.732 2.113
1.662 -0.648 2.119
1.515 -0.572 2.118
1.705 -0.493 2.121
1.575 -0.445 2.116
1.891 -0.490 2.114
1.566 -0.326 2.117
2.100 -0.309 2.117
1.921 -0.239 2.112
1.769 -0.203 2.126
1.549 0.367 2.112
2.111 -0.165 2.114
1.925 -0.115 2.112
1.769 -0.041 2.127
1.657 0.497 2.108
2.116 -0.021 2.113
1.820 0.636 2.109
1.655 0.590 2.109
1.498 0.566 2.113
1.761 0.819 2.099
1.464 0.666 2.114
1.774 0.274 2.116
2.048 0.465 2.114
1.272 1.375 2.110
1.700 0.415 2.112
1.202 1.275 2.113
1.143 1.184 2.116
1.136 1.544 2.112
1.589 1.203 2.112
1.170 1.458 2.114
1.510 1.085 2.112
0.991 1.566 2.059
1.018 1.430 2.115
0.850 1.578 2.008
0.920 1.501 2.118
0.885 1.459 2.112
0.814 1.562 2.118
0.805 1.480 2.113
0.467 1.608 1.971
0.374 1.617 1.962
0.405 1.618 2.011
0.290 1.625 1.979
0.092 1.644 1.977
-0.473 1.692 2.080
-0.415 1.686 2.062
-0.529 1.618 2.121
-0.534 1.669 2.121
-0.782 1.668 2.119
-1.312 0.917 2.138
-0.939 1.343 2.117
-1.577 0.990 2.142
-1.087 1.455 2.126
-1.539 0.764 2.334
-1.600 0.762 2.207
-1.603 0.137 1.792
-1.616 0.620 1.928
-1.705 0.598 1.892
-1.619 0.088 2.212
-1.619 -0.028 2.025
-1.598 0.273 1.857
-1.635 -0.217 2.196
-1.651 -0.334 1.733
-1.648 -0.329 2.067
-1.665 -0.501 1.792
-1.659 -0.417 2.321
-1.658 -0.439 2.104
-1.671 -0.531 1.970
-1.671 -0.599 1.786
-1.679 -0.628 2.013
-1.691 -0.765 1.909
-1.700 -0.924 1.954
-1.749 -1.042 2.082
-1.759 -1.183 2.199
-1.732 -1.239 2.343
-1.436 -1.092 2.135
-1.202 -1.656 2.128
-1.094 -1.677 2.135
-1.055 -1.491 2.132
-0.954 -1.620 2.130
-0.955 -1.533 2.125
-0.863 -1.671 2.125
-0.161 -1.930 2.129
-0.609 -1.853 2.134
-0.664 -1.728 2.128
-0.549 -1.821 2.130
0.633 -1.740 2.132
0.771 -1.996 2.130
0.886 -1.811 2.121
1.006 -1.843 2.093
1.272 -1.762 2.094
1.460 -1.465 2.107
1.714 -0.459 2.118
1.666 -1.274 2.117
1.556 -1.123 2.118
1.833 -0.370 2.120
2.226 -0.246 2.124
1.758 -1.165 2.119
2.237 -0.102 2.117
2.266 0.089 2.116
1.768 -0.816 2.115
1.936 -0.767 2.117
1.912 0.135 2.112
1.769 0.075 2.130
2.224 0.399 2.110
1.778 -0.605 2.114
1.915 0.286 2.110
2.016 0.503 2.110
1.866 0.382 2.113
1.714 0.334 2.113
1.848 0.542 2.110
-0.716 1.714 1.863
0.087 1.638 1.776
-1.549 1.049 2.272
1.153 1.546 2.061
1.669 0.528 2.114
-1.592 0.894 2.166
0.057 1.641 1.776
-1.023 1.741 2.087
1.809 0.990 2.107
0.799 1.577 1.875
1.725 0.899 2.109
-1.619 0.061 1.736
-1.087 1.617 2.126
-0.055 1.651 1.799
-1.173 1.711 2.126
-1.630 0.703 1.870
1.724 1.110 2.107
1.612 1.014 2.109
-1.617 0.056 1.911
-1.620 0.637 2.081
0.750 1.582 1.915
1.568 0.903 2.111
-1.219 1.476 2.126
-0.212 1.673 1.810
-1.413 1.771 2.182
-1.620 -0.047 1.920
1.502 1.005 2.110
-1.636 -0.157 1.755
-1.619 0.506 1.829
0.638 1.593 1.921
-1.587 0.386 1.654
1.568 1.338 2.114
-1.644 -0.323 1.567
0.512 1.606 1.834
-1.585 0.353 1.803
0.569 1.603 1.867
-0.474 1.695 1.848
-0.405 1.689 1.778
1.424 1.343 2.114
-1.647 -0.318 1.923
-1.593 0.263 1.772
-1.558 1.280 2.030
0.186 1.636 1.809
1.284 1.428 2.114
-1.597 0.263 1.897
0.307 1.624 1.795
-1.703 -0.870 1.855
-1.693 -0.736 2.048
-1.692 -0.842 1.958
-1.700 -0.856 2.115
-1.764 -1.215 2.148
-1.299 -1.665 2.128
-1.158 -1.931 2.130
-1.185 -1.741 2.128
-1.359 -1.506 1.826
-0.983 -2.021 2.133
-1.343 -1.510 1.931
-1.474 -1.440 2.138
-1.335 -1.562 2.014
-0.819 -2.151 2.130
-0.939 -1.932 2.139
-1.339 -1.564 2.103
-0.316 -2.315 2.138
-0.142 -2.347 2.138
-0.030 -2.320 2.140
0.095 -2.273 2.130
0.991 -2.296 2.113
1.037 -2.201 2.142
0.249 -2.282 2.134
1.144 -2.074 2.096
0.362 -2.405 2.136
1.175 -1.886 2.092
0.490 -2.418 2.135
1.282 -1.827 2.094
1.675 -1.701 2.121
1.694 -1.275 2.116
2.152 -0.156 2.110
2.334 -0.728 2.125
2.515 0.067 2.123
2.129 0.092 2.108
2.459 0.410 2.119
2.112 -0.456 2.112
2.158 0.267 2.107
2.132 0.423 2.106
2.081 0.721 2.109
1.997 1.251 2.115
1.908 1.235 2.115
1.788 1.490 2.100
1.718 1.486 2.104
1.274 1.551 1.776
1.317 1.542 1.829
-0.318 2.432 2.148
-0.238 2.582 2.157
-0.665 2.390 2.154
-1.211 1.752 1.825
-1.606 1.130 1.773
-1.636 0.929 1.786
-1.665 0.793 1.747
-2.275 0.881 2.145
-1.634 0.530 1.453
-1.580 0.412 1.536
-1.813 -0.196 1.627
-1.942 -0.714 1.581
-1.954 -0.855 1.562
-1.666 -0.488 1.547
-1.797 -1.443 1.852
-1.672 -0.662 1.555
-1.768 -1.028 1.511
-1.762 -1.027 1.581
-1.696 -0.918 1.663
-1.780 -1.275 1.652
-1.383 -1.503 1.666
-1.363 -1.854 1.823
-0.914 -2.730 2.135
-1.515 -2.369 2.143
1.566 -2.316 2.111
1.814 -2.029 2.088
2.287 -2.463 2.139
2.177 -1.987 2.138
2.407 -1.470 2.128
2.051 2.568 2.155
-0.349 3.516 2.178
-0.661 3.218 2.178
-1.454 1.773 1.371
-1.686 1.790 1.460
-1.610 1.113 1.263
-1.694 0.005 1.105
-1.721 -0.195 1.085
-1.747 -1.090 1.174
-1.776 -1.000 1.269
-1.753 -1.105 1.216
-1.372 -1.492 1.188
-1.334 -1.645 1.203
-1.757 -1.148 1.307
-1.598 -1.475 1.178
-1.365 -1.930 1.339
-1.371 -1.927 1.375
-1.396 -1.492 1.131
-1.745 -1.473 1.368
-1.555 -1.476 1.251
0.068 1.748 0.907
0.080 1.748 0.826
-0.204 1.794 0.949
-0.150 1.774 0.872
-0.334 1.802 0.888
-0.308 1.799 0.851
-0.493 1.826 1.007
-0.422 1.819 0.827
-1.366 3.425 1.626
-1.364 3.464 1.581
-1.646 1.803 1.022
-1.601 1.143 0.989
-1.599 1.135 0.968
-1.604 1.122 0.880
-1.617 1.121 0.819
-1.712 -0.214 0.772
-1.710 -0.025 0.762
-1.746 -0.367 0.793
-1.531 -1.465 0.859
-1.695 -1.452 0.975
-1.337 -1.507 0.778
3.447 -5.338 2.221
3.785 -5.460 2.114
6.730 -1.773 2.230
6.439 -0.792 2.221
2.042 2.016 0.885
2.119 2.791 1.042
0.585 1.640 0.600
0.633 1.633 0.613
0.720 1.627 0.616
0.506 1.661 0.613
0.545 1.639 0.611
0.602 1.633 0.546
0.385 1.668 0.533
-0.330 1.790 0.571
0.247 1.677 0.612
-0.464 1.761 0.566
0.135 1.686 0.527
-0.607 1.755 0.568
-0.084 1.768 0.604
-0.115 1.756 0.543
-0.967 1.790 0.598
-0.273 1.767 0.580
-0.190 1.769 0.568
-1.760 1.812 0.701
-1.660 0.723 0.514
-1.684 0.620 0.473
5.526 -5.048 1.464
5.541 -4.728 1.632
4.373 1.253 0.676
-0.296 1.792 0.395
-0.422 1.807 0.352
0.153 1.687 0.373
-0.353 1.809 0.275
0.209 1.644 0.320
0.003 1.765 0.409
-0.021 1.754 0.329
-0.500 1.830 0.277
-1.812 1.816 0.458
-1.616 1.039 0.352
-1.634 0.769 0.377
-1.637 0.618 0.354
-1.638 0.374 0.342
-1.653 0.296 0.401
0.931 -2.664 0.205
1.027 -2.376 0.183
2.232 1.446 0.082
2.008 1.767 0.145
-1.723 -2.797 0.113
-1.668 0.676 0.019
-1.719 -1.435 0.119
-1.660 0.399 -0.003
-0.252 1.805 0.056
0.566 -2.696 0.125
0.978 -2.625 0.155
0.200 1.680 0.140
-0.366 1.817 0.204
2.271 1.435 0.539
2.595 1.409 0.522
0.433 1.625 0.262
0.351 1.656 0.312
0.102 1.750 0.373
-0.059 1.770 0.347
-0.590 1.837 0.421
-0.712 1.853 0.422
-0.633 1.842 0.404
-1.716 0.324 0.472
-1.655 0.801 0.437
4.231 -0.282 1.254
2.018 1.462 0.710
2.166 3.367 1.246
2.003 1.689 0.738
2.238 4.034 1.462
2.039 1.997 0.790
1.418 1.576 0.574
0.586 1.641 0.509
-0.055 1.760 0.570
-0.024 1.752 0.619
0.029 1.766 0.669
-0.171 1.773 0.621
0.200 1.681 0.567
0.227 1.680 0.547
0.107 1.724 0.557
-0.382 1.798 0.651
-0.528 1.832 0.669
-0.513 1.826 0.714
-0.678 1.851 0.685
-1.507 1.789 0.775
-1.596 1.229 0.681
-1.642 1.090 0.667
-1.650 0.341 0.580
-1.742 -0.329 0.752
-1.672 0.200 0.583
-1.679 0.084 0.654
-1.686 0.102 0.611
-1.705 -0.007 0.610
-1.701 -0.134 0.675
-1.501 -1.470 0.739
-1.754 -1.148 0.892
4.019 -2.696 1.989
4.160 -1.076 1.851
2.039 1.919 1.376
0.047 1.748 0.848
-0.639 1.845 1.021
-0.042 1.767 0.904
-1.430 2.920 1.559
-0.336 1.805 0.961
-0.446 1.823 1.019
-1.742 -0.185 1.037
-1.343 -1.633 1.159
3.026 -1.361 2.136
3.193 -0.493 2.140
2.831 1.110 2.111
2.017 1.753 1.631
-1.337 1.769 1.596
-1.399 1.764 1.532
-1.645 1.806 1.655
-1.693 -0.854 1.553
-1.768 -1.175 1.626
-1.797 -1.374 1.721
-1.795 -1.366 1.653
-1.694 -1.474 1.641
-1.657 -1.475 1.544
-1.562 -1.482 1.816
-1.502 -1.495 1.549
-1.146 -2.326 2.140
-1.156 -2.507 2.142
-1.372 -1.500 1.600
-1.341 -1.594 1.470
-1.358 -1.760 1.647
-1.366 -1.829 1.602
-0.795 -2.642 2.135
-0.658 -2.697 2.143
-1.303 -2.623 2.139
-0.081 -2.716 2.141
1.461 -2.180 2.104
1.655 -1.968 2.103
2.314 0.251 2.105
2.245 0.343 2.119
2.386 0.435 2.121
2.153 0.648 2.106
2.096 0.799 2.111
1.754 1.421 2.115
2.264 0.917 2.119
1.720 1.510 2.009
2.056 0.921 2.111
2.315 1.255 2.116
1.302 1.538 1.918
1.114 2.399 2.147
0.769 2.509 2.155
0.683 2.408 2.148
0.694 2.283 2.144
0.533 2.336 2.144
-0.500 2.333 2.155
-1.006 1.732 1.906
-1.300 1.760 2.057
-1.511 1.769 2.160
-1.552 1.265 1.976
-1.566 1.107 1.931
-1.605 0.967 1.874
-1.689 0.867 1.903
-1.652 0.912 1.848
-1.665 1.058 1.730
-1.647 0.775 1.787
-1.646 0.865 1.740
-1.687 0.580 1.832
-1.771 0.244 1.550
-1.665 0.653 1.760
-1.612 0.065 1.604
-2.250 1.073 2.128
-1.584 0.447 1.697
-1.614 0.502 1.665
-1.625 -0.047 1.612
-1.672 -0.045 1.557
-1.790 0.005 1.558
-1.649 -0.276 1.650
-1.812 -0.233 1.592
-1.768 -0.384 1.543
-1.664 -0.477 1.618
-1.693 -0.770 1.847
-1.684 -0.753 1.604
-1.554 -1.486 1.878
-1.707 -0.910 1.915
-1.435 -1.488 2.119
-1.417 -1.498 1.919
-1.756 -1.072 2.176
-1.744 -1.043 2.037
-1.760 -1.214 2.323
-1.774 -1.368 2.327
-1.779 -1.402 2.273
-1.166 -1.652 2.132
-1.186 -1.809 2.134
-1.069 -1.756 2.126
-0.952 -1.815 2.130
-0.947 -2.065 2.128
-0.605 -2.274 2.136
-0.375 -2.205 2.127
-0.078 -2.203 2.133
0.679 -2.034 2.131
0.577 -2.097 2.136
0.065 -2.182 2.131
0.205 -2.188 2.128
0.096 -2.142 2.128
0.207 -2.151 2.131
0.853 -2.019 2.132
1.414 -1.729 2.102
0.442 -2.162 2.137
1.119 -1.901 2.100
1.651 -1.578 2.120
1.221 -1.584 2.098
1.215 -1.805 2.090
1.279 -1.497 2.117
1.826 -1.407 2.123
1.865 -0.815 2.116
1.820 -0.388 2.120
2.270 -0.696 2.118
1.939 -0.401 2.113
2.305 -0.540 2.116
2.284 -0.332 2.119
2.021 -0.152 2.106
2.345 -0.225 2.115
2.346 -0.066 2.111
2.342 0.093 2.114
2.144 0.146 2.109
1.728 0.368 2.114
2.226 0.471 2.106
2.082 0.442 2.101
1.696 0.482 2.113
2.271 0.619 2.105
2.044 0.589 2.108
1.852 0.596 2.110
1.703 0.624 2.110
2.022 0.764 2.108
1.809 0.720 2.109
1.657 0.691 2.110
1.355 1.200 2.117
1.505 1.472 2.117
1.611 0.804 2.114
1.976 1.058 2.110
1.361 1.531 2.079
1.760 1.114 2.107
1.082 1.452 2.122
1.719 1.261 2.114
0.231 1.634 1.727
0.978 1.518 2.117
1.617 1.373 2.118
0.151 1.627 1.806
0.163 1.634 1.836
0.188 1.636 1.904
0.004 1.653 1.818
0.004 1.650 1.834
0.584 1.598 1.771
0.648 1.593 1.859
-0.056 1.659 1.859
-0.404 1.680 1.910
-0.264 1.672 1.907
-0.169 1.663 1.831
-0.673 1.711 2.020
-0.433 1.694 1.947
-0.837 1.640 2.121
-0.386 1.682 1.943
-0.998 1.624 2.125
-1.139 1.335 2.122
-1.194 1.438 2.125
-1.208 1.549 2.128
-1.193 1.630 2.126
-1.227 1.254 2.128
-1.272 1.370 2.129
-1.538 1.174 2.327
-1.548 1.357 2.094
-1.551 1.017 2.294
-1.570 1.159 2.096
-1.580 1.003 2.026
-1.598 0.794 2.094
-1.590 0.341 1.649
-1.614 0.689 1.973
-1.609 0.102 1.881
-1.612 0.601 1.893
-1.585 0.385 1.965
-1.615 -0.014 1.765
-1.628 -0.099 1.647
-1.688 -0.814 2.215
-1.695 -0.827 1.888
-1.640 -0.282 2.005
-1.650 -0.353 1.703
-1.391 -0.828 2.139
-1.719 -1.028 2.336
-1.671 -0.536 2.290
-1.744 -1.276 2.331
-1.408 -1.157 2.132
-1.490 -1.303 2.136
-1.404 -1.396 2.136
-1.294 -1.430 2.133
-1.214 -1.562 2.131
-1.190 -1.698 2.134
-1.120 -1.477 2.128
-1.078 -1.618 2.129
-1.007 -1.525 2.131
-0.880 -1.501 2.128
-0.729 -1.617 2.129
-0.708 -1.762 2.133
0.677 -1.792 2.126
0.789 -1.624 2.127
0.791 -1.748 2.122
0.888 -1.714 2.124
1.368 -1.194 2.118
1.490 -1.244 2.114
1.096 -1.695 2.098
1.111 -1.593 2.099
1.156 -1.470 2.120
1.591 -1.128 2.118
1.383 -0.884 2.118
1.184 -1.394 2.121
1.645 -1.041 2.116
1.427 -0.796 2.120
1.789 -0.855 2.121
1.818 -0.697 2.114
1.713 -0.591 2.113
2.003 -0.717 2.115
1.546 -0.422 2.114
1.894 -0.448 2.116
1.728 -0.381 2.119
1.577 -0.283 2.120
1.755 -0.270 2.129
1.595 -0.186 2.131
2.106 -0.232 2.110
1.931 -0.189 2.114
1.594 -0.087 2.124
2.114 -0.085 2.109
1.593 0.011 2.122
2.112 0.064 2.111
1.931 0.073 2.111
1.932 0.214 2.115
1.759 0.190 2.131
1.555 0.308 2.115
1.530 0.405 2.110
1.676 0.817 2.114
1.197 1.137 2.115
1.310 1.510 2.118
1.531 0.852 2.116
1.202 1.421 2.113
1.421 0.762 2.113
1.162 1.320 2.118
1.044 1.306 2.113
1.488 1.152 2.112
1.401 1.051 2.116
0.973 1.472 2.120
1.483 1.358 2.117
1.261 1.047 2.113
0.850 1.500 2.119
0.868 1.460 2.113
0.457 1.619 2.037
1.246 1.234 2.115
0.755 1.584 2.104
0.220 1.631 1.984
-0.179 1.663 2.029
-0.288 1.677 2.049
-0.274 1.679 2.000
-0.707 1.604 2.122
-0.798 1.458 2.117
-0.812 1.545 2.119
-0.808 1.606 2.120
-1.012 1.417 2.124
-0.986 1.525 2.123
-1.047 1.241 2.119
-1.090 1.352 2.115
-1.547 1.309 2.210
-1.558 0.964 2.315
-1.597 0.858 2.229
-1.600 0.863 2.041
-1.603 0.145 2.007
-1.618 0.036 2.226
-1.618 0.604 2.140
-1.614 0.041 2.012
-1.590 0.440 2.065
-1.643 -0.160 2.257
-1.596 0.330 2.051
-1.523 -0.583 2.215
-1.659 -0.365 2.301
-1.766 -1.174 2.289
-1.659 -0.542 1.978
-1.466 -1.009 2.142
-1.690 -0.720 2.044
-1.725 -1.386 2.342
-1.433 -1.273 2.131
-1.495 -1.413 2.138
-1.366 -1.179 2.130
-1.349 -1.362 2.131
-1.163 -1.211 2.126
-1.087 -1.443 2.132
-1.008 -1.481 2.130
-0.855 -1.488 2.126
-0.766 -1.678 2.129
-0.393 -1.845 2.126
-0.044 -1.975 2.131
0.170 -1.881 2.133
0.177 -1.965 2.130
0.447 -1.762 2.138
0.349 -1.930 2.129
0.591 -1.800 2.132
0.739 -1.603 2.129
0.875 -1.755 2.127
0.975 -1.822 2.122
1.083 -1.742 2.098
1.248 -1.718 2.092
1.227 -1.532 2.116
1.140 -1.287 2.126
1.349 -1.261 2.119
2.166 -0.343 2.111
1.815 -0.293 2.113
1.703 0.652 2.103
1.613 -1.194 2.119
1.133 1.344 2.114
0.931 1.572 1.935
1.783 -0.206 2.125
1.629 -0.221 2.128
1.526 0.647 2.109
1.851 1.115 2.113
1.856 -0.027 2.115
0.276 1.627 1.919
1.735 -0.970 2.118
1.638 -0.119 2.126
2.202 0.089 2.109
1.772 1.198 2.108
1.525 -0.756 2.118
2.012 0.065 2.103
0.198 1.636 1.870
1.545 1.187 2.105
1.421 0.994 2.110
1.685 -0.657 2.117
1.974 0.336 2.105
1.453 1.287 2.107
2.119 -0.659 2.124
1.811 0.323 2.108
0.320 1.627 1.862
1.359 1.386 2.117
-0.711 1.712 1.956
2.047 0.685 2.106
1.256 1.519 2.117
-0.307 1.680 1.921
-0.317 1.685 1.858
-0.826 1.723 1.998
-0.434 1.685 1.998
-0.573 1.703 1.914
-1.167 1.449 2.126
-1.496 1.636 2.337
-1.261 1.200 2.129
-1.508 1.426 2.334
-1.541 1.456 2.230
-1.527 1.312 2.287
-1.550 1.299 2.147
-1.567 1.101 1.905
-1.591 0.895 2.264
-1.585 0.858 2.081
-1.667 0.704 1.746
-1.614 0.663 2.143
-1.624 0.555 2.136
-1.593 0.315 2.026
-1.606 0.162 1.845
-1.625 -0.035 1.837
-1.662 -0.403 1.632
-1.700 -0.846 2.061
-1.660 -0.392 2.045
-1.666 -0.489 1.900
-1.682 -0.687 1.866
-1.672 -0.622 2.117
-1.692 -0.744 2.016
-1.716 -1.474 2.262
-1.476 -1.364 2.134
-1.166 -1.686 2.125
-1.081 -1.866 2.132
-1.020 -1.765 2.129
-0.948 -1.874 2.131
-0.317 -2.149 2.130
-0.134 -2.155 2.137
-0.889 -1.856 2.130
-0.040 -2.154 2.129
-0.682 -2.013 2.136
-0.173 -2.183 2.136
-0.593 -2.102 2.126
-0.039 -2.176 2.134
-0.821 -1.922 2.126
-0.019 -2.243 2.129
-0.551 -2.036 2.132
0.172 -2.249 2.127
-0.356 -2.102 2.133
-0.465 -2.111 2.130
0.320 -2.250 2.131
-0.177 -2.155 2.129
0.541 -2.142 2.133
0.600 -2.049 2.142
0.728 -1.923 2.127
0.831 -1.936 2.131
0.938 -1.881 2.125
1.113 -2.087 2.102
1.175 -1.731 2.084
1.485 -1.827 2.089
1.450 -1.741 2.096
1.375 -1.496 2.117
1.461 -1.400 2.118
1.795 -1.642 2.108
2.012 -0.208 2.103
2.106 -0.552 2.118
1.897 -0.534 2.115
2.021 -0.072 2.107
2.517 0.235 2.121
2.134 -0.307 2.107
2.166 0.321 2.108
1.996 0.201 2.102
2.286 0.519 2.108
2.128 0.473 2.107
2.187 0.813 2.112
2.264 1.100 2.108
2.114 0.948 2.111
1.915 0.770 2.112
1.941 1.005 2.116
2.062 1.404 2.114
1.966 1.226 2.117
1.784 1.252 2.115
1.641 1.501 1.931
1.482 1.512 1.830
1.605 1.500 2.100
1.483 1.524 2.089
1.181 1.546 1.815
1.248 1.539 1.885
-0.055 2.348 2.152
0.538 2.252 2.143
-0.210 2.325 2.152
-0.558 2.351 2.150
-1.151 1.749 2.092
-1.412 1.771 1.920
-0.875 1.724 1.807
-0.977 1.733 2.000
-0.997 1.730 1.796
-1.552 1.349 1.939
-1.561 1.182 2.018
-1.583 1.177 1.827
-1.581 0.959 1.918
-1.612 0.495 1.600
-1.758 0.365 1.552
-1.774 0.192 1.638
-1.779 0.123 1.549
-1.601 0.165 1.589
-1.805 -0.113 1.575
-1.818 -0.139 1.629
-1.743 -0.341 1.402
-1.634 -0.159 1.625
-1.757 -0.365 1.484
-1.648 -0.351 1.648
-1.948 -0.815 1.655
-1.677 -1.466 1.734
-1.762 -1.181 1.878
-1.475 -1.502 1.632
-1.684 -0.831 1.664
-1.345 -1.570 1.700
-1.340 -1.540 1.752
-1.011 -2.448 2.132
-0.731 -2.561 2.144
-1.295 -2.251 2.136
-0.418 -2.646 2.141
-0.515 -2.717 2.144
0.443 -2.862 2.147
-0.139 -2.787 2.140
0.096 -2.695 2.134
1.661 -2.557 2.133
1.524 -2.070 2.105
1.286 -2.534 2.135
2.152 -1.732 2.129
2.809 -1.486 2.141
2.911 -1.301 2.142
2.790 -1.055 2.132
1.931 2.283 2.140
1.243 2.816 2.139
1.133 2.856 2.149
0.520 3.022 2.155
-1.634 0.497 1.363
-1.695 0.153 1.098
-1.703 -0.059 1.078
-1.755 -0.397 1.282
-1.768 -1.222 1.405
-1.514 -1.479 1.302
-1.474 -1.486 1.341
3.567 -0.952 2.148
1.252 -3.348 2.160
-1.352 -1.777 1.380
2.155 1.449 1.305
2.054 2.127 1.479
0.115 1.751 1.008
-0.000 1.768 0.980
0.021 1.758 0.953
0.053 1.753 0.929
-0.129 1.784 0.992
-0.261 1.797 1.006
-0.195 1.780 0.899
-0.400 1.821 1.030
-0.545 1.832 1.106
-0.453 1.825 0.937
-0.648 1.844 1.045
-1.466 1.778 1.222
-1.512 1.782 1.145
-1.663 1.804 1.359
-1.591 1.441 1.144
-1.710 -0.109 0.834
-1.608 1.121 1.063
-1.333 -1.517 0.883
-1.727 -0.979 0.945
-1.673 -1.456 0.985
-1.344 -1.728 0.991
0.457 1.663 0.588
-0.433 1.811 0.751
0.118 1.752 0.683
0.105 1.741 0.649
-0.354 1.792 0.611
-0.623 1.844 0.739
0.222 1.683 0.576
-0.561 1.833 0.703
-0.531 1.816 0.626
0.045 1.758 0.605
-0.151 1.783 0.710
-0.146 1.777 0.666
-0.115 1.772 0.636
-0.277 1.801 0.680
-1.457 2.656 1.084
-1.370 1.775 0.831
-1.534 1.789 0.821
-1.530 1.790 0.734
-1.783 1.814 0.784
-1.657 0.519 0.593
-1.657 0.354 0.530
-1.631 0.222 0.536
-1.345 -1.697 0.674
0.181 1.656 0.345
-0.100 1.777 0.385
-0.196 1.789 0.359
-0.416 1.814 0.399
-0.548 1.829 0.435
-1.285 1.763 0.437
-0.708 1.859 0.449
0.307 1.654 0.351
-0.825 1.773 0.525
-1.529 1.781 0.501
-1.570 1.792 0.408
-1.821 1.784 0.342
-1.726 -0.354 0.369
0.389 1.639 0.159
-1.519 -1.488 0.145
-0.083 -2.134 0.140
0.057 -2.171 0.131
0.631 -2.700 0.096
0.060 1.750 0.010
-1.640 0.572 -0.015
0.418 -2.692 0.109
0.606 -2.698 0.102
0.938 -3.038 0.078
-0.715 -2.398 0.156
-0.201 1.778 0.020
0.814 3.312 -0.048
0.284 1.658 0.139
0.044 -2.197 0.122
0.077 1.746 0.139
-0.053 1.770 0.140
2.010 1.732 0.193
2.004 1.680 0.404
0.468 1.619 0.234
0.308 1.641 0.255
-0.316 1.805 0.314
-0.244 1.791 0.335
-1.548 1.783 0.365
2.206 1.440 0.688
2.012 1.457 0.548
2.019 1.823 0.789
1.217 1.586 0.533
0.760 1.626 0.573
0.771 1.622 0.620
-0.055 1.756 0.479
0.036 1.751 0.526
0.350 1.660 0.544
-0.245 1.771 0.548
0.201 1.684 0.480
-0.400 1.732 0.560
-0.530 1.758 0.568
-0.692 1.815 0.623
-1.507 1.786 0.709
-1.303 1.769 0.631
-1.585 1.225 0.640
-1.623 1.085 0.627
-1.608 1.133 0.585
-1.640 0.390 0.576
-1.664 0.436 0.553
-1.704 0.046 0.644
-1.693 0.087 0.533
-1.788 -0.916 0.794
-1.566 -1.468 0.708
-1.340 -1.691 0.859
3.988 -3.021 1.846
2.857 1.376 1.111
2.444 1.424 0.995
2.008 1.682 1.214
2.035 1.963 1.203
2.042 1.999 1.319
-0.483 1.826 0.907
-0.434 1.816 0.891
-1.419 2.997 1.400
-1.477 2.601 1.355
-1.557 1.731 1.115
-1.584 1.155 0.877
-1.567 1.781 1.110
-1.578 1.514 1.058
-1.662 0.504 0.909
-1.649 0.487 0.826
-1.756 -1.183 0.992
-1.787 -1.377 1.043
3.106 -2.877 2.175
3.289 -2.678 2.170
-0.001 1.758 1.103
0.064 1.754 1.137
1.991 2.951 2.160
-1.341 1.764 1.476
-1.743 -0.311 1.361
-1.739 -0.318 1.275
-1.624 -1.475 1.596
-1.651 0.551 1.175
-1.518 -1.480 1.359
-1.408 -1.495 1.416
-1.475 1.778 1.511
-1.349 -1.493 1.295
-1.347 -1.664 1.427
-1.677 0.268 1.101
-1.801 -0.961 1.540
-1.606 1.142 1.308
-1.809 -0.936 1.424
-1.701 0.114 1.119
2.090 2.672 2.067
-1.122 -2.923 2.160
0.044 -3.084 2.154
0.237 -3.090 2.157
1.594 -2.480 2.106
1.800 -2.409 2.115
1.909 -2.237 2.137
0.881 -2.846 2.152
1.079 -2.787 2.166
2.316 -2.033 2.135
1.258 -2.696 2.145
2.438 -1.290 2.126
2.388 -1.076 2.126
2.661 -1.528 2.127
2.472 -0.937 2.126
2.917 0.914 2.114
2.358 1.081 2.111
2.521 1.283 2.120
2.102 1.181 2.111
2.192 1.381 2.116
1.998 1.469 2.045
1.906 1.457 2.119
1.076 2.215 2.151
1.734 1.496 1.916
-1.312 1.759 1.853
1.531 1.513 1.808
-1.607 1.159 1.830
0.661 2.418 2.155
0.428 2.677 2.149
-1.623 1.103 1.768
0.237 2.710 2.153
0.320 2.553 2.146
0.019 2.712 2.149
-1.660 0.765 1.740
-1.066 1.738 1.805
0.171 2.487 2.145
-1.373 1.765 2.006
-0.046 2.543 2.147
-1.595 0.260 1.585
-1.610 0.103 1.598
-1.621 -0.009 1.599
-1.693 -0.909 1.553
-1.747 -1.044 1.889
-1.434 -1.496 1.838
-1.382 -1.500 1.706
-1.782 -1.340 2.225
-1.635 -1.473 2.111
-1.275 -1.923 2.135
-1.300 -2.072 2.130
-1.169 -2.228 2.127
-0.898 -2.265 2.128
-0.579 -2.138 2.130
-0.783 -2.035 2.131
-0.433 -2.197 2.132
-0.370 -2.233 2.134
-0.184 -2.383 2.135
0.154 -2.347 2.135
0.070 -2.304 2.128
0.301 -2.335 2.135
0.111 -2.308 2.139
0.211 -2.289 2.132
0.450 -2.321 2.141
0.470 -2.239 2.134
0.355 -2.311 2.136
0.618 -2.213 2.132
0.630 -2.240 2.140
1.577 -1.740 2.113
0.766 -2.177 2.131
1.653 -1.287 2.116
0.812 -2.221 2.133
0.911 -2.131 2.129
1.685 -1.130 2.117
1.838 -1.585 2.124
1.823 -1.211 2.120
1.738 -1.055 2.118
2.291 -0.882 2.124
1.816 -0.899 2.115
2.017 -1.147 2.118
2.074 -0.452 2.119
1.899 -0.934 2.116
1.415 -1.578 2.119
2.252 -0.459 2.117
1.842 -0.717 2.119
2.103 -0.062 2.111
1.877 0.073 2.113
2.392 0.286 2.117
2.348 0.594 2.114
2.211 0.949 2.107
1.621 0.960 2.114
2.040 1.242 2.110
1.887 1.334 2.109
1.572 1.288 2.106
1.595 1.508 1.992
1.458 1.436 2.114
0.575 1.603 1.877
0.392 1.611 1.821
0.393 1.619 1.867
1.153 1.483 2.118
1.067 1.552 1.897
-0.378 1.675 1.848
-0.258 1.673 1.823
-0.138 1.652 1.787
-0.341 1.686 1.825
-0.787 1.716 1.956
-1.056 1.595 2.120
-0.445 1.688 1.916
-0.927 1.732 1.989
-1.558 1.244 2.197
-1.164 1.614 2.126
-1.554 1.283 2.093
-1.091 1.728 2.124
-1.588 0.934 2.039
-1.546 1.410 2.243
-1.618 0.666 1.997
-1.619 0.562 1.927
-1.591 0.346 1.998
-1.592 0.424 1.870
-1.585 0.457 1.672
-1.669 -0.599 1.680
-1.265 -1.758 2.131
-1.034 -1.415 2.126
-1.704 -0.928 2.184
-0.275 -1.986 2.132
-1.474 -0.967 2.142
-1.639 -0.237 2.061
-1.641 -0.234 1.625
-1.655 -0.345 2.097
-1.782 -1.395 2.193
-1.465 -1.222 2.136
-1.610 -1.481 2.141
-1.359 -1.285 2.139
-1.665 -0.471 1.687
-0.539 -1.964 2.130
-0.434 -2.022 2.125
-1.669 -0.606 1.859
-0.387 -1.973 2.130
0.225 -1.937 2.127
0.497 -1.935 2.137
0.655 -1.926 2.132
0.837 -1.634 2.125
0.862 -1.817 2.121
0.968 -1.568 2.124
0.915 -1.827 2.122
1.008 -1.578 2.119
1.028 -1.511 2.127
1.703 -1.374 2.114
1.110 -1.568 2.108
1.457 -0.834 2.118
1.746 -1.178 2.118
1.201 -1.364 2.126
1.614 -0.921 2.118
1.235 -1.383 2.122
1.579 -0.419 2.112
1.653 -0.812 2.115
1.353 -1.445 2.123
1.954 -0.468 2.115
1.965 -0.962 2.121
1.646 -0.312 2.110
2.083 -0.379 2.108
1.525 -0.612 2.115
1.970 -0.291 2.113
2.019 -0.828 2.117
1.788 -0.241 2.118
2.163 -0.253 2.110
1.614 -0.518 2.112
2.067 -0.691 2.117
1.884 -0.596 2.117
2.067 0.674 2.109
2.168 -0.111 2.112
1.567 0.549 2.113
2.160 0.030 2.109
1.629 0.637 2.114
1.588 0.169 2.123
1.876 0.878 2.108
1.764 0.846 2.115
1.434 0.695 2.109
2.076 0.326 2.119
1.393 0.792 2.114
2.029 0.502 2.109
1.613 1.051 2.108
1.887 0.469 2.112
1.766 0.463 2.112
1.421 1.120 2.116
1.255 1.109 2.110
1.400 1.450 2.119
1.367 1.353 2.115
1.284 1.533 2.112
0.983 1.337 2.109
0.953 1.492 2.112
0.280 1.632 2.012
0.599 1.598 2.065
0.038 1.651 1.985
0.574 1.607 2.076
-0.889 1.393 2.122
-0.318 1.677 2.011
-0.960 1.672 2.119
-0.988 1.279 2.116
-1.111 1.622 2.125
-1.577 1.110 2.182
-1.171 1.412 2.126
-1.198 1.038 2.124
-1.601 0.816 2.039
-1.616 0.686 1.991
-1.523 1.192 2.336
-1.617 0.688 1.873
-1.560 1.244 2.276
-1.595 0.397 2.267
-1.589 0.424 2.053
-1.587 0.393 1.757
-1.457 -0.668 2.156
-1.044 -1.318 2.127
0.692 -1.642 2.129
-1.057 -1.452 2.128
-1.407 -0.749 2.132
-1.622 -0.034 1.687
-1.709 -0.923 2.333
-0.971 -1.522 2.129
-1.637 -0.110 2.239
0.824 -1.743 2.131
-0.899 -1.463 2.127
0.073 -1.872 2.129
-1.632 -0.221 2.030
-0.806 -1.813 2.131
-1.646 -0.273 1.888
-1.635 -0.263 1.769
-1.413 -1.058 2.135
-0.785 -1.644 2.131
-1.655 -0.313 2.293
0.993 -1.409 2.129
-1.343 -1.084 2.135
1.600 -1.383 2.120
1.116 -1.439 2.125
-1.252 -1.038 2.136
-0.644 -1.652 2.130
1.368 -1.022 2.122
1.274 -1.643 2.117
-1.333 -1.514 2.125
0.495 -1.749 2.135
-1.679 -0.591 1.984
-0.547 -1.703 2.125
1.169 -1.225 2.126
-1.221 -1.305 2.133
-1.677 -0.657 2.184
0.596 -1.698 2.131
-0.448 -1.752 2.125
1.227 -1.141 2.120
1.466 -0.705 2.120
1.592 -0.229 2.131
2.129 -0.206 2.108
1.998 -0.784 2.118
2.048 -0.644 2.117
1.600 -0.031 2.127
1.533 0.446 2.107
2.085 -0.501 2.112
1.867 0.955 2.114
2.082 0.390 2.108
1.582 0.745 2.114
1.727 0.303 2.115
1.898 0.508 2.116
1.428 0.736 2.109
1.755 0.390 2.111
1.681 1.146 2.111
1.623 0.347 2.109
1.482 0.935 2.113
1.384 0.830 2.112
1.620 1.312 2.116
1.426 1.043 2.116
1.414 1.515 2.115
1.135 1.232 2.108
1.112 1.355 2.112
0.629 1.597 2.058
0.313 1.623 1.923
-0.143 1.662 1.899
-0.528 1.691 1.965
-0.841 1.604 2.120
-1.321 1.673 2.204
-1.178 1.286 2.127
-1.504 1.616 2.280
-1.514 1.381 2.285
-1.538 1.462 2.136
-1.507 1.225 2.341
-1.558 1.088 2.273
-1.575 0.741 2.311
-1.635 0.545 1.908
-1.633 -0.210 1.661
-1.582 0.417 1.778
-1.630 -0.148 1.942
-1.635 -0.233 1.824
-1.601 0.198 1.761
-1.657 -0.447 1.871
-1.672 -0.564 1.770
-1.604 0.158 1.897
-1.601 0.091 1.753
-1.684 -0.788 1.864
-1.684 -0.737 2.125
-1.745 -1.063 2.281
-1.573 -1.398 2.199
-0.964 -1.884 2.127
-1.350 -1.502 2.018
-0.857 -1.950 2.129
-1.305 -1.710 2.134
-1.315 -1.319 2.132
-0.837 -1.741 2.128
-0.707 -1.902 2.131
-0.669 -1.882 2.127
-0.163 -2.076 2.138
-0.356 -2.024 2.126
-0.406 -1.980 2.130
-0.191 -2.059 2.132
0.298 -2.133 2.137
0.471 -1.987 2.133
0.820 -1.999 2.128
0.783 -1.827 2.129
0.903 -2.069 2.138
1.069 -1.734 2.093
1.141 -1.800 2.096
1.237 -1.624 2.103
1.222 -1.477 2.127
1.413 -1.713 2.138
1.493 -1.573 2.114
1.604 -1.427 2.119
1.561 -1.342 2.118
1.462 -1.255 2.117
1.575 -1.270 2.115
1.515 -1.136 2.121
1.940 -1.368 2.124
1.571 -1.031 2.122
1.664 -0.841 2.119
1.712 -0.731 2.117
2.269 -0.806 2.117
2.087 -0.740 2.114
1.743 -0.642 2.114
2.323 -0.648 2.120
1.885 -0.049 2.113
2.136 -0.596 2.116
1.956 -0.558 2.113
1.809 -0.489 2.117
2.196 -0.295 2.115
1.977 0.405 2.113
1.845 0.317 2.117
2.080 0.620 2.107
1.863 0.462 2.112
2.193 0.861 2.108
2.026 0.772 2.112
1.972 0.639 2.114
1.981 0.886 2.114
1.923 0.778 2.112
1.848 1.132 2.111
1.818 1.026 2.108
0.834 1.591 1.778
1.644 1.038 2.104
1.637 1.320 2.115
-0.120 1.634 1.697
1.571 1.385 2.113
0.418 1.664 1.701
0.426 1.601 1.705
1.467 1.389 2.110
0.169 1.673 1.690
1.048 1.556 1.864
0.273 1.654 1.709
0.122 1.707 1.679
-0.534 1.696 1.815
-0.637 1.703 1.874
-0.928 1.731 2.088
-0.928 1.729 1.894
-1.297 1.756 2.148
-1.537 1.559 2.195
-1.521 1.495 2.020
-1.548 1.489 1.890
-1.610 0.676 1.879
-1.638 0.528 1.770
-1.760 0.321 1.552
-1.582 0.931 1.994
-1.664 0.893 1.736
-1.602 0.178 1.607
-1.799 -0.045 1.572
-1.777 -0.081 1.637
-1.624 -0.048 1.739
-1.823 -0.294 1.546
-1.673 -0.552 1.613
-1.710 -0.824 1.551
-1.695 -0.939 1.638
-1.706 -0.949 1.744
-1.785 -1.299 1.831
0.160 -2.451 2.133
1.269 -1.986 2.096
-1.192 -2.057 2.139
-0.000 -2.611 2.137
-1.097 -2.165 2.137
-0.902 -2.374 2.133
-2.931 0.802 2.134
1.618 -2.083 2.100
-1.908 1.818 2.001
1.565 -1.931 2.098
1.813 1.493 1.831
-1.521 -1.489 1.939
1.435 -1.815 2.091
2.429 0.299 2.116
-1.345 -1.506 1.803
-1.346 -1.661 1.811
-0.897 2.652 2.164
1.609 1.499 1.806
-0.869 -2.334 2.136
-0.710 -2.376 2.135
-1.045 2.491 2.161
0.394 2.758 2.152
0.707 -2.395 2.142
-1.353 -1.706 1.961
-1.648 1.078 1.470
1.694 -1.635 2.111
2.425 0.575 2.114
-0.627 -2.381 2.132
0.730 -2.664 2.146
-1.370 -1.938 2.100
-1.325 -2.142 2.137
0.850 -2.342 2.142
2.472 0.887 2.110
-0.299 -2.435 2.134
0.893 -2.265 2.133
2.364 -0.507 2.118
0.925 -2.454 2.127
-1.353 -1.945 2.135
-0.147 -2.452 2.135
1.531 2.290 2.140
-1.951 -0.774 1.597
2.385 -0.346 2.114
2.318 0.966 2.109
-0.365 -2.528 2.143
-1.460 2.426 1.926
-1.956 -0.900 1.556
2.432 -1.641 2.129
-0.192 -2.510 2.135
2.234 -1.480 2.133
2.395 1.332 2.120
-0.124 -2.504 2.138
1.134 -2.177 2.100
-1.746 -1.040 1.357
0.006 -2.451 2.129
-0.089 2.909 2.152
1.120 -2.052 2.100
2.397 -0.183 2.115
1.274 -2.449 2.110
-1.785 -0.992 1.480
-1.756 -0.389 1.197
1.296 -2.291 2.105
0.043 -2.483 2.137
-2.626 1.016 2.134
2.232 1.403 2.121
-1.746 -1.088 1.554
-1.784 -1.292 1.547
-1.743 -1.469 1.623
-1.563 -1.483 1.490
-1.342 -1.580 1.389
-1.353 -1.671 1.491
-1.367 -1.917 1.615
-1.916 -3.023 2.345
-1.563 -2.865 2.148
-1.180 -3.031 2.147
1.539 -3.008 2.159
3.291 1.193 2.138
-0.052 1.768 1.107
0.029 1.757 0.999
-1.405 3.067 1.971
-0.095 1.764 1.001
-0.309 1.797 1.130
-0.242 1.793 1.053
-1.494 2.337 1.629
-1.221 4.073 2.395
-1.589 1.361 1.054
-1.577 1.167 1.079
-1.624 1.097 1.201
-1.795 -0.943 1.122
-1.760 -0.395 0.999
-1.772 -1.033 1.033
-1.792 -1.375 1.111
-1.799 -1.397 1.144
-1.664 -1.461 1.083
-1.455 -1.480 1.025
-1.349 -1.774 1.082
-1.331 -1.595 1.062
-1.358 -1.835 1.159
3.114 1.363 1.394
2.238 1.434 1.085
-0.100 1.781 0.676
-0.447 1.813 0.810
-0.547 1.837 0.760
-0.037 1.764 0.741
-0.176 1.783 0.787
-1.596 1.800 0.884
-1.395 3.108 1.148
-1.800 1.808 1.061
-1.441 2.667 0.978
-1.329 1.767 0.927
-1.606 1.160 0.771
-1.629 1.085 0.843
-1.664 0.514 0.675
-1.686 0.151 0.716
-1.713 -0.117 0.607
-1.716 -0.163 0.699
-1.327 -1.505 0.710
-1.343 -1.688 0.759
-1.751 -1.165 0.732
-1.370 -1.970 0.781
-1.367 -7.155 2.231
0.075 1.728 0.480
0.092 1.754 0.391
-0.128 1.761 0.477
-0.099 1.768 0.450
-1.643 0.894 0.491
-1.654 0.908 0.470
-1.278 1.745 0.565
-1.641 0.794 0.557
-1.302 1.768 0.498
-0.395 1.787 0.496
-1.511 1.787 0.522
-1.498 1.784 0.455
-1.660 0.624 0.381
-1.756 1.802 0.625
-0.479 1.811 0.461
-1.787 1.812 0.514
0.224 1.677 0.241
0.106 1.743 0.325
-0.025 1.760 0.308
-0.025 1.757 0.253
2.007 1.471 0.310
-0.577 1.835 0.282
-0.527 1.831 0.266
-0.689 1.856 0.296
-1.399 2.502 0.371
-1.577 1.157 0.309
-0.189 -2.135 0.229
1.041 -2.456 0.135
0.425 -2.693 0.156
0.088 1.756 0.035
-1.350 -2.705 0.105
-1.747 -1.359 0.109
-1.064 -2.517 0.085
0.962 -2.654 0.097
-1.363 -1.840 0.099
-1.603 0.731 -0.048
-1.657 0.612 -0.048
-0.762 -2.412 0.100
-0.547 -2.621 0.083
0.912 3.310 0.074
0.362 1.653 0.116
-0.283 1.817 0.095
-0.426 1.830 0.090
-0.582 1.859 0.085
-1.641 1.784 0.050
-0.761 -2.582 0.256
2.347 1.430 0.218
0.025 1.759 0.254
-0.291 1.798 0.267
-0.212 1.786 0.243
0.400 1.657 0.247
0.250 1.672 0.213
0.274 1.669 0.248
-0.523 1.825 0.233
-1.401 2.262 0.317
-1.360 1.764 0.302
-0.002 1.758 0.224
5.986 -0.167 1.161
3.301 1.339 0.869
2.863 1.380 0.794
2.554 1.409 0.659
2.482 1.423 0.706
2.176 1.447 0.647
-0.806 1.772 0.524
-1.051 1.801 0.545
-0.991 1.781 0.542
-1.260 1.763 0.562
-0.160 1.771 0.457
-0.304 1.795 0.429
-1.401 1.769 0.591
-0.474 1.821 0.457
-1.638 0.873 0.493
-1.801 1.812 0.576
-1.617 -1.464 0.700
0.056 -7.557 2.233
-1.210 -7.061 2.227
6.054 0.646 2.015
2.014 1.679 1.001
2.845 1.383 1.253
2.809 1.383 0.966
2.272 4.748 2.015
2.362 1.427 0.953
2.232 1.445 1.005
1.887 4.788 1.952
2.108 2.769 1.226
1.521 4.796 1.824
1.564 4.813 1.905
0.951 1.613 0.775
0.495 4.733 1.820
-0.068 1.772 0.695
-0.210 1.785 0.770
-0.365 1.800 0.736
-0.491 1.832 0.806
-0.583 1.830 0.778
-1.394 3.115 1.311
-1.472 2.570 1.174
-1.476 1.787 0.961
-1.589 1.174 0.868
-1.695 0.131 0.748
-1.699 0.007 0.803
-1.633 0.555 0.824
-1.782 -0.937 0.784
-1.336 -1.640 0.897
3.412 -2.803 2.177
-1.355 -1.800 1.014
-1.368 -1.927 0.998
0.105 1.747 1.045
-0.154 1.775 1.042
2.048 1.454 1.192
2.508 -3.940 2.189
-0.295 1.798 1.071
-0.215 1.791 1.105
1.214 4.261 2.171
2.024 1.787 1.600
4.342 0.782 2.010
-0.343 1.802 1.076
4.154 -1.200 2.152
2.036 2.036 1.602
0.549 4.340 2.173
3.356 -3.108 2.179
-1.379 1.766 1.319
-1.664 1.802 1.425
-1.665 0.463 1.120
-1.675 0.351 1.104
-1.670 0.398 1.073
-1.683 0.265 1.067
-1.705 -0.077 1.070
-1.800 -1.363 1.440
-1.734 -0.326 1.117
-1.374 -1.498 1.358
-1.347 -1.691 1.408
-1.777 -0.990 1.347
0.279 -3.264 2.154
1.667 -2.814 2.142
1.722 -2.849 2.149
1.893 -2.730 2.145
1.096 -3.084 2.169
2.349 -2.232 2.144
1.491 -2.937 2.165
2.580 -2.149 2.139
2.046 2.152 2.102
2.015 2.157 2.137
1.947 2.364 2.145
1.085 2.596 2.147
0.957 2.628 2.151
0.729 2.864 2.148
0.733 2.726 2.145
-0.135 2.822 2.153
-0.557 2.829 2.158
0.538 2.916 2.150
-0.506 2.803 2.153
0.335 2.911 2.156
0.088 3.005 2.157
-0.456 1.725 1.438
-1.066 2.595 2.162
0.009 2.769 2.150
-1.646 1.078 1.525
-1.634 0.499 1.404
-1.800 -0.034 1.641
-1.796 -0.158 1.563
-1.755 -0.374 1.449
-1.748 -0.353 1.359
-1.911 -0.524 1.625
-1.674 -0.587 1.665
-1.935 -0.634 1.572
-1.958 -0.803 1.576
-1.674 -1.478 1.719
-1.492 -1.488 1.837
-1.759 -1.135 1.955
-1.346 -1.697 1.909
-1.790 -1.362 1.948
-1.791 -1.339 1.822
-1.796 -1.375 1.734
-1.274 -1.932 2.132
-0.809 -2.269 2.136
-1.310 -2.418 2.137
-0.575 -2.607 2.141
-1.173 -2.212 2.130
-0.662 -2.306 2.135
-1.041 -2.081 2.128
-1.007 -2.260 2.141
-0.994 -2.387 2.141
-0.862 -2.324 2.141
-0.253 -2.387 2.135
0.320 -2.565 2.143
0.187 -2.432 2.134
0.440 -2.488 2.136
0.337 -2.427 2.133
0.489 -2.447 2.137
0.642 -2.394 2.134
0.561 -2.437 2.139
0.795 -2.363 2.134
1.101 -2.186 2.101
1.179 -2.117 2.098
1.081 -2.235 2.104
1.275 -2.176 2.104
1.470 -1.924 2.103
1.681 -1.751 2.103
1.880 -1.141 2.112
2.052 -1.401 2.120
2.194 -0.508 2.120
1.961 -1.015 2.115
2.238 -0.374 2.119
2.100 -0.203 2.112
2.386 -0.321 2.117
2.260 -0.220 2.119
2.113 -0.912 2.123
2.137 0.574 2.109
2.397 -0.154 2.114
2.267 -0.066 2.115
2.043 0.027 2.112
2.397 -0.021 2.114
2.383 0.183 2.111
2.183 0.239 2.107
2.004 0.281 2.111
2.332 0.369 2.115
1.925 1.401 2.122
1.765 1.293 2.113
1.849 1.485 2.011
1.343 1.526 1.893
1.366 1.532 2.007
0.906 1.569 1.803
0.895 1.570 1.902
0.293 1.671 1.695
0.103 1.617 1.697
0.485 1.658 1.705
-0.141 1.708 1.689
-0.209 1.641 1.698
-0.155 1.636 1.695
-0.728 1.710 1.911
-0.663 1.706 1.825
-1.232 1.600 2.128
-1.563 1.209 2.055
-1.088 1.746 2.000
-1.452 1.729 2.343
-1.595 0.863 1.975
-1.689 0.743 1.733
-1.583 0.465 1.877
-1.591 0.372 1.905
-1.576 0.437 1.563
-1.647 -0.318 1.931
-1.593 0.307 1.767
-1.679 -0.598 1.734
-1.676 -0.691 2.147
-1.701 -0.872 2.203
-1.697 -0.901 1.754
-1.196 -1.474 2.130
-1.763 -1.130 2.261
-1.170 -1.745 2.130
-0.998 -1.612 2.131
-1.420 -1.183 2.138
-1.649 -1.476 2.197
-1.343 -1.243 2.133
-0.925 -1.994 2.132
-0.237 -2.055 2.123
-1.484 -1.489 2.096
-0.215 -2.102 2.133
-1.402 -1.495 1.972
-1.232 -1.369 2.135
-0.811 -1.974 2.136
-0.731 -2.068 2.128
0.126 -2.026 2.129
0.252 -2.030 2.129
0.293 -2.026 2.129
0.956 -1.751 2.121
1.386 -1.187 2.119
1.555 -1.542 2.119
1.652 -1.440 2.121
1.584 -1.291 2.113
1.533 -1.156 2.118
1.753 -1.370 2.121
1.850 -1.248 2.119
2.008 -0.288 2.108
1.686 -0.169 2.120
1.898 -1.089 2.119
1.689 -0.065 2.123
2.018 -0.995 2.120
1.857 -0.865 2.115
1.744 -0.721 2.117
2.078 0.638 2.110
1.684 0.039 2.124
2.059 -0.856 2.119
1.538 0.606 2.107
1.976 0.112 2.101
2.106 -0.678 2.119
1.680 0.688 2.111
1.492 0.627 2.113
1.771 0.909 2.114
1.671 0.330 2.118
1.570 0.973 2.111
2.124 0.500 2.112
1.248 1.535 2.033
1.109 1.275 2.110
1.026 1.457 2.119
1.280 1.069 2.116
0.928 1.571 2.042
1.341 1.249 2.107
0.778 1.581 1.914
0.791 1.578 1.990
1.269 1.289 2.118
0.689 1.594 2.029
0.603 1.595 2.107
-0.896 1.426 2.115
-0.947 1.399 2.115
-1.563 1.229 2.129
-0.985 1.642 2.119
-1.548 1.055 2.312
-1.033 1.319 2.117
-1.103 1.518 2.124
-1.594 0.910 2.105
-1.139 1.288 2.126
-1.600 0.728 2.151
-1.614 0.595 2.228
-1.489 1.597 2.337
-1.252 1.056 2.129
-1.612 0.515 2.274
-1.607 0.134 2.222
-1.662 -0.399 1.902
-1.670 -0.463 2.292
-1.664 -0.538 1.779
-1.449 -0.720 2.139
-1.701 -0.897 2.151
-1.691 -0.934 2.340
-1.745 -1.190 2.328
-1.303 -0.956 2.139
-1.486 -1.201 2.136
-1.092 -1.410 2.130
-0.315 -1.817 2.126
-0.710 -1.624 2.126
0.080 -1.871 2.133
0.304 -1.815 2.132
0.427 -1.805 2.132
0.535 -1.761 2.136
0.876 -1.784 2.125
0.958 -1.529 2.125
0.952 -1.450 2.127
1.490 -1.220 2.122
1.262 -1.118 2.120
1.362 -1.185 2.126
1.453 -0.761 2.120
1.496 -0.611 2.117
1.589 0.111 2.125
1.502 0.502 2.108
1.481 0.579 2.105
2.068 0.410 2.110
1.561 0.771 2.114
1.687 0.447 2.114
1.504 0.873 2.112
1.087 1.236 2.114
1.469 0.953 2.115
1.072 1.508 2.121
1.474 1.166 2.116
1.323 0.955 2.115
1.299 1.162 2.117
0.323 1.623 1.970
-0.297 1.674 2.027
-1.235 1.553 2.128
-1.279 1.141 2.127
-1.577 1.086 2.169
-1.547 0.821 2.340
-1.577 0.684 2.310
-1.591 0.441 2.268
-1.577 0.454 2.016
-1.587 0.347 2.223
-1.629 -0.150 1.820
-1.592 0.302 2.007
-1.599 0.246 2.219
-1.654 -0.367 2.209
-1.671 -0.582 1.972
-1.675 -0.638 2.173
-1.690 -0.792 1.886
-1.763 -1.133 2.140
-1.514 -1.122 2.164
-1.395 -0.991 2.139
-1.448 -1.146 2.138
-1.339 -1.509 2.031
0.081 -2.005 2.128
0.890 -1.598 2.126
0.980 -1.952 2.115
1.107 -1.847 2.100
1.164 -1.396 2.126
1.369 -1.601 2.104
0.791 -1.800 2.131
1.324 -1.235 2.127
1.768 -0.155 2.129
2.169 -0.765 2.118
1.788 -0.071 2.128
2.109 0.159 2.106
2.215 -0.614 2.117
2.051 -0.571 2.123
1.848 -0.495 2.113
1.789 0.224 2.128
1.687 0.562 2.112
1.933 1.076 2.106
-0.087 1.648 1.791
-1.122 1.690 2.127
-0.023 1.643 1.770
-0.006 1.632 1.700
1.701 1.022 2.114
-1.159 1.751 1.982
-0.196 1.674 1.842
-1.621 0.656 1.874
0.861 1.567 1.917
-0.127 1.651 1.773
-1.345 1.767 2.083
1.556 0.995 2.117
-1.181 1.376 2.126
-0.285 1.672 1.867
-1.533 1.555 2.127
1.403 1.191 2.115
0.431 1.612 1.793
-0.487 1.699 1.833
-1.550 1.330 2.041
-1.774 -1.244 1.946
-1.553 1.310 1.878
-1.768 0.179 1.575
-1.711 -0.932 2.052
-1.753 -1.136 2.062
-0.637 1.698 1.945
0.360 1.615 1.771
-1.567 1.160 1.955
-1.798 0.093 1.643
-1.680 -0.646 1.702
-1.681 -0.744 1.631
1.000 1.565 1.891
-1.576 1.000 1.878
-0.808 1.724 1.848
-1.693 -0.885 1.690
-1.688 -0.696 1.974
-1.534 -1.486 2.122
-1.756 -1.116 1.816
-1.757 -1.092 1.928
-1.348 -1.631 2.021
-1.349 -1.631 2.028
-1.169 -2.081 2.133
-1.226 -1.814 2.132
-1.124 -2.039 2.134
-1.069 -1.977 2.131
-0.968 -2.081 2.132
-0.860 -2.174 2.138
-0.721 -2.227 2.137
-0.701 -2.216 2.131
-0.560 -2.272 2.131
-0.649 -2.187 2.133
-0.460 -2.297 2.135
-0.666 -2.268 2.134
-0.414 -2.320 2.133
-0.265 -2.362 2.138
-0.095 -2.339 2.131
-0.108 -2.409 2.134
0.070 -2.358 2.140
-0.070 -2.442 2.133
0.038 -2.419 2.128
0.260 -2.232 2.128
0.394 -2.378 2.136
0.538 -2.185 2.127
1.158 -1.838 2.094
1.227 -1.823 2.099
0.794 -2.456 2.139
1.521 -2.158 2.106
1.389 -1.871 2.099
1.357 -1.716 2.110
1.654 -2.062 2.110
1.548 -1.909 2.097
1.518 -1.728 2.115
1.467 -1.625 2.102
1.688 -1.819 2.089
2.536 -1.118 2.127
1.750 -1.608 2.132
2.364 -1.001 2.131
2.598 -0.007 2.126
2.244 0.044 2.114
2.509 0.531 2.116
2.363 0.450 2.114
2.417 0.914 2.116
2.280 0.793 2.105
2.126 0.777 2.111
2.249 1.197 2.114
1.854 1.483 2.037
1.565 1.506 1.865
0.882 2.435 2.151
1.441 1.523 1.843
0.937 2.407 2.145
0.976 2.349 2.146
0.821 2.466 2.149
1.334 1.539 1.782
1.474 2.156 2.149
0.712 2.506 2.153
0.536 2.563 2.155
-0.462 2.445 2.150
-0.459 2.529 2.161
-0.587 2.522 2.155
0.083 2.528 2.155
-0.174 2.487 2.149
-0.102 2.536 2.152
-1.506 1.765 1.946
-1.169 1.746 1.880
-1.591 1.193 1.710
-1.372 1.764 1.820
-2.319 1.169 2.130
-2.816 0.463 2.139
-3.072 0.169 2.142
-1.756 0.072 1.624
-2.674 0.017 2.135
-1.901 -0.711 1.695
-1.947 -0.837 1.654
-1.810 -0.072 1.616
-1.865 -0.917 1.545
-1.801 -0.928 1.587
-1.742 -1.067 1.572
-1.762 -1.192 1.475
-1.435 -1.504 1.589
-1.336 -1.527 1.521
-1.771 -1.219 1.584
-1.747 -1.038 1.662
-1.342 -1.536 1.558
-1.772 -1.188 1.639
-1.766 -1.184 1.694
-0.866 -2.911 2.155
-1.361 -1.817 1.678
-1.345 -2.663 2.144
-1.196 -2.768 2.146
-1.452 -2.536 2.151
-1.174 -2.763 2.143
-1.315 -2.674 2.146
-1.017 -2.847 2.148
0.784 -2.793 2.146
0.812 -3.190 2.151
0.858 -3.116 2.150
0.981 -2.727 2.150
2.050 -2.119 2.140
2.155 -1.951 2.134
2.852 -1.767 2.138
3.602 -0.709 2.146
3.370 -0.719 2.138
2.611 -1.328 2.132
3.054 0.507 2.126
3.058 1.305 2.128
3.050 0.291 2.135
2.006 1.735 1.743
0.100 1.750 1.136
0.087 1.748 1.119
-0.135 1.772 1.104
-0.447 1.819 1.153
-1.582 1.169 1.237
-1.633 1.119 1.333
-1.782 1.810 1.681
-1.700 -0.019 1.068
-1.723 -0.187 1.056
-1.749 -0.368 1.015
-1.760 -1.254 1.151
-1.366 -1.968 1.299
-1.940 -3.031 1.884
-1.795 -1.426 1.176
-1.935 -3.110 1.963
-1.535 -3.959 2.204
-1.572 -1.479 1.187
-1.366 -1.869 1.237
-1.365 -1.492 1.164
-1.367 -1.893 1.261
3.245 -3.058 2.179
4.151 -0.944 2.168
3.017 1.361 1.539
2.114 1.447 1.136
2.125 2.897 1.537
-0.014 1.761 0.801
-0.238 1.794 0.778
-0.635 1.845 0.937
-1.674 1.798 0.961
-1.346 3.503 1.508
-1.428 2.941 1.481
-1.428 2.952 1.402
-1.614 1.108 0.826
-1.466 2.621 1.203
-1.698 0.087 0.752
-1.700 -0.046 0.694
-1.739 -0.284 0.709
-1.789 -0.947 0.744
-1.740 -1.044 0.749
-1.753 -1.160 0.851
-1.787 -1.349 0.888
-1.363 -1.912 0.866
-1.484 -6.137 2.241
-1.066 -6.453 2.228
4.237 -0.299 1.088
0.984 1.527 0.553
2.147 1.447 0.779
2.016 1.752 0.731
0.868 1.614 0.616
0.457 1.661 0.498
-0.325 1.796 0.590
-1.643 0.867 0.437
-1.634 0.744 0.561
-1.666 0.723 0.428
-1.680 0.586 0.505
-1.670 0.563 0.580
-1.671 0.443 0.411
-1.690 -0.068 0.554
-1.660 0.348 0.450
-1.646 0.263 0.489
-1.651 0.224 0.442
3.407 -9.590 2.149
5.687 -3.188 1.316
4.356 1.254 0.586
3.723 1.316 0.697
3.166 1.357 0.576
0.133 1.736 0.304
0.006 1.753 0.305
-0.559 1.832 0.409
-0.155 1.770 0.313
-0.285 1.791 0.344
-1.414 2.207 0.390
-1.561 1.787 0.433
-1.802 1.811 0.383
-1.613 1.033 0.378
-1.644 0.260 0.338
-1.703 0.158 0.340
-1.653 -1.473 0.247
0.411 -2.689 0.186
0.603 -2.701 0.175
-1.630 0.615 0.029
2.209 1.452 0.112
2.177 1.453 0.148
-1.738 -1.454 0.135
-0.988 -2.849 0.088
-0.164 -2.162 0.147
-1.594 0.807 0.007
-1.379 -2.072 0.076
-1.644 0.641 -0.065
-0.116 1.795 0.061
0.143 1.704 0.073
-0.544 1.838 0.043
-0.014 1.762 0.074
-0.993 -2.799 0.259
0.448 -2.690 0.189
0.636 -2.695 0.189
0.851 -3.007 0.154
-0.068 1.779 0.220
-0.202 1.792 0.218
-1.410 3.279 0.261
-1.553 1.777 0.248
-1.812 1.807 0.265
-0.738 -2.543 0.374
2.567 1.414 0.554
2.246 1.441 0.519
2.214 1.438 0.592
0.132 1.766 0.408
0.455 1.674 0.310
-0.476 1.822 0.341
-0.441 1.821 0.408
-0.514 1.826 0.445
-1.250 1.754 0.473
-1.619 1.095 0.490
-1.635 0.935 0.446
-1.644 0.982 0.473
-1.661 0.419 0.448
-1.365 -1.959 0.683
-2.011 -3.735 1.225
3.695 -6.323 1.839
2.315 1.431 0.821
2.216 1.441 0.957
2.201 4.745 1.617
6.396 -2.237 1.756
2.228 4.739 1.750
2.008 1.682 0.803
2.019 1.741 0.970
1.808 4.791 1.603
2.040 2.006 0.953
0.353 1.658 0.607
0.408 1.666 0.636
-0.310 1.793 0.639
2.115 2.813 1.115
-0.272 1.794 0.663
0.101 1.738 0.613
0.166 1.690 0.628
-0.369 1.805 0.696
-0.037 1.755 0.605
-0.203 1.776 0.601
-1.681 1.807 0.909
-0.659 1.849 0.682
-1.438 2.688 1.046
-1.444 1.783 0.844
-1.359 1.765 0.824
-1.296 1.767 0.809
-1.627 1.103 0.724
-1.662 0.580 0.625
-1.656 0.498 0.647
-1.673 0.186 0.697
-1.662 0.258 0.601
-1.662 0.103 0.577
-1.777 -0.763 0.795
-1.501 -1.479 0.746
-1.719 -0.242 0.647
-1.736 -1.042 0.803
-1.336 -1.635 0.971
-1.772 -1.309 1.000
-1.346 -1.736 0.945
-1.378 -2.042 0.923
4.053 -2.288 1.968
4.157 -1.194 1.984
4.237 -0.304 1.959
4.262 -0.019 1.974
4.337 0.762 1.920
2.519 1.413 1.308
2.256 1.438 1.129
2.207 1.441 1.201
2.053 2.042 1.269
2.047 2.080 1.368
0.095 1.749 0.940
1.239 4.827 2.163
-1.487 2.447 1.465
-0.698 1.857 1.087
-1.374 1.771 1.222
-1.542 1.785 1.269
-1.640 1.095 1.058
-1.779 1.793 1.350
-1.599 1.222 1.161
-1.727 -0.144 1.042
-1.766 -0.399 1.031
-1.780 -0.970 1.305
-1.781 -0.971 1.204
-1.736 -1.035 1.322
-1.740 -1.092 1.082
-1.764 -1.217 1.231
-1.794 -1.401 1.387
-1.792 -1.380 1.327
-1.370 -1.913 1.276
1.689 -3.126 2.156
1.741 -3.163 2.160
1.950 -3.050 2.158
2.027 -2.831 2.151
1.987 -3.096 2.165
2.418 -2.553 2.141
2.442 -2.310 2.137
2.603 -2.660 2.156
2.625 -2.149 2.140
3.009 -1.545 2.143
3.127 -1.616 2.139
3.486 -0.005 2.146
3.432 0.229 2.140
2.931 0.436 2.117
3.379 -0.951 2.144
3.232 -0.278 2.140
2.100 1.462 1.880
2.102 1.462 1.548
3.253 1.355 2.058
2.037 1.997 1.842
2.033 2.079 2.075
2.055 2.285 2.007
0.897 2.966 2.144
0.683 3.145 2.173
0.223 3.308 2.170
0.242 3.198 2.166
0.277 3.113 2.157
-0.237 3.195 2.161
-0.466 3.122 2.155
-1.025 2.879 2.165
-0.902 2.966 2.164
-1.381 1.759 1.696
-1.576 1.186 1.505
-1.640 0.529 1.279
-3.023 0.910 2.126
-2.767 -0.114 2.142
-1.718 -1.468 1.593
-2.915 -0.668 2.144
-1.614 -1.480 1.766
-1.522 -1.492 1.509
-1.339 -1.565 1.446
-1.354 -1.661 1.689
-1.678 -0.784 1.599
-1.945 -0.894 1.717
-1.693 -0.929 1.554
-1.783 -1.002 1.550
-1.317 -2.221 2.131
-1.322 -2.373 2.136
-1.163 -2.379 2.132
-1.795 -1.428 1.955
-1.109 -2.682 2.135
-0.704 -2.822 2.146
-0.761 -2.432 2.131
-0.706 -2.583 2.140
-0.615 -2.487 2.135
-0.467 -2.534 2.138
0.628 -2.577 2.137
0.791 -2.535 2.139
-0.307 -2.586 2.140
-0.158 -2.596 2.139
1.185 -2.248 2.106
0.210 -2.647 2.142
1.342 -2.167 2.100
1.237 -2.297 2.103
1.435 -2.025 2.097
1.283 -2.346 2.108
1.434 -2.264 2.104
1.826 -1.718 2.101
1.930 -1.407 2.116
1.999 -1.270 2.116
2.493 -0.744 2.126
2.165 -0.994 2.120
2.225 -0.847 2.121
2.583 -0.185 2.122
2.789 -0.167 2.127
2.411 0.108 2.121
2.591 0.173 2.123
2.178 0.301 2.109
2.700 0.657 2.118
2.249 0.721 2.106
1.618 1.507 1.902
1.545 1.514 1.985
2.413 0.874 2.113
2.018 0.866 2.113
1.418 1.523 1.899
2.129 0.996 2.109
1.214 1.548 1.848
2.247 1.158 2.115
1.052 1.565 1.795
2.353 1.344 2.111
2.160 1.304 2.117
0.588 2.338 2.150
1.800 1.175 2.113
0.468 1.653 1.704
2.063 1.445 2.119
0.419 2.426 2.143
1.155 2.283 2.138
1.917 1.478 1.921
0.813 1.575 1.766
0.206 2.433 2.146
1.746 1.495 2.095
0.257 2.346 2.140
0.247 2.324 2.143
0.055 2.417 2.151
0.765 2.276 2.140
0.124 2.286 2.137
0.139 2.268 2.144
-0.078 2.325 2.136
-0.034 2.299 2.146
-0.250 2.340 2.148
-0.770 1.710 1.822
-1.031 1.737 1.951
-1.289 1.756 1.942
-1.531 1.517 2.144
-1.522 1.692 2.107
-1.541 1.375 2.042
-1.535 1.477 1.977
-1.563 1.143 2.015
-1.553 1.264 1.941
-1.669 1.013 1.879
-1.620 0.750 1.869
-1.660 0.701 1.803
-1.582 0.449 1.803
-1.677 -0.697 1.586
-1.688 -0.868 1.784
-1.678 -0.584 1.940
-1.775 -1.221 1.998
-1.265 -1.489 2.131
-1.762 -1.470 2.321
-1.363 -1.862 2.120
-1.386 -1.345 2.134
-1.267 -1.854 2.133
-1.496 -1.493 2.016
-0.510 -2.215 2.134
-0.248 -2.082 2.128
0.539 -2.101 2.133
0.020 -2.127 2.134
0.040 -2.097 2.132
0.158 -2.132 2.132
0.935 -1.992 2.123
0.383 -2.097 2.130
0.478 -2.088 2.138
1.541 -1.617 2.098
1.076 -1.971 2.165
1.176 -1.849 2.090
0.634 -1.991 2.135
1.655 -1.212 2.116
1.733 -1.255 2.121
1.923 -1.279 2.117
1.684 -0.701 2.112
2.266 -0.598 2.120
1.779 -0.151 2.132
1.716 0.286 2.111
1.622 0.601 2.109
2.020 0.941 2.109
1.267 1.534 2.022
1.864 1.258 2.115
1.113 1.529 2.121
0.926 1.566 1.843
1.578 1.428 2.117
1.397 1.324 2.113
0.650 1.597 1.808
0.277 1.624 1.826
-0.583 1.701 1.987
-0.949 1.491 2.122
-0.918 1.696 2.131
-1.033 1.462 2.122
-1.097 1.448 2.118
-1.503 1.542 2.326
-1.540 1.171 2.271
-1.564 1.185 2.187
-1.589 0.864 2.157
-1.600 0.713 2.252
-1.605 0.761 2.117
-1.607 0.730 1.932
-1.617 0.050 2.144
-1.615 0.032 1.969
-1.691 0.700 1.898
-1.599 0.484 1.907
-1.641 -0.150 2.187
-1.600 0.360 2.151
-1.588 0.326 1.933
-1.644 -0.251 2.207
-1.607 0.254 2.143
-1.636 -0.250 1.992
-1.698 -0.841 2.254
-1.600 0.133 1.963
-1.705 -0.978 2.331
-1.664 -0.505 2.074
-1.378 -0.886 2.131
-1.542 -1.025 2.195
-1.561 -1.227 2.192
-1.675 -1.448 2.308
-1.163 -1.253 2.132
-1.101 -1.289 2.129
-0.958 -1.432 2.127
-0.791 -1.616 2.129
-0.594 -1.675 2.131
-0.494 -1.726 2.129
0.791 -1.694 2.128
0.913 -1.478 2.128
1.020 -1.560 2.122
1.617 -1.326 2.113
1.061 -1.500 2.124
1.117 -1.373 2.124
0.635 -1.706 2.133
1.709 -1.257 2.118
1.411 -0.853 2.117
1.205 -1.205 2.125
1.574 -0.857 2.123
1.622 -0.754 2.121
1.510 -1.431 2.125
1.596 -0.130 2.127
1.745 0.003 2.128
1.772 0.143 2.128
1.757 0.259 2.127
1.592 0.253 2.125
1.066 1.264 2.113
0.990 1.422 2.118
1.271 1.009 2.107
0.922 1.390 2.115
1.207 1.095 2.107
1.263 1.340 2.112
1.212 1.261 2.113
1.158 1.149 2.110
0.709 1.546 2.115
1.221 1.548 2.097
-0.354 1.676 2.104
-0.854 1.419 2.118
-1.019 1.264 2.117
-1.149 1.572 2.124
-1.091 1.180 2.115
-1.320 1.078 2.134
-1.520 1.363 2.334
-1.585 0.664 2.286
-1.510 1.143 2.336
-1.569 1.219 2.273
-1.564 1.205 2.103
-1.354 0.849 2.164
-1.605 0.294 2.256
-1.613 0.193 2.250
-1.714 -0.993 2.007
-1.429 -0.741 2.139
-1.008 -1.473 2.131
1.796 -1.280 2.118
1.893 1.028 2.111
1.762 0.945 2.111
1.610 -0.946 2.120
2.017 0.156 2.112
1.623 1.130 2.111
1.030 -1.379 2.128
1.591 1.417 2.118
-1.639 -0.518 2.326
1.825 0.229 2.117
1.563 -0.660 2.117
1.912 -0.650 2.112
1.965 0.416 2.111
1.756 -0.621 2.119
1.800 0.348 2.116
-1.220 -1.222 2.134
1.370 1.530 2.032
-1.691 -0.784 2.251
1.347 -1.307 2.123
1.783 0.478 2.112
1.261 -1.200 2.127
-0.473 -1.777 2.123
1.488 -1.371 2.119
1.903 0.697 2.112
1.777 -0.339 2.115
-1.096 -1.335 2.130
-1.048 -1.491 2.125
0.981 1.565 1.951
2.003 -0.264 2.111
0.854 1.573 2.008
0.199 1.621 1.831
-0.289 1.673 1.954
-1.343 1.767 2.204
-1.227 1.385 2.131
-1.533 1.544 2.268
-0.649 1.710 1.909
-0.792 1.724 2.028
-1.556 1.166 1.891
-0.876 1.533 2.123
-0.903 1.661 2.119
-1.642 0.837 1.776
-1.674 0.760 1.837
-1.675 0.618 1.747
-1.624 -0.071 1.974
-1.656 -0.400 1.604
-1.653 -0.356 2.009
-1.676 -0.602 1.663
-1.759 -1.156 2.183
-1.775 -1.301 2.166
-1.607 -1.482 2.027
-1.701 -0.917 1.811
-1.343 -1.628 2.076
-0.942 -1.980 2.131
-1.317 -1.610 2.121
-1.299 -1.763 2.135
-1.005 -1.844 2.130
-1.145 -1.832 2.130
-1.113 -1.961 2.132
-1.066 -1.916 2.133
-0.648 -2.075 2.128
-0.204 -2.260 2.135
-0.118 -2.231 2.132
-0.008 -2.209 2.137
0.026 -2.246 2.131
0.130 -2.203 2.134
0.227 -2.156 2.127
0.312 -2.193 2.136
0.359 -2.250 2.133
0.388 -2.326 2.132
0.488 -2.256 2.133
0.652 -2.177 2.137
0.694 -2.077 2.139
0.733 -2.312 2.132
0.816 -2.141 2.131
0.806 -2.058 2.133
0.863 -1.900 2.126
0.941 -1.874 2.129
1.337 -2.051 2.098
1.296 -1.774 2.085
1.438 -1.698 2.156
1.627 -1.868 2.094
2.110 -1.109 2.126
1.952 -1.040 2.125
1.800 -1.755 2.103
1.906 -0.739 2.113
1.662 -1.167 2.120
1.949 -0.611 2.113
2.382 0.142 2.111
2.071 0.285 2.117
2.455 0.693 2.113
1.755 1.494 1.927
2.233 0.786 2.107
1.731 1.268 2.113
1.705 1.383 2.115
2.079 1.095 2.119
2.155 1.351 2.120
1.422 1.524 1.988
1.199 1.548 1.922
0.916 2.271 2.152
0.710 2.230 2.144
0.380 2.361 2.145
-0.330 2.402 2.163
0.315 2.366 2.145
0.150 2.383 2.148
-1.427 1.772 2.184
-0.013 2.383 2.147
0.064 2.482 2.146
-0.245 2.315 2.148
-0.164 2.422 2.150
-1.079 1.742 1.881
-1.617 1.111 1.793
-1.271 1.760 2.089
-1.281 1.763 1.880
-2.413 1.287 2.145
-2.189 0.974 2.136
-1.789 0.111 1.613
-1.795 -0.015 1.610
-2.825 -0.180 2.131
-1.671 -0.367 1.555
-1.901 -0.494 1.709
-1.940 -0.767 1.693
-1.678 -0.682 1.654
-1.678 -0.780 1.684
-1.762 -1.155 1.760
-1.800 -1.462 1.763
-1.787 -1.350 1.873
-1.765 -1.462 1.952
-1.352 -1.663 1.635
-0.857 -2.644 2.143
-1.463 -2.328 2.141
-0.617 -2.678 2.136
-1.354 -2.453 2.141
0.486 -2.631 2.134
-0.308 -2.770 2.144
-1.423 -2.284 2.133
-0.458 -2.774 2.140
-0.171 -2.749 2.148
-1.261 -2.379 2.132
-1.025 -2.592 2.142
-0.001 -2.744 2.146
-1.115 -2.494 2.138
0.803 -2.959 2.150
-0.971 -2.573 2.137
-0.063 -2.840 2.145
0.937 -2.673 2.153
0.047 -2.796 2.144
0.980 -2.502 2.137
0.099 -2.867 2.143
1.105 -2.604 2.147
0.290 -2.852 2.147
1.599 -2.429 2.114
1.751 -2.330 2.119
1.713 -2.211 2.109
2.029 -2.470 2.132
1.777 -1.956 2.110
2.138 -1.615 2.135
2.532 -1.693 2.131
2.484 -1.382 2.125
2.933 -1.410 2.135
2.742 -1.296 2.128
2.592 -1.265 2.138
2.424 -1.170 2.127
2.487 -1.005 2.129
2.955 -0.959 2.134
2.752 -0.916 2.138
3.305 -0.558 2.136
2.762 0.342 2.125
2.762 0.158 2.125
3.302 0.636 2.139
2.821 1.367 2.118
2.610 1.115 2.121
1.703 2.575 2.145
1.439 2.806 2.146
2.422 1.427 2.058
0.954 3.063 2.151
0.480 3.223 2.178
0.022 3.205 2.165
0.026 3.230 2.166
-0.241 3.104 2.157
-0.445 3.071 2.159
-1.598 1.234 1.446
-1.598 1.217 1.297
-1.588 1.162 1.201
-1.316 1.767 1.420
-1.544 1.778 1.425
-1.791 1.797 1.532
-1.738 -0.344 1.177
-1.753 -0.376 1.232
-1.787 -0.977 1.192
-1.818 -0.919 1.300
-1.786 -1.034 1.320
-1.777 -1.312 1.316
-1.756 -1.154 1.361
-1.789 -1.337 1.353
-1.341 -1.683 1.248
-1.330 -1.571 1.232
-1.353 -1.735 1.348
-1.377 -2.036 1.484
-1.953 -3.265 2.260
-1.555 -3.465 2.181
-1.366 -3.555 2.184
-0.261 -4.074 2.188
-1.308 -3.603 2.183
1.855 -3.721 2.177
2.928 -2.319 2.152
2.248 -2.967 2.164
2.429 -2.819 2.159
4.095 -1.824 2.090
3.849 -0.604 2.161
3.896 -0.352 2.156
2.571 1.412 1.387
4.330 0.685 1.984
4.329 0.935 2.162
2.520 1.418 1.531
2.016 1.734 1.377
-0.103 1.771 0.963
-0.387 1.806 0.980
-1.392 1.770 1.192
-1.442 1.779 1.006
-1.601 1.358 1.118
-1.580 1.164 1.053
-1.737 -0.364 0.844
-1.709 -0.106 0.811
-1.785 -1.336 0.981
-1.569 -1.466 0.894
-1.685 -1.458 0.999
-1.503 -1.474 0.917
-1.748 -1.075 0.857
-1.794 -1.038 0.961
-1.483 -1.476 0.923
-1.338 -1.677 0.909
-1.330 -1.550 0.924
-1.378 -2.030 1.025
-1.968 -3.298 1.530
0.871 -5.475 2.222
3.592 -4.824 2.210
1.120 1.506 0.658
0.295 1.681 0.587
-0.074 1.766 0.655
0.508 1.654 0.626
-0.134 1.759 0.644
-0.674 1.777 0.585
-0.245 1.773 0.639
-0.473 1.822 0.723
-1.451 2.288 0.893
-1.444 2.282 0.812
-1.311 1.767 0.755
-1.556 1.784 0.694
-1.767 1.815 0.915
-1.784 1.808 0.868
-1.815 1.800 0.732
-1.661 0.837 0.544
-11.232 6.082 3.876
-1.671 0.620 0.555
-1.685 0.165 0.570
-1.660 0.065 0.475
-1.758 -1.152 0.571
5.506 -5.327 1.452
4.250 -0.305 1.010
1.109 1.489 0.393
-1.537 1.782 0.545
-1.816 1.789 0.547
-1.730 1.798 0.404
-0.489 1.831 0.357
1.270 4.835 0.733
-0.642 1.848 0.361
-1.631 1.086 0.472
-1.729 -0.112 0.367
-1.384 2.669 0.476
-0.082 1.775 0.353
-1.313 1.763 0.402
5.469 -5.527 0.292
1.930 1.462 0.129
-0.593 1.837 0.228
-1.380 2.413 0.288
-1.723 -1.466 0.146
-1.350 -1.731 0.147
-1.072 -2.851 0.157
-1.371 -1.943 0.151
-0.224 -2.131 0.149
0.330 -3.000 0.058
0.440 -2.691 0.108
0.977 -2.613 0.094
5.752 -2.821 0.302
0.570 3.343 -0.051
-1.611 0.704 0.018
-1.695 0.180 -0.001
-1.119 -2.488 0.074
-0.341 1.795 0.013
0.997 -2.527 0.153
0.379 -2.685 0.163
2.814 1.407 0.134
0.053 1.759 0.166
-0.212 1.800 0.168
-0.302 1.803 0.152
0.427 1.652 0.165
-0.450 1.839 0.149
-0.601 1.846 0.146
-1.344 2.683 0.138
-1.788 1.812 0.219
0.438 -2.659 0.321
0.976 -2.574 0.340
4.316 -0.123 0.664
3.138 1.376 0.254
2.998 1.376 0.471
2.020 1.457 0.390
2.014 1.693 0.481
0.251 1.652 0.296
0.147 1.674 0.329
-0.442 1.815 0.305
-1.420 1.770 0.402
2.240 1.442 0.649
2.264 1.434 0.753
2.224 1.437 0.822
3.236 1.355 1.048
0.911 1.600 0.628
0.770 1.629 0.524
-1.443 1.780 0.718
-0.316 1.797 0.540
-0.550 1.814 0.610
-0.771 1.751 0.621
-1.605 1.151 0.663
-0.651 1.835 0.633
-1.648 1.068 0.607
-1.654 0.681 0.610
-1.656 0.602 0.597
-1.644 0.303 0.640
-1.675 0.224 0.583
6.051 -2.099 2.215
-1.528 -1.471 0.741
-1.502 -1.474 0.873
-1.788 -0.626 0.705
-1.777 -0.795 0.731
3.993 -3.044 1.916
-1.341 -1.648 0.864
3.604 1.329 1.604
-1.363 -1.888 0.813
-1.369 -1.951 0.947
4.062 -2.323 1.816
0.300 -6.410 2.222
2.122 1.455 1.030
3.865 -4.494 2.197
2.042 1.457 1.077
0.727 4.691 1.835
-0.238 1.786 0.836
-0.535 1.845 0.900
-0.470 1.825 0.911
-0.395 1.815 0.924
-0.689 1.850 0.931
-0.539 1.837 0.944
-1.447 2.874 1.456
-1.388 1.780 1.082
-1.367 1.773 1.057
-1.582 1.571 1.101
-1.580 1.586 1.056
-1.714 0.028 0.831
-1.763 -1.277 1.103
-1.777 -1.329 1.056
-1.471 -1.479 1.018
-1.355 -1.789 1.075
1.934 -3.474 2.174
1.031 -3.887 2.178
2.140 -3.301 2.173
2.326 -3.114 2.168
1.732 -3.598 2.171
2.790 -2.444 2.149
2.754 -2.995 2.171
2.912 -2.519 2.155
3.352 -1.660 2.146
3.406 -0.008 2.142
3.392 -0.716 2.137
3.459 -0.247 2.140
2.337 1.436 1.705
2.273 1.446 1.823
2.159 1.447 1.540
2.003 1.702 1.773
2.031 1.947 1.843
2.014 2.829 2.155
-1.446 2.515 1.899
-1.433 2.769 2.017
-1.619 1.132 1.368
-1.920 -0.683 1.593
-2.872 -0.237 2.140
-3.018 -0.204 2.138
-1.749 -1.054 1.419
-1.768 -1.176 1.567
-1.798 -1.415 1.681
-1.614 -1.484 1.443
-1.455 -1.488 1.457
-1.410 -1.496 1.364
-1.350 -1.682 1.681
-1.381 -2.042 1.807
-0.858 -3.062 2.157
-1.512 -2.494 2.148
-1.513 -2.840 2.146
-1.189 -2.523 2.138
-0.427 -2.835 2.143
-0.406 -2.786 2.144
-0.235 -2.893 2.146
-0.218 -2.857 2.149
0.383 -2.960 2.149
0.138 -2.845 2.149
0.485 -2.864 2.143
0.939 -2.738 2.146
1.128 -2.637 2.144
0.828 -2.783 2.145
1.207 -2.675 2.147
2.004 -1.885 2.139
2.045 -1.714 2.127
1.723 -2.124 2.104
1.559 -2.459 2.110
1.666 -2.301 2.106
1.698 -2.168 2.101
2.223 -1.383 2.121
2.285 -1.913 2.127
2.288 -1.705 2.128
2.352 -0.968 2.125
2.385 -0.807 2.122
2.414 -0.606 2.124
2.581 -0.469 2.130
2.322 0.611 2.112
2.921 0.652 2.116
2.720 0.714 2.121
2.850 0.846 2.110
2.588 0.058 2.118
2.607 0.831 2.107
2.284 1.071 2.119
2.535 0.420 2.114
2.054 1.127 2.107
2.563 1.383 2.111
1.769 1.484 2.049
1.642 1.501 1.803
1.567 1.507 1.926
1.379 1.523 1.818
1.642 2.280 2.145
1.554 2.196 2.147
0.473 2.550 2.151
0.515 2.444 2.145
1.374 1.934 2.113
0.344 2.474 2.148
1.161 2.269 2.148
0.957 2.208 2.149
-0.007 2.453 2.163
-0.279 2.557 2.148
-0.639 2.437 2.151
-0.268 2.506 2.149
-0.493 2.517 2.156
-0.435 2.487 2.163
-0.373 2.521 2.150
-1.138 1.759 1.779
-1.511 1.771 2.084
-1.371 1.766 1.913
-1.514 1.728 2.009
-1.660 1.112 1.893
-1.614 1.127 1.799
-1.639 1.094 1.667
-1.679 0.712 1.754
-1.744 0.244 1.586
-1.764 -0.305 1.496
-1.686 -0.439 1.546
-1.769 -1.156 2.002
-1.769 -1.209 1.749
-1.782 -1.305 2.251
-1.783 -1.291 2.106
-1.347 -1.593 1.772
-1.781 -1.332 2.016
-1.334 -1.604 2.121
-1.732 -1.469 2.165
-1.231 -1.675 2.131
-1.372 -2.080 2.130
-1.434 -1.492 1.763
-1.219 -2.179 2.135
-1.061 -1.871 2.131
-1.061 -1.936 2.126
-0.233 -2.243 2.130
-0.172 -2.320 2.138
-0.921 -2.151 2.131
-0.158 -2.238 2.132
-0.445 -2.248 2.134
0.676 -2.151 2.129
0.934 -2.004 2.133
0.996 -1.891 2.103
0.939 -2.046 2.123
1.070 -2.128 2.191
1.116 -1.966 2.102
1.173 -1.975 2.093
1.693 -1.065 2.119
1.291 -1.805 2.090
1.867 -1.305 2.117
1.979 -1.068 2.120
2.160 -1.120 2.117
2.214 -0.362 2.120
2.226 -0.958 2.121
2.285 -0.822 2.119
2.391 -0.098 2.118
2.381 0.059 2.116
2.115 0.981 2.103
1.619 0.888 2.113
2.357 0.375 2.113
1.939 0.470 2.104
2.315 0.538 2.109
1.781 1.458 2.111
1.097 1.559 1.863
0.420 1.598 1.701
0.059 1.630 1.733
0.246 1.621 1.721
-1.097 1.700 2.124
-1.592 0.904 2.214
-1.187 1.393 2.125
-1.576 1.018 2.093
-1.453 1.694 2.335
-1.524 1.575 2.273
-1.626 0.544 2.112
-1.540 1.205 2.280
-1.611 0.497 1.825
-1.602 0.225 2.044
-1.617 0.020 2.056
-1.631 -0.181 2.093
-1.631 -0.210 1.894
-1.629 -0.183 1.741
-1.708 -0.935 1.914
-1.654 -0.389 2.167
-1.657 -0.391 1.988
-1.765 -1.102 2.180
-1.409 -0.942 2.133
-1.659 -0.495 2.204
-1.667 -0.496 2.016
-1.768 -1.241 2.284
-1.362 -1.030 2.138
-1.681 -0.667 2.036
-1.322 -1.174 2.137
-1.687 -0.771 2.129
-1.245 -1.194 2.136
-1.304 -1.328 2.129
-0.923 -1.893 2.127
-1.154 -1.307 2.131
-1.201 -1.405 2.133
0.677 -1.882 2.132
0.835 -1.715 2.130
0.924 -1.620 2.124
0.975 1.352 2.115
1.670 -1.083 2.115
1.816 -0.074 2.116
2.148 -0.005 2.104
1.490 -0.705 2.116
1.103 -1.510 2.123
1.375 0.859 2.114
1.792 0.159 2.127
1.579 0.210 2.125
1.616 0.294 2.115
1.319 -1.355 2.124
1.394 -1.415 2.123
1.228 1.193 2.114
1.446 -1.155 2.117
1.123 1.222 2.112
1.112 1.406 2.114
-0.507 1.673 2.124
-0.607 1.587 2.123
-1.174 1.264 2.121
-1.488 0.812 2.296
-1.240 1.496 2.123
-0.803 1.501 2.114
-1.542 1.123 2.326
-1.596 0.507 2.301
-1.576 1.054 2.172
-1.599 0.337 2.250
-1.600 0.234 2.228
-1.589 0.260 2.072
-1.632 -0.053 2.249
-1.615 -0.036 2.057
-1.654 -0.254 2.297
-1.645 -0.458 2.332
-1.662 -0.494 2.139
-1.620 -0.506 2.314
-1.669 -0.610 2.185
-1.764 -1.332 2.297
-1.683 -0.693 2.232
-1.549 -1.424 2.161
-1.198 -1.120 2.136
-1.227 -1.268 2.132
-1.176 -1.609 2.128
-1.050 -1.334 2.132
-0.974 -1.392 2.128
0.929 -1.686 2.130
1.864 -1.102 2.122
0.983 -1.471 2.125
1.069 -1.338 2.130
1.638 -0.017 2.120
1.147 -1.425 2.121
1.640 0.087 2.123
1.970 0.285 2.107
1.482 0.742 2.107
1.761 1.146 2.112
1.457 -1.564 2.118
1.438 0.840 2.114
1.666 1.229 2.109
1.571 1.141 2.108
1.384 0.933 2.114
1.596 0.398 2.113
1.945 -0.345 2.115
1.471 1.225 2.112
1.418 1.159 2.110
1.851 0.676 2.106
1.458 -1.052 2.121
1.571 0.503 2.110
1.284 1.242 2.110
1.226 1.156 2.109
1.249 1.468 2.112
1.166 1.394 2.115
0.906 1.576 2.040
-0.511 1.699 1.935
-0.778 1.712 2.009
-1.193 1.367 2.123
-1.685 0.915 1.924
-1.579 0.819 2.274
-1.185 1.191 2.122
-1.287 1.314 2.129
-1.529 1.498 2.223
-1.250 1.113 2.125
-1.613 0.671 2.050
-1.551 1.372 2.186
-1.575 1.034 2.224
-1.595 0.293 1.619
-1.592 0.312 1.903
-1.593 0.847 1.971
-1.601 0.206 1.890
-1.614 -0.002 1.877
-1.638 -0.237 1.638
-1.673 -0.520 1.724
-1.664 -0.457 2.132
-1.769 -1.247 2.081
-1.672 -0.588 2.138
-1.702 -0.901 1.851
-1.732 -1.033 2.017
-1.425 -1.497 2.022
-1.345 -1.606 2.046
-1.005 -1.812 2.122
-0.794 -2.019 2.136
-0.773 -1.936 2.132
-0.651 -1.982 2.133
-0.264 -2.064 2.135
-0.473 -1.986 2.125
0.268 -2.192 2.134
0.280 -2.077 2.134
-0.081 -2.034 2.141
0.401 -2.215 2.130
0.437 -2.119 2.135
-0.009 -2.083 2.128
0.766 -2.067 2.126
0.843 -2.146 2.130
1.099 -2.010 2.093
1.610 -1.019 2.123
1.504 -1.605 2.117
1.663 -1.640 2.105
1.414 -1.308 2.118
1.703 -1.456 2.123
2.388 -0.562 2.118
1.844 -0.457 2.121
2.064 -0.219 2.116
2.425 -0.020 2.114
1.898 -0.090 2.120
2.248 0.245 2.111
2.339 0.632 2.106
2.179 0.625 2.106
2.133 0.739 2.115
2.045 0.841 2.112
1.841 0.656 2.109
2.025 0.989 2.113
1.855 1.299 2.110
1.389 1.529 1.915
1.469 1.520 2.005
0.540 1.635 1.698
-0.294 2.345 2.149
-0.426 2.344 2.155
1.080 1.555 1.878
-0.044 1.682 1.703
0.027 2.287 2.152
-0.918 1.727 1.921
-1.242 1.761 1.987
-1.541 1.554 1.881
-1.645 0.674 1.878
-1.588 0.469 1.589
-1.746 0.429 1.633
-2.326 1.112 2.131
-1.619 -0.087 1.635
-1.783 -1.252 1.871
-1.609 -1.480 1.779
-1.782 -1.436 2.051
-1.624 -1.478 1.870
-1.432 -1.497 1.676
-1.786 -1.449 2.127
-1.347 -1.597 1.690
-1.583 -1.481 2.018
-1.364 -1.831 1.931
-1.371 -1.912 2.051
-1.217 -2.155 2.130
-1.036 -2.301 2.127
-0.962 -2.368 2.141
-0.811 -2.430 2.143
-1.064 -2.264 2.136
0.448 -2.432 2.135
0.484 -2.548 2.146
0.476 -2.740 2.145
0.586 -2.624 2.141
-0.049 -2.531 2.139
0.688 -2.701 2.143
-0.273 -2.650 2.146
0.131 -2.487 2.131
0.036 -2.638 2.140
0.961 -2.392 2.118
0.993 -2.260 2.122
1.107 -2.641 2.143
1.579 -1.824 2.096
2.002 -2.189 2.131
0.269 -2.671 2.135
1.782 -1.861 2.103
2.147 -2.055 2.128
1.942 -1.761 2.127
1.456 -2.437 2.109
1.390 -2.165 2.111
1.355 -2.018 2.107
2.063 -1.604 2.128
2.440 -1.760 2.129
2.597 -1.116 2.139
2.244 -1.010 2.127
2.682 -0.934 2.131
2.498 -0.908 2.137
2.307 -0.868 2.127
2.961 -0.788 2.129
2.745 -0.769 2.126
2.366 -0.723 2.129
3.037 -0.330 2.131
2.452 -0.417 2.127
3.072 -0.166 2.127
2.486 -0.258 2.127
2.622 0.685 2.124
2.695 0.986 2.117
2.158 1.458 1.872
2.369 1.389 2.122
0.576 2.833 2.150
-0.948 2.898 2.164
1.912 2.215 2.146
1.756 2.405 2.142
-0.018 2.866 2.153
1.649 2.366 2.146
-1.338 1.762 1.766
1.295 2.545 2.149
-0.288 2.895 2.159
0.985 2.749 2.147
-1.467 1.766 1.525
-0.538 2.756 2.164
-1.646 1.835 1.831
-1.710 1.792 1.640
-0.675 2.957 2.158
-3.128 0.443 2.140
-3.207 -0.376 2.133
-1.365 -1.784 1.435
-1.797 -1.379 1.441
-1.502 -3.043 2.161
-1.285 -3.162 2.166
-1.778 -1.268 1.481
-1.653 -2.929 2.169
-1.801 -1.432 1.504
-1.097 -3.226 2.160
-1.808 -1.426 1.567
-0.923 -3.284 2.168
-1.064 -3.317 2.169
0.810 -3.533 2.166
-1.593 -1.483 1.493
0.979 -3.231 2.177
0.929 -3.713 2.177
1.029 -3.519 2.173
4.193 -0.378 2.166
4.020 -0.128 2.151
2.977 -2.005 2.149
3.745 -0.146 2.147
2.084 -2.611 2.140
3.641 -1.456 2.152
2.345 -2.672 2.152
2.242 -2.459 2.139
3.729 -1.205 2.153
2.652 -2.713 2.159
2.545 -2.513 2.149
2.416 -2.311 2.139
2.868 -2.539 2.152
3.495 0.930 2.143
4.199 -0.688 2.155
2.726 1.404 1.610
2.089 1.453 1.364
2.283 1.445 1.542
1.870 3.685 2.163
2.024 1.838 1.529
-0.545 1.839 1.056
-1.498 1.780 1.278
-1.463 2.793 1.591
-1.733 1.792 1.371
-1.731 -0.324 0.869
-1.740 -0.307 1.008
-1.724 -0.403 0.903
-1.764 -1.185 1.059
-1.682 -1.452 1.062
-1.479 -1.475 1.010
-1.657 -1.457 1.052
-1.789 -1.013 0.927
-1.783 -0.971 1.066
-1.329 -1.534 0.926
-2.091 -5.079 2.395
-1.965 -3.327 1.752
1.391 -5.582 2.207
1.921 -5.128 2.191
2.034 1.460 0.983
4.130 -1.629 1.803
4.121 -1.620 1.898
2.064 2.256 1.106
-1.363 3.482 1.380
4.141 -1.304 1.859
-1.423 3.010 1.280
-1.408 3.056 1.207
1.103 1.590 0.766
-1.466 2.664 1.164
0.132 1.777 0.718
4.206 -0.731 1.783
4.014 -2.719 1.858
-1.431 2.670 0.942
-1.350 1.770 0.897
-1.607 1.141 0.717
2.507 1.410 1.026
4.093 -1.966 1.850
2.095 1.460 0.935
-1.566 1.788 0.944
-1.526 1.789 0.886
2.023 1.456 0.957
-1.675 0.608 0.634
-1.656 0.448 0.618
-1.632 0.414 0.558
-1.650 0.296 0.577
-1.744 -0.231 0.689
-1.736 -0.344 0.685
-1.336 -1.492 0.630
-1.780 -0.994 0.726
-1.746 -1.113 0.714
-1.348 -1.681 0.697
-1.366 -1.953 0.733
-1.664 -1.459 0.690
-1.729 -1.452 0.760
-1.688 -1.451 0.774
-1.386 -1.487 0.670
-1.333 -1.588 0.631
4.224 -0.304 0.957
0.459 1.663 0.472
0.203 1.682 0.453
0.921 4.869 0.853
-0.292 1.788 0.492
-1.005 1.787 0.499
-1.343 1.763 0.580
-1.566 1.784 0.613
-1.812 1.794 0.650
-1.621 1.016 0.334
-1.626 0.867 0.326
-1.664 0.643 0.524
-1.645 0.364 0.377
2.625 1.404 0.411
2.016 1.467 0.233
0.103 1.748 0.249
-1.037 -2.804 0.270
-0.582 -2.591 0.254
-0.462 -2.946 0.270
0.614 -2.698 0.155
0.917 -3.036 0.146
-0.096 -2.112 0.127
-1.728 1.807 -0.070
-1.722 -2.770 0.036
0.871 3.324 0.004
-1.380 -2.389 0.061
0.064 1.763 0.031
-1.569 1.205 -0.035
-1.516 -1.496 0.095
-1.517 1.790 -0.051
2.090 1.468 0.067
2.156 1.445 0.084
-1.720 -2.718 0.026
-0.625 -2.397 0.143
-0.312 -2.238 0.089
0.537 -2.691 0.082
2.880 1.411 0.087
2.486 1.433 0.085
0.216 1.687 0.102
-0.143 1.775 0.100
4.335 0.149 0.555
2.252 1.438 0.382
-0.245 1.799 0.279
-1.700 0.043 0.181
-1.726 1.755 0.295
0.090 -2.139 0.228
-1.362 2.366 0.075
0.246 1.688 0.232
-1.730 1.802 0.168
3.472 1.330 0.511
-1.378 2.619 0.328
-0.548 -2.588 0.234
4.274 -0.608 0.284
0.049 1.757 0.277
-1.728 -0.349 0.391
1.000 -2.513 0.275
2.617 1.414 0.438
-0.081 1.776 0.276
2.606 1.404 0.577
2.508 1.414 0.735
2.018 1.712 1.087
1.533 4.819 1.997
1.071 4.841 1.668
-0.718 1.856 0.827
-0.643 1.854 0.831
-1.694 -1.447 0.811
-1.646 1.807 0.636
2.114 2.705 1.085
-0.382 1.746 0.513
2.109 2.718 1.280
-1.426 2.980 1.334
-0.582 1.814 0.494
3.307 1.349 1.077
1.124 1.642 0.700
-1.682 0.277 0.476
-1.657 0.321 0.457
-0.706 1.758 0.524
-1.349 -1.805 0.729
2.711 1.394 1.033
2.211 4.750 1.643
-1.625 1.806 1.057
2.304 1.429 1.059
-1.652 0.522 0.797
2.064 1.450 0.889
-0.348 1.810 0.786
-1.649 0.331 0.741
5.730 0.730 2.197
-1.662 0.256 0.751
-1.367 -1.889 1.063
-1.672 0.139 0.750
-1.701 0.049 0.748
-1.751 -1.178 0.937
-1.757 -1.223 0.888
2.115 -3.944 2.187
-1.342 -1.689 1.037
-1.354 -1.776 1.050
2.552 -3.611 2.181
4.080 -2.066 2.162
4.139 -1.135 2.162
2.736 1.400 1.828
2.795 1.390 1.483
2.666 1.402 1.539
-0.277 1.797 1.101
2.355 1.426 1.459
3.980 0.431 2.158
1.588 3.374 2.157
-0.193 1.791 1.135
-0.439 1.811 1.103
2.072 1.461 1.364
3.945 0.722 2.162
-0.352 1.818 1.132
1.197 4.053 2.166
1.166 3.859 2.174
2.036 2.016 1.596
0.898 3.763 2.160
0.605 3.823 2.165
-1.675 1.790 1.521
-1.435 2.844 1.827
-1.641 1.830 1.427
2.110 2.813 2.038
-1.635 0.488 1.080
-1.689 0.444 1.032
-1.680 0.303 1.102
-1.705 0.036 1.094
-1.804 -1.442 1.675
-1.799 -1.476 1.588
-1.781 -0.990 1.434
-1.747 -1.087 1.498
-1.745 -1.092 1.410
-1.781 -1.289 1.517
-1.365 -1.817 1.595
-1.380 -2.025 1.767
-1.369 -2.677 2.144
0.788 -3.085 2.148
0.653 -3.106 2.157
1.218 -2.935 2.163
1.026 -3.002 2.169
1.505 -2.686 2.143
1.407 -2.855 2.158
1.449 -2.903 2.162
1.868 -2.458 2.139
1.940 -2.247 2.141
1.793 -2.662 2.142
2.021 -2.538 2.136
2.050 -2.342 2.135
2.192 -2.195 2.139
2.241 -1.981 2.132
2.294 -1.803 2.136
2.372 -2.046 2.131
2.409 -1.863 2.127
2.393 -1.587 2.139
2.427 -2.123 2.137
2.511 -1.274 2.137
2.867 -1.156 2.130
1.801 1.483 1.931
3.264 0.386 2.143
3.028 -1.203 2.138
2.747 0.528 2.124
2.526 0.586 2.113
2.037 2.020 1.932
0.577 2.877 2.152
2.942 0.684 2.123
3.153 -0.942 2.139
0.608 2.748 2.146
2.717 0.736 2.120
2.518 0.751 2.110
2.050 2.334 2.149
2.654 0.905 2.120
-0.636 2.670 2.151
0.418 2.677 2.151
0.406 2.633 2.151
3.031 1.032 2.118
-0.963 2.547 2.164
1.765 2.338 2.148
0.214 2.684 2.153
-0.041 2.840 2.152
2.683 1.226 2.108
0.055 2.720 2.146
2.204 1.360 2.120
2.650 0.319 2.123
3.276 0.162 2.147
1.217 2.674 2.144
-0.377 2.756 2.159
2.135 1.454 2.000
-1.633 1.083 1.737
-1.583 1.154 1.721
2.042 1.460 1.681
1.943 1.478 1.804
-0.567 2.715 2.156
-1.497 1.780 1.848
-1.413 1.770 1.779
-1.683 1.814 2.005
-1.673 0.488 1.478
-1.643 0.508 1.463
-2.629 0.159 2.134
-2.633 -0.054 2.127
-1.743 -0.323 1.451
-1.654 -0.430 1.568
-1.921 -0.613 1.565
-1.680 -0.697 1.737
-1.680 -0.667 1.616
-1.702 -0.963 1.598
-1.750 -1.086 1.849
-1.342 -1.571 1.611
-1.795 -1.350 1.762
-1.343 -1.635 1.891
-1.791 -1.473 2.216
-1.361 -1.833 2.030
-1.586 -1.481 2.098
-1.243 -1.896 2.134
-1.306 -2.012 2.136
-1.404 -1.502 1.836
-1.311 -2.300 2.129
-0.469 -2.356 2.135
-1.064 -2.056 2.137
-1.024 -2.280 2.135
-0.892 -2.077 2.136
0.013 -2.378 2.139
-0.738 -2.305 2.129
0.094 -2.466 2.130
0.175 -2.391 2.133
0.322 -2.418 2.143
0.467 -2.413 2.132
0.584 -2.341 2.134
0.972 -2.078 2.108
1.752 -1.664 2.102
0.914 -2.283 2.131
1.203 -1.960 2.096
2.046 -1.242 2.116
1.345 -1.846 2.092
1.382 -1.722 2.092
2.120 -1.093 2.120
1.388 -1.894 2.098
1.430 -1.981 2.093
2.181 -0.999 2.123
1.602 -1.480 2.116
1.627 -1.756 2.103
2.008 -0.343 2.113
2.386 0.742 2.112
2.218 -0.228 2.121
2.216 0.773 2.105
2.000 -0.119 2.105
1.792 0.727 2.110
2.213 -0.108 2.112
2.116 0.891 2.107
2.541 -0.172 2.121
2.245 1.032 2.104
2.073 1.066 2.109
2.153 1.185 2.105
2.137 0.185 2.105
2.308 0.319 2.113
2.051 1.332 2.107
2.161 0.360 2.112
1.276 1.538 1.807
1.542 1.425 2.116
0.960 1.623 1.810
0.679 1.592 1.834
0.319 1.611 1.757
0.215 1.614 1.713
0.091 1.633 1.759
-0.536 1.702 1.861
-0.676 1.710 1.921
-1.580 0.997 1.977
-1.227 1.700 2.129
-1.533 1.485 2.225
-1.676 0.819 1.908
-1.678 -0.786 1.758
1.432 -1.020 2.113
-1.670 0.065 1.571
-1.704 -0.888 2.318
-1.095 -1.881 2.134
0.965 -1.662 2.120
1.485 -0.924 2.118
-0.946 -1.685 2.125
1.679 -1.083 2.119
1.563 -0.794 2.114
-1.789 -1.339 2.117
1.563 -0.723 2.118
-0.682 -1.931 2.128
1.251 -1.453 2.119
1.255 -1.304 2.120
-1.670 -0.571 1.646
1.662 -0.378 2.111
2.076 -0.603 2.114
-1.691 -0.816 2.037
0.784 -1.783 2.122
1.507 0.713 2.113
1.463 0.815 2.113
1.029 1.354 2.113
1.430 1.104 2.112
-0.984 1.349 2.118
-1.003 1.441 2.117
-1.114 1.236 2.124
-1.168 1.442 2.123
-1.515 1.508 2.275
-1.542 1.095 2.301
-1.537 0.887 2.342
-1.614 -0.080 2.003
-1.510 -0.669 2.203
-0.694 -1.658 2.130
-1.007 -1.350 2.130
-0.026 -1.875 2.128
0.853 -1.540 2.126
0.549 -1.715 2.135
1.093 -1.459 2.122
1.100 -1.301 2.123
0.646 -1.660 2.130
1.219 -1.505 2.120
0.791 -1.654 2.126
1.596 0.069 2.124
1.704 -0.416 2.119
1.592 0.225 2.120
0.793 1.586 2.094
1.327 0.925 2.117
-0.971 1.684 2.129
-1.037 1.554 2.118
-1.096 1.220 2.126
-0.712 1.561 2.123
-1.207 1.091 2.124
-1.311 0.963 2.131
-1.554 0.861 2.340
-1.692 0.765 1.911
-1.604 0.496 2.060
-1.595 0.243 1.931
-1.477 -1.162 2.140
-1.686 -0.726 2.326
-1.703 -0.954 2.114
-1.471 -1.401 2.133
-1.713 -1.014 2.295
0.203 -2.090 2.134
1.034 -1.877 2.118
1.182 -1.388 2.130
2.012 -1.086 2.116
0.832 -1.902 2.119
1.582 -1.615 2.106
2.114 -0.990 2.121
0.844 -1.798 2.127
1.441 -1.355 2.121
1.768 -1.501 2.120
2.151 -0.844 2.118
1.808 -0.006 2.125
1.820 0.239 2.119
1.784 0.414 2.116
1.903 0.602 2.112
1.738 0.509 2.117
1.925 0.811 2.108
1.876 0.970 2.109
1.780 0.848 2.102
1.889 1.190 2.114
1.673 0.842 2.106
1.687 1.431 2.120
1.499 1.184 2.105
1.297 1.537 2.001
1.284 1.410 2.117
0.524 1.603 1.769
0.034 1.623 1.697
0.053 1.672 1.710
-0.995 1.670 2.131
-1.527 1.577 2.167
-1.111 1.553 2.126
-1.537 1.330 1.888
-1.546 1.322 2.271
-1.574 1.098 2.013
-1.587 1.080 1.876
-1.669 0.955 1.868
-1.636 0.748 1.876
-1.673 -0.623 1.560
-1.623 -0.097 1.797
-1.753 -1.065 1.764
-1.773 -1.246 2.002
-1.796 -1.425 1.964
-1.467 -1.493 1.797
-1.345 -1.597 1.878
-1.456 -1.493 2.037
-1.355 -1.819 2.050
-1.332 -1.802 2.132
-1.172 -2.070 2.134
-1.092 -2.000 2.131
-0.290 -2.330 2.137
-0.317 -2.401 2.139
-0.074 -2.368 2.141
-0.232 -2.438 2.133
-0.163 -2.408 2.138
0.435 -2.360 2.134
1.337 -1.806 2.098
1.658 -2.131 2.103
0.918 -2.091 2.138
1.701 -1.830 2.090
1.039 -2.116 2.187
1.130 -2.423 2.116
1.975 -1.936 2.131
1.146 -1.964 2.094
1.661 -1.548 2.128
2.081 -1.791 2.127
1.312 -2.137 2.097
2.082 -1.485 2.128
2.416 -0.572 2.129
2.171 -1.146 2.126
2.312 0.176 2.122
2.228 -0.392 2.120
2.661 -0.220 2.126
2.297 0.332 2.118
2.870 -0.015 2.128
2.568 0.679 2.112
2.663 0.136 2.122
2.821 0.387 2.125
2.394 1.060 2.114
2.373 1.198 2.113
2.143 0.947 2.118
2.211 1.228 2.116
2.040 1.461 2.061
1.941 1.378 2.114
1.819 1.482 2.008
1.383 1.527 1.788
1.285 2.332 2.147
1.067 2.468 2.152
1.158 2.334 2.149
0.776 2.564 2.147
0.703 2.617 2.143
0.448 2.595 2.147
0.303 2.650 2.153
0.118 2.591 2.155
-0.757 2.471 2.152
-0.089 2.599 2.147
-0.061 2.628 2.156
-0.889 2.410 2.162
0.069 2.793 2.149
-0.263 2.661 2.150
-1.106 2.444 2.163
-0.397 2.652 2.159
-0.382 2.708 2.151
-1.863 1.809 1.874
-1.261 1.758 1.890
-1.514 1.587 1.959
-1.747 0.377 1.558
-1.774 0.210 1.543
-2.761 0.066 2.145
-2.773 -0.297 2.147
-1.825 -0.246 1.568
-1.922 -0.485 1.572
-1.804 -0.976 1.420
-1.945 -0.782 1.683
-1.754 -1.142 1.449
-1.756 -1.145 1.483
-1.491 -1.492 1.588
-1.707 -0.996 1.558
-1.679 -1.469 1.688
-1.396 -2.773 2.147
-1.310 -2.849 2.158
-1.407 -2.695 2.141
-0.490 -3.035 2.148
-0.503 -3.119 2.158
-1.066 -2.922 2.151
-0.589 -3.140 2.153
-0.694 -3.015 2.152
-0.114 -3.168 2.151
-0.691 -3.066 2.153
0.065 -3.318 2.158
0.210 -3.234 2.161
0.464 -2.994 2.150
0.243 -3.364 2.161
0.421 -3.261 2.150
0.725 -3.374 2.164
1.836 -2.587 2.131
2.287 -2.565 2.145
2.213 -2.333 2.130
2.586 -2.616 2.147
2.221 -2.064 2.133
2.634 -1.904 2.128
3.315 -0.522 2.134
3.063 -0.517 2.129
3.088 -0.322 2.136
3.363 -0.050 2.141
3.550 0.497 2.141
3.748 -0.821 2.149
3.341 0.398 2.139
2.697 1.399 1.849
3.493 0.729 2.139
1.937 2.935 2.164
0.891 3.605 2.170
-0.137 1.784 1.106
-1.411 2.980 1.816
-1.450 2.582 1.769
-0.871 3.437 2.183
-1.459 2.578 1.697
-1.123 3.402 2.195
-1.409 1.769 1.274
-1.670 1.806 1.317
-1.766 1.796 1.589
-1.605 1.312 1.122
-1.679 0.402 1.052
-1.725 -0.053 1.046
-1.726 -0.212 1.112
-1.814 -0.905 1.031
-1.769 -1.205 1.093
-1.779 -1.282 1.267
-1.799 -1.476 1.323
-1.575 -1.472 1.197
-1.341 -1.614 1.134
-1.378 -2.113 1.322
-1.074 -4.410 2.206
4.073 -2.198 2.144
2.306 1.431 1.266
4.099 -1.883 1.974
1.599 4.795 2.022
2.021 1.843 1.150
1.235 4.827 2.008
2.013 1.745 1.150
2.016 1.717 1.166
-1.409 3.074 1.283
4.204 1.292 1.995
-1.480 2.575 1.285
-1.475 2.625 1.238
4.222 -0.456 1.991
2.374 1.436 1.122
4.248 -0.173 2.022
-1.688 0.246 0.755
-1.690 0.159 0.647
-1.587 1.796 0.938
-1.789 -1.026 0.848
-1.750 -1.129 0.823
-1.799 -1.445 0.789
-1.606 -1.467 0.797
-1.336 -1.601 0.770
-1.520 -1.471 0.813
2.585 1.405 0.809
2.249 1.445 0.718
2.297 1.434 0.760
0.852 1.603 0.539
2.068 1.455 0.702
0.735 1.621 0.552
0.448 1.649 0.548
-0.271 1.779 0.555
1.222 1.576 0.589
0.294 1.674 0.509
-0.546 1.759 0.581
0.092 1.719 0.510
-0.655 1.772 0.568
-1.439 2.270 0.779
-1.561 1.790 0.647
-1.816 1.811 0.690
-1.670 0.765 0.459
-1.625 0.530 0.554
-1.742 -0.378 0.453
5.212 -8.588 1.940
3.162 1.369 0.534
2.709 1.402 0.476
1.997 1.679 0.350
0.243 1.679 0.285
-1.388 2.558 0.418
-1.425 2.195 0.374
-1.587 1.147 0.327
-1.604 1.796 0.425
-0.427 1.815 0.330
-1.362 -1.832 0.263
-0.227 -2.136 0.216
1.919 1.448 0.149
-0.149 1.783 0.067
-1.428 1.775 0.008
-0.696 -2.396 0.098
1.010 -2.410 0.147
1.637 -2.782 0.158
-1.684 0.402 0.001
-0.499 -2.724 0.112
-0.397 1.828 0.049
-0.211 -2.124 0.179
1.795 -2.795 0.188
-0.652 -2.349 0.117
0.980 -2.561 0.185
-0.090 1.783 0.200
-0.353 1.811 0.243
-0.654 1.852 0.243
-1.400 3.274 0.303
-1.381 2.257 0.232
-1.823 1.816 0.286
-1.642 0.563 0.286
-1.687 0.179 0.177
2.925 1.377 0.645
1.533 1.552 0.537
0.127 1.755 0.439
-0.779 1.763 0.463
-0.550 1.815 0.468
-1.658 1.084 0.489
-1.354 -1.832 0.686
-2.120 -8.036 2.238
0.736 -7.840 2.240
5.997 0.031 2.011
3.239 1.356 1.229
2.971 1.376 1.113
2.214 1.441 1.012
2.025 1.456 0.768
2.010 1.679 0.856
2.012 1.758 1.008
2.037 1.984 0.864
2.042 2.066 1.082
2.172 4.743 1.612
1.874 4.771 1.801
1.454 4.812 1.667
0.345 1.661 0.630
1.157 4.840 1.726
0.270 1.678 0.627
-0.665 1.852 0.780
-0.132 1.774 0.688
-0.349 1.786 0.656
-1.462 2.616 1.123
-1.434 2.917 1.152
-1.391 1.774 0.871
-1.690 1.808 0.935
-1.640 1.064 0.790
-1.780 1.814 0.945
-1.650 0.305 0.732
-1.676 0.238 0.710
-1.670 0.234 0.670
-1.692 0.053 0.783
-1.727 -1.037 0.840
-1.769 -1.320 1.046
-1.372 -1.986 0.955
-1.504 -1.475 0.827
-1.331 -1.604 0.923
4.202 -0.646 1.798
4.029 -2.598 2.058
4.270 0.010 2.074
4.112 -1.737 2.107
4.114 -1.488 2.156
4.297 0.311 2.095
4.304 0.255 1.799
4.117 -1.623 1.857
4.297 0.388 1.972
3.065 1.367 1.791
4.311 0.527 1.846
2.792 1.390 1.590
4.163 -1.068 1.958
4.183 -0.868 2.062
2.671 1.408 1.346
4.179 -0.660 2.167
4.367 1.041 2.052
4.189 -0.742 1.893
2.375 1.435 1.479
2.140 1.449 1.331
2.020 1.754 1.291
2.080 2.512 1.715
1.802 4.079 2.173
0.906 4.024 2.174
-0.119 1.771 1.064
-1.446 2.852 1.718
-0.476 1.814 1.048
-1.476 2.435 1.542
-0.707 1.855 1.134
-1.459 1.777 1.273
-1.693 1.803 1.354
-1.582 1.198 1.217
-1.613 1.120 1.146
-1.643 1.090 1.118
-1.739 -0.232 1.043
-1.729 -0.352 1.049
-1.673 -1.472 1.421
-1.469 -1.478 1.280
-1.337 -1.540 1.309
-1.376 -2.026 1.540
-0.171 -3.540 2.166
-0.233 -3.335 2.153
-0.077 -3.430 2.158
1.400 -3.131 2.169
1.734 -2.858 2.143
1.585 -3.006 2.151
2.194 -2.376 2.146
2.256 -2.722 2.150
2.347 -2.504 2.143
2.498 -2.079 2.143
2.731 -1.974 2.137
2.731 -1.714 2.129
2.691 -1.459 2.133
2.881 -1.336 2.134
3.096 -1.339 2.141
3.004 -1.109 2.143
3.126 -1.163 2.138
3.334 -1.171 2.145
3.188 -0.948 2.134
2.846 0.408 2.124
3.004 0.490 2.130
2.753 0.760 2.119
3.090 -0.117 2.136
2.659 0.971 2.115
2.797 1.115 2.106
1.684 1.516 1.764
2.498 1.229 2.119
2.019 1.839 1.732
2.412 1.386 2.122
2.050 2.179 1.910
2.448 1.417 1.823
2.355 1.432 1.874
2.260 1.436 1.920
2.147 1.455 1.641
2.024 1.465 1.819
0.934 2.926 2.152
1.745 2.610 2.152
1.662 2.441 2.144
0.717 2.979 2.155
0.503 3.145 2.160
0.553 2.785 2.152
0.370 2.853 2.153
0.129 2.893 2.151
-0.681 2.830 2.159
-0.874 2.784 2.164
-1.441 2.598 2.212
-1.749 1.799 1.871
-1.364 2.988 2.393
-1.321 1.768 1.626
-1.658 1.802 1.835
-1.664 0.571 1.419
-1.932 -0.722 1.701
-1.684 -0.773 1.558
-1.696 -0.916 1.619
-2.778 -0.373 2.143
-1.747 -1.059 1.804
-1.765 -0.400 1.399
-1.785 -1.316 1.590
-1.795 -1.401 1.903
-1.667 -1.463 1.955
-1.660 -1.477 1.861
-1.618 -1.484 1.678
-1.529 -1.485 1.607
-1.354 -1.788 1.911
-1.371 -1.912 1.844
-1.400 -2.111 2.079
-1.166 -2.147 2.127
-1.007 -2.360 2.133
-0.896 -2.638 2.142
-0.890 -2.281 2.132
-0.840 -2.443 2.146
-0.789 -2.532 2.132
-0.686 -2.686 2.142
-0.747 -2.334 2.133
-0.588 -2.420 2.143
-0.364 -2.693 2.142
1.824 -1.492 2.122
2.155 -0.395 2.116
0.616 -2.479 2.138
2.623 -0.763 2.125
1.869 -1.730 2.110
2.373 0.748 2.116
-0.206 -2.537 2.144
2.289 -0.447 2.119
1.956 -1.849 2.128
1.926 -1.456 2.123
1.964 -1.259 2.117
0.002 -2.529 2.133
2.026 -1.514 2.118
2.488 -0.271 2.123
2.199 1.073 2.117
2.031 -1.307 2.119
1.120 -2.365 2.112
2.196 -1.572 2.129
2.681 -0.222 2.124
0.154 -2.574 2.139
1.283 -2.106 2.101
0.244 -2.540 2.134
2.102 -1.141 2.121
2.289 0.041 2.114
1.910 1.163 2.106
2.060 -1.003 2.124
2.249 -1.176 2.120
2.485 0.075 2.125
2.003 1.343 2.118
1.423 -2.019 2.095
0.544 -2.512 2.140
2.116 -0.842 2.125
1.380 -2.209 2.101
0.455 -2.558 2.144
1.898 1.483 2.079
1.167 2.224 2.144
0.746 -2.474 2.141
1.592 -1.952 2.097
1.638 1.500 1.980
1.646 -1.780 2.088
2.271 0.486 2.115
1.009 2.294 2.142
2.138 -0.538 2.119
2.601 0.529 2.115
1.477 1.523 1.792
0.820 2.288 2.140
0.600 2.237 2.142
0.442 2.262 2.147
-0.853 1.720 1.914
-0.915 1.729 1.835
-1.183 1.750 1.989
-1.527 1.599 2.233
-1.546 1.384 2.155
-1.556 1.208 1.877
-1.623 0.635 1.881
-1.757 -1.147 1.904
-1.675 -0.636 1.663
-1.691 -0.824 2.140
-1.405 -1.501 2.017
-1.340 -1.574 1.863
-0.677 -2.170 2.125
-0.084 -2.156 2.136
0.067 -2.174 2.130
-0.045 -2.104 2.135
0.122 -2.088 2.137
0.340 -2.070 2.130
0.472 -2.062 2.132
1.919 -0.125 2.113
2.059 0.204 2.115
1.995 0.433 2.112
1.965 0.619 2.116
1.610 0.535 2.115
1.770 0.708 2.110
1.627 0.797 2.109
1.946 1.043 2.112
0.836 1.579 1.911
1.187 1.196 2.114
1.136 1.553 2.006
0.329 1.619 1.792
-0.661 1.647 2.123
-1.220 1.204 2.125
-1.248 1.321 2.126
-1.601 0.788 2.126
-1.628 -0.117 2.185
-1.643 -0.210 2.260
-1.648 -0.293 2.255
-1.629 0.595 1.973
-1.592 0.292 2.132
-1.572 -0.985 2.221
-1.772 -1.262 2.216
-1.331 -0.971 2.130
-1.610 0.079 2.173
-1.715 -0.992 2.145
0.826 -1.539 2.125
0.950 -1.597 2.124
0.966 -1.445 2.123
1.288 -1.545 2.118
1.762 0.072 2.125
1.592 0.047 2.127
1.917 0.204 2.111
1.585 0.147 2.126
1.523 0.466 2.108
1.608 0.665 2.111
1.319 1.283 2.118
0.868 1.581 2.080
-0.973 1.321 2.123
-0.582 1.647 2.126
-1.106 1.345 2.127
-0.705 1.524 2.119
-1.461 1.636 2.338
-1.201 1.060 2.126
-1.539 1.493 2.277
-1.564 0.686 2.335
-1.614 0.675 2.176
-1.628 -0.146 2.006
-1.662 -0.523 2.116
-1.645 -0.574 2.331
-1.688 -0.748 2.180
-1.279 -1.053 2.128
-1.704 -0.826 2.313
-1.465 -0.794 2.157
-1.178 -1.270 2.131
-1.150 -1.452 2.136
-1.039 -1.551 2.128
0.732 -1.647 2.131
0.842 -1.623 2.131
1.299 -1.710 2.110
1.672 -0.914 2.124
1.593 -0.622 2.116
1.739 -0.108 2.128
2.061 0.237 2.116
1.710 -0.308 2.111
1.663 0.900 2.111
1.643 1.370 2.115
1.384 1.527 2.050
0.252 1.620 1.800
-0.258 1.672 1.871
-1.462 1.781 2.217
-1.456 1.544 2.332
-1.508 1.463 2.284
-0.887 1.724 2.055
-1.541 1.423 2.020
-1.507 1.321 2.339
-1.557 1.248 2.052
-1.574 1.076 2.123
-1.617 0.554 2.041
-1.673 0.864 1.905
-1.766 0.172 1.580
-1.678 0.717 1.840
-1.719 -1.470 2.053
-1.776 -1.412 2.319
-1.768 -1.211 2.062
-1.353 -1.743 2.064
-1.336 -1.547 2.033
-0.760 -2.129 2.134
-0.624 -2.176 2.135
-0.356 -2.223 2.128
-0.526 -2.197 2.129
-1.129 -1.811 2.134
-0.323 -2.262 2.135
-0.061 -2.271 2.136
-0.228 -2.287 2.135
0.595 -2.287 2.138
0.683 -2.363 2.136
0.741 -2.250 2.143
0.882 -2.202 2.144
1.277 -1.957 2.100
2.441 0.433 2.122
2.551 -0.823 2.126
1.427 1.525 1.794
2.585 -0.592 2.123
2.520 0.859 2.115
1.833 -1.623 2.130
2.428 -0.393 2.122
0.791 2.351 2.147
0.435 2.465 2.151
0.605 2.418 2.146
2.050 -1.365 2.125
1.141 1.595 1.799
2.684 -0.033 2.122
2.294 -0.120 2.117
2.174 -1.182 2.121
2.688 0.138 2.129
0.998 2.247 2.143
2.642 0.344 2.117
1.875 1.485 2.048
0.848 2.355 2.144
-0.144 2.434 2.145
-0.304 2.519 2.152
-0.490 2.410 2.146
-0.688 2.610 2.155
-0.888 2.546 2.165
-1.534 1.437 1.920
-1.269 1.768 1.795
-1.379 1.767 2.088
-1.466 1.774 2.015
-1.629 1.067 1.839
-1.470 1.772 1.906
-1.646 0.893 1.808
-2.652 0.485 2.131
-1.612 0.507 1.394
-1.709 0.477 1.531
-2.738 -0.051 2.133
-1.817 -0.190 1.554
-1.732 -0.303 1.420
-1.893 -0.449 1.562
-1.950 -0.733 1.672
-1.935 -0.861 1.614
-1.746 -0.333 1.578
-1.781 -1.290 1.748
-1.580 -1.488 1.646
-1.453 -1.499 1.545
-1.797 -1.443 1.893
-1.391 -1.504 1.621
-0.832 -2.780 2.146
-1.367 -1.881 1.779
-0.364 -2.888 2.156
0.796 -3.032 2.153
-0.063 -3.064 2.154
1.117 -2.914 2.166
-1.203 -2.581 2.147
-1.054 -2.666 2.144
-0.757 -2.792 2.152
0.417 -2.905 2.149
1.305 -2.841 2.165
1.309 -2.647 2.145
1.463 -2.551 2.137
0.576 -3.122 2.154
1.652 -2.635 2.144
1.603 -2.388 2.104
1.908 -2.723 2.144
2.082 -2.117 2.136
2.806 -1.967 2.139
2.482 -1.638 2.127
2.956 -1.770 2.141
2.624 -1.515 2.131
2.782 -1.174 2.137
3.107 -0.995 2.134
2.670 -0.951 2.138
2.998 -0.584 2.127
3.024 -0.378 2.126
3.050 1.181 2.117
1.888 2.673 2.147
1.909 1.482 1.718
0.273 3.328 2.164
1.300 3.118 2.149
0.155 3.531 2.172
0.687 3.298 2.160
0.913 3.314 2.164
-0.109 3.584 2.173
-0.895 3.396 2.176
-1.465 2.452 1.835
-1.389 1.764 1.577
-1.747 1.796 1.428
-1.842 1.802 1.809
-2.155 1.840 1.965
-1.645 0.504 1.257
-1.958 -3.199 2.108
0.109 -3.940 2.182
4.196 -0.097 2.169
-0.071 -4.175 2.181
2.232 -4.084 2.190
4.292 0.284 1.971
4.291 0.251 2.096
-1.662 -3.634 2.188
-1.771 -1.470 1.299
-1.466 -3.736 2.194
-1.396 -1.492 0.816
0.390 -4.059 2.185
0.289 1.674 0.561
-1.753 1.808 1.008
-1.696 -1.465 1.358
1.120 1.508 0.619
-1.578 1.504 1.088
2.010 1.699 1.232
-0.476 1.818 0.966
2.802 -3.505 2.187
3.723 1.316 1.287
-1.326 -3.782 2.184
4.108 -1.455 2.165
-1.585 1.310 1.032
3.143 -3.666 2.192
-1.523 -1.479 1.273
3.148 1.356 1.140
-1.383 3.285 1.708
-1.349 -1.745 0.897
2.539 1.414 0.910
3.452 -3.441 2.188
0.884 4.864 2.162
0.949 1.598 0.618
-1.932 -3.119 1.401
-0.982 1.781 0.581
1.187 -3.946 2.187
2.043 2.057 1.391
-1.627 1.095 0.814
5.692 -3.351 1.995
0.769 1.628 0.607
3.705 -3.213 2.188
5.704 -3.233 2.160
2.275 1.438 0.836
-1.356 -1.729 1.310
4.207 -0.588 1.950
-1.381 -2.037 0.975
-1.376 -2.001 1.392
-0.001 1.756 0.888
-1.491 2.500 1.440
-1.962 -3.290 1.443
-0.455 1.813 0.661
-1.727 -0.136 0.683
-0.386 1.790 0.612
2.135 3.052 1.704
2.033 1.457 0.821
2.115 1.449 0.825
0.682 1.635 0.535
-0.098 1.777 0.923
2.271 1.440 1.224
-1.785 -1.335 0.934
2.418 1.422 1.355
-1.408 1.777 1.131
-1.749 -0.380 0.765
2.043 2.035 0.881
-1.466 1.782 1.114
-1.647 0.480 0.555
-1.664 0.333 0.485
-1.657 1.064 0.545
-1.680 0.281 0.577
-1.652 0.266 0.537
-1.716 0.048 0.472
-1.691 0.038 0.567
-2.527 -9.813 2.272
-0.223 -10.257 1.999
5.218 -8.603 2.228
-0.159 1.780 0.344
-0.124 1.768 0.307
-1.620 0.874 0.341
-1.630 0.724 0.342
-1.728 -0.569 0.373
2.545 1.431 0.112
1.918 1.477 0.090
2.939 1.395 0.111
-1.367 2.666 0.249
-1.376 -2.008 0.086
-1.713 -2.706 0.137
0.093 -2.242 0.087
-0.984 -2.478 0.132
0.501 -2.695 0.116
-0.016 1.758 0.002
-1.712 -2.760 0.008
2.006 1.460 0.116
-0.517 -2.918 0.167
0.982 -2.618 0.126
1.082 -2.401 0.146
-1.006 -2.761 0.223
-1.638 0.585 0.253
-1.369 1.765 0.204
2.048 1.454 0.213
-0.487 1.829 0.215
-0.643 1.853 0.215
0.183 1.676 0.221
1.122 4.853 0.855
-1.719 -0.074 0.350
-1.408 2.579 0.561
2.540 1.414 0.488
-1.341 1.758 0.428
-1.637 1.798 0.480
2.012 1.729 0.460
0.989 4.871 0.775
2.150 1.450 0.914
2.025 1.460 0.639
-1.649 0.296 0.688
-1.745 -1.151 1.035
2.192 -2.894 2.165
-0.015 1.760 0.872
-0.617 1.838 0.674
2.015 1.729 0.828
-1.754 -1.233 1.233
-1.341 -1.710 0.928
-1.330 1.770 1.147
-0.797 -5.683 2.227
-0.078 1.762 0.910
4.241 -0.194 1.842
2.701 1.401 1.420
-1.745 -0.293 0.955
-1.409 -3.800 2.197
2.391 -2.744 2.158
-0.638 -5.450 2.226
-0.259 1.792 0.906
2.519 -4.995 2.199
4.022 -2.590 1.922
0.540 -3.688 2.169
-1.484 1.781 1.208
2.090 2.445 0.935
4.268 0.037 1.854
2.354 1.431 1.298
2.529 -2.623 2.149
-0.166 1.781 0.968
5.473 -5.512 1.759
-1.002 -4.095 2.196
1.143 -3.725 2.174
1.923 4.778 2.041
3.520 1.334 0.943
4.054 -2.272 1.858
-1.691 1.797 1.271
4.085 -2.019 1.908
-0.993 -3.693 2.184
4.102 -1.774 1.957
4.315 0.487 2.021
2.004 1.474 1.245
-0.253 1.788 0.964
-1.331 -1.540 1.051
3.312 -1.114 2.144
1.572 4.820 2.065
0.984 -3.625 2.175
2.733 -2.706 2.159
-1.783 -1.363 0.764
0.981 1.540 0.610
3.626 -1.408 2.150
4.329 0.641 1.880
-1.465 2.255 0.908
-1.336 -1.678 1.165
3.488 -1.158 2.146
1.393 -3.506 2.172
4.346 0.782 2.064
-1.354 -1.781 1.147
3.342 -0.917 2.143
1.592 -3.409 2.171
3.177 -0.696 2.127
-1.618 1.249 1.069
2.479 1.417 0.872
3.729 -1.157 2.154
2.932 -2.262 2.149
-0.621 1.846 1.005
3.555 -0.916 2.147
1.641 -3.389 2.174
4.375 1.087 2.115
1.798 -3.261 2.169
-1.701 1.806 0.846
2.053 2.193 1.302
3.919 -3.873 2.179
2.070 2.230 1.420
-1.624 1.094 0.993
3.605 -0.670 2.148
-0.052 -3.969 2.180
2.063 2.267 1.502
3.037 -1.789 2.139
-0.680 1.847 1.027
3.405 -0.463 2.143
0.139 -4.071 2.187
2.092 2.553 1.337
2.094 2.595 1.425
-1.456 2.840 1.535
0.568 4.763 2.181
2.054 -3.098 2.164
3.189 -0.073 2.129
3.159 0.335 2.143
3.224 0.132 2.144
3.608 0.330 2.141
3.899 -0.074 2.149
3.347 0.442 2.141
3.093 0.537 2.127
3.392 0.263 2.145
3.564 0.577 2.140
3.063 0.752 2.122
2.955 0.965 2.119
3.148 1.087 2.126
3.619 1.283 2.137
2.732 1.396 1.980
2.665 1.403 1.707
2.013 1.469 1.441
2.002 1.697 1.533
2.040 2.064 1.711
2.038 2.094 1.777
1.137 3.201 2.161
0.888 3.445 2.170
1.787 2.517 2.141
-0.419 3.193 2.172
-0.721 3.170 2.167
0.274 3.146 2.156
-0.116 3.403 2.165
-0.031 3.306 2.162
-1.360 3.296 2.380
-1.674 1.794 1.770
-1.729 1.800 1.742
-1.587 1.200 1.394
-1.839 -0.917 1.604
-1.722 -1.005 1.657
-1.747 -0.989 1.560
-1.414 -1.492 1.451
-1.758 -1.180 1.453
-3.028 -0.278 2.134
-1.330 -1.523 1.558
-1.353 -1.667 1.737
-1.361 -1.824 1.650
-1.556 -1.479 1.760
-1.843 -2.850 2.353
-1.315 -2.463 2.134
-1.146 -2.539 2.138
-1.046 -2.844 2.144
-0.854 -2.502 2.130
-0.663 -2.887 2.139
-0.565 -2.803 2.145
-0.533 -2.591 2.131
-0.259 -2.717 2.141
0.049 -2.765 2.141
0.233 -2.726 2.137
0.537 -2.727 2.144
0.387 -2.740 2.150
0.465 -2.676 2.152
0.583 -2.695 2.143
0.880 -2.611 2.146
1.042 -2.534 2.145
1.181 -2.414 2.115
1.918 -1.661 2.120
1.984 -1.551 2.129
2.025 -2.001 2.129
2.050 -1.805 2.127
1.552 -2.056 2.100
2.099 -1.590 2.127
1.699 -1.892 2.093
2.306 -0.504 2.114
1.577 -2.299 2.116
2.145 -1.225 2.125
2.496 -0.525 2.121
2.177 -1.107 2.120
1.780 -2.002 2.105
2.523 -0.349 2.120
2.320 -0.206 2.113
2.575 -1.188 2.126
2.890 -0.055 2.133
2.473 0.954 2.117
2.236 0.946 2.111
2.048 0.956 2.116
2.620 1.171 2.116
2.851 0.328 2.122
2.607 0.447 2.117
2.810 0.529 2.122
2.194 1.454 2.086
1.791 1.316 2.117
2.024 1.472 1.914
1.735 1.489 1.785
1.698 1.498 1.910
1.445 1.517 1.882
1.428 1.529 1.998
1.635 2.197 2.145
1.146 1.560 1.769
0.326 2.349 2.147
1.061 2.294 2.146
0.338 2.291 2.148
0.157 2.455 2.157
0.200 2.411 2.146
0.827 2.250 2.136
-0.029 2.493 2.143
-0.196 2.425 2.142
0.504 2.532 2.141
-0.795 1.741 1.786
0.477 2.338 2.142
-0.942 1.729 1.840
-0.392 2.352 2.147
-1.132 1.746 1.963
-1.071 1.735 1.853
-1.368 1.763 2.073
-1.526 1.668 2.173
-1.457 1.777 2.082
-1.527 1.588 2.010
-1.509 1.690 1.996
-1.679 0.862 1.723
-2.288 1.040 2.135
-1.774 -1.273 2.138
-1.789 -1.319 1.981
-1.890 -0.444 1.626
-1.780 -1.293 1.896
-1.675 -0.625 1.548
-1.337 -1.523 1.773
-1.353 -1.748 1.933
-0.864 -2.021 2.126
-1.343 -1.842 2.127
-0.813 -2.107 2.134
0.106 -2.192 2.135
-0.498 -2.070 2.132
0.359 -2.164 2.132
0.406 -2.173 2.136
0.716 -1.991 2.132
0.495 -2.155 2.134
1.303 -1.690 2.153
1.874 -1.177 2.123
1.754 -1.017 2.116
1.703 -0.834 2.118
1.480 -1.302 2.115
1.915 -1.048 2.115
1.774 -0.774 2.122
1.813 0.039 2.120
1.801 0.153 2.122
-0.259 1.680 1.886
-0.991 1.677 2.131
-1.315 1.367 2.156
-0.842 1.729 2.111
-1.575 0.975 2.254
-1.592 0.364 2.104
-1.631 -0.081 1.735
-1.654 -0.432 2.231
-1.669 -0.653 2.328
-1.713 -0.951 2.310
-1.655 -1.052 2.305
-1.329 -0.992 2.133
-1.581 -1.474 2.174
-1.253 -1.126 2.133
-1.311 -1.481 2.133
-1.334 -1.594 2.132
0.877 -1.560 2.123
0.990 -1.440 2.125
0.761 -1.852 2.123
1.416 -0.930 2.121
1.006 1.314 2.113
0.763 1.506 2.112
0.327 1.629 1.971
0.396 1.616 2.036
-0.684 1.672 2.125
-0.910 1.360 2.123
-1.065 1.202 2.120
-1.161 1.135 2.121
-1.449 1.611 2.336
-1.259 0.954 2.129
-1.610 0.159 2.245
-1.645 -0.316 2.086
-1.586 0.944 2.150
-1.585 -0.548 2.284
-1.562 -1.212 2.195
-1.393 -1.481 2.135
-1.754 -1.025 2.253
-1.743 -1.173 2.328
-0.862 -1.565 2.125
0.922 -1.755 2.125
0.962 -1.495 2.123
1.160 -1.725 2.090
1.916 -0.689 2.115
1.550 -0.543 2.113
1.588 -0.346 2.112
1.802 -0.127 2.118
1.827 0.062 2.117
2.010 0.263 2.112
1.819 0.181 2.124
1.669 0.144 2.119
1.654 0.247 2.120
1.618 1.107 2.105
1.597 0.449 2.110
0.908 1.572 2.067
-0.915 1.732 2.101
-1.541 1.398 2.112
-1.357 1.144 2.189
-1.613 0.633 2.197
-1.561 1.204 1.951
-1.575 1.092 2.219
-1.668 0.947 1.890
-1.612 0.679 2.057
-1.627 0.700 1.877
-1.677 -0.609 1.818
-1.718 -1.471 2.144
-1.701 -0.882 2.248
-0.998 -1.968 2.127
-0.595 -2.059 2.137
-0.293 -2.100 2.133
0.860 -2.089 2.134
0.961 -2.141 2.119
1.388 -1.948 2.107
2.156 -0.896 2.120
1.828 -0.734 2.115
2.219 -0.749 2.124
2.496 -0.463 2.124
2.323 -0.273 2.117
2.344 -0.122 2.120
2.500 0.472 2.113
2.000 0.346 2.116
1.932 0.476 2.108
1.379 1.537 1.999
1.950 1.282 2.115
1.154 1.550 1.780
1.873 1.392 2.120
0.632 2.227 2.145
1.169 1.549 1.898
0.280 2.316 2.141
0.401 2.296 2.145
-0.576 2.424 2.143
-0.749 2.379 2.159
-0.867 1.723 1.864
-1.176 1.747 1.891
-1.513 1.670 1.976
-1.565 1.047 1.906
-1.779 0.242 1.556
-1.925 -0.666 1.610
-1.747 -1.047 1.707
-1.766 -1.192 1.844
-1.350 -1.739 1.766
-1.332 -2.288 2.137
-1.026 -2.435 2.143
-0.853 -2.542 2.146
-0.179 -2.687 2.141
-0.093 -2.649 2.146
0.704 -2.519 2.145
0.653 -2.857 2.146
-0.052 -2.693 2.145
0.761 -2.717 2.149
0.823 -2.586 2.149
0.856 -2.466 2.146
0.875 -2.812 2.147
0.977 -2.526 2.149
0.293 -2.695 2.150
0.394 -2.606 2.152
1.128 -2.300 2.114
0.550 -2.560 2.143
1.764 -1.807 2.094
1.477 -2.671 2.138
0.664 -2.636 2.148
1.421 -2.092 2.101
1.602 -2.326 2.101
1.615 -2.183 2.105
1.563 -1.998 2.097
1.775 -2.204 2.099
2.412 -1.704 2.135
1.866 -1.963 2.102
2.337 -1.457 2.129
2.183 -1.342 2.126
2.615 -1.391 2.130
2.527 -1.153 2.134
2.363 -1.040 2.132
2.578 0.577 2.113
2.612 -0.320 2.127
2.010 1.481 1.709
2.028 1.463 1.785
2.144 1.450 1.912
2.300 1.445 2.054
1.909 1.494 1.776
2.653 0.395 2.123
1.782 1.493 1.799
0.700 3.037 2.153
-1.381 2.944 2.389
-1.402 2.992 2.313
0.179 3.154 2.168
-0.126 2.987 2.158
-0.115 3.059 2.160
1.329 2.775 2.148
-0.000 3.235 2.159
-0.337 2.945 2.155
1.090 2.897 2.147
-0.249 3.272 2.174
-1.380 1.763 1.468
-1.506 1.779 1.742
1.063 2.883 2.154
-1.740 1.799 1.907
-0.682 3.013 2.168
-1.828 1.800 1.725
-0.909 2.784 2.166
-1.086 2.895 2.169
-2.944 0.133 2.137
-3.193 -0.181 2.136
-1.787 -1.054 1.248
-1.807 -0.947 1.356
-1.760 -1.196 1.280
-1.661 -1.472 1.356
-1.802 -1.409 1.507
-1.373 -2.078 1.539
-1.931 -3.356 2.366
-1.655 -1.473 1.426
-1.603 -3.234 2.178
-1.416 -3.343 2.179
-0.545 -3.558 2.164
0.387 -3.958 2.183
1.239 -3.924 2.182
1.472 -3.267 2.181
1.640 -3.129 2.161
1.852 -3.261 2.167
1.850 -2.980 2.154
3.201 -1.622 2.139
2.843 -2.172 2.153
3.719 -1.243 2.154
3.458 -1.170 2.151
4.274 0.162 2.162
3.136 -2.110 2.147
3.813 -0.986 2.156
4.255 0.469 2.163
4.197 0.770 2.156
3.898 1.166 2.151
3.716 1.022 2.139
3.230 1.350 1.685
2.670 1.395 1.577
2.191 1.446 1.412
2.174 1.451 1.438
2.055 2.207 1.524
2.029 1.961 1.479
2.091 2.597 1.649
2.062 2.170 1.586
-0.036 1.768 1.009
-0.105 1.776 0.979
-0.124 1.777 0.955
-1.710 1.803 1.301
-1.583 1.605 1.103
-1.488 2.378 1.544
-1.597 1.388 1.039
-1.511 2.467 1.398
-1.601 1.248 1.086
-1.746 -0.208 0.864
-1.793 -1.380 1.076
-1.461 -1.477 0.953
-1.746 -1.042 0.992
-0.674 -5.745 2.224
3.987 -3.013 1.953
4.266 -0.515 1.701
3.342 1.351 1.251
6.034 0.610 2.152
3.521 1.329 1.345
2.985 1.377 1.196
2.027 1.909 1.015
2.471 1.426 0.936
2.010 1.707 0.940
2.060 2.187 1.005
2.037 2.000 1.009
0.528 1.637 0.638
-0.199 1.790 0.702
-0.611 1.841 0.690
-0.695 1.801 0.638
-1.332 1.778 0.725
-1.529 1.791 0.841
-1.590 1.783 0.751
-1.794 1.815 0.875
-1.659 0.539 0.678
-1.677 0.201 0.635
-1.691 0.148 0.602
-1.506 -1.476 0.656
-1.357 -1.874 0.674
4.420 1.246 1.010
3.555 1.330 0.742
3.154 1.363 0.801
2.670 1.404 0.649
2.361 1.429 0.607
-1.703 0.222 0.330
1.060 4.856 0.879
-1.406 3.212 0.610
-1.380 2.663 0.431
-1.630 0.700 0.291
-1.332 1.767 0.529
-1.290 1.755 0.342
2.444 -10.769 1.536
4.285 -0.140 0.544
4.366 0.444 0.566
4.103 1.282 0.522
1.936 1.462 0.180
2.015 1.784 0.190
2.010 1.756 0.247
-1.246 1.783 0.233
-1.386 1.769 0.266
-1.647 1.794 0.303
-1.761 -1.374 0.166
0.292 -2.977 0.133
0.361 -2.990 0.077
0.323 3.361 -0.072
-0.091 1.769 0.009
-1.574 1.804 -0.082
-1.691 0.190 0.060
-1.736 -1.294 0.135
-1.767 -1.390 0.111
-1.436 -1.499 0.084
-1.697 -2.614 0.048
-1.688 0.432 0.013
0.364 3.350 -0.045
-1.551 1.792 -0.061
0.991 -2.559 0.118
4.238 -0.306 0.266
2.795 1.393 0.090
2.469 1.427 0.113
-0.571 -2.581 0.280
0.751 -2.808 0.339
0.853 -2.642 0.281
0.345 -3.129 0.276
3.363 1.338 0.571
2.302 1.444 0.201
2.256 1.443 0.459
2.007 1.463 0.194
0.973 1.514 0.192
2.013 1.711 0.198
0.762 4.889 0.663
-1.409 1.766 0.333
2.157 1.454 0.743
-0.370 1.735 0.545
12.176 1.870 1.962
0.319 1.669 0.458
-0.773 1.774 0.540
-0.675 1.764 0.546
2.046 2.103 0.871
4.396 1.244 0.790
1.335 1.575 0.584
5.947 -0.461 1.028
-1.333 1.774 0.665
-1.700 0.191 0.491
-1.708 0.034 0.600
-1.649 0.667 0.581
-1.795 -0.917 0.745
-1.497 -1.476 0.819
-1.363 -1.942 0.891
-1.716 -6.495 2.241
6.588 -2.180 2.222
4.334 0.852 1.818
3.298 1.340 1.225
2.903 1.379 1.420
2.796 1.390 1.096
2.121 1.450 0.916
2.033 1.961 1.077
2.066 2.279 1.202
2.069 2.279 1.301
2.105 2.707 1.179
0.087 1.752 0.735
-0.101 1.774 0.818
-0.077 1.771 0.860
-0.175 1.780 0.839
-1.443 2.917 1.402
-1.491 2.375 1.265
-1.484 2.501 1.261
-1.391 1.775 1.060
-1.426 1.783 1.068
-1.390 1.778 0.981
-1.804 1.823 1.142
-1.596 1.797 1.051
2.206 1.450 1.648
2.663 -3.244 2.180
-1.753 -0.447 0.899
-1.620 -1.466 1.021
3.366 0.961 2.139
2.971 -2.800 2.163
3.802 -0.893 2.153
4.047 -0.873 2.169
3.158 -2.334 2.156
4.122 -0.603 2.172
2.954 1.377 1.906
-1.362 -1.878 1.112
3.245 -2.113 2.154
2.815 1.392 1.940
-1.775 -1.009 0.993
-0.361 -4.151 2.193
2.136 -3.584 2.183
1.140 3.667 2.167
0.906 3.833 2.172
-0.601 3.544 2.176
0.386 3.576 2.180
0.399 3.503 2.179
-0.845 3.507 2.181
0.181 3.535 2.167
-1.662 1.810 1.529
-1.439 2.623 1.861
-1.906 1.807 1.638
-1.592 1.193 1.357
-1.622 1.111 1.279
-1.659 0.484 1.201
2.039 -1.911 2.131
0.588 -2.972 2.147
2.021 -2.346 2.132
0.894 -2.922 2.148
2.572 0.863 2.120
-1.677 0.365 1.093
0.456 2.524 2.144
3.053 -0.769 2.128
1.835 2.335 2.151
-1.336 -1.581 1.506
-0.621 -3.011 2.150
1.693 2.188 2.137
-1.353 -1.677 1.428
-1.352 -1.729 1.412
2.239 -1.614 2.135
-0.521 -2.889 2.151
0.940 -2.918 2.157
2.331 -1.837 2.128
1.547 2.368 2.147
-0.169 -3.200 2.153
1.420 -2.596 2.143
-0.358 -2.967 2.147
1.160 -2.843 2.165
2.432 -1.895 2.127
-1.796 -0.971 1.448
-0.214 2.705 2.149
1.293 -2.724 2.152
1.442 -2.615 2.142
-1.793 -1.013 1.306
0.099 -3.158 2.160
2.531 0.071 2.119
2.098 1.241 2.122
3.135 -0.116 2.135
-0.023 -3.039 2.148
1.468 -2.656 2.142
2.528 -1.502 2.129
0.128 -3.092 2.154
2.510 -1.306 2.127
-0.309 2.577 2.150
2.001 1.408 2.116
3.148 0.103 2.140
-1.777 -1.231 1.535
1.031 2.717 2.146
-0.613 2.598 2.159
-1.726 -0.295 1.254
0.183 -3.007 2.149
-0.570 2.526 2.160
0.332 -3.062 2.156
0.941 2.457 2.149
1.795 -2.169 2.097
2.510 0.404 2.122
0.952 2.363 2.143
-0.415 2.561 2.158
-1.161 -2.788 2.148
1.770 -2.382 2.110
-0.681 2.492 2.153
2.652 0.502 2.123
1.682 1.498 1.834
-1.057 -3.127 2.155
2.451 0.536 2.109
-1.638 -1.478 1.627
-1.592 -1.480 1.530
-0.942 2.380 2.156
-1.546 -1.490 1.437
-0.892 2.428 2.154
0.748 -2.963 2.154
2.680 -0.752 2.125
2.594 0.636 2.117
-0.817 2.453 2.157
-0.733 2.478 2.165
-1.928 -0.829 1.708
-0.997 2.410 2.165
-1.201 1.745 1.874
-2.195 1.070 2.129
-2.676 -0.157 2.129
-1.630 -1.472 2.213
-1.620 0.512 1.530
-1.511 1.643 1.888
-1.734 0.432 1.558
-1.382 -1.504 1.787
-1.344 -1.514 1.667
-1.757 0.309 1.630
-1.676 -0.601 1.561
-1.349 -1.661 1.870
-1.369 -1.924 1.999
-0.199 -2.288 2.130
-1.164 -2.296 2.132
0.213 -2.338 2.137
1.227 -1.838 2.098
1.258 -2.030 2.104
1.308 -1.901 2.093
-0.766 -2.217 2.131
0.494 -2.279 2.139
1.479 -1.706 2.162
0.622 -2.241 2.132
1.812 -1.049 2.119
-0.552 -2.347 2.131
1.552 -1.729 2.165
-0.496 -2.259 2.130
0.551 -2.319 2.133
2.060 -1.130 2.118
2.180 -0.700 2.115
2.451 0.127 2.119
2.397 0.509 2.110
2.022 0.531 2.113
1.821 0.571 2.112
1.839 1.206 2.108
1.738 1.330 2.114
1.020 1.559 1.854
0.616 1.600 1.786
0.286 1.625 1.794
-0.096 1.651 1.770
-0.286 1.683 1.783
-0.983 1.682 2.123
-0.872 1.717 1.941
-1.504 1.772 2.267
-1.615 0.591 2.059
-1.553 1.351 2.238
-1.536 1.476 2.108
-1.570 1.180 2.164
-1.555 1.294 2.010
-1.576 1.027 2.099
-1.650 -0.342 1.930
-1.626 -0.071 1.693
-1.698 -0.868 2.328
-1.695 -0.844 1.979
-1.008 -1.876 2.126
-0.565 -1.997 2.125
1.188 -1.429 2.118
1.482 -0.850 2.121
1.389 -1.460 2.117
1.806 -0.938 2.117
0.885 -1.633 2.127
0.793 -1.882 2.127
1.597 -0.562 2.116
1.435 -0.942 2.124
1.773 -0.526 2.112
1.547 -1.016 2.117
1.623 -0.446 2.119
1.634 0.028 2.122
1.673 -0.242 2.128
1.628 0.985 2.106
-1.085 1.516 2.125
-0.852 1.442 2.121
-1.164 1.094 2.126
-0.855 1.687 2.132
-1.379 0.839 2.178
-1.585 1.055 2.175
-1.644 0.528 2.157
-1.693 0.572 1.883
-1.649 -0.204 2.292
-1.653 -0.409 2.332
-1.610 0.122 2.049
-1.673 -0.572 2.176
-1.697 -0.805 2.282
1.096 -1.315 2.128
1.266 -1.149 2.126
1.779 -0.021 2.131
1.597 -0.007 2.127
1.805 0.113 2.126
-0.633 1.678 2.125
-1.152 1.328 2.127
-1.141 1.182 2.125
-1.190 1.084 2.129
-1.323 1.010 2.138
-1.579 0.975 2.213
-1.603 0.712 2.100
-1.687 0.668 1.874
-1.600 0.471 2.176
-1.579 0.429 1.956
-1.606 0.149 2.132
-1.668 -0.546 2.039
-1.676 -0.618 1.890
-1.684 -0.691 1.823
-1.638 -0.161 2.172
-1.631 -0.220 1.963
-1.691 -0.896 2.192
-1.750 -1.066 2.156
-1.770 -1.162 2.114
-1.721 -1.206 2.344
-1.038 -1.655 2.129
0.536 -2.053 2.129
1.107 -1.482 2.126
0.817 -1.956 2.128
0.959 -1.908 2.126
1.600 -1.703 2.146
0.931 -1.640 2.125
1.102 -1.904 2.130
1.693 -1.528 2.124
1.471 -1.217 2.125
2.232 -0.748 2.120
1.488 -1.117 2.121
1.949 -0.521 2.112
2.360 -0.466 2.120
2.345 0.037 2.117
2.206 0.074 2.112
2.186 0.217 2.111
2.285 0.408 2.106
1.826 0.340 2.115
1.975 1.141 2.110
-0.306 1.712 1.705
-0.397 1.718 1.698
-0.705 1.714 2.015
-0.846 1.725 2.031
-1.019 1.740 2.066
-1.118 1.627 2.126
-1.211 1.753 2.054
-1.188 1.748 1.968
-1.493 1.708 2.300
-1.678 1.019 1.722
-2.222 1.101 2.147
-1.608 0.491 1.723
-1.910 -0.589 1.685
-0.552 -2.408 2.134
-1.652 -0.375 1.797
0.645 -2.515 2.145
-1.768 0.141 1.564
-0.391 -2.424 2.130
0.744 -2.599 2.143
-0.407 -2.457 2.142
-1.790 0.046 1.543
-1.678 -0.594 1.833
-1.333 -1.521 1.897
-0.486 -2.430 2.136
0.975 -2.555 2.156
-1.353 -1.772 2.015
-0.339 -2.464 2.135
-1.722 0.018 1.587
-1.369 -2.014 2.129
-1.298 -2.153 2.131
-0.295 -2.511 2.138
-1.237 -2.098 2.137
1.153 -2.129 2.094
-0.173 -2.574 2.146
-0.030 -2.507 2.137
1.299 -2.265 2.108
0.202 -2.410 2.136
-1.768 -1.210 2.075
0.216 -2.582 2.137
-0.954 -2.221 2.136
-1.686 -1.474 1.998
-1.489 -1.494 1.783
1.762 -1.927 2.096
-1.507 -1.491 1.893
-0.725 -2.365 2.130
1.609 -1.740 2.158
1.835 -1.856 2.105
1.724 -1.589 2.126
2.007 -1.737 2.125
2.675 1.145 2.113
2.548 1.046 2.113
2.533 1.354 2.117
2.681 -0.266 2.128
2.268 -1.433 2.127
2.734 -0.042 2.124
2.362 -1.279 2.126
2.219 1.087 2.114
2.284 -1.086 2.126
2.688 -1.059 2.128
1.991 1.467 1.977
2.816 0.797 2.110
1.940 2.162 2.143
1.251 2.513 2.146
1.310 2.474 2.145
1.103 2.528 2.138
0.912 2.668 2.147
0.209 2.754 2.153
0.111 2.906 2.157
-1.119 2.540 2.164
-0.133 2.840 2.156
-0.360 2.737 2.155
-0.737 2.569 2.156
-0.939 2.613 2.162
-1.460 1.773 1.789
-1.489 1.778 1.630
-1.605 1.151 1.583
-1.825 1.797 1.773
-2.107 1.833 1.917
-2.600 0.976 2.126
-3.115 0.946 2.130
-1.615 0.502 1.446
-2.896 -0.117 2.151
-2.876 -0.312 2.141
-1.955 -0.744 1.552
-1.955 -0.896 1.595
-1.778 -1.307 1.460
-1.780 -1.322 1.650
-1.726 -1.463 1.671
-1.859 -2.976 2.367
-1.370 -1.953 1.683
-1.371 -2.948 2.143
-1.500 -2.776 2.166
-1.359 -1.706 1.516
-1.368 -1.947 1.579
-0.456 -3.337 2.158
-0.066 -3.374 2.162
-0.784 -3.154 2.150
0.145 -3.359 2.158
0.442 -3.126 2.158
0.425 -3.399 2.162
0.511 -3.272 2.154
0.580 -3.337 2.156
1.274 -3.465 2.173
1.370 -2.831 2.161
1.541 -2.950 2.150
1.837 -2.541 2.139
1.990 -2.411 2.144
2.568 -1.828 2.138
3.559 -1.668 2.151
2.999 -1.164 2.135
2.408 1.428 1.590
2.516 1.422 1.736
1.998 1.462 1.383
2.115 1.458 1.478
3.210 -0.611 2.138
2.194 1.449 1.601
2.040 1.465 1.545
2.763 1.395 1.733
1.645 3.495 2.162
0.661 3.734 2.172
-1.514 1.782 1.446
-1.631 1.832 1.245
-1.765 1.799 1.534
-1.590 1.538 1.141
-1.622 0.516 0.924
-1.407 3.006 1.939
-1.402 3.066 1.881
-1.640 1.078 1.145
-1.453 2.650 1.780
-1.458 2.659 1.702
-1.733 -0.111 1.033
-1.607 -1.465 1.112
-1.423 -1.484 1.049
-0.039 -4.612 2.208
3.470 -3.984 2.202
3.148 -3.335 2.183
3.940 -3.593 2.045
3.990 -3.065 2.068
4.025 -2.546 2.087
4.060 -2.322 1.913
4.121 -1.571 2.065
4.336 0.719 1.915
4.362 0.986 1.882
2.688 1.404 1.134
2.026 1.928 1.142
2.351 1.433 1.033
2.468 1.416 1.147
2.561 1.412 1.217
2.066 2.279 1.245
2.656 1.402 1.281
2.158 1.444 1.065
2.105 2.717 1.371
2.312 1.433 1.151
2.252 4.748 1.944
2.260 4.726 1.882
1.508 4.823 1.901
-1.359 3.474 1.486
-1.368 3.480 1.446
-1.441 2.576 0.999
-1.374 1.776 0.995
-1.623 1.805 0.827
-1.779 1.814 1.099
-1.645 0.267 0.708
-1.638 0.189 0.639
-1.796 -1.423 0.734
-1.770 -0.644 0.696
-1.335 -1.627 0.763
-1.357 -1.830 0.805
-1.377 -1.989 0.858
1.542 -8.034 2.252
3.566 1.340 0.895
2.560 1.416 0.696
2.580 1.413 0.772
2.717 1.401 0.775
2.028 1.465 0.673
1.824 1.565 0.605
1.375 1.577 0.574
1.392 1.573 0.551
0.859 1.614 0.512
-0.659 1.765 0.509
-0.875 1.783 0.624
-1.390 3.321 0.674
-1.672 0.628 0.574
-1.672 0.473 0.373
-1.664 0.262 0.443
-1.690 0.188 0.376
3.607 1.327 0.476
2.703 1.410 0.436
2.313 1.438 0.332
2.012 1.737 0.285
-1.397 2.123 0.348
-1.828 1.812 0.361
-1.414 3.025 0.403
-1.686 0.333 0.313
-0.492 -2.972 0.282
0.057 -2.204 0.126
0.633 -2.699 0.153
2.125 1.463 0.074
-1.369 -1.884 0.056
-0.102 -2.153 0.124
-1.643 0.774 -0.063
-1.006 -2.475 0.112
-0.132 1.799 0.078
0.101 -2.144 0.223
0.478 -2.699 0.255
0.781 -2.680 0.209
-0.056 -2.097 0.200
0.846 -2.651 0.254
0.957 -2.590 0.247
1.052 -1.042 0.186
1.247 -1.070 0.194
4.243 -0.354 0.268
4.954 1.200 0.543
2.003 1.658 0.217
2.581 1.415 0.405
-1.410 3.253 0.371
-0.310 -3.132 0.425
1.791 1.548 0.557
1.322 4.832 0.903
-1.654 1.800 0.581
-1.678 0.427 0.491
-0.597 1.834 0.457
-0.762 1.750 0.473
-0.688 1.839 0.481
-0.807 1.779 0.516
-1.495 -1.477 0.693
1.146 4.848 1.851
2.064 2.292 0.963
0.224 1.683 0.633
2.069 2.334 1.152
5.565 -4.681 2.201
2.084 2.375 1.191
2.118 2.787 1.139
3.462 1.338 1.236
3.089 1.365 1.041
2.857 1.379 1.175
2.756 1.394 0.880
-1.443 2.918 1.192
-1.477 2.271 1.049
2.282 1.441 0.894
5.676 -3.284 1.815
2.264 1.437 0.946
2.213 4.741 1.805
-1.441 1.775 0.878
2.217 1.440 1.063
0.598 1.642 0.638
2.072 1.456 0.874
1.996 1.463 0.888
2.016 1.715 0.889
5.717 -2.307 1.680
2.043 2.024 1.037
1.096 4.846 1.757
-1.665 0.587 0.763
-1.785 -1.412 0.946
-1.953 -3.216 1.514
-1.959 -3.261 1.724
-1.433 -1.484 0.915
-2.033 -4.165 2.207
3.854 -2.038 2.168
2.539 -4.001 2.189
2.263 1.441 1.343
2.106 1.450 1.434
4.276 0.181 1.917
4.110 -1.782 2.147
4.024 -1.500 2.167
2.977 -3.604 2.191
2.018 1.804 1.457
4.141 -1.420 2.065
2.047 2.094 1.536
2.074 2.389 1.578
4.179 -0.882 2.092
2.068 2.472 1.777
4.168 -1.002 1.913
2.110 2.857 1.728
2.108 2.856 1.900
3.727 -2.929 2.179
4.216 -0.505 1.998
4.240 -0.282 2.106
4.245 -0.203 2.000
2.579 1.412 1.470
4.256 -0.061 2.083
2.519 1.415 1.499
0.352 3.915 2.170
0.040 1.747 1.041
-0.483 1.820 1.097
-1.671 1.778 1.467
-1.481 1.771 1.357
-1.411 2.975 1.871
-1.644 1.095 1.245
-1.479 2.413 1.618
-1.652 1.069 1.142
-1.692 0.184 1.099
-1.619 0.506 1.090
-1.796 -1.034 1.420
-1.736 -1.050 1.241
-1.794 -1.344 1.493
-1.707 -1.466 1.437
-1.949 -3.664 2.382
0.746 -3.262 2.155
-0.648 -3.436 2.172
1.147 -3.128 2.174
1.287 -3.025 2.163
1.351 -3.058 2.172
-0.265 -3.229 2.155
-0.117 -3.326 2.161
2.140 -2.634 2.139
1.683 -2.777 2.145
2.296 -2.212 2.138
-0.052 -3.226 2.158
2.413 -2.260 2.141
1.930 -2.485 2.147
1.954 -2.760 2.144
2.058 -2.538 2.137
2.166 -2.381 2.138
2.670 -1.707 2.132
2.759 -1.738 2.137
2.650 -1.291 2.127
2.829 -1.565 2.137
2.811 -0.679 2.127
2.861 -0.544 2.135
3.429 -0.466 2.144
2.987 0.251 2.129
3.183 0.344 2.137
3.391 0.491 2.145
3.375 0.748 2.144
2.756 1.004 2.105
2.517 1.043 2.121
2.278 1.447 1.978
1.701 2.155 2.133
2.196 1.451 1.678
1.747 2.522 2.147
2.146 1.447 1.791
1.953 1.469 1.926
0.772 2.681 2.150
2.013 1.811 1.732
0.572 2.681 2.152
0.309 3.053 2.161
1.074 2.558 2.142
0.162 2.849 2.148
0.201 2.779 2.155
-0.485 2.868 2.159
-0.415 2.785 2.155
-0.805 2.808 2.162
-1.381 2.807 2.380
-1.426 2.743 2.286
-1.465 2.377 2.096
-1.703 1.803 1.869
-2.344 0.888 2.130
-2.760 1.159 2.136
-1.687 -0.847 1.577
-1.768 -1.201 1.952
-2.931 -0.090 2.148
-1.776 -1.256 1.581
-1.782 -1.331 2.055
-1.789 -1.421 1.790
-1.483 -2.382 2.136
-1.675 -0.671 1.635
-1.272 -2.014 2.136
-1.347 -1.609 1.662
-1.356 -1.752 1.893
-1.362 -1.803 1.856
-0.539 -2.434 2.137
-0.506 -2.404 2.137
-0.314 -2.568 2.138
-0.204 -2.645 2.137
-0.339 -2.408 2.134
-0.210 -2.464 2.138
1.202 -2.026 2.101
0.328 -2.489 2.137
0.412 -2.478 2.143
1.227 -2.172 2.104
1.425 -2.064 2.096
1.484 -1.964 2.095
1.565 -1.808 2.090
1.591 -1.633 2.106
2.102 -1.552 2.125
2.068 -1.218 2.113
2.179 -1.441 2.126
1.816 -1.530 2.123
2.087 -1.039 2.122
2.279 -1.294 2.128
2.230 -1.081 2.127
1.911 -1.464 2.117
2.027 -0.745 2.117
2.650 -0.231 2.122
2.267 0.022 2.116
2.651 -0.073 2.118
2.491 0.701 2.115
1.872 0.858 2.110
2.325 1.007 2.113
1.821 0.938 2.110
1.890 1.111 2.115
1.628 1.446 2.117
0.891 1.576 1.898
0.639 2.303 2.143
0.495 1.649 1.796
0.492 2.294 2.143
-0.894 1.728 1.935
-1.529 1.431 2.081
-1.581 1.088 2.119
-1.625 1.014 1.811
-1.754 -1.117 1.891
-1.679 0.834 1.867
-1.756 -1.180 2.226
-1.551 -1.487 1.977
-1.668 -0.589 1.888
-1.311 -1.830 2.132
-1.626 -0.080 1.886
0.876 -1.860 2.128
1.722 -0.905 2.115
1.648 -0.530 2.119
1.786 -0.531 2.119
1.625 -0.462 2.113
1.520 -0.958 2.124
1.712 0.120 2.121
1.847 -0.292 2.117
1.853 -0.223 2.117
1.484 1.062 2.105
-1.084 1.420 2.118
-1.536 1.137 2.304
-1.579 1.012 2.265
-1.585 1.043 2.014
-1.616 0.542 2.256
-1.627 -0.057 1.837
-1.648 -0.261 2.272
-1.764 -1.086 2.242
0.814 -1.559 2.126
1.470 -1.039 2.126
1.564 -0.301 2.112
1.586 0.193 2.128
1.597 -0.106 2.130
1.970 0.714 2.116
1.470 0.599 2.107
0.268 1.624 1.966
-0.469 1.649 2.126
-1.301 1.484 2.154
-1.133 1.120 2.119
-1.327 1.371 2.187
-0.573 1.685 2.127
-1.338 0.919 2.153
-1.620 0.061 2.208
-1.624 -0.038 2.214
-1.628 -0.593 2.314
-1.267 -1.668 2.131
0.917 -1.707 2.125
1.262 -1.307 2.128
1.638 -1.482 2.122
2.041 -0.400 2.117
1.676 -0.354 2.114
2.189 0.551 2.110
2.143 0.699 2.109
1.921 0.010 2.110
0.140 1.622 1.728
-1.499 1.503 2.283
-1.558 1.242 1.897
-1.575 1.070 2.032
-1.781 0.195 1.629
-1.785 0.069 1.650
-1.630 -0.121 1.608
-1.682 0.570 1.648
-1.786 -1.316 1.933
-1.779 -1.337 2.184
-1.341 -1.635 1.938
-1.346 -1.708 1.992
-1.346 -1.695 2.081
-1.326 -1.721 2.138
-1.220 -1.967 2.136
-1.139 -1.885 2.133
-0.347 -2.277 2.130
-0.859 -2.193 2.136
-0.084 -2.282 2.131
-0.221 -2.370 2.143
-0.917 -2.069 2.131
-0.003 -2.303 2.140
0.645 -2.459 2.141
0.087 -2.327 2.133
0.986 -2.371 2.122
1.152 -2.236 2.101
1.141 -2.088 2.100
1.346 -2.215 2.107
1.310 -2.036 2.097
1.436 -1.945 2.096
1.383 -1.797 2.086
1.776 -1.898 2.098
1.873 -1.672 2.104
1.766 -1.529 2.125
2.097 -1.718 2.131
1.850 -1.457 2.126
2.344 -1.421 2.135
2.251 -1.133 2.126
2.490 -1.040 2.134
2.418 -0.820 2.127
2.449 -0.638 2.121
2.227 -0.584 2.126
2.572 -0.317 2.134
2.328 -0.283 2.120
2.280 0.656 2.104
2.679 0.507 2.120
2.091 0.848 2.112
2.356 0.303 2.110
2.487 0.598 2.112
2.335 0.500 2.109
1.506 1.520 1.914
1.099 2.316 2.148
0.792 2.389 2.146
0.830 2.382 2.153
0.650 2.520 2.155
-0.861 2.671 2.167
0.238 2.525 2.128
0.353 2.605 2.154
-0.997 2.493 2.153
0.069 2.560 2.158
0.169 2.636 2.155
-0.516 2.433 2.148
-0.456 2.625 2.162
-0.798 2.381 2.149
-2.430 1.313 2.127
-2.997 0.302 2.142
-1.687 0.843 1.729
-1.949 1.821 1.996
-2.416 0.951 2.136
-2.847 0.018 2.145
-1.842 -0.917 1.517
-1.900 -0.548 1.589
-1.928 -0.676 1.662
-1.778 -1.257 1.694
-1.777 -1.256 1.752
-1.451 -1.493 1.518
-1.650 -1.475 1.738
-1.437 -1.503 1.644
-1.344 -1.603 1.594
-1.380 -2.088 1.851
-1.486 -2.591 2.149
-1.547 -2.378 2.128
-0.543 -3.065 2.164
-0.037 -2.938 2.148
-0.314 -3.088 2.157
-1.118 -2.772 2.147
-0.947 -2.872 2.143
-0.752 -2.916 2.143
0.292 -2.875 2.144
0.082 -3.176 2.148
0.377 -2.978 2.148
-0.460 -2.901 2.139
-0.677 -2.947 2.150
-0.555 -2.948 2.145
0.531 -2.925 2.151
1.758 -2.228 2.110
2.723 -1.925 2.141
2.550 -1.729 2.128
1.996 -2.296 2.128
2.503 -1.522 2.131
2.575 -2.382 2.136
2.153 -1.876 2.137
3.276 -1.400 2.141
2.782 -0.781 2.130
3.646 -0.170 2.147
3.640 0.081 2.147
3.670 0.361 2.144
2.863 1.162 2.114
2.682 1.410 2.017
2.342 1.436 1.781
2.488 1.418 1.949
2.094 1.458 1.685
2.184 1.447 1.797
2.900 0.942 2.119
2.007 1.780 1.640
2.005 1.683 1.706
2.082 2.741 2.147
2.079 2.601 2.117
0.229 3.433 2.172
-0.887 3.586 2.178
-1.086 3.221 2.182
-1.428 2.881 1.798
-1.449 2.516 1.809
-1.459 2.521 1.691
-1.442 1.773 1.302
-1.627 1.850 1.642
-1.689 1.796 1.382
-1.949 -3.207 2.002
-0.118 -4.369 2.201
0.944 -4.155 2.191
1.984 -4.440 2.195
4.001 -3.002 2.158
4.202 -0.657 2.001
4.100 -1.922 1.881
4.288 0.270 1.997
4.304 0.442 2.095
4.309 1.284 1.872
2.337 1.436 1.225
2.245 1.443 1.279
2.053 2.229 1.337
2.158 3.329 1.678
0.449 4.714 1.992
-1.439 2.902 1.479
-1.237 1.794 1.033
-1.428 1.776 0.950
-1.614 0.523 0.765
-1.786 -0.978 0.845
-1.760 -1.266 0.821
-1.753 -0.395 0.692
-1.773 -1.310 0.858
-1.744 -0.378 0.807
-1.700 -1.455 0.880
-1.671 -1.459 0.887
-1.345 -1.743 0.846
3.707 -5.634 2.228
5.701 -3.243 2.066
3.932 -3.785 1.936
5.727 -2.340 1.921
5.558 -4.687 1.923
2.656 1.401 0.887
2.424 1.427 0.916
4.419 1.234 1.405
2.893 1.383 0.827
2.011 1.734 0.820
2.055 2.148 0.836
2.034 1.951 0.834
2.016 1.831 0.871
0.541 1.647 0.540
0.219 1.673 0.561
0.258 1.668 0.527
-1.368 1.767 0.705
-0.663 1.816 0.516
-0.844 1.768 0.619
-1.690 0.680 0.432
-1.463 2.262 0.851
-1.677 0.629 0.575
2.354 1.427 0.436
2.386 1.434 0.509
-0.150 1.766 0.335
-1.368 3.551 0.674
-1.632 0.730 0.288
-1.648 0.472 0.308
0.037 -2.119 0.204
-1.354 -1.828 0.278
1.137 -2.617 0.408
0.939 1.528 0.130
-1.666 1.790 -0.004
-1.112 -2.547 0.122
-1.735 -1.270 0.136
-0.538 -2.674 0.104
0.981 -2.640 0.088
1.093 -2.447 0.103
-1.692 0.160 0.009
-1.382 -1.940 0.044
-1.671 0.810 -0.077
1.008 3.287 0.045
-0.539 -2.702 0.073
0.268 1.660 0.074
-0.412 1.819 0.067
-1.399 -2.737 0.272
-1.192 -2.765 0.264
-0.553 -2.587 0.222
0.164 1.674 0.188
-0.226 1.797 0.202
-1.137 -3.143 0.399
2.914 1.383 0.526
2.517 1.410 0.617
2.208 1.441 0.544
1.397 4.807 0.850
0.339 1.664 0.330
-0.144 1.771 0.380
-1.382 3.314 0.617
-1.423 3.034 0.616
2.049 2.054 0.965
2.044 2.033 1.020
2.080 2.381 1.105
0.820 4.838 1.616
0.074 1.704 0.563
3.140 1.364 0.859
5.996 0.038 1.837
2.786 1.394 1.026
2.160 3.356 1.342
-1.464 1.786 0.786
2.616 1.412 0.847
6.039 0.443 1.830
2.373 1.433 0.709
2.238 1.440 0.815
2.218 1.447 0.845
6.065 0.839 1.903
2.190 4.743 1.713
2.005 1.469 0.731
0.639 1.644 0.635
-1.747 1.802 0.840
1.998 1.678 0.696
-1.642 0.349 0.666
-1.524 -1.471 0.930
-1.463 -1.482 0.874
-1.328 -1.539 0.830
-1.364 -1.894 0.920
4.092 -1.950 1.909
4.322 0.595 1.991
4.328 0.740 2.152
4.109 -1.669 1.871
3.960 -3.455 2.129
3.348 1.341 1.569
4.022 -2.775 2.150
3.995 -3.003 2.046
4.201 -0.470 1.802
4.014 -2.700 2.059
2.624 1.409 1.499
1.925 4.760 2.140
2.108 1.452 1.257
2.019 1.798 1.239
2.021 1.832 1.370
-0.303 1.797 0.989
-0.530 1.828 1.002
0.891 4.322 2.178
-0.681 1.843 0.993
-0.595 1.837 1.050
-1.397 3.130 1.720
-1.493 2.399 1.459
-1.838 1.804 1.338
-1.731 1.800 1.287
-1.602 1.399 1.077
-1.795 -0.939 1.237
-1.740 -1.043 1.203
-1.739 -1.116 1.052
-1.377 -2.020 1.480
-1.935 -3.090 2.013
-1.968 -3.355 1.992
-1.311 -3.885 2.192
-1.160 -3.738 2.189
0.243 -3.589 2.166
0.708 -3.620 2.172
2.371 -2.766 2.155
2.465 -2.547 2.148
1.345 -3.384 2.164
2.480 -2.308 2.135
1.530 -3.291 2.168
2.596 -2.349 2.142
2.639 -2.628 2.148
2.676 -2.396 2.146
1.857 -3.223 2.166
2.831 -1.956 2.143
3.115 -1.810 2.148
3.536 -0.441 2.147
3.218 -1.172 2.139
3.538 -0.207 2.144
3.297 -0.053 2.135
3.183 0.593 2.128
3.139 0.838 2.129
2.879 0.875 2.122
2.793 1.032 2.124
2.374 1.436 1.956
2.018 1.465 1.586
2.018 1.793 1.846
2.041 2.094 1.987
1.912 2.305 2.141
2.091 2.732 2.121
0.456 3.273 2.142
1.617 2.942 2.160
0.130 3.371 2.167
0.047 3.141 2.157
0.096 3.062 2.159
0.921 3.160 2.149
-0.453 3.169 2.171
-1.457 2.434 2.025
-0.327 3.031 2.157
-1.488 2.310 1.941
-1.446 1.774 1.696
-1.615 1.135 1.520
-1.587 1.257 1.503
-1.696 1.791 1.793
-2.005 1.824 1.879
-2.962 0.550 2.128
-2.802 0.235 2.131
-2.975 0.167 2.141
-3.023 -0.036 2.136
-1.814 -0.228 1.563
-1.923 -0.658 1.702
-1.933 -0.654 1.580
-1.362 -1.844 1.884
-1.377 -1.994 1.792
-1.684 -0.682 1.549
-1.754 -1.139 1.571
-1.465 -2.275 2.139
-1.788 -1.336 1.574
-1.144 -2.437 2.132
-0.975 -2.487 2.138
-1.390 -1.505 1.733
-0.737 -2.696 2.143
-0.682 -2.870 2.148
-0.611 -2.763 2.139
-0.521 -2.838 2.151
-0.611 -2.565 2.137
-0.521 -2.628 2.135
0.168 -2.729 2.144
0.282 -2.735 2.143
0.336 -2.706 2.145
0.187 -2.718 2.147
0.388 -2.648 2.146
0.566 -2.626 2.141
0.678 -2.607 2.141
0.844 -2.572 2.142
0.944 -2.480 2.139
2.008 -1.405 2.127
2.100 -1.827 2.127
1.248 -2.249 2.114
2.216 -1.712 2.137
1.200 -2.426 2.103
2.363 -1.528 2.128
1.353 -2.342 2.103
2.344 -1.222 2.135
2.447 -0.220 2.119
1.714 -1.976 2.099
1.750 -1.832 2.099
2.592 -0.125 2.120
2.430 -0.032 2.127
2.254 -0.491 2.119
1.900 -1.704 2.108
1.905 -1.526 2.118
1.985 -1.580 2.126
2.582 0.196 2.119
2.404 0.272 2.122
2.599 -0.571 2.129
2.212 0.368 2.118
2.534 0.527 2.115
1.697 1.353 2.120
1.864 1.485 1.915
1.434 2.208 2.145
1.059 1.562 1.771
1.503 1.520 1.927
1.099 2.354 2.140
1.043 2.205 2.150
1.293 1.543 1.926
0.904 2.410 2.155
0.369 2.381 2.146
0.062 2.363 2.146
-0.086 2.307 2.147
-0.339 2.355 2.148
-1.103 1.742 1.965
-0.972 1.731 1.820
-1.400 1.769 2.148
-1.482 1.775 2.052
-1.577 1.045 1.873
-1.810 -0.161 1.608
-1.780 -1.474 2.003
-1.656 -1.483 2.083
-1.587 -1.477 1.919
-0.936 -2.146 2.132
-0.796 -2.216 2.135
-0.253 -2.170 2.134
0.733 -2.106 2.131
0.895 -1.921 2.126
0.932 -1.965 2.138
0.995 -2.005 2.106
1.412 -1.649 2.117
1.687 -1.521 2.121
1.792 -1.414 2.120
1.795 -1.261 2.114
2.302 0.088 2.113
2.228 -0.544 2.120
2.308 -0.387 2.113
0.898 1.567 1.830
0.885 1.571 1.948
-0.310 1.673 1.883
-1.196 1.252 2.124
-1.657 0.617 1.880
-1.537 1.067 2.335
-1.592 0.177 2.082
-1.599 0.655 2.273
-1.609 0.077 2.099
-1.629 -0.122 2.135
-1.638 -0.224 2.162
-1.647 -0.319 2.220
-1.652 -0.424 2.242
-1.511 -1.489 2.128
-0.976 -1.803 2.128
-0.322 -1.848 2.125
0.727 -1.787 2.125
1.575 0.247 2.128
1.472 0.882 2.114
0.369 1.622 2.033
-0.526 1.630 2.126
-1.153 1.559 2.128
-1.115 1.146 2.123
-1.172 1.252 2.129
-1.609 0.498 2.088
-1.623 0.093 2.252
0.706 -1.941 2.123
1.185 -1.226 2.125
1.115 -1.656 2.095
1.855 -0.103 2.114
1.844 0.139 2.116
1.671 0.294 2.119
1.643 0.434 2.117
0.254 1.618 1.830
-0.793 1.580 2.126
-1.675 -0.613 2.065
-1.698 -0.853 2.134
-1.705 -0.988 2.120
-1.780 -1.302 2.057
-1.773 -1.292 2.285
-1.751 -1.472 2.259
-1.722 -1.462 2.330
-0.334 -2.138 2.129
-0.456 -2.132 2.130
1.045 -2.174 2.125
0.224 -2.267 2.139
0.324 -2.300 2.136
0.356 -2.196 2.131
1.500 -1.913 2.097
1.814 -1.716 2.099
2.552 -0.329 2.127
1.890 -1.339 2.121
1.808 -1.272 2.126
2.366 -0.161 2.119
2.274 -1.194 2.126
2.254 -0.783 2.127
2.063 -0.761 2.127
2.341 0.907 2.116
1.937 1.470 2.109
1.676 1.493 1.935
0.441 2.282 2.141
0.976 2.196 2.146
0.748 2.274 2.146
-0.211 2.460 2.147
-0.561 2.426 2.153
-1.153 1.751 1.865
-1.384 1.767 1.861
-2.750 0.131 2.137
-1.621 -0.131 1.554
-1.788 -1.020 1.575
-1.710 -0.995 1.597
-1.710 -0.511 1.565
-1.687 -0.840 1.722
-1.937 -0.673 1.704
-1.711 -0.988 1.717
-1.762 -1.149 1.715
-1.771 -1.214 1.797
-1.375 -1.935 1.848
-1.792 -1.325 1.923
-1.360 -1.503 1.698
-1.358 -1.739 1.817
-1.540 -1.488 1.667
-1.693 -1.474 1.885
-1.357 -1.769 1.871
-1.485 -1.488 1.724
-1.381 -2.018 2.014
-1.682 -1.466 1.937
-1.520 -1.494 1.748
-1.376 -2.031 1.988
-1.221 -2.406 2.141
-0.572 -2.742 2.140
-0.421 -2.734 2.136
0.072 -2.718 2.143
-0.919 -2.530 2.146
-0.766 -2.577 2.139
0.117 -2.729 2.141
-0.439 -2.704 2.139
-0.741 -2.666 2.145
0.359 -2.659 2.148
0.196 -2.918 2.153
0.627 -2.913 2.153
1.323 -2.613 2.152
1.424 -2.368 2.113
1.531 -2.260 2.105
2.714 -1.736 2.136
1.516 -2.111 2.097
1.868 -2.478 2.136
1.753 -2.288 2.121
2.807 -1.533 2.139
1.648 -2.008 2.097
1.851 -2.029 2.103
2.944 -1.333 2.147
3.323 -0.251 2.134
1.981 -1.968 2.135
3.074 -1.138 2.142
1.903 -1.784 2.107
2.861 -1.084 2.134
3.314 0.206 2.137
2.725 -0.635 2.131
3.273 -0.502 2.148
2.572 1.111 2.110
2.491 1.417 2.103
2.086 1.461 1.808
2.356 1.440 2.052
2.048 1.467 1.914
2.048 2.219 2.115
1.942 2.399 2.142
1.989 2.202 2.145
1.127 2.886 2.153
1.322 2.818 2.151
0.311 3.262 2.169
-0.060 3.107 2.162
0.728 2.982 2.154
-0.292 3.026 2.154
-0.198 3.203 2.166
-0.502 3.016 2.158
-0.686 3.045 2.155
-0.716 3.337 2.171
-1.471 2.361 2.041
-0.881 2.922 2.162
-1.489 2.325 1.853
-1.494 2.294 1.746
-1.322 1.774 1.484
-1.362 1.769 1.409
-1.540 1.779 1.556
-1.645 1.831 1.548
-1.644 1.091 1.417
-1.678 0.390 1.104
-1.833 -0.897 1.248
-1.672 -3.299 2.167
-1.452 -3.393 2.168
-1.347 -1.695 1.290
-1.378 -2.008 1.462
-1.941 -3.292 2.301
-0.196 -3.933 2.182
0.656 -4.033 2.184
0.795 -3.860 2.185
2.099 -3.523 2.181
4.135 -1.430 2.070
4.164 -1.130 2.045
3.023 -2.073 2.143
4.191 -0.806 2.009
3.916 -2.379 2.181
3.166 -1.867 2.145
3.982 1.313 1.993
3.372 1.354 1.747
4.310 0.410 2.059
2.866 1.390 1.556
3.100 1.363 1.794
2.869 1.384 1.699
2.242 1.438 1.404
2.224 1.444 1.463
2.010 1.705 1.363
2.087 2.493 1.614
2.060 2.262 1.530
2.079 2.608 1.680
0.613 4.394 2.183
0.910 4.663 2.182
-0.505 1.823 0.993
-0.500 1.835 0.970
-1.377 3.235 1.762
-1.451 2.837 1.619
-1.728 1.777 1.122
-1.884 1.799 1.415
-1.482 2.508 1.342
-1.490 2.455 1.299
-1.576 1.658 1.113
-1.788 -0.940 0.846
-1.813 -0.907 0.969
-1.773 -1.009 0.909
-1.752 -1.118 0.899
-1.781 -1.322 0.953
-1.759 -1.036 0.952
-1.938 -3.133 1.484
4.083 -1.939 1.812
5.706 -2.300 2.183
5.951 -0.235 2.082
6.001 0.169 2.106
3.722 1.309 1.394
2.863 1.393 1.024
3.144 1.364 1.264
2.434 1.424 0.931
2.539 1.419 1.005
2.628 1.410 1.069
5.985 0.911 2.192
2.751 1.400 1.089
2.146 1.453 0.869
2.197 1.444 0.882
4.010 1.296 1.302
3.356 1.348 1.139
2.019 1.759 0.901
1.093 1.518 0.691
2.036 1.936 0.983
2.088 2.574 1.098
2.069 2.287 1.070
2.116 2.766 1.174
0.261 1.673 0.598
0.294 1.672 0.596
-0.215 1.764 0.602
-0.676 1.852 0.631
-1.404 3.100 1.077
-1.400 3.147 1.055
-1.438 2.645 0.911
-1.450 2.281 0.853
-1.664 0.530 0.651
-1.701 -0.127 0.596
-1.684 0.167 0.513
-1.684 -0.024 0.525
-1.332 -1.561 0.602
-1.351 -1.822 0.625
-1.337 -1.628 0.596
-1.363 -1.890 0.642
-1.371 -1.947 0.649
-1.379 -2.001 0.691
3.743 -5.897 1.625
5.405 -6.388 1.427
5.564 -4.751 1.871
5.732 -2.458 1.351
-0.702 1.813 0.475
1.186 4.841 0.781
-1.408 3.148 0.652
-1.640 1.047 0.409
-1.401 3.259 0.542
3.650 1.318 0.696
3.133 1.369 0.714
3.192 1.362 0.768
5.949 -0.443 0.962
4.232 -0.276 0.925
2.723 1.393 0.655
2.466 1.420 0.598
-1.519 1.779 0.354
1.783 4.810 0.866
-1.737 1.805 0.333
-1.676 0.313 0.406
-1.732 -0.491 0.386
-1.766 -1.356 0.330
-1.673 -1.446 0.326
-1.351 -1.805 0.368
2.585 1.424 0.167
2.254 1.452 0.162
-1.608 1.137 0.262
-1.234 1.805 0.222
-1.413 1.764 0.288
-1.377 -2.062 0.172
-1.724 -2.762 0.146
-0.200 -2.219 0.106
-0.031 -2.178 0.110
0.512 -2.702 0.069
0.357 3.352 -0.082
-1.340 1.731 0.117
-1.650 0.563 0.031
-1.378 -1.941 0.094
-1.610 1.190 -0.041
2.762 1.401 0.074
0.849 3.293 -0.028
0.607 3.326 -0.036
-0.219 1.770 0.009
-1.201 -2.616 0.197
-1.033 -2.794 0.180
-0.763 -2.400 0.142
-0.551 -2.410 0.169
-0.517 -2.673 0.136
1.014 -2.442 0.115
2.136 1.457 0.132
0.199 1.675 0.144
-1.353 2.677 0.116
-0.703 -2.532 0.337
-1.336 -3.113 0.397
0.895 -2.630 0.329
0.997 -2.540 0.317
0.353 -3.205 0.332
4.065 -2.137 0.427
4.316 -0.389 0.282
3.387 1.345 0.607
3.175 1.368 0.269
0.991 1.523 0.182
2.003 1.462 0.343
1.998 1.676 0.473
2.188 4.771 0.630
0.443 1.643 0.196
-0.116 1.776 0.352
-1.464 1.784 0.387
-1.772 -1.349 0.568
-1.707 1.812 0.420
-1.638 1.790 0.405
-1.743 -0.398 0.407
5.958 -0.487 1.109
3.395 1.342 0.962
3.252 1.360 0.998
2.580 1.411 0.685
2.525 1.418 0.764
2.277 1.440 0.573
2.032 2.041 0.833
2.077 2.391 0.956
0.240 1.675 0.481
0.796 1.617 0.614
-0.717 1.753 0.577
-0.657 1.832 0.592
-1.410 1.765 0.686
-1.682 1.806 0.774
-1.649 1.794 0.735
-1.378 -2.102 0.804
-1.930 -3.090 1.215
-0.691 -6.057 2.227
-2.006 -3.745 1.411
2.495 -5.727 2.210
4.011 -2.774 1.852
3.961 -3.335 1.842
4.252 -0.368 1.733
4.197 -0.578 1.734
6.098 1.073 2.026
2.734 1.407 1.223
3.621 1.318 1.544
2.537 1.406 1.301
3.182 1.356 1.303
2.159 1.451 0.951
2.092 1.457 1.013
2.001 1.474 1.147
2.014 1.673 1.122
2.033 1.914 1.106
2.033 1.929 1.316
2.090 2.634 1.464
1.085 4.849 1.828
0.868 4.660 1.947
-0.342 1.807 0.867
0.508 4.713 1.945
-0.677 1.851 0.919
-0.641 1.856 0.907
-1.571 1.710 1.107
-1.610 1.094 0.937
-1.695 -0.043 0.867
-1.694 -0.196 0.851
-1.373 -1.486 0.980
-1.330 -1.598 0.986
-1.353 -1.862 1.088
-1.941 -3.065 1.855
-1.321 -4.023 2.196
-1.140 -3.845 2.186
-1.027 -4.061 2.193
-0.920 -4.307 2.205
-2.009 -4.274 2.412
-0.759 -4.524 2.205
-0.924 -3.918 2.187
-0.734 -4.075 2.187
0.184 -4.458 2.203
-0.141 -4.052 2.185
0.315 -4.162 2.187
0.785 -4.227 2.197
1.586 -3.814 2.177
2.071 -3.535 2.181
2.290 -3.370 2.177
2.464 -3.155 2.173
2.730 -3.050 2.171
3.010 -2.549 2.155
3.058 -2.293 2.158
3.524 -0.960 2.148
3.253 -1.832 2.145
3.511 -0.676 2.143
3.516 -0.455 2.145
3.404 -1.420 2.144
3.748 -0.397 2.151
3.487 -0.253 2.147
4.215 -0.538 2.138
3.323 0.830 2.137
4.245 -0.237 2.139
3.703 0.099 2.151
4.266 0.066 2.147
2.031 1.885 1.712
2.058 2.268 1.863
2.350 1.441 1.672
2.241 1.445 1.751
2.142 1.454 1.488
2.002 1.661 1.600
1.755 3.570 2.157
1.481 2.994 2.161
1.125 3.509 2.161
1.095 3.213 2.157
0.899 3.234 2.164
0.627 3.637 2.170
0.627 3.510 2.176
0.702 3.369 2.165
-0.114 1.775 1.137
-0.134 3.618 2.169
-1.444 2.633 1.910
-0.395 3.560 2.168
-0.649 3.479 2.169
-1.436 2.683 1.903
-1.489 2.328 1.735
-1.448 1.773 1.498
-1.358 1.763 1.444
-1.858 1.799 1.634
-2.937 0.100 2.140
-2.963 -0.066 2.144
-1.598 0.508 1.195
-2.956 0.511 2.134
-1.742 -0.396 1.139
-1.805 -1.383 1.645
-1.547 -1.479 1.423
-1.384 -2.108 1.823
-0.386 -3.144 2.152
-0.451 -2.943 2.146
-0.287 -3.055 2.154
-0.371 -2.837 2.150
-0.265 -2.972 2.156
-1.327 -2.514 2.149
-0.084 -3.059 2.153
-0.178 -2.915 2.158
-1.216 -2.569 2.139
0.076 -2.986 2.145
0.008 -2.918 2.149
0.167 -2.960 2.144
0.311 -3.004 2.151
-1.006 -2.824 2.144
-0.894 -2.969 2.148
0.667 -2.972 2.148
-0.594 -3.077 2.153
-0.599 -2.917 2.151
0.860 -2.834 2.148
0.571 -2.886 2.157
0.696 -2.909 2.151
0.682 -2.848 2.148
1.047 -2.803 2.167
1.366 -2.557 2.141
1.185 -2.677 2.144
1.450 -2.395 2.111
1.496 -2.470 2.100
2.243 -1.654 2.129
1.711 -2.348 2.106
2.367 -1.498 2.130
2.276 -1.236 2.134
1.958 -2.072 2.133
2.353 -1.083 2.127
2.084 -1.751 2.126
2.755 -1.385 2.129
2.087 -2.196 2.134
2.525 -1.016 2.128
2.890 -1.021 2.134
2.734 -0.782 2.137
2.833 -0.428 2.135
3.046 -0.384 2.125
2.634 0.096 2.117
2.711 1.313 2.121
2.439 1.249 2.124
2.414 0.328 2.114
2.519 1.417 2.030
2.009 1.323 2.115
2.208 1.449 1.877
2.095 1.462 1.978
1.541 2.267 2.140
0.952 1.597 1.700
1.622 1.504 1.846
1.253 2.562 2.138
1.045 2.589 2.150
1.015 2.522 2.149
0.931 2.229 2.141
0.845 2.674 2.144
0.833 2.563 2.145
0.638 2.705 2.146
0.272 2.615 2.138
0.068 2.645 2.151
-0.173 2.658 2.148
-0.001 2.493 2.148
-0.367 2.618 2.156
-0.252 2.552 2.153
-0.199 2.523 2.144
-0.405 2.488 2.153
-0.593 2.433 2.157
-0.835 2.409 2.152
-0.720 2.471 2.154
-1.535 1.481 1.939
-1.511 1.689 1.937
-1.665 0.589 1.770
-1.701 1.782 2.044
-1.656 0.561 1.625
-1.604 1.237 1.713
-1.783 0.163 1.551
-1.916 -0.636 1.639
-1.746 -1.021 1.883
-1.533 -1.433 2.147
-1.404 -1.495 2.042
-1.342 -1.559 1.802
-0.721 -2.033 2.130
0.136 -2.284 2.135
-0.419 -2.242 2.129
-0.035 -2.391 2.135
-0.206 -2.223 2.129
0.005 -2.352 2.137
0.728 -2.161 2.133
1.231 -1.890 2.103
1.460 -1.871 2.099
2.019 -1.333 2.118
1.968 -1.131 2.121
2.116 -1.193 2.117
2.035 -1.048 2.115
2.207 -1.047 2.121
1.887 -0.214 2.121
2.263 -0.285 2.118
2.452 -0.238 2.119
2.265 -0.131 2.113
2.026 -0.041 2.106
2.244 0.141 2.111
2.142 0.624 2.109
2.249 0.750 2.108
2.085 0.767 2.108
2.211 0.925 2.110
1.600 1.507 2.035
1.409 1.524 1.941
0.396 1.608 1.771
0.370 1.625 1.874
-0.770 1.714 2.014
-1.574 1.113 2.170
-1.680 0.928 1.894
-1.630 0.779 1.873
-1.680 -0.634 2.268
-1.689 -0.813 2.332
-1.635 -0.236 2.078
-1.439 -0.896 2.139
1.243 -1.266 2.124
1.319 -1.154 2.121
1.372 -1.099 2.122
1.429 -0.910 2.123
1.734 -0.480 2.112
-1.253 1.168 2.131
-1.461 1.411 2.330
-1.532 -0.566 2.230
-1.421 -0.696 2.138
-1.573 0.661 2.326
-1.542 -0.945 2.199
1.122 -1.356 2.127
1.314 -1.013 2.122
1.611 -0.247 2.125
1.637 -0.073 2.122
-1.579 1.007 2.210
-1.559 0.912 2.303
0.847 1.573 2.073
-1.091 1.380 2.128
-1.622 0.570 2.217
-1.215 1.349 2.134
-1.582 0.393 2.148
-1.597 0.283 2.099
-1.612 -0.023 2.105
-1.628 -0.165 1.905
-1.693 -0.691 2.105
-1.488 -0.988 2.158
-1.660 -1.243 2.310
-0.866 -1.921 2.136
-0.359 -2.072 2.130
-0.593 -1.982 2.127
0.894 -1.943 2.126
1.563 -1.757 2.099
0.977 -2.058 2.104
1.676 -1.388 2.121
2.328 -0.666 2.116
1.992 -0.448 2.109
1.936 -1.041 2.111
1.796 -0.964 2.128
2.035 -0.883 2.120
2.250 -0.850 2.124
2.041 0.117 2.119
2.218 0.426 2.116
1.191 1.543 2.003
0.605 1.571 1.692
-0.811 1.718 1.895
-0.804 1.720 1.810
-0.249 1.703 1.702
-1.095 1.743 2.068
-1.344 1.767 1.956
-1.524 1.616 2.140
-1.521 1.526 2.024
-1.680 0.781 1.746
0.842 -2.322 2.134
-0.551 -2.488 2.133
2.297 -1.848 2.136
3.015 -0.314 2.129
-0.394 -2.519 2.134
2.799 -0.372 2.132
1.020 -2.245 2.133
-1.701 -0.959 1.707
2.475 -1.684 2.138
2.984 -0.077 2.128
-0.236 -2.544 2.137
-1.282 -2.104 2.138
-0.079 -2.570 2.137
2.152 -1.459 2.128
-1.705 -0.966 1.781
-0.183 -2.587 2.146
-0.120 -2.615 2.139
2.794 0.031 2.127
2.232 -1.310 2.128
-1.107 -2.291 2.135
2.058 -1.185 2.129
-1.274 -2.051 2.131
2.784 0.229 2.128
0.223 -2.541 2.141
1.332 -1.950 2.095
0.151 -2.676 2.137
2.771 -1.147 2.130
0.241 -2.600 2.137
1.582 -2.172 2.101
-1.742 -1.469 2.034
2.186 -0.972 2.131
2.463 0.236 2.117
2.188 1.446 2.014
-0.741 -2.386 2.142
2.469 -0.835 2.125
-1.533 -1.491 1.963
0.500 -2.675 2.145
1.990 -2.082 2.133
1.891 1.478 1.772
0.581 -2.538 2.141
1.813 -1.806 2.103
2.028 1.461 2.024
-0.433 -2.443 2.143
2.158 -1.989 2.130
2.770 -0.481 2.120
-0.469 -2.509 2.140
2.491 0.877 2.113
1.674 1.504 1.772
1.328 2.548 2.147
1.341 2.476 2.154
1.210 2.607 2.142
1.004 2.659 2.142
0.898 2.705 2.150
0.548 2.741 2.154
0.676 2.733 2.150
0.508 2.861 2.153
0.310 2.891 2.156
0.009 2.783 2.155
-0.060 2.996 2.153
-0.347 2.775 2.156
-0.299 2.978 2.158
-0.506 2.903 2.161
-1.441 2.520 2.145
-1.413 1.773 1.665
-1.440 1.770 1.582
-1.636 0.537 1.246
-2.957 -0.267 2.142
-1.606 -2.882 2.159
-1.236 -3.085 2.157
-1.418 -2.996 2.155
-1.344 -1.600 1.365
-1.175 -3.103 2.155
-1.369 -1.850 1.493
-0.667 -3.249 2.155
-1.936 -2.980 2.289
-0.467 -3.292 2.154
0.508 -3.354 2.160
0.600 -3.271 2.151
0.468 -3.648 2.172
-0.559 -3.460 2.164
1.676 -2.735 2.149
1.878 -2.668 2.143
2.202 -2.942 2.162
1.153 -3.268 2.170
2.028 -2.506 2.147
2.384 -2.783 2.155
1.732 -3.188 2.163
2.596 -1.926 2.134
3.148 -2.042 2.147
2.843 -1.622 2.134
3.526 -1.400 2.154
3.979 -0.939 2.156
3.453 -0.009 2.141
4.122 -0.627 2.161
3.867 -0.415 2.149
3.647 0.594 2.144
3.458 0.481 2.141
3.424 -0.207 2.143
3.715 1.259 2.151
3.545 1.087 2.140
3.285 1.356 1.948
2.695 1.395 1.661
2.794 1.389 1.764
2.012 1.826 1.606
2.438 1.424 1.610
1.425 3.773 2.173
2.114 2.969 1.976
2.082 2.606 1.905
-1.501 2.358 1.469
-1.517 2.388 1.403
-1.493 1.780 1.417
-1.596 1.225 1.174
-1.621 0.516 0.959
-1.736 -0.398 0.966
-1.380 -2.054 1.163
-1.368 -2.085 1.217
-1.935 -2.943 1.667
0.248 -4.733 2.204
2.130 -5.256 2.196
0.663 -4.898 2.207
2.181 -4.844 2.197
2.227 -4.138 2.192
4.063 -2.248 1.973
4.143 -1.278 1.886
3.305 1.344 1.366
2.728 1.401 1.133
2.504 1.410 1.083
2.577 1.410 1.138
2.679 1.399 1.259
2.064 2.255 1.202
1.094 1.499 0.774
2.101 2.666 1.281
2.065 1.460 1.064
2.061 2.249 1.163
2.053 2.146 1.161
1.882 4.763 1.849
2.042 2.032 1.152
2.103 2.651 1.225
-1.413 3.052 1.251
-1.444 2.648 1.045
-1.367 1.778 0.778
-1.364 1.780 0.728
-1.713 -0.030 0.598
-1.714 -0.076 0.569
-2.054 -4.273 1.375
6.138 -2.210 1.469
-1.794 -1.465 0.763
-1.781 -1.341 0.805
-1.402 -1.490 0.719
-1.333 -1.583 0.695
-1.507 -1.472 0.678
-1.361 -1.846 0.726
4.237 -0.314 0.957
-1.365 -1.897 0.740
3.695 1.324 0.974
-1.343 -1.743 0.775
3.204 1.354 0.901
-1.928 -3.121 1.139
2.652 1.408 0.723
2.703 1.403 0.728
1.971 1.632 0.581
1.648 1.555 0.536
1.464 1.565 0.563
1.496 1.569 0.529
-0.478 1.817 0.419
-1.394 2.717 0.567
5.703 -2.487 0.585
4.337 0.370 0.561
4.244 -0.812 0.545
2.651 1.410 0.350
1.999 1.475 0.272
1.997 1.695 0.311
-0.048 1.770 0.256
-0.470 1.823 0.240
-1.653 1.804 0.363
-1.227 1.784 0.349
-1.583 0.708 0.300
-1.369 -1.897 0.191
-1.237 -2.768 0.271
0.036 -2.146 0.191
1.005 -3.042 0.122
0.289 -2.970 0.159
4.227 -0.297 0.280
0.581 3.346 0.003
0.211 1.675 0.045
-0.067 1.776 0.025
-1.684 -1.479 0.099
-0.958 -2.836 0.053
-1.595 0.827 0.017
-0.533 -2.693 0.092
1.921 1.464 0.114
0.804 -2.671 0.237
0.996 -2.530 0.249
1.662 -1.080 0.183
5.743 -2.755 0.513
0.378 -3.029 0.315
2.970 1.378 0.433
0.369 1.653 0.204
-1.405 3.206 0.387
-1.698 -0.346 0.408
0.171 -3.140 0.496
0.753 -10.594 1.650
2.887 1.383 0.684
2.787 1.393 0.822
2.554 1.418 0.599
1.202 1.597 0.518
0.253 1.673 0.463
-0.368 1.744 0.520
-0.540 1.767 0.520
-0.921 1.789 0.541
-0.834 1.766 0.545
-1.592 1.163 0.568
-1.708 1.802 0.647
-1.698 0.203 0.461
-1.992 -3.524 1.269
-2.067 -4.550 1.626
-2.174 -5.721 2.015
2.484 -6.606 2.216
5.708 -3.190 2.200
3.321 1.346 1.394
6.023 0.445 1.884
2.622 1.403 1.103
2.514 1.413 1.142
2.324 1.431 0.947
2.261 1.442 1.046
2.004 1.685 1.030
2.010 1.727 1.078
2.027 1.928 0.882
2.032 2.015 1.086
2.071 2.300 1.025
2.070 2.347 1.095
2.097 2.730 1.411
2.173 4.759 1.668
2.269 4.742 2.049
1.052 4.840 1.770
0.768 4.752 1.775
0.126 1.758 0.772
-1.431 2.971 1.292
-1.478 2.316 1.105
-1.477 2.566 1.204
-1.440 2.947 1.262
-1.463 2.669 1.176
-1.657 0.474 0.798
-1.719 -0.240 0.778
-1.701 -0.227 0.757
-1.801 -1.460 0.956
-2.031 -4.153 2.296
-1.338 -1.576 0.952
-1.455 -4.197 2.212
-1.359 -1.847 1.204
-1.936 -2.971 1.803
-1.966 -3.439 1.985
2.788 -3.435 2.183
1.582 -4.317 2.189
0.438 -4.713 2.204
2.442 -3.837 2.187
2.616 -3.638 2.184
3.632 -2.256 2.171
3.645 -1.946 2.155
3.779 -2.024 2.166
4.055 -2.369 2.147
3.743 -1.461 2.149
4.108 -1.740 2.150
4.187 -0.853 2.109
4.151 -0.333 2.158
3.915 0.992 2.158
3.170 1.351 1.971
3.272 1.350 1.654
3.074 1.360 1.692
2.760 1.385 1.789
2.764 1.385 1.491
2.034 1.952 1.391
2.390 1.433 1.672
2.287 1.437 1.380
2.011 1.465 1.290
2.150 3.320 1.885
1.690 3.743 2.167
0.139 1.774 1.030
1.541 3.360 2.162
0.408 3.772 2.169
-0.140 1.771 1.066
-0.085 1.773 1.089
-1.341 3.601 2.127
-1.351 3.465 2.095
-1.420 2.930 1.912
-1.446 1.771 1.393
-1.652 1.791 1.489
-1.381 1.767 1.338
-1.654 1.083 1.210
-1.752 -1.127 1.380
-1.372 -2.070 1.544
-1.901 -3.025 2.358
-1.919 -3.246 2.368
-1.170 -2.977 2.155
-0.945 -3.092 2.160
-0.872 -2.990 2.161
-0.659 -3.057 2.153
-0.574 -3.208 2.154
-0.349 -3.215 2.157
-0.220 -3.291 2.161
-0.035 -3.377 2.159
-0.310 -3.147 2.153
-0.012 -3.316 2.147
0.910 -3.047 2.152
1.063 -3.070 2.163
0.028 -3.180 2.155
1.258 -2.957 2.164
1.536 -2.712 2.143
1.294 -3.015 2.165
0.303 -3.155 2.161
0.655 -3.162 2.147
1.702 -2.570 2.134
0.785 -3.125 2.149
0.482 -3.163 2.147
2.340 -1.812 2.129
1.750 -2.623 2.139
1.042 -3.083 2.161
2.405 -2.031 2.133
2.512 -1.469 2.131
2.055 -2.314 2.132
2.111 -2.360 2.139
2.233 -1.958 2.138
2.299 -1.990 2.135
2.749 -1.104 2.131
2.658 -0.912 2.132
3.094 -1.152 2.137
2.982 -0.927 2.132
2.680 -0.392 2.119
2.906 -0.353 2.138
2.713 0.131 2.122
2.614 0.502 2.116
3.022 0.499 2.120
2.504 0.782 2.115
2.946 1.366 2.109
2.651 1.404 1.966
1.863 2.485 2.140
1.618 2.228 2.141
2.016 1.465 1.680
1.846 1.483 1.841
1.811 1.485 1.909
1.149 2.646 2.145
1.050 2.403 2.137
0.170 2.818 2.153
0.957 2.703 2.151
2.046 2.388 2.143
1.919 2.255 2.149
1.767 2.126 2.142
0.770 2.632 2.150
0.762 2.532 2.150
-0.301 2.872 2.158
-0.134 2.703 2.155
0.533 2.622 2.149
-0.441 2.773 2.153
-0.375 2.696 2.157
-0.622 2.708 2.161
-0.863 2.599 2.155
-0.884 2.587 2.161
-1.084 2.497 2.159
-1.074 2.548 2.161
-1.423 2.711 2.368
-1.441 2.444 2.182
-1.548 1.687 1.900
-1.706 1.767 1.943
-1.651 1.802 1.876
-1.630 1.124 1.527
-2.502 1.024 2.129
-2.670 -0.116 2.131
-2.671 -0.251 2.133
-1.662 0.546 1.361
-1.729 -1.009 1.617
-1.888 -0.592 1.638
-2.633 0.123 2.132
-1.380 -2.041 2.061
-0.971 -2.501 2.140
-0.848 -2.413 2.134
-0.598 -2.369 2.127
-0.377 -2.547 2.137
-0.508 -2.292 2.132
-0.449 -2.405 2.129
0.106 -2.521 2.139
1.306 -1.993 2.100
1.644 -1.723 2.149
1.637 -1.912 2.095
1.058 -2.216 2.215
1.034 -2.202 2.118
1.806 -1.463 2.118
2.206 -0.958 2.118
1.879 -1.477 2.117
2.409 -1.003 2.130
2.340 -0.022 2.113
2.331 0.142 2.113
2.367 -0.351 2.121
2.439 0.599 2.113
2.352 0.939 2.109
2.150 0.923 2.107
-0.248 1.647 1.707
-1.597 0.479 1.996
-1.310 1.759 2.092
-1.484 1.784 2.207
-1.577 1.096 2.037
0.171 1.709 1.666
-0.927 1.733 2.066
0.204 1.619 1.752
-0.891 1.722 2.001
-1.599 0.797 1.960
-1.669 0.910 1.904
-1.184 -1.842 2.133
0.484 -1.984 2.130
1.597 -0.691 2.114
1.646 -0.482 2.111
1.655 -0.945 2.120
-1.634 -0.100 2.073
-1.670 -0.612 1.994
-1.172 -1.166 2.131
-1.521 -0.975 2.186
1.614 -0.048 2.120
1.769 0.047 2.123
-1.122 1.165 2.126
-1.605 0.801 1.874
-1.606 0.213 2.167
-1.692 0.560 1.844
-1.622 0.016 2.159
-1.775 -1.296 2.219
-1.091 -1.749 2.126
0.959 -1.951 2.123
1.142 -1.426 2.125
1.575 -1.711 2.147
1.828 -1.345 2.118
2.032 -1.076 2.125
2.087 -0.937 2.124
2.158 -0.800 2.120
2.253 -0.667 2.115
2.192 0.643 2.108
1.704 0.735 2.112
0.103 1.625 1.746
-1.384 1.709 2.276
-2.206 1.019 2.144
-1.528 1.538 2.014
-1.815 -0.265 1.634
-1.764 -1.230 1.895
-1.780 -1.436 2.297
-1.365 -1.842 1.990
-1.212 -2.102 2.136
-0.531 -2.310 2.130
0.799 -2.505 2.144
0.534 -2.386 2.137
1.994 -1.627 2.130
1.852 -1.495 2.117
1.653 -1.726 2.147
1.883 -1.159 2.126
1.944 -1.883 2.126
2.424 -1.068 2.135
2.178 -0.975 2.126
2.056 -0.971 2.126
2.480 -0.676 2.130
2.728 -0.560 2.124
2.381 -0.371 2.130
2.867 -0.157 2.131
2.459 -0.047 2.121
2.286 1.199 2.113
1.945 1.467 1.888
2.580 1.023 2.115
1.640 1.505 1.903
1.094 2.439 2.145
0.947 2.482 2.139
1.583 2.198 2.146
1.008 2.461 2.143
0.062 2.617 2.143
0.786 2.503 2.151
0.660 2.533 2.147
-0.044 2.716 2.161
-0.221 2.816 2.159
0.593 2.579 2.146
0.162 1.655 1.431
0.296 2.582 2.155
-0.587 2.629 2.159
-0.592 2.734 2.157
-0.825 2.657 2.161
-0.929 2.428 2.163
-1.063 2.721 2.167
-1.080 2.383 2.155
-1.147 2.487 2.166
-1.501 1.772 1.919
-1.662 1.817 1.795
-2.343 1.210 2.133
-1.898 1.810 1.900
-1.607 0.517 1.227
-1.623 1.112 1.455
-2.680 -0.334 2.135
-2.916 0.042 2.132
-1.832 -0.798 1.661
-1.781 -1.028 1.524
-1.354 -1.498 1.408
-1.358 -1.727 1.556
-1.375 -2.029 1.775
-1.239 -2.824 2.150
-1.207 -2.792 2.144
-0.982 -2.896 2.150
-0.866 -2.950 2.156
-0.400 -3.121 2.156
-0.200 -3.140 2.157
0.346 -3.114 2.158
0.451 -3.201 2.148
1.946 -2.950 2.160
0.566 -3.103 2.150
0.632 -3.210 2.151
2.113 -2.667 2.152
0.946 -3.015 2.150
2.278 -2.482 2.149
2.183 -2.285 2.136
0.979 -3.275 2.159
2.875 -1.525 2.142
2.444 -2.330 2.147
1.231 -3.244 2.176
3.348 -0.949 2.140
3.156 -0.907 2.132
3.475 -0.702 2.144
3.527 -0.025 2.152
3.550 0.253 2.150
3.337 0.188 2.132
3.747 0.601 2.157
3.308 0.424 2.131
3.136 0.322 2.138
3.703 0.859 2.150
2.558 1.411 1.724
2.632 1.411 1.794
2.897 1.333 2.123
2.556 1.414 1.903
2.007 1.742 1.605
2.049 2.132 1.867
2.028 1.987 1.787
1.298 3.439 2.161
2.099 2.832 2.097
2.055 2.348 1.960
-0.652 3.449 2.176
-0.651 3.598 2.178
0.684 3.657 2.157
0.524 3.756 2.168
-0.592 1.834 1.145
-1.361 3.382 2.227
-0.157 1.780 1.144
-1.446 2.542 1.855
-1.440 1.774 1.270
-1.679 0.553 1.062
-1.672 0.325 1.062
-1.791 -0.981 1.144
-1.733 -0.249 1.102
-1.762 -1.228 1.117
-1.754 -1.133 1.216
-1.971 -3.554 2.028
-2.000 -4.338 2.417
-1.304 -4.149 2.195
0.019 -4.312 2.190
-0.363 -4.676 2.214
1.103 -4.146 2.191
3.957 -3.477 2.173
3.570 -2.479 2.165
4.062 -2.318 1.856
4.062 -2.220 2.020
4.201 -0.675 2.055
4.286 -0.350 1.717
4.226 -0.371 1.808
4.103 -1.845 2.111
2.923 -3.543 2.185
4.264 -0.057 1.803
4.118 -1.537 2.171
4.145 -1.272 1.835
4.313 0.540 1.824
4.311 0.512 1.885
4.335 0.737 2.069
3.957 1.298 1.781
2.639 1.404 1.246
2.729 1.394 1.316
2.991 1.364 1.497
2.389 1.425 1.213
2.619 1.399 1.372
2.003 1.466 1.062
2.041 1.977 1.200
2.041 2.083 1.255
2.040 2.003 1.240
2.105 2.736 1.446
-1.427 2.970 1.358
0.699 4.747 1.792
-1.483 2.559 1.349
2.256 4.046 1.845
-1.409 1.773 1.009
-0.159 1.775 0.820
-1.413 1.772 0.892
-1.640 1.805 0.923
1.180 4.842 1.981
-1.720 -0.203 0.679
-1.730 -0.354 0.669
-1.782 -1.332 0.854
-2.000 -3.649 1.392
-2.058 -4.425 1.627
-1.348 -1.729 0.804
5.490 -5.462 1.883
2.079 1.454 0.747
3.571 1.330 0.979
3.082 1.366 0.974
3.205 1.363 1.004
2.638 1.405 0.826
2.372 1.431 0.807
0.956 1.595 0.562
0.710 1.625 0.574
0.684 1.636 0.508
0.549 1.645 0.524
-0.530 1.786 0.544
-1.685 0.658 0.506
-1.693 0.061 0.388
-1.718 -0.053 0.486
0.366 -10.283 1.831
5.746 -2.248 1.171
3.112 1.370 0.479
2.633 1.406 0.438
4.317 1.272 0.630
1.996 1.733 0.337
-0.590 1.840 0.333
-1.416 3.107 0.330
-1.343 2.563 0.231
-1.572 1.146 0.277
-1.588 1.006 0.316
-1.609 0.864 0.311
0.744 -2.711 0.259
0.933 -2.546 0.341
-0.100 -2.103 0.212
0.929 -3.040 0.151
3.372 1.364 0.086
2.009 1.778 0.129
-0.594 1.845 0.031
0.637 3.316 0.063
-1.691 0.055 0.147
0.957 1.562 0.121
-1.366 2.231 0.160
-0.044 1.773 0.045
-1.696 1.812 -0.023
-0.260 -2.236 0.119
-1.796 -1.420 0.111
-1.711 -2.790 0.008
-1.635 0.733 -0.015
0.707 3.321 0.062
0.459 3.347 0.016
0.834 -2.644 0.217
1.722 -1.093 0.213
4.388 1.274 0.159
3.160 1.375 0.155
2.709 1.416 0.152
2.066 1.460 0.173
0.395 1.585 0.268
0.172 1.671 0.245
-1.593 1.790 0.272
-1.658 0.574 0.271
3.267 1.350 0.740
0.983 4.864 0.914
0.619 4.596 0.827
-0.099 1.778 0.434
-1.707 1.808 0.548
-1.595 1.210 0.495
-1.397 2.635 0.586
-0.877 1.768 0.475
-1.250 1.738 0.510
-1.320 -1.580 0.509
-1.347 -1.736 0.714
5.496 -5.348 2.163
6.030 0.490 2.012
2.691 1.407 0.846
6.048 0.687 1.874
2.239 1.426 0.867
2.121 2.830 1.104
2.003 1.467 0.781
2.119 2.827 1.202
4.442 1.231 1.206
2.165 3.368 1.427
0.754 1.615 0.628
2.076 2.377 0.997
-0.209 1.774 0.653
1.454 4.807 1.762
-0.097 1.774 0.714
1.109 4.844 1.704
0.681 4.854 1.598
-1.408 3.103 1.208
-1.465 2.317 1.012
-1.313 1.768 0.842
-1.646 0.609 0.687
-1.656 0.403 0.710
-1.672 0.455 0.635
-1.682 0.294 0.761
-1.654 0.355 0.709
-1.677 0.206 0.739
-1.741 -0.376 0.849
-1.666 0.121 0.628
-1.763 -0.502 0.734
-1.773 -1.344 1.027
-1.333 -1.629 1.016
-1.361 -1.895 0.966
-1.375 -2.037 1.094
-1.967 -3.348 1.644
-1.255 -4.822 2.208
1.278 -4.970 2.210
3.581 -3.617 2.197
4.155 -1.184 2.122
4.156 -1.161 1.997
4.167 -1.264 1.798
4.188 -0.927 1.799
4.058 -2.277 2.036
4.209 -0.669 1.732
4.244 -0.094 2.145
4.250 -0.126 1.904
4.308 0.457 1.974
4.338 0.886 2.151
2.291 1.438 1.488
2.224 1.440 1.239
2.056 1.462 1.403
2.021 1.820 1.312
2.023 1.838 1.386
2.034 1.923 1.475
2.054 2.048 1.324
2.051 2.097 1.420
2.085 2.564 1.743
1.158 3.945 2.168
-0.431 1.816 1.063
-0.583 1.842 1.101
-1.390 3.137 1.818
-1.456 2.825 1.627
-0.125 1.773 0.982
-1.379 3.191 1.822
-1.483 2.418 1.487
-1.328 1.767 1.246
-1.756 1.796 1.407
-1.546 1.788 1.281
-1.781 1.791 1.404
-1.669 0.471 1.023
-1.672 0.472 0.949
-1.743 -0.379 1.075
-1.348 -1.688 1.207
-1.774 -1.280 1.200
-1.806 -1.475 1.245
-1.524 -1.487 1.395
-1.469 -3.070 2.169
-0.455 -3.408 2.164
-0.038 -3.527 2.173
-0.011 -3.456 2.165
0.537 -3.577 2.171
0.214 -3.461 2.168
0.606 -3.527 2.162
0.441 -3.448 2.166
0.821 -3.460 2.173
1.056 -3.416 2.163
0.832 -3.403 2.167
1.242 -3.283 2.168
1.482 -3.183 2.182
1.630 -3.036 2.152
1.810 -2.900 2.148
1.834 -2.939 2.155
2.828 -2.190 2.150
2.247 -2.414 2.145
2.933 -1.999 2.143
2.329 -2.202 2.141
2.789 -1.291 2.134
2.322 -2.678 2.153
2.968 -0.506 2.125
3.498 -0.906 2.145
3.247 -1.608 2.152
3.563 -0.666 2.146
2.901 -0.888 2.133
3.355 -1.390 2.149
3.614 -0.411 2.150
3.082 -0.910 2.144
3.413 -0.234 2.142
2.942 0.039 2.135
3.302 -0.907 2.142
3.077 -0.714 2.136
3.111 0.344 2.141
3.070 0.558 2.132
3.006 0.726 2.132
2.756 0.796 2.116
3.431 0.829 2.134
3.201 0.884 2.136
3.418 1.091 2.134
2.739 1.301 2.113
2.116 1.457 1.952
2.124 1.460 1.621
1.995 1.639 1.726
2.019 1.890 1.736
1.857 2.170 2.137
1.678 2.282 2.136
1.570 2.419 2.137
0.310 2.941 2.156
0.059 3.028 2.155
1.343 2.857 2.159
0.106 2.952 2.157
1.267 2.604 2.141
-0.182 3.055 2.157
-0.084 2.954 2.155
1.051 2.626 2.142
0.895 3.010 2.155
-0.303 2.966 2.155
0.471 3.122 2.165
-1.411 1.768 1.756
-0.686 2.894 2.164
-1.324 1.765 1.724
-1.135 2.727 2.167
-1.544 1.773 1.677
-1.913 1.804 1.944
-1.827 -0.243 1.617
-1.672 -0.685 1.584
-1.753 -1.108 1.587
-1.775 -1.240 1.797
-1.787 -1.295 1.685
-1.637 -1.480 1.932
-1.243 -2.591 2.148
-1.358 -1.698 1.640
-1.075 -2.671 2.146
-1.432 -2.189 2.137
-0.719 -2.765 2.136
-0.618 -2.442 2.139
-0.038 -2.647 2.133
2.291 1.284 2.117
0.161 -2.620 2.139
0.931 2.286 2.147
1.389 -2.251 2.109
0.463 -2.610 2.134
0.771 2.356 2.149
0.323 -2.613 2.135
2.245 -0.828 2.127
1.774 1.426 2.117
2.166 -0.707 2.121
0.763 -2.519 2.142
1.723 -2.069 2.097
0.418 2.404 2.147
0.908 -2.466 2.134
0.886 -2.411 2.143
2.355 0.778 2.113
1.888 -1.580 2.126
1.919 -1.407 2.121
2.422 1.150 2.116
-0.333 1.719 1.694
-1.512 1.766 2.195
-1.473 1.775 2.110
-1.526 1.547 2.047
-0.930 1.725 1.912
-0.890 1.720 1.860
-1.753 0.417 1.644
-1.665 -1.478 1.983
-1.518 -1.491 2.026
-1.706 -0.988 1.747
-1.770 -1.314 2.268
-1.787 -1.367 2.149
-0.672 -2.143 2.129
-0.516 -2.139 2.128
1.697 0.170 2.124
1.697 0.227 2.124
2.265 0.315 2.111
1.337 1.035 2.110
1.573 0.717 2.110
1.521 0.777 2.115
0.857 1.574 1.843
0.868 1.573 1.973
-1.245 1.168 2.121
-1.338 1.459 2.203
-1.517 1.087 2.336
-1.123 1.570 2.124
-1.530 0.963 2.346
-1.579 1.069 2.269
-1.186 1.427 2.125
-1.559 0.848 2.314
-1.657 -0.356 2.245
-1.676 -0.612 2.168
-1.503 -0.692 2.199
0.781 -1.578 2.123
0.871 -1.631 2.123
0.908 -1.510 2.122
1.285 -1.293 2.125
1.499 -0.990 2.126
1.600 0.092 2.125
-0.327 1.674 2.087
-1.408 0.809 2.207
-1.269 1.360 2.125
-1.305 -1.113 2.136
0.871 -1.847 2.130
1.045 -1.429 2.126
1.096 -1.422 2.128
1.933 -0.689 2.109
2.030 -0.288 2.116
2.033 -0.153 2.117
-1.010 1.598 2.128
-1.343 1.257 2.194
-1.642 0.182 1.555
-1.685 0.120 1.580
-1.619 0.538 1.924
-1.639 0.520 2.060
-1.660 -0.434 2.012
-1.782 -1.424 2.032
-1.642 -1.478 2.056
-1.346 -1.592 2.019
-0.988 -2.044 2.132
-0.844 -2.095 2.136
1.063 -1.935 2.117
1.216 -1.888 2.099
1.870 -1.556 2.128
1.753 -1.444 2.128
1.836 -1.332 2.126
1.502 -2.005 2.095
2.141 -1.168 2.123
2.535 -0.766 2.124
2.652 -0.022 2.126
2.447 0.106 2.114
1.368 1.520 1.850
0.261 2.502 2.152
-0.046 2.419 2.150
0.642 2.325 2.146
0.498 2.387 2.144
0.547 2.425 2.151
-1.114 1.737 1.847
-0.687 2.363 2.152
-0.914 2.522 2.164
-1.562 1.778 1.874
-1.539 1.427 2.001
-2.453 1.023 2.132
-2.732 0.779 2.149
-2.923 0.206 2.132
-2.678 0.115 2.126
-1.794 -1.461 1.708
-1.762 -1.170 1.822
-1.777 -1.308 1.824
-1.730 -1.463 1.870
-1.408 -2.504 2.150
-1.369 -1.934 1.842
-1.018 -2.668 2.149
-0.855 -2.730 2.146
-1.005 -2.716 2.139
-0.524 -2.786 2.136
-0.652 -2.820 2.141
-0.331 -2.797 2.141
-0.171 -2.905 2.152
-0.005 -2.818 2.142
-0.226 -3.020 2.156
-0.079 -2.969 2.151
0.179 -2.802 2.145
0.105 -2.956 2.148
0.335 -2.813 2.151
0.288 -2.936 2.147
0.504 -2.957 2.146
0.603 -2.854 2.148
0.832 -3.058 2.152
1.092 -2.847 2.170
1.161 -2.692 2.152
1.309 -2.934 2.163
1.323 -2.822 2.161
1.276 -2.379 2.120
1.502 -2.902 2.169
1.431 -2.301 2.105
2.757 -1.564 2.129
2.546 -1.472 2.131
1.954 -2.224 2.141
3.031 -1.505 2.146
2.560 -1.030 2.131
2.522 -1.879 2.128
2.866 -0.962 2.139
2.208 -1.626 2.131
2.925 -0.746 2.133
3.032 0.037 2.125
2.730 -0.573 2.125
2.976 -0.352 2.136
3.228 -0.082 2.137
2.747 0.972 2.109
2.020 1.818 1.806
2.046 2.120 1.949
2.022 1.829 1.881
2.048 2.289 2.115
1.882 2.787 2.144
1.942 2.527 2.151
1.375 3.051 2.159
-0.164 3.494 2.174
0.711 3.235 2.158
-0.723 3.076 2.158
0.448 3.298 2.167
-1.295 1.763 1.344
-1.468 2.383 1.925
-1.469 2.421 1.829
-1.478 2.402 1.731
-1.596 1.256 1.391
-3.452 -0.168 2.145
-3.265 -0.180 2.135
-1.693 -1.478 1.374
0.861 -4.147 2.190
-1.938 -3.132 2.047
-1.118 -3.870 2.190
-0.874 -3.886 2.182
-1.380 -2.037 1.405
-1.951 -3.246 2.121
-1.380 -2.062 1.473
-1.988 -3.812 2.397
-1.774 -1.476 1.324
1.631 -4.258 2.187
3.657 -2.582 2.176
3.430 -2.408 2.174
-0.163 -3.897 2.184
-1.587 -3.579 2.189
3.177 -2.176 2.153
-0.507 -4.143 2.193
2.498 -3.589 2.180
2.338 -3.033 2.165
4.127 -1.475 1.938
4.177 -0.871 1.982
4.215 -0.533 1.830
4.211 -0.539 2.021
4.110 1.292 1.891
4.240 -0.249 1.838
4.237 -0.247 2.024
3.404 1.340 1.642
2.895 1.380 1.444
4.094 -0.049 2.158
4.301 0.405 1.881
2.081 2.454 1.498
4.165 0.182 2.163
2.072 2.366 1.489
4.324 0.620 2.129
2.281 1.439 1.282
4.368 1.047 1.960
4.361 1.004 2.026
2.013 1.467 1.185
0.502 4.887 2.167
-0.398 1.817 0.926
-1.384 3.321 1.637
-0.476 1.820 0.884
-1.449 2.854 1.523
-1.482 2.505 1.208
-1.586 1.212 0.841
-1.650 1.819 1.239
-1.685 1.805 1.080
-1.577 1.432 1.055
-1.730 -0.157 0.781
-1.675 -0.377 0.864
-1.742 -1.456 0.919
-1.785 -1.403 0.980
-1.647 -1.459 0.929
-1.354 -1.779 0.906
1.320 -5.578 2.209
3.834 -5.014 2.188
3.990 -2.964 1.834
5.646 -3.854 2.077
5.720 -2.456 1.735
5.951 -0.270 1.875
6.040 0.531 2.035
4.358 1.258 1.507
3.336 1.341 1.050
3.382 1.338 1.111
2.049 2.154 0.924
3.666 1.323 1.304
2.891 1.382 0.998
3.117 1.363 1.148
2.445 1.422 0.850
2.579 1.407 0.958
2.105 2.737 1.069
0.959 1.542 0.608
-0.662 1.772 0.586
-1.339 1.767 0.759
-1.675 0.687 0.528
-1.699 0.601 0.539
-1.345 -1.678 0.607
-1.348 -1.757 0.605
-0.152 -10.242 2.069
2.724 1.395 0.616
1.343 4.821 0.738
-1.401 2.525 0.509
-1.412 3.051 0.539
-1.552 1.136 0.466
-1.577 1.155 0.377
-1.648 0.272 0.410
-1.711 0.022 0.326
-1.716 -0.353 0.370
-1.706 -0.424 0.346
0.817 -2.655 0.187
1.101 -2.391 0.180
3.413 1.357 0.086
1.913 1.477 0.147
0.135 1.677 0.156
1.110 1.518 0.150
-1.603 0.754 0.034
-1.348 -1.777 0.129
-0.137 -2.170 0.099
1.117 -2.451 0.127
0.981 3.290 -0.009
-0.496 -2.930 0.174
0.978 -3.035 0.146
0.995 -2.474 0.152
2.003 1.656 0.162
2.757 1.408 0.091
0.173 1.674 0.136
-0.099 1.772 0.187
-1.368 2.619 0.191
0.749 -2.786 0.409
-0.444 -2.980 0.365
1.030 -2.602 0.389
4.247 -0.845 0.684
4.255 -0.717 0.623
4.277 -0.423 0.625
4.240 -0.285 0.690
2.781 1.400 0.618
2.254 1.437 0.295
2.911 1.387 0.522
1.048 4.860 0.855
0.659 4.580 0.802
-1.410 3.092 0.623
-1.406 2.541 0.489
-1.701 0.670 0.444
5.474 -5.643 1.808
5.665 -3.579 1.687
5.415 -5.939 1.945
2.962 1.385 0.868
2.736 1.399 1.010
2.012 1.814 0.744
2.018 1.810 0.880
2.047 2.078 0.890
2.051 2.107 0.935
1.125 1.531 0.542
0.718 1.622 0.523
-0.222 1.784 0.532
-0.468 1.809 0.609
-0.615 1.811 0.630
-0.802 1.763 0.635
-1.384 1.772 0.770
-1.724 1.802 0.821
-1.605 1.801 0.819
-1.651 1.073 0.697
-1.666 0.134 0.697
-1.749 -1.095 0.769
-1.745 -1.174 0.719
-1.733 -0.531 0.700
-1.672 -1.455 0.758
-1.750 -0.636 0.744
-1.433 -1.488 0.693
-1.774 -0.787 0.702
-1.357 -1.856 0.922
-1.372 -1.992 0.911
-1.563 -6.466 2.214
-1.373 -1.982 0.979
-0.062 -6.041 2.220
3.525 -4.457 2.201
4.138 -1.377 1.875
3.992 -3.008 1.988
4.178 -0.856 1.919
4.052 -2.346 1.998
4.306 0.380 1.858
4.206 -0.573 1.918
4.249 -0.177 1.816
4.274 0.103 1.858
3.223 1.363 1.459
2.115 1.457 1.107
2.010 1.714 1.301
2.034 2.008 1.381
2.051 2.176 1.190
2.069 2.258 1.302
2.068 2.297 1.510
2.091 2.665 1.554
2.096 2.692 1.664
-0.159 1.774 0.964
-0.291 1.800 0.956
0.459 4.898 2.170
-1.398 3.202 1.667
-1.470 2.777 1.505
-1.489 2.565 1.435
-1.599 1.433 1.120
-1.588 1.191 1.036
-1.449 1.772 1.172
-1.723 -0.111 0.877
-1.966 -3.310 2.245
-1.608 -3.789 2.187
-1.026 -3.549 2.177
-1.326 -3.854 2.185
-0.535 -3.990 2.183
1.481 -3.496 2.168
-0.130 -3.757 2.165
1.684 -3.404 2.172
0.119 -3.734 2.163
0.550 -3.814 2.180
2.127 -3.172 2.168
2.664 -2.360 2.147
2.769 -2.412 2.155
3.133 -1.312 2.144
3.428 -0.208 2.147
3.445 1.172 2.137
3.172 1.139 2.125
2.910 1.147 2.120
3.316 1.351 2.109
2.602 1.411 1.676
2.467 1.424 1.729
2.243 1.447 1.850
3.301 0.709 2.133
2.252 1.448 1.564
2.138 1.454 1.589
2.104 1.455 1.625
3.226 0.940 2.129
2.012 1.730 1.562
2.010 1.806 1.686
2.009 1.882 1.796
1.496 2.929 2.150
1.378 2.736 2.145
1.409 3.352 2.154
1.354 3.188 2.158
0.122 3.460 2.174
0.219 3.243 2.167
-0.030 3.266 2.159
-0.409 3.349 2.169
-0.625 3.278 2.168
-0.939 3.088 2.167
-0.859 3.101 2.172
-2.683 -0.068 2.132
-1.404 -2.269 2.139
-1.747 -1.056 1.469
0.008 -2.926 2.157
-1.454 -2.745 2.161
-0.118 -2.809 2.136
-2.911 -0.195 2.131
-1.295 -2.504 2.134
0.048 -2.839 2.146
-1.273 -2.645 2.148
-1.768 -1.247 1.431
-0.060 -2.738 2.136
-1.790 -1.399 1.852
0.246 -2.866 2.151
0.226 -2.793 2.145
-0.962 -2.631 2.135
0.406 -2.781 2.148
-1.896 1.814 1.832
-2.831 0.807 2.129
-0.813 -2.940 2.148
-0.788 -2.684 2.140
0.583 -2.751 2.145
-0.608 -2.949 2.151
0.473 -2.727 2.143
1.410 -2.316 2.105
-1.940 -0.719 1.554
0.881 -2.626 2.146
-0.412 -2.949 2.151
0.671 -2.727 2.145
-1.359 -1.702 1.765
-0.539 -2.645 2.142
0.823 -2.704 2.149
1.482 -2.202 2.105
-1.361 -1.770 1.679
-1.364 -1.853 1.636
1.115 -2.554 2.146
-1.366 -1.928 1.636
-0.171 -2.837 2.144
0.990 -2.652 2.157
1.251 -2.407 2.117
2.196 -1.833 2.126
2.426 -1.557 2.131
2.327 -1.161 2.125
2.528 -1.390 2.129
2.334 -0.617 2.115
2.523 -0.287 2.123
2.501 -0.161 2.123
2.492 -0.021 2.121
2.436 0.356 2.110
2.245 0.395 2.110
2.482 1.329 2.116
1.233 2.385 2.148
2.436 1.023 2.113
0.841 2.480 2.136
0.800 2.264 2.148
0.324 2.454 2.156
0.221 2.342 2.148
-0.388 2.415 2.151
-0.280 2.377 2.153
-0.588 2.346 2.148
-1.238 1.753 2.066
-1.628 0.496 1.792
-1.530 1.575 2.106
-2.192 0.915 2.138
-1.381 1.773 1.969
-1.529 1.534 1.970
-1.515 1.645 1.937
-1.615 1.260 1.867
-1.775 0.143 1.642
-1.781 0.198 1.544
-1.773 -1.492 2.113
-1.216 -2.020 2.131
-0.404 -2.079 2.134
0.675 -2.104 2.134
1.077 -2.006 2.197
1.710 -1.622 2.124
1.829 -0.881 2.118
2.023 -0.953 2.124
2.139 -0.968 2.119
1.952 -0.632 2.122
1.825 0.120 2.117
1.984 1.099 2.117
1.806 1.334 2.110
-1.161 1.417 2.123
-1.678 0.550 1.808
-1.599 0.243 2.081
-1.597 0.161 2.061
-1.677 -0.613 2.123
-1.622 -0.040 2.106
-1.668 -0.675 2.332
-1.468 -0.860 2.148
-0.931 -1.702 2.125
1.251 -1.200 2.118
0.811 -1.708 2.124
0.912 -1.647 2.122
1.373 -1.061 2.118
1.614 -0.147 2.122
1.777 -0.089 2.126
0.255 1.621 1.992
-1.311 0.866 2.131
-1.631 -0.006 2.259
-1.548 -0.597 2.239
1.197 -1.263 2.123
0.889 -1.550 2.126
1.598 0.476 2.113
1.627 0.058 2.128
1.293 1.114 2.112
-1.114 1.318 2.126
-1.615 0.593 2.210
-1.685 -0.775 1.746
-1.679 -0.580 1.676
-1.781 -1.391 2.158
-1.708 -1.098 2.339
-1.703 -1.392 2.350
2.479 -0.074 2.119
2.126 0.859 2.103
2.462 -0.584 2.120
2.058 1.004 2.108
2.243 0.563 2.106
1.918 1.298 2.108
2.192 0.713 2.106
1.585 1.504 1.961
1.400 1.522 1.861
0.181 2.295 2.152
-0.122 2.389 2.152
0.495 2.272 2.142
0.283 2.273 2.137
-0.804 2.351 2.146
-0.897 1.721 1.822
-1.040 1.729 2.043
-1.245 1.755 1.866
-1.657 0.999 1.869
-1.672 0.821 1.880
-1.678 0.562 1.545
-2.628 0.465 2.133
-2.722 0.041 2.138
-1.634 0.023 1.538
-1.812 -0.294 1.591
-1.759 -0.385 1.455
-1.749 -1.090 1.711
-1.907 -0.556 1.683
-1.672 -0.638 1.610
-1.356 -1.782 1.823
-1.367 -1.834 1.846
-1.349 -1.623 1.791
-1.275 -2.261 2.136
-0.045 -2.599 2.139
-0.242 -2.753 2.145
-0.155 -2.712 2.144
0.001 -2.669 2.141
-1.125 -2.331 2.137
-0.695 -2.553 2.132
0.129 -2.646 2.135
-0.971 -2.440 2.134
-0.796 -2.481 2.134
0.104 -2.808 2.134
-0.637 -2.576 2.140
-0.368 -2.620 2.132
1.147 -2.579 2.154
1.276 -2.506 2.122
2.090 -1.448 2.123
3.014 0.012 2.125
2.281 1.451 1.961
1.496 -2.621 2.145
2.399 1.432 2.102
2.951 0.241 2.140
2.255 1.451 2.046
2.681 -1.149 2.131
1.605 2.445 2.143
2.479 -1.101 2.125
2.792 0.344 2.126
1.840 1.486 1.793
1.777 -2.185 2.108
1.235 2.762 2.141
1.299 2.683 2.154
2.787 -1.024 2.149
1.410 2.606 2.151
2.575 -0.960 2.127
1.943 -2.112 2.130
2.423 -0.924 2.135
3.052 -0.869 2.144
2.996 0.954 2.124
2.175 -2.148 2.127
1.258 2.719 2.133
2.004 -1.861 2.133
0.907 2.846 2.153
2.723 -0.612 2.134
2.256 -1.869 2.132
2.534 0.795 2.114
-0.342 2.897 2.151
0.861 2.965 2.154
1.688 2.381 2.141
1.747 2.313 2.137
0.520 2.952 2.150
2.746 -0.217 2.126
2.544 1.289 2.122
-0.768 2.799 2.155
-0.745 2.961 2.164
0.158 3.065 2.154
-0.101 3.006 2.158
-1.410 2.956 2.087
-1.443 2.565 2.187
-1.350 1.762 1.643
-1.652 1.815 1.711
-1.647 1.803 1.607
-2.115 1.840 1.982
-3.026 0.566 2.140
-2.850 0.459 2.133
-1.774 -1.250 1.413
-1.371 -1.841 1.459
-1.339 -3.292 2.167
-1.488 -3.176 2.161
-0.147 -3.701 2.166
0.191 -3.519 2.165
0.111 -3.772 2.178
0.416 -3.514 2.165
0.179 -3.885 2.179
0.597 -3.428 2.166
3.291 -1.370 2.142
2.556 -2.986 2.169
1.067 -3.360 2.167
3.453 -0.920 2.144
4.216 -0.387 2.030
4.138 -0.382 2.169
2.979 -2.253 2.151
3.622 -0.466 2.145
2.946 -1.878 2.139
3.629 -0.222 2.144
2.387 -3.441 2.177
3.408 -1.635 2.150
3.819 -1.484 2.158
2.582 1.413 1.594
2.116 1.458 1.287
2.114 2.945 1.842
2.102 2.741 1.789
1.995 3.803 2.175
-1.388 3.106 1.799
-1.447 2.690 1.715
-1.503 2.356 1.293
-1.544 1.773 1.141
-1.784 -1.009 0.881
-1.814 -0.941 1.011
-1.489 -1.478 0.944
-1.424 -1.488 0.973
-1.367 -2.077 1.092
-1.368 -2.083 1.163
-2.135 -5.373 2.357
1.734 -5.089 2.196
3.853 -4.788 2.076
2.113 -5.004 2.194
3.909 -4.010 2.042
3.962 -3.411 2.048
4.146 -1.309 1.817
5.947 -0.150 2.190
5.722 0.128 2.193
4.102 1.290 1.550
4.266 1.278 1.690
3.445 1.342 1.349
3.577 1.332 1.458
2.941 1.382 1.200
2.562 1.410 1.085
2.645 1.405 1.161
2.032 1.919 0.937
2.096 2.630 1.126
1.418 4.808 1.590
0.837 4.866 1.661
1.043 4.816 1.613
-1.349 3.518 1.303
-1.419 3.052 1.067
-1.804 1.800 0.998
-1.447 2.618 0.967
-1.441 2.605 0.915
-1.614 1.117 0.578
-1.746 -1.030 0.722
-1.373 -1.995 0.697
-1.936 -3.042 1.075
-1.993 -3.536 1.130
5.655 -3.671 1.764
2.771 1.400 0.689
2.416 1.426 0.668
2.105 1.444 0.615
1.929 1.634 0.575
0.965 4.870 0.934
-0.092 1.775 0.376
-0.846 1.768 0.472
-1.610 1.011 0.385
-1.716 0.108 0.366
-1.742 -0.469 0.402
-1.765 -0.606 0.408
4.393 0.726 0.572
3.007 1.397 0.185
0.219 1.674 0.247
-1.388 2.409 0.244
-1.248 1.743 0.312
-1.431 1.770 0.299
-1.665 1.800 0.254
-1.778 -1.448 0.163
-1.394 -2.412 0.178
-0.750 -2.581 0.209
-0.062 -2.150 0.141
1.129 -2.438 0.109
5.745 -2.746 0.333
0.163 1.640 0.036
-1.806 1.792 -0.085
-1.627 -1.480 0.083
-1.726 -2.793 0.068
0.598 3.319 -0.070
-1.624 0.688 -0.026
-1.447 -2.765 0.185
0.387 -2.982 0.100
0.309 1.674 0.120
3.237 1.367 0.092
-1.361 2.263 0.119
-1.780 1.820 0.169
-1.703 1.776 0.110
-1.696 0.204 0.079
0.127 -2.144 0.275
0.397 -2.979 0.276
1.045 -2.513 0.323
-1.330 0.461 0.115
-0.701 -2.565 0.324
2.667 1.413 0.221
4.400 1.225 0.201
3.959 1.292 0.610
3.449 1.333 0.470
2.164 4.766 0.559
1.115 4.859 0.664
-1.416 2.198 0.360
-1.415 3.125 0.428
3.773 1.313 1.068
3.222 1.354 0.972
2.864 1.386 0.729
1.906 1.447 0.577
0.740 1.619 0.521
1.228 4.838 0.954
-0.286 1.773 0.563
-1.579 1.782 0.705
-1.718 0.037 0.478
-1.926 -2.962 0.994
-1.933 -2.947 1.192
-1.966 -3.238 1.142
-2.022 -3.887 1.326
0.981 -6.470 2.196
1.411 -6.520 2.190
5.716 -2.334 1.957
6.020 0.272 1.849
2.507 1.416 1.269
4.380 1.159 1.842
2.201 1.446 1.167
4.389 1.233 1.608
2.070 1.459 0.951
3.451 1.341 1.427
3.245 1.345 1.171
2.044 1.994 1.163
2.069 2.304 1.163
2.107 2.767 1.296
1.787 4.780 1.739
1.421 4.808 1.755
1.139 4.843 1.938
1.191 4.832 2.051
0.440 4.720 1.856
-0.572 1.843 0.844
-0.476 1.828 0.833
-1.504 1.789 1.074
-1.480 2.548 1.266
-1.667 0.461 0.837
-1.623 0.549 0.869
-1.746 -1.033 0.898
2.933 -2.864 2.167
3.698 -0.899 2.152
4.140 -1.412 2.101
-1.296 -4.272 2.210
3.050 -2.870 2.170
4.375 1.109 2.133
3.099 -2.590 2.159
3.699 -0.669 2.154
4.163 -1.108 2.030
-1.342 -1.676 1.105
3.904 -0.675 2.155
3.642 1.331 2.039
-0.748 -4.358 2.198
3.715 -0.210 2.153
-0.594 -4.213 2.194
3.480 -2.455 2.170
2.733 1.393 1.886
3.886 -0.106 2.150
3.446 -1.909 2.153
1.853 -3.954 2.191
2.037 -3.873 2.188
3.639 -2.209 2.163
2.039 2.055 1.806
2.058 2.252 1.585
3.509 -1.651 2.148
2.065 2.279 1.700
4.278 0.133 2.032
3.731 -1.962 2.168
3.720 -1.637 2.160
2.100 2.660 1.733
2.100 2.684 1.857
3.892 -1.717 2.160
2.632 -3.287 2.177
3.649 -1.149 2.153
4.337 0.772 2.084
4.038 0.845 2.148
3.872 -1.152 2.155
2.030 1.879 1.457
2.029 1.936 1.573
2.035 1.999 1.656
1.382 3.659 2.169
1.345 3.459 2.157
1.145 3.898 2.170
0.137 3.584 2.174
1.103 3.533 2.163
1.118 3.362 2.158
-0.859 3.707 2.177
-1.486 2.361 1.722
-1.462 2.467 1.771
-1.500 2.321 1.640
-1.500 1.773 1.509
-1.739 -0.290 1.138
-1.917 -3.123 2.353
-1.479 -2.690 2.149
-1.479 -3.120 2.164
-0.085 -3.228 2.157
-0.298 -2.990 2.147
-0.220 -3.112 2.153
-1.271 -3.196 2.166
-0.147 -3.073 2.158
-1.728 -1.468 1.512
-1.122 -3.032 2.159
0.256 -3.052 2.159
0.425 -3.048 2.160
-0.655 -3.152 2.158
-0.543 -3.309 2.161
-1.349 -1.614 1.564
0.775 -3.061 2.153
-0.362 -3.296 2.166
-0.486 -2.967 2.144
-0.422 -3.063 2.147
-1.370 -2.022 1.592
-0.269 -3.200 2.160
1.162 -2.912 2.160
1.290 -2.727 2.151
1.023 -2.938 2.161
1.332 -2.760 2.163
1.630 -2.486 2.114
2.420 -1.400 2.132
1.915 -2.200 2.145
2.532 -1.922 2.131
2.442 -1.254 2.130
2.650 -1.747 2.129
1.907 -2.488 2.138
2.181 -1.729 2.129
2.267 -2.249 2.135
2.303 -1.586 2.133
3.022 -1.204 2.131
2.404 -2.089 2.133
2.406 -1.666 2.142
3.063 -0.958 2.135
3.112 -0.745 2.133
2.820 -0.389 2.128
2.613 -0.272 2.126
3.149 -0.531 2.133
3.217 -0.280 2.141
3.018 -0.131 2.137
2.780 -0.013 2.127
2.571 0.240 2.117
2.653 0.678 2.118
2.680 1.385 2.113
2.151 1.454 2.052
2.669 1.198 2.109
2.074 1.458 1.733
1.990 1.471 1.839
2.036 1.968 1.983
1.978 2.294 2.153
1.828 2.414 2.149
1.633 2.480 2.142
1.135 2.554 2.147
0.782 2.798 2.148
0.750 2.440 2.150
0.615 2.504 2.154
0.366 2.804 2.153
-0.026 2.786 2.150
-0.561 2.617 2.158
-0.485 2.609 2.160
-0.800 2.561 2.159
-0.651 2.599 2.156
-1.167 2.454 2.168
-1.599 1.821 1.954
-1.722 1.630 1.914
-2.746 -0.190 2.137
-1.780 -1.431 2.110
-1.735 -1.467 1.794
-1.529 -1.489 1.855
-1.775 -1.248 2.017
-1.340 -1.761 2.134
-1.369 -1.960 2.059
0.069 -2.447 2.130
0.115 -2.388 2.133
0.233 -2.325 2.137
0.521 -2.352 2.133
0.687 -2.268 2.139
1.069 -2.063 2.132
1.367 -1.923 2.096
2.481 0.205 2.123
2.432 -0.490 2.121
2.161 -1.322 2.122
2.314 -0.059 2.112
1.470 1.523 2.031
1.101 1.556 1.995
-0.307 1.672 1.788
-0.904 1.730 2.042
-1.671 0.558 1.786
-1.600 -0.962 2.263
1.322 -1.212 2.119
1.379 -1.002 2.121
1.616 -0.632 2.121
0.893 1.579 1.941
-1.136 1.219 2.124
0.021 -1.868 2.131
1.232 -1.327 2.127
-1.136 1.143 2.125
-1.569 0.777 2.320
-1.625 -0.051 2.156
-1.635 -0.262 2.173
-1.652 -0.473 2.225
-1.701 -0.952 2.259
-1.728 -1.119 2.330
0.956 -1.742 2.129
1.158 -1.487 2.125
1.974 -1.306 2.124
2.219 -0.881 2.123
2.334 -0.385 2.118
2.362 -0.262 2.117
-1.563 1.039 2.110
-1.319 -1.972 2.138
-0.172 -2.519 2.139
0.008 1.620 1.699
-1.605 0.844 1.868
-0.001 -2.486 2.141
1.968 1.200 2.110
-0.965 -2.234 2.136
0.235 -2.461 2.133
-1.386 1.754 2.275
-1.679 0.550 1.705
-1.464 1.769 2.036
-0.791 -2.305 2.139
-0.661 -2.359 2.141
0.488 -2.505 2.141
0.563 1.609 1.769
0.351 1.617 1.719
-1.341 -1.561 1.903
-1.603 1.156 1.877
-1.629 0.085 1.538
1.449 -2.171 2.105
1.584 -2.067 2.101
1.887 -1.861 2.103
2.164 -1.872 2.132
2.648 -1.188 2.129
2.444 -1.147 2.128
2.240 -1.035 2.126
2.107 -1.019 2.128
2.129 -0.869 2.129
2.795 -0.862 2.127
2.621 -0.786 2.127
2.548 -0.116 2.127
2.858 -0.663 2.129
2.894 0.202 2.126
2.445 -0.608 2.127
2.662 -0.415 2.125
2.502 -0.452 2.132
2.559 0.229 2.131
2.409 0.944 2.116
2.414 1.196 2.117
1.518 2.196 2.146
1.220 2.497 2.149
1.226 2.426 2.145
2.269 1.227 2.113
2.190 1.130 2.111
2.130 1.384 2.118
1.145 2.470 2.144
1.195 2.376 2.142
0.904 2.580 2.140
1.957 1.474 2.009
0.056 2.854 2.154
0.656 2.640 2.151
0.795 2.602 2.150
0.870 2.601 2.140
0.584 2.724 2.150
-0.615 2.924 2.155
-0.755 2.673 2.161
1.612 2.154 2.145
-0.748 2.760 2.156
-0.821 2.843 2.159
0.229 2.798 2.160
1.449 2.247 2.143
-0.976 2.777 2.161
-1.351 3.090 2.383
-1.451 1.770 1.927
-1.540 1.779 1.712
-1.781 1.803 1.804
-2.313 1.107 2.130
-1.742 -0.309 1.211
-2.628 -0.126 2.128
-2.656 -0.304 2.133
-1.736 -1.464 1.570
-1.762 -1.166 1.591
-1.787 -1.366 1.600
-2.995 -0.111 2.146
-1.378 -1.992 1.712
-1.357 -2.895 2.152
-1.474 -2.821 2.159
-1.301 -2.914 2.144
-1.090 -2.979 2.148
-1.043 -3.047 2.152
-0.880 -3.107 2.153
-0.698 -3.201 2.159
-0.370 -3.153 2.158
-0.202 -3.395 2.157
0.115 -3.230 2.151
0.178 -3.370 2.161
0.382 -3.343 2.157
2.144 -2.762 2.156
2.111 -2.575 2.142
0.934 -3.154 2.155
0.993 -2.983 2.159
2.342 -2.611 2.149
1.023 -3.426 2.175
1.183 -2.911 2.158
2.539 -2.453 2.147
1.232 -3.390 2.162
2.723 -2.278 2.145
2.534 -2.097 2.133
2.425 -1.939 2.137
2.951 -1.131 2.141
1.718 -2.603 2.140
2.632 -1.662 2.130
3.397 -1.873 2.152
2.932 -1.612 2.137
2.729 -1.509 2.135
3.118 -1.387 2.140
3.790 1.131 2.151
3.482 1.237 2.139
3.690 0.518 2.146
2.834 1.389 1.892
2.236 1.439 1.478
2.625 1.411 1.864
2.294 1.441 1.708
1.400 3.599 2.166
1.390 1.557 1.236
2.040 2.096 1.727
1.170 3.764 2.170
2.110 2.785 1.943
2.097 3.264 2.162
2.096 2.760 1.991
0.613 3.960 2.174
-1.349 3.513 2.063
-1.416 2.935 1.955
-1.409 2.985 1.911
-1.465 2.592 1.629
-1.667 0.562 0.982
-1.336 -1.632 1.123
-1.367 -1.877 1.225
-1.934 -2.979 1.734
-1.763 -4.253 2.216
4.062 -2.259 1.897
4.066 -2.211 2.073
4.071 -2.159 2.150
4.204 -0.692 1.969
4.091 -1.918 1.843
4.095 -1.873 2.009
4.132 -1.597 1.804
4.151 -1.225 1.883
4.143 -1.270 2.022
2.687 1.403 1.209
4.199 -0.677 1.838
4.330 0.776 1.862
4.370 1.117 1.841
2.220 1.443 1.110
2.007 1.458 1.096
2.091 2.611 1.352
1.840 4.795 1.975
1.498 4.802 1.944
1.843 4.776 1.908
1.473 4.803 1.853
0.739 4.876 1.760
-0.132 1.772 0.747
-1.445 2.607 1.031
-1.398 1.771 0.952
-1.611 1.799 0.984
-1.651 1.803 0.830
-1.429 2.982 1.294
-1.412 3.058 1.135
-1.623 1.114 0.677
-1.686 0.227 0.603
-1.726 -0.199 0.721
-1.793 -0.709 0.699
-1.794 -1.034 0.789
-1.770 -1.292 0.825
-1.727 -1.450 0.789
-1.654 -1.456 0.784
-2.177 -5.749 1.956
3.850 -4.790 1.943
3.765 -5.819 2.023
5.653 -3.777 1.892
5.961 -0.303 1.720
8.034 0.675 2.218
3.159 1.367 0.932
2.738 1.406 0.841
2.375 1.427 0.751
2.386 1.437 0.769
1.102 1.642 0.561
2.092 1.460 0.710
1.100 1.500 0.497
0.906 1.612 0.509
0.781 1.618 0.519
0.327 1.678 0.479
0.295 1.677 0.450
-1.395 3.268 0.682
-1.659 0.387 0.357
5.746 -2.198 1.031
4.269 -0.572 0.655
4.357 0.343 0.604
4.225 1.264 0.625
3.555 1.330 0.515
3.068 1.375 0.432
1.987 1.475 0.321
1.354 4.770 0.495
-1.369 3.521 0.485
-1.656 0.360 0.308
0.661 -2.704 0.299
0.939 1.515 0.120
0.859 3.309 0.039
-1.577 1.194 -0.015
-0.558 -2.395 0.123
1.040 -2.420 0.174
-0.106 -2.182 0.094
-1.671 -2.807 0.084
-1.784 -1.432 0.109
-1.687 0.248 0.066
-1.585 0.900 -0.011
-0.541 -2.579 0.063
0.901 3.300 -0.012
0.965 3.294 0.095
0.653 3.337 0.007
3.670 1.330 0.221
0.969 -2.599 0.203
1.305 -1.057 0.183
1.010 -2.485 0.178
-1.413 2.182 0.286
5.648 -3.791 0.457
4.230 -0.307 0.195
2.775 1.397 0.732
2.128 1.452 0.639
1.291 4.834 0.842
0.991 4.863 0.961
0.197 1.684 0.337
-0.133 1.777 0.445
-0.256 1.763 0.469
-1.725 1.810 0.595
-1.579 1.777 0.599
-1.590 1.221 0.555
-1.581 1.135 0.511
-1.631 0.901 0.528
-1.614 0.999 0.474
-1.682 0.798 0.519
-1.374 -1.994 0.776
-1.334 -1.595 0.547
5.963 -0.286 2.018
2.714 1.398 0.883
4.223 -0.259 1.235
5.999 0.052 2.051
2.237 4.144 1.438
0.740 -7.587 2.230
2.212 4.742 1.912
2.014 1.731 1.074
1.825 4.772 1.764
1.847 4.791 1.843
1.345 4.796 1.591
2.078 2.350 0.944
1.470 4.808 1.710
5.569 -4.749 2.194
3.579 1.327 1.135
1.170 4.830 1.809
2.111 2.812 1.281
0.752 4.872 1.705
2.163 3.381 1.240
0.403 4.913 1.718
-0.669 1.856 0.737
0.446 4.900 1.769
-0.485 1.816 0.754
-1.355 3.570 1.349
-1.421 3.015 1.183
-1.449 2.342 1.035
-1.605 0.515 0.797
-1.656 0.455 0.749
-1.650 0.099 0.737
-1.673 0.118 0.707
-1.390 -1.486 0.887
-1.339 -1.659 1.065
-1.760 -1.250 0.897
-1.354 -1.872 1.019
-1.365 -1.920 1.170
-1.374 -2.056 1.090
-1.934 -2.986 1.705
-1.979 -3.541 1.908
-2.005 -3.888 1.964
-0.921 -4.691 2.212
0.278 -4.794 2.209
3.213 -3.417 2.191
2.992 -3.941 2.192
3.388 -3.141 2.193
2.073 -4.461 2.202
3.564 -2.852 2.178
2.778 -3.825 2.190
4.155 -1.165 2.078
3.824 -2.317 2.177
2.845 -3.845 2.189
3.918 -2.048 2.173
4.171 -0.974 1.857
4.047 -2.367 2.103
4.189 -0.766 1.940
4.064 -2.253 1.987
4.115 -1.696 2.032
4.129 -1.466 2.106
4.346 0.885 1.914
4.251 -0.046 1.857
4.287 0.255 1.869
4.304 0.383 1.980
4.317 0.566 1.887
3.236 1.354 1.777
2.972 1.377 1.527
2.655 1.397 1.631
2.438 1.423 1.487
2.331 1.433 1.559
2.004 1.725 1.344
2.044 2.124 1.459
2.074 2.389 1.434
2.118 2.880 1.759
0.562 4.289 2.183
0.604 4.086 2.176
-1.450 2.823 1.702
-1.464 2.570 1.636
-1.480 2.361 1.549
-1.303 1.763 1.247
-1.883 1.801 1.514
-1.631 0.538 1.107
-1.811 -1.057 1.339
-1.373 -1.999 1.529
-1.918 -3.218 2.326
-1.413 -2.972 2.159
-1.346 -3.162 2.159
-1.299 -3.369 2.174
-0.442 -3.226 2.158
-0.321 -3.379 2.160
-1.075 -3.404 2.163
-0.847 -3.433 2.175
0.520 -3.443 2.162
0.140 -3.323 2.155
0.355 -3.342 2.160
-0.420 -3.491 2.170
0.547 -3.367 2.153
0.990 -3.258 2.170
1.352 -3.117 2.174
1.859 -2.631 2.151
2.723 -2.158 2.145
2.719 -1.962 2.136
2.709 -1.719 2.134
2.643 -1.425 2.127
2.783 -1.727 2.137
2.708 -1.227 2.132
2.986 -1.816 2.137
1.992 -2.769 2.145
2.883 -1.559 2.140
2.192 -2.671 2.146
2.995 -1.371 2.143
3.051 -0.118 2.133
2.880 -1.116 2.137
3.525 -0.211 2.142
3.260 -0.060 2.144
3.052 0.113 2.147
2.461 -2.051 2.136
3.297 -1.143 2.147
2.541 -2.351 2.146
2.996 -0.712 2.130
2.624 -1.844 2.140
3.516 0.295 2.141
3.394 -0.876 2.145
2.877 1.386 1.977
3.472 0.544 2.137
2.500 1.416 1.842
2.383 1.437 1.887
2.861 0.884 2.109
2.083 1.468 1.751
2.769 1.038 2.107
2.024 1.888 1.890
1.969 2.466 2.149
1.786 2.293 2.144
1.851 2.683 2.148
1.455 2.898 2.158
0.953 2.913 2.147
0.898 2.761 2.150
0.689 2.946 2.153
0.704 2.818 2.152
0.695 2.684 2.155
0.513 3.123 2.160
-0.127 2.948 2.151
-0.589 2.807 2.159
-0.942 2.763 2.162
-1.527 1.777 1.888
-1.159 2.649 2.166
-1.677 1.791 1.941
-1.651 1.827 1.919
-1.457 2.417 2.132
-1.847 1.813 1.953
-1.660 0.473 1.501
-1.758 0.357 1.613
-2.381 1.193 2.134
-2.617 0.162 2.137
-2.928 -0.161 2.140
-2.798 -0.150 2.132
-1.824 -0.916 1.603
-1.801 -1.456 1.800
-1.112 -2.570 2.137
-1.019 -2.209 2.135
-1.372 -1.925 1.803
-1.378 -2.057 2.079
-0.353 -2.652 2.132
-1.474 -2.424 2.149
-0.251 -2.488 2.147
0.041 -2.534 2.142
1.583 -2.016 2.103
0.936 -2.268 2.122
1.102 -2.171 2.104
2.344 -1.257 2.133
2.448 -1.118 2.126
2.016 -1.279 2.122
2.486 -0.970 2.129
2.445 -0.123 2.119
2.440 0.042 2.119
2.605 0.364 2.122
1.701 1.498 2.046
2.292 0.691 2.107
2.170 1.065 2.111
0.775 1.604 1.684
-1.424 1.764 2.325
-1.455 1.782 2.227
-1.582 1.035 1.923
-1.677 0.980 1.894
-1.621 -0.102 1.750
-1.628 -0.068 1.607
-1.348 -1.722 2.027
-1.650 -1.082 2.302
0.831 -1.754 2.131
1.861 -0.415 2.115
1.724 0.014 2.125
1.377 1.535 2.077
-1.026 1.634 2.120
-1.281 1.538 2.135
-1.622 -0.601 2.313
-1.672 -0.630 2.198
-1.733 -1.007 2.076
-0.617 -1.679 2.124
0.759 -1.754 2.120
1.219 -1.163 2.123
1.155 -1.243 2.121
1.510 -0.968 2.128
0.341 1.628 2.005
-1.213 1.019 2.126
-1.487 0.844 2.306
-1.626 0.007 1.680
-1.643 0.521 2.119
-1.661 -0.619 2.338
-1.499 -0.728 2.187
-1.676 -0.568 1.961
-1.670 -0.511 2.321
-1.770 -1.384 2.301
1.015 -1.491 2.126
1.763 -0.007 2.122
-0.336 1.672 1.900
-1.000 1.734 1.942
-1.037 1.511 2.127
-1.187 1.730 2.127
-1.524 1.656 2.236
-1.524 1.670 2.086
-1.642 0.409 1.566
-1.724 -1.006 1.922
-1.737 -1.014 2.039
-1.702 -1.470 2.214
0.428 -2.225 2.133
0.585 -2.133 2.134
0.928 -2.119 2.133
1.045 -2.058 2.112
2.123 -1.404 2.131
1.594 -1.841 2.091
2.327 -1.339 2.134
1.735 -1.496 2.132
1.946 -1.516 2.121
2.186 -0.730 2.131
2.684 0.304 2.122
2.363 0.215 2.117
2.452 1.030 2.112
2.292 1.365 2.121
2.117 1.466 2.054
1.820 1.482 2.054
1.651 1.508 2.070
1.213 2.202 2.144
1.078 2.266 2.144
0.879 2.336 2.153
0.486 2.480 2.148
0.580 2.434 2.147
0.655 2.428 2.145
0.308 2.485 2.146
-0.345 2.469 2.150
0.208 2.475 2.154
-0.656 2.368 2.151
-0.648 2.531 2.160
-1.402 1.771 2.031
-1.446 1.766 1.748
-1.210 2.403 2.165
-1.660 1.793 2.001
-1.695 1.793 1.918
-1.723 1.596 1.908
-1.743 1.466 1.969
-1.625 1.036 1.813
-2.622 0.123 2.126
-2.741 -0.376 2.141
-2.896 -0.742 2.142
-1.746 -0.324 1.574
-1.927 -0.571 1.562
-1.662 -1.479 1.596
-0.965 -2.822 2.152
-1.366 -1.856 1.709
-0.878 -2.805 2.136
-1.362 -1.844 1.736
-0.873 -2.874 2.151
-1.424 -2.539 2.152
-0.518 -3.001 2.152
-0.331 -2.980 2.148
-0.162 -2.972 2.148
-0.060 -2.898 2.148
-0.137 -2.979 2.157
0.065 -3.060 2.153
0.189 -2.927 2.150
0.369 -3.167 2.153
0.577 -2.904 2.152
0.678 -2.823 2.148
0.610 -3.170 2.159
0.725 -3.002 2.153
1.338 -2.721 2.154
1.283 -2.506 2.125
1.511 -3.022 2.169
1.515 -2.822 2.164
1.709 -2.704 2.146
1.878 -2.096 2.128
2.137 -2.152 2.134
2.487 -2.326 2.138
3.228 -1.365 2.147
2.845 -1.196 2.126
2.638 -1.115 2.132
2.557 -2.023 2.133
3.401 -1.097 2.154
2.866 -2.017 2.140
2.456 -1.445 2.129
2.771 -1.347 2.129
2.922 -0.379 2.132
2.927 0.557 2.127
2.022 1.849 1.724
2.823 1.386 1.879
2.060 2.387 2.025
2.055 2.238 2.017
2.548 1.419 1.871
2.062 2.500 2.122
1.586 3.121 2.165
1.368 3.146 2.155
0.932 3.307 2.157
1.159 3.241 2.157
-0.440 3.284 2.168
-0.473 3.416 2.162
-0.888 3.225 2.176
-1.121 3.174 2.179
-1.467 2.448 1.659
-1.769 -1.015 1.197
-1.790 -1.329 1.313
-1.981 -3.664 2.184
-1.371 -2.006 1.339
-2.006 -3.871 2.331
0.123 -4.061 2.184
1.281 -3.807 2.177
1.566 -3.709 2.177
0.365 -4.482 2.204
3.548 -3.480 2.190
3.204 -2.953 2.181
3.401 -2.723 2.177
4.000 -2.970 2.145
4.008 -2.524 2.187
4.072 -2.142 2.123
4.153 -1.185 1.928
4.192 -0.886 1.797
4.179 -0.879 1.954
4.191 -0.893 2.054
4.198 -0.597 1.919
3.073 1.371 1.499
3.196 1.350 1.648
3.388 1.338 1.746
4.346 0.875 2.072
1.989 1.484 1.088
3.596 1.334 1.704
2.017 1.766 1.207
2.110 2.827 1.585
1.993 1.485 1.206
2.085 2.447 1.400
2.036 2.026 1.329
0.825 4.837 2.119
-1.386 3.331 1.612
-1.438 2.901 1.427
-1.685 1.802 0.989
-1.651 0.453 0.708
-1.743 -0.317 0.727
-1.760 -1.244 0.853
-1.776 -1.279 0.912
-1.803 -1.458 0.910
-1.382 -2.060 0.937
-1.992 -3.705 1.570
-2.012 -3.938 1.602
3.883 -4.211 2.045
2.783 -6.445 2.220
5.642 -3.896 2.004
5.970 -0.259 1.791
5.970 -0.259 1.963
4.967 1.199 1.279
2.087 1.450 0.804
2.946 1.382 0.931
2.059 2.363 0.879
3.045 1.370 1.015
3.169 1.364 1.076
2.683 1.402 1.010
1.109 1.632 0.649
-0.397 1.740 0.582
-1.660 0.574 0.461
-1.946 -3.171 0.866
5.695 -3.138 1.362
5.971 -0.295 0.987
4.349 0.341 0.647
4.372 0.650 0.643
3.100 1.362 0.623
2.278 1.435 0.489
1.314 4.830 0.698
-1.595 1.788 0.427
-1.392 2.560 0.440
-1.620 -1.464 0.232
-0.576 -2.571 0.331
0.976 -2.604 0.178
2.918 1.394 0.168
2.483 1.426 0.151
5.971 1.134 0.475
-0.032 1.775 0.114
-1.246 1.735 0.213
-1.688 1.791 0.253
-1.709 -2.665 0.077
-1.166 -2.469 0.109
-0.231 -2.138 0.155
0.014 -2.152 0.131
1.987 1.450 0.062
-1.384 -2.105 0.078
-1.377 -2.419 0.124
-0.721 -2.580 0.221
-0.485 -2.880 0.200
-0.075 -2.113 0.162
-1.415 3.233 0.272
-1.362 2.205 0.179
-0.560 -2.581 0.331
0.357 -2.968 0.382
4.347 0.213 0.636
3.957 1.291 0.634
2.830 1.391 0.661
2.214 1.447 0.457
1.917 1.448 0.429
1.923 1.462 0.501
-1.584 1.227 0.445
-1.403 3.242 0.622
-1.386 3.395 0.595
-1.392 2.666 0.549
-1.433 3.002 0.624
0.662 4.571 0.830
-1.428 1.770 0.451
-1.694 -0.124 0.325
-1.755 -1.177 0.454
-1.355 -1.734 0.660
-1.804 -1.430 0.599
5.611 -4.246 1.645
5.662 -3.503 1.728
3.081 1.367 0.802
2.887 1.378 0.955
2.556 1.419 0.794
2.523 1.409 0.880
2.305 1.429 0.678
2.046 2.086 1.004
2.119 2.910 1.198
-1.393 1.764 0.800
-0.514 1.811 0.627
-0.627 1.824 0.629
-1.401 3.242 1.093
0.274 1.670 0.645
0.095 1.710 0.588
-1.461 2.416 0.916
-1.641 0.404 0.637
-1.738 -0.026 0.603
-1.779 -0.672 0.745
-1.832 -1.073 0.938
-1.356 -1.780 0.782
-1.928 -3.122 1.347
-2.005 -3.748 1.531
1.417 -5.432 2.204
1.736 -5.203 2.196
2.114 -5.171 2.199
3.311 -4.281 2.200
3.801 -3.764 2.200
3.879 -3.448 2.197
3.961 -3.424 2.076
4.118 -1.623 1.779
3.998 -3.058 2.117
4.135 -1.367 1.877
4.162 -1.163 1.963
4.021 -2.613 1.961
4.190 -0.780 1.842
4.198 -0.704 1.765
4.080 -2.009 1.945
4.222 -0.488 1.840
4.241 -0.111 1.745
2.023 1.778 1.152
2.776 1.391 1.347
2.166 1.451 1.147
2.044 1.457 1.258
2.134 3.108 1.733
2.018 3.940 2.163
1.565 4.800 2.107
-1.519 2.366 1.423
-1.582 1.602 1.133
-1.531 1.793 1.218
-1.611 1.362 1.129
-1.341 -1.749 1.142
-1.697 -1.450 1.137
-1.340 -1.489 1.070
-0.625 -3.552 2.166
1.220 -3.515 2.168
1.398 -3.470 2.173
1.623 -3.335 2.169
1.783 -3.200 2.162
0.714 -3.708 2.174
1.652 -3.338 2.171
0.690 -3.644 2.174
1.163 -3.608 2.170
2.143 -2.827 2.161
1.883 -3.265 2.166
2.092 -3.130 2.166
2.490 -2.536 2.145
3.143 -1.819 2.145
3.088 -1.560 2.140
3.211 -1.344 2.144
3.061 -1.109 2.143
3.438 -1.585 2.145
3.226 -1.114 2.145
3.579 -1.395 2.152
3.153 -0.455 2.137
3.578 -0.132 2.155
2.746 1.404 2.063
3.829 0.181 2.154
3.285 0.439 2.133
3.501 0.582 2.140
3.256 0.658 2.128
2.157 1.459 1.726
1.749 2.456 2.138
3.645 0.993 2.145
1.719 3.158 2.154
2.017 1.757 1.702
2.037 1.993 1.676
2.033 2.028 1.845
1.352 3.078 2.159
2.042 2.132 2.021
1.044 2.843 2.151
0.668 3.399 2.172
0.471 3.147 2.166
0.045 3.078 2.148
-0.206 3.147 2.157
-0.175 3.107 2.151
-0.500 3.159 2.161
-0.731 3.077 2.160
-1.382 3.164 2.325
-1.424 2.838 2.163
-1.456 2.507 1.958
-1.870 1.805 1.909
-1.608 1.231 1.564
-2.189 1.847 2.059
-2.780 0.670 2.146
-2.936 0.771 2.150
-1.760 -0.379 1.486
-3.012 0.342 2.134
-1.787 -1.382 1.549
-1.381 -2.053 1.833
-1.282 -2.537 2.138
-1.227 -2.773 2.141
-0.794 -2.612 2.140
-0.629 -2.834 2.140
-0.670 -2.628 2.144
0.360 -2.772 2.145
0.241 -2.723 2.145
0.412 -2.680 2.138
-0.402 -2.615 2.141
-0.290 -2.696 2.146
0.715 -2.629 2.145
-0.212 -2.776 2.140
0.211 -2.749 2.141
1.127 -2.326 2.106
1.774 -1.980 2.102
1.343 -2.308 2.108
2.020 -2.005 2.134
1.998 -1.396 2.117
2.082 -1.447 2.126
2.085 -1.262 2.118
2.187 -1.309 2.131
2.409 -0.841 2.128
2.390 -1.562 2.142
2.671 -1.070 2.143
2.532 -0.835 2.127
2.757 -0.872 2.128
2.617 -0.720 2.133
2.446 -0.212 2.131
2.624 0.400 2.116
2.129 0.494 2.115
2.672 0.038 2.117
2.060 1.222 2.113
2.364 1.440 2.101
1.973 1.364 2.118
2.068 1.468 1.951
1.962 1.474 2.047
1.360 1.549 1.770
0.850 2.220 2.143
0.717 2.330 2.149
1.279 2.312 2.144
0.418 2.271 2.141
-0.034 2.430 2.155
-1.519 1.643 2.032
-1.540 1.444 1.946
-1.530 1.648 2.195
-1.675 -0.568 1.916
-1.709 -1.337 2.345
1.049 -2.052 2.187
-0.925 1.647 2.130
-1.144 1.301 2.125
-1.340 1.484 2.198
-1.489 1.754 2.332
-1.629 0.567 2.073
-1.510 -1.037 2.171
-1.124 -1.597 2.123
-0.409 -1.833 2.124
0.644 -1.802 2.125
0.683 -1.827 2.125
1.061 -1.395 2.124
-0.957 -1.558 2.124
0.665 1.571 2.117
-1.626 0.587 1.983
-1.593 0.468 2.290
-1.675 -0.555 1.977
0.727 -1.908 2.122
-0.843 1.645 2.125
-0.861 1.727 2.014
-1.127 1.655 2.129
-1.705 -1.157 2.350
1.554 -1.843 2.089
2.001 -1.194 2.125
2.536 -0.108 2.122
2.532 0.076 2.125
0.949 1.571 1.743
0.694 1.616 1.685
0.157 2.295 2.154
-0.378 2.436 2.151
-1.174 1.739 2.030
-0.426 1.692 1.681
-1.395 1.766 1.976
-1.513 1.702 2.130
-0.926 2.363 2.157
-1.701 0.674 1.724
-2.337 0.873 2.126
-1.664 1.044 1.701
-2.738 -0.259 2.141
-1.897 -0.513 1.654
-2.732 0.084 2.139
-1.670 -0.613 1.580
-1.671 -1.470 1.897
-1.336 -1.528 1.663
0.568 -2.617 2.150
0.468 -2.904 2.145
-0.343 -2.739 2.146
-0.189 -2.736 2.148
1.961 -2.168 2.139
1.126 -2.467 2.133
2.251 -2.206 2.141
2.109 -2.034 2.135
2.418 -1.763 2.130
2.504 -1.578 2.132
2.966 -1.304 2.140
2.684 -1.187 2.132
3.141 -0.646 2.128
2.537 -0.632 2.131
3.199 -0.450 2.131
2.983 -0.448 2.129
2.776 -0.454 2.135
2.808 -0.268 2.134
3.248 0.011 2.138
2.838 -0.028 2.128
2.657 0.041 2.127
3.188 0.489 2.133
3.006 0.390 2.129
2.837 0.305 2.138
3.169 0.708 2.131
2.812 0.496 2.133
1.868 1.508 1.716
2.995 1.125 2.117
2.847 0.999 2.115
2.036 2.071 1.929
2.604 0.753 2.118
2.773 1.196 2.115
2.569 0.937 2.122
2.043 2.248 2.097
2.590 1.407 1.957
2.639 1.395 2.100
1.887 2.541 2.143
1.316 2.732 2.139
2.489 1.161 2.118
1.918 2.395 2.146
1.023 2.881 2.146
1.936 2.187 2.146
1.719 2.627 2.149
2.451 1.298 2.120
1.771 2.554 2.141
1.821 2.360 2.141
0.874 2.997 2.150
2.199 1.453 1.940
0.502 3.073 2.165
0.655 3.044 2.162
0.722 3.117 2.145
1.444 2.680 2.153
0.149 3.123 2.164
-0.876 2.844 2.172
-0.184 3.286 2.174
-0.494 2.936 2.157
-0.501 3.026 2.162
-1.056 2.771 2.172
-0.455 3.205 2.168
-1.336 3.542 2.387
-1.402 3.074 2.099
-1.446 2.604 1.997
-1.441 2.623 1.901
-1.312 1.770 1.594
-1.750 1.804 1.787
-3.078 0.645 2.139
-1.648 -1.478 1.406
-1.382 -2.089 1.542
-1.661 -3.238 2.169
-1.454 -3.341 2.180
-1.948 -3.381 2.367
-1.625 -3.229 2.175
-1.197 -3.434 2.178
-1.009 -3.495 2.184
-0.742 -3.577 2.177
-0.714 -3.649 2.179
-0.508 -3.630 2.178
1.036 -3.451 2.165
1.076 -3.757 2.180
1.185 -3.573 2.170
0.147 -3.587 2.164
1.561 -3.908 2.189
3.221 -3.007 2.181
0.361 -3.562 2.173
2.691 -2.340 2.152
3.461 -2.800 2.177
2.098 -3.408 2.175
3.392 -2.346 2.165
3.177 -2.153 2.158
0.929 -3.607 2.177
2.205 -2.804 2.165
2.721 -3.403 2.185
3.331 -1.958 2.152
2.480 -2.841 2.166
4.107 -1.700 2.155
3.610 -1.494 2.156
4.010 -1.341 2.165
3.447 -1.194 2.151
4.116 -1.053 2.168
3.696 -0.492 2.153
4.283 0.400 2.166
4.341 0.811 2.105
3.799 0.477 2.156
4.200 0.986 2.159
3.799 0.754 2.144
4.084 1.294 2.129
3.452 1.341 1.843
3.577 1.336 2.027
3.706 1.283 2.139
2.800 1.390 1.527
3.249 1.355 1.972
2.444 1.419 1.400
2.001 1.484 1.311
2.038 2.037 1.480
2.083 2.533 1.627
2.065 2.316 1.617
0.458 4.540 2.179
-1.392 3.176 1.745
-1.640 1.091 0.970
-1.381 -2.004 1.063
-0.144 -5.294 2.225
2.170 -5.130 2.200
3.841 -4.850 2.051
4.097 -1.901 1.810
6.762 -2.267 2.159
6.276 -2.062 2.217
6.051 0.648 1.934
5.963 -0.225 1.968
3.995 1.299 1.416
2.807 1.394 1.000
2.877 1.388 1.106
2.492 1.405 1.002
2.352 1.433 0.982
2.021 1.848 0.924
2.014 1.802 0.953
2.070 2.334 1.074
1.713 4.792 1.623
2.248 4.045 1.485
0.558 4.871 1.615
-0.232 1.778 0.581
-1.408 3.099 1.068
-1.432 2.271 0.771
-1.706 -0.084 0.519
-1.367 -1.899 0.688
5.653 -3.862 1.545
-1.992 -3.478 1.081
3.752 -5.835 1.674
5.971 -0.296 1.413
5.712 -2.523 1.204
-2.032 -4.445 1.286
1.258 -8.491 2.259
-2.296 -6.933 1.907
2.348 -8.232 2.245
3.117 1.367 0.711
0.963 4.870 0.877
1.163 4.847 0.829
0.603 4.630 0.924
0.730 4.600 0.805
-1.407 3.090 0.667
-1.399 3.291 0.495
-1.391 2.600 0.491
-1.697 0.230 0.400
-1.706 -0.441 0.368
4.109 1.290 0.395
3.488 1.339 0.340
2.999 1.388 0.308
2.220 1.456 0.190
0.273 1.669 0.148
-0.481 1.822 0.248
-1.381 3.399 0.355
-0.767 -2.564 0.221
-1.380 -2.074 0.183
5.499 -5.405 0.409
5.656 -3.723 0.366
0.992 3.288 -0.030
0.815 3.326 -0.050
0.562 3.310 -0.059
-1.375 -1.961 0.121
-1.717 -2.873 0.006
-0.085 1.776 0.019
-1.649 -2.663 0.192
4.250 -0.270 0.266
3.254 1.363 0.135
2.436 1.431 0.133
-0.326 1.807 0.130
1.718 -1.123 0.263
4.061 -2.135 0.401
5.985 -0.029 0.322
5.731 -2.690 0.395
2.166 4.789 0.593
4.362 0.507 0.646
2.001 1.734 0.397
4.383 1.243 0.267
1.113 4.857 0.705
4.292 -0.470 0.509
4.305 -0.363 0.618
0.764 4.901 0.697
-1.409 3.180 0.497
-1.389 2.592 0.439
2.573 1.414 0.386
-1.329 -1.602 0.511
5.666 -3.720 1.497
5.963 -0.304 1.493
5.973 -0.284 1.195
5.985 -0.034 1.073
3.367 1.345 0.912
2.947 1.385 0.755
2.811 1.396 0.892
3.967 1.293 1.024
1.822 1.553 0.524
2.003 1.746 0.721
-0.365 1.747 0.582
-0.891 1.798 0.608
-1.628 0.842 0.592
-1.666 0.125 0.665
-1.728 -0.061 0.571
-1.930 -2.958 1.057
-1.928 -3.145 1.195
-1.985 -3.510 1.200
-2.011 -3.840 1.413
-2.029 -4.125 1.595
-2.050 -4.453 1.814
1.272 -6.456 2.207
1.736 -5.976 2.210
2.836 -5.865 2.210
3.914 -3.891 2.024
3.857 -4.709 2.096
3.953 -3.437 1.927
3.896 -4.150 1.957
3.980 -3.057 1.836
3.941 -3.666 1.846
6.001 0.195 1.971
6.072 0.855 2.144
4.899 1.233 1.647
4.408 1.214 1.666
3.763 1.315 1.475
3.541 1.330 1.524
2.624 1.401 1.251
2.074 2.347 1.406
2.097 2.665 1.216
1.968 4.731 2.192
2.098 2.686 1.411
2.102 2.717 1.482
1.588 4.787 2.131
2.267 4.750 1.834
2.235 4.745 2.104
0.386 4.706 1.847
0.533 4.725 2.034
-0.123 1.779 0.819
-1.356 3.480 1.559
-1.410 3.011 1.460
-1.483 2.510 1.306
-1.477 2.636 1.340
-1.570 1.753 1.073
-1.679 0.133 0.882
-1.700 0.138 0.833
-1.666 0.154 0.778
-1.926 -3.053 1.630
-1.989 -3.655 2.141
-1.157 -4.281 2.202
-0.633 -4.075 2.187
0.066 -4.353 2.193
1.702 -3.798 2.185
1.917 -3.690 2.183
2.100 -3.534 2.178
3.087 -2.324 2.156
2.328 -3.356 2.178
3.156 -2.908 2.173
2.510 -3.157 2.170
2.572 -3.206 2.172
2.632 -2.941 2.165
3.338 -2.423 2.162
2.445 -3.430 2.184
3.286 -1.865 2.152
2.787 -2.732 2.161
3.334 -1.601 2.145
3.429 -1.370 2.144
3.931 -1.696 2.164
3.779 -1.392 2.157
3.894 -1.154 2.163
3.732 -0.648 2.152
3.538 0.044 2.144
3.738 0.103 2.152
3.491 0.239 2.149
4.269 0.097 2.158
3.423 0.722 2.142
4.256 0.700 2.166
3.580 0.832 2.140
3.480 1.091 2.143
2.802 1.383 2.005
2.901 1.383 1.651
2.512 1.423 1.794
2.311 1.439 1.655
2.133 1.451 1.377
1.984 2.992 2.139
2.022 1.881 1.591
2.029 1.941 1.718
2.057 2.182 1.592
2.049 2.311 1.868
0.426 3.467 2.172
1.337 3.304 2.162
2.089 2.629 1.925
2.087 2.685 2.051
1.188 3.728 2.163
0.204 3.426 2.163
1.103 3.243 2.153
-0.072 3.516 2.167
-0.321 3.488 2.172
0.611 3.637 2.175
0.630 3.536 2.177
0.364 3.675 2.159
0.402 3.529 2.177
-1.403 3.025 2.049
-1.377 3.249 2.150
-1.410 2.957 2.052
-1.481 2.387 1.825
-2.137 1.837 1.895
-3.357 -0.223 2.135
-1.741 -1.101 1.320
-1.807 -1.498 1.560
-1.672 -1.472 1.713
-1.243 -3.047 2.152
-1.035 -3.086 2.156
0.509 -3.070 2.154
-0.784 -2.877 2.152
-0.152 -3.151 2.162
-0.205 -3.025 2.151
0.114 -3.030 2.149
1.630 -2.271 2.106
1.662 -2.535 2.123
1.984 -2.031 2.132
2.076 -1.929 2.131
2.171 -2.210 2.134
2.295 -1.626 2.128
2.739 -0.988 2.126
2.275 -1.417 2.130
2.501 -0.602 2.127
3.095 0.296 2.128
2.381 0.565 2.109
3.121 -0.331 2.124
2.881 -0.217 2.127
2.688 -0.042 2.133
2.878 -0.021 2.124
2.688 0.115 2.127
2.812 1.139 2.113
2.721 1.335 2.117
2.475 1.429 1.982
1.948 1.478 2.011
1.997 1.834 1.964
1.648 2.392 2.139
1.192 2.460 2.148
1.000 2.562 2.148
0.473 2.625 2.149
0.136 2.556 2.148
-1.517 1.691 2.044
-1.677 0.419 1.592
-2.705 -0.289 2.135
-1.783 -1.259 1.901
-1.775 -1.253 1.742
-1.642 -1.476 1.895
0.396 -2.306 2.136
1.908 -1.265 2.121
2.255 -1.030 2.120
1.733 0.668 2.116
0.232 1.630 1.814
-0.243 1.675 1.820
0.749 -1.714 2.125
-1.092 -1.820 2.141
0.979 -1.612 2.127
-1.561 -1.163 2.204
-1.321 1.761 2.185
-1.458 1.436 2.335
-1.529 1.390 2.281
-1.329 -1.535 2.129
1.637 -0.174 2.124
1.799 0.232 2.131
0.515 1.609 2.080
-0.213 1.677 1.987
0.862 -1.524 2.128
0.901 1.578 2.080
-0.260 1.676 2.061
-0.832 1.726 2.047
-1.186 1.147 2.125
-1.626 -0.080 2.075
-1.639 -0.306 2.140
-1.775 -1.289 2.218
0.926 -1.817 2.130
1.310 -1.395 2.126
1.358 -1.316 2.127
1.888 -0.817 2.112
2.220 -0.461 2.118
1.885 0.099 2.113
-1.390 1.635 2.276
-1.632 0.353 1.561
-1.741 0.259 1.631
-1.685 -0.327 1.564
-1.790 0.023 1.644
-1.712 -0.990 1.964
-1.756 -1.458 1.879
-1.931 -0.738 1.738
-1.359 -1.707 1.803
-1.367 -1.926 1.997
1.459 -2.372 2.109
0.626 -2.535 2.142
0.928 -2.607 2.152
1.883 -1.909 2.115
1.162 -2.555 2.150
1.933 -1.644 2.130
2.376 -0.971 2.134
2.196 -0.897 2.126
2.862 -0.879 2.133
2.162 -1.666 2.126
2.440 -0.814 2.134
2.925 -0.695 2.132
2.311 -1.518 2.140
2.494 -0.652 2.134
2.378 -1.361 2.128
2.217 -1.267 2.133
3.025 -0.030 2.131
2.590 -0.145 2.131
2.782 0.086 2.126
2.959 0.346 2.126
2.969 0.596 2.125
2.740 0.525 2.117
2.647 0.844 2.117
2.407 0.627 2.111
2.702 1.143 2.110
2.619 1.334 2.119
2.503 1.202 2.115
2.400 1.108 2.118
2.342 1.241 2.124
2.078 1.453 1.843
1.959 1.609 1.870
1.885 1.478 1.861
2.081 1.461 2.106
1.920 1.478 1.945
1.629 1.501 1.840
1.798 2.166 2.144
0.807 2.711 2.144
0.830 2.722 2.151
0.359 2.757 2.156
0.376 2.792 2.146
-0.571 2.662 2.155
0.171 2.760 2.156
-0.536 3.006 2.162
-0.755 2.599 2.156
0.249 2.855 2.151
1.121 2.669 2.149
-0.747 2.840 2.161
-0.943 2.642 2.163
-1.089 2.595 2.168
-2.461 1.033 2.131
-2.870 0.494 2.134
-3.034 0.382 2.135
-2.876 0.078 2.142
-2.967 -1.300 2.152
-1.344 -1.675 1.377
-1.337 -2.981 2.159
-1.126 -3.104 2.156
-0.984 -3.133 2.160
-0.784 -3.211 2.170
-0.946 -3.219 2.165
-0.582 -3.198 2.152
-0.757 -3.243 2.161
-0.574 -3.254 2.164
-0.675 -3.371 2.169
-0.556 -3.371 2.155
-0.197 -3.249 2.161
0.007 -3.240 2.156
-0.099 -3.404 2.164
-0.013 -3.568 2.166
0.130 -3.427 2.165
0.411 -3.199 2.154
0.497 -3.301 2.161
0.479 -3.611 2.167
0.745 -3.325 2.154
0.928 -3.234 2.166
1.013 -3.566 2.171
1.110 -3.325 2.168
1.221 -3.022 2.171
1.240 -3.506 2.172
1.303 -3.305 2.169
2.740 -2.818 2.164
1.767 -2.881 2.141
2.496 -2.043 2.144
1.928 -2.792 2.153
2.798 -2.068 2.139
2.607 -1.905 2.138
3.243 -1.811 2.148
3.649 -1.696 2.153
3.243 -0.607 2.133
3.791 -0.350 2.153
3.539 -0.371 2.151
3.309 -0.398 2.141
3.877 -1.223 2.159
3.837 -0.051 2.165
4.078 0.245 2.152
3.381 0.038 2.146
3.223 1.361 1.932
4.053 0.537 2.152
3.401 0.297 2.147
2.890 1.384 1.901
3.074 1.361 2.056
3.583 0.630 2.145
3.944 1.128 2.141
3.756 0.995 2.151
2.670 1.401 1.860
2.207 1.450 1.553
1.980 1.479 1.498
1.432 3.687 2.172
1.717 3.554 2.160
1.416 3.756 2.167
0.866 3.973 2.168
-0.040 1.762 1.051
-1.494 2.350 1.492
-1.349 1.754 1.322
-1.636 1.864 1.356
-1.787 -1.044 0.980
-1.976 -3.506 1.907
-0.665 -4.642 2.211
0.541 -4.649 2.215
0.834 -4.585 2.207
0.827 -5.079 2.216
1.543 -4.965 2.205
1.710 -4.367 2.194
1.817 -5.242 2.201
2.538 -4.645 2.204
2.740 -3.783 2.195
3.441 -3.208 2.193
1.518 4.803 1.849
-0.459 1.826 0.875
4.098 -1.846 2.075
2.037 1.964 1.074
2.025 1.828 1.080
1.520 4.807 1.767
4.145 -1.297 1.948
2.092 2.525 1.236
4.197 -0.714 1.891
-1.472 2.585 1.139
3.556 1.335 1.618
4.207 -0.407 1.746
4.221 -0.428 1.874
3.041 1.359 1.378
4.252 -0.131 1.728
-1.776 -0.943 0.705
-1.756 -1.199 0.753
-1.341 -1.637 0.687
-1.953 -3.224 1.174
3.380 -8.097 2.245
1.115 -7.056 2.194
5.621 -4.190 1.444
4.219 -0.296 0.920
2.651 1.400 0.731
1.285 1.583 0.538
1.754 1.549 0.575
0.871 4.864 0.935
-0.285 1.772 0.503
-1.408 3.246 0.663
-0.870 1.784 0.548
-1.568 1.135 0.414
-1.712 0.432 0.417
-1.790 -0.380 0.411
-1.716 0.112 0.399
4.282 -0.455 0.693
4.303 -0.190 0.627
4.342 0.391 0.626
3.045 1.378 0.378
2.262 1.450 0.240
-1.376 3.469 0.429
-1.372 2.509 0.198
-1.604 -1.462 0.205
-1.420 -1.501 0.175
0.077 -2.170 0.147
0.972 -2.669 0.126
5.653 -3.801 0.486
-0.518 1.818 0.022
-1.371 -1.940 0.056
-1.189 -2.450 0.118
-1.103 -2.444 0.064
0.310 -2.981 0.088
-1.757 1.804 -0.081
-1.741 -1.464 0.121
-1.367 -1.881 0.093
-1.556 -1.493 0.131
-1.682 -2.642 0.165
-1.162 -2.435 0.129
-1.103 -2.845 0.147
-0.507 -2.928 0.125
-1.333 2.314 0.039
0.632 -2.698 0.260
0.184 1.675 0.213
0.075 1.760 0.188
-0.059 1.768 0.220
-0.131 1.777 0.264
-1.601 0.962 0.321
-1.623 0.824 0.322
-1.718 -0.489 0.410
3.435 1.336 0.656
2.477 1.415 0.657
2.429 1.420 0.719
1.306 4.835 0.932
-0.597 1.826 0.487
-0.925 1.789 0.512
-0.873 1.781 0.519
-1.647 0.928 0.527
-1.613 0.411 0.460
-1.684 0.312 0.548
-1.786 -1.400 0.797
-1.953 -3.203 1.255
-2.151 -5.318 1.715
-0.390 -7.431 2.232
3.780 -5.456 2.033
3.860 -4.693 1.832
5.705 -2.300 1.765
5.643 -3.933 2.113
6.001 0.227 1.986
6.037 0.444 2.142
6.082 1.102 2.041
3.247 1.355 1.371
2.788 1.394 1.237
1.996 1.464 0.838
1.373 4.788 1.550
2.115 2.791 1.208
1.131 4.844 1.894
0.616 4.867 1.588
0.677 4.888 1.713
0.824 4.700 1.820
2.232 4.036 1.643
2.224 4.737 1.847
-1.738 1.796 1.045
-1.656 0.366 0.820
-1.705 0.176 0.808
-1.691 -0.136 0.802
-1.366 -1.985 1.132
-1.957 -3.251 1.574
-1.996 -3.568 1.762
-2.018 -3.919 1.780
-1.469 -4.341 2.211
-0.355 -4.546 2.209
1.397 -4.444 2.195
1.970 -4.272 2.192
1.951 -4.207 2.191
2.706 -3.684 2.188
3.498 -2.491 2.172
3.606 -2.243 2.163
3.025 -3.256 2.187
3.781 -1.693 2.156
4.192 -0.784 2.037
4.212 -0.612 2.126
3.983 -1.769 2.163
3.875 -1.467 2.155
4.182 -0.324 2.174
4.259 -0.026 2.136
4.249 -0.108 1.890
3.927 -0.880 2.151
4.178 -0.902 2.133
4.294 0.340 2.098
4.130 0.522 2.155
3.130 1.366 1.577
2.700 1.408 1.740
3.689 1.087 2.139
2.108 2.879 1.972
1.665 3.654 2.170
1.607 3.470 2.161
1.155 4.225 2.171
1.133 3.803 2.165
0.869 3.903 2.170
0.825 3.708 2.167
-0.212 1.790 1.064
-0.098 1.777 1.096
-1.511 2.314 1.597
-1.473 2.490 1.654
-0.513 1.836 1.143
-1.352 3.514 2.106
-1.516 1.782 1.348
-1.816 -0.913 1.200
-1.723 -1.472 1.476
-1.550 -2.763 2.156
-1.332 -1.606 1.228
-1.043 -2.996 2.149
-0.966 -3.167 2.165
-1.897 -2.915 2.357
-0.766 -3.213 2.150
-0.657 -3.372 2.155
-0.513 -3.498 2.162
-0.672 -3.120 2.151
0.647 -3.322 2.156
0.336 -3.209 2.159
-0.247 -3.493 2.164
0.699 -3.208 2.149
0.562 -3.199 2.152
1.076 -3.164 2.172
0.902 -3.151 2.148
1.626 -2.765 2.142
2.395 -1.815 2.130
2.673 -1.482 2.126
3.008 -1.596 2.141
3.125 0.126 2.142
3.361 0.235 2.141
2.957 -0.549 2.135
2.771 -0.366 2.129
3.103 -0.507 2.136
3.357 -0.461 2.137
3.173 -0.314 2.135
2.928 -0.157 2.135
1.753 1.485 1.837
2.733 1.372 2.115
2.000 1.809 1.905
2.601 1.416 1.918
2.049 2.431 2.144
1.831 2.618 2.150
1.185 2.827 2.147
0.933 2.792 2.155
1.368 2.658 2.142
0.739 2.960 2.150
0.765 2.576 2.147
0.573 2.854 2.150
-0.130 2.734 2.152
-0.553 2.808 2.157
-0.749 2.686 2.158
-0.149 2.883 2.156
-0.799 2.711 2.161
-0.345 2.833 2.156
-1.005 2.575 2.160
-0.242 2.807 2.148
-1.167 2.564 2.163
-1.435 2.588 2.296
-1.422 2.777 2.344
-1.306 1.760 1.789
-1.713 1.687 1.887
-1.594 1.193 1.591
-1.611 1.239 1.582
-1.740 0.118 1.531
-2.850 0.371 2.133
-2.347 1.033 2.142
-1.669 0.566 1.500
-2.554 1.009 2.133
-0.971 -2.391 2.138
-0.668 -2.434 2.133
-0.079 -2.438 2.133
0.281 -2.501 2.142
2.234 -1.310 2.121
2.614 -0.089 2.120
2.610 0.095 2.122
2.575 0.426 2.117
2.389 0.805 2.109
1.829 1.375 2.124
-1.573 1.144 2.131
0.366 2.265 2.147
-1.552 1.177 1.871
-1.613 -1.031 2.271
-1.522 1.690 2.236
1.527 -0.741 2.123
1.652 -0.361 2.117
1.724 -0.812 2.122
1.695 -0.249 2.127
-0.646 -1.968 2.124
1.289 -1.378 2.123
1.824 -0.463 2.119
-0.644 1.642 2.126
-1.369 1.180 2.201
-1.569 0.708 2.310
0.869 -1.599 2.125
1.335 -1.134 2.117
-0.503 1.643 2.125
-0.730 1.592 2.126
-1.303 1.381 2.163
1.491 1.516 2.068
0.239 1.603 1.736
-1.779 0.202 1.604
-1.624 -0.157 1.844
-0.999 -2.143 2.135
-1.529 -1.484 2.037
-1.329 -1.920 2.140
0.328 -2.352 2.138
0.670 -2.292 2.134
0.933 -2.070 2.135
0.981 -2.422 2.122
1.593 -1.892 2.096
2.300 -1.156 2.126
2.146 -1.087 2.125
1.554 -1.553 2.125
1.732 -1.353 2.130
2.287 -0.647 2.128
1.931 -1.328 2.127
2.790 0.287 2.128
2.536 -0.486 2.131
2.745 0.470 2.123
2.541 -0.323 2.123
1.728 1.492 2.024
1.451 1.519 1.812
1.540 1.509 1.922
1.250 2.356 2.145
0.873 2.468 2.145
-0.254 2.775 2.146
-0.448 2.656 2.158
0.417 2.557 2.155
-0.776 2.508 2.154
0.351 2.656 2.154
0.137 2.718 2.152
-0.989 2.534 2.154
-1.031 2.638 2.165
-1.517 1.555 1.960
-1.395 2.894 2.390
-1.602 1.221 1.672
-1.354 1.761 1.840
-2.981 0.566 2.142
-2.344 1.175 2.138
-3.031 0.351 2.126
-2.242 1.024 2.144
-2.852 0.272 2.139
-2.713 -0.022 2.139
-2.919 -0.365 2.143
-1.762 -0.388 1.327
-1.857 -0.424 1.592
-1.811 -1.058 1.453
-0.942 -2.885 2.155
-1.531 -2.669 2.153
-0.754 -2.978 2.156
-1.580 -2.435 2.141
0.543 -3.239 2.158
-1.466 -2.621 2.133
-0.028 -3.022 2.146
-0.152 -3.096 2.163
0.803 -3.263 2.161
-1.319 -2.697 2.146
0.945 -2.968 2.156
0.056 -3.169 2.164
1.083 -3.040 2.167
0.231 -3.171 2.155
1.343 -2.815 2.159
0.364 -3.278 2.159
1.747 -3.067 2.164
1.927 -2.886 2.158
2.027 -2.392 2.135
2.197 -2.260 2.136
2.195 -1.952 2.136
2.578 -2.110 2.135
3.049 -1.561 2.145
2.647 -1.343 2.126
3.130 -1.350 2.145
3.500 -1.182 2.145
2.888 -0.857 2.127
3.394 -0.660 2.145
3.326 1.003 2.137
3.682 -0.426 2.148
2.055 2.343 1.879
2.679 1.396 1.969
2.842 1.341 2.120
3.237 0.192 2.151
2.067 2.467 1.993
3.269 0.430 2.128
2.025 1.465 1.569
1.721 3.199 2.151
2.002 1.687 1.657
1.996 1.487 1.646
1.468 3.293 2.155
1.505 3.237 2.161
1.192 3.369 2.160
1.441 3.235 2.161
0.944 3.461 2.155
-0.650 3.715 2.177
-0.920 3.354 2.179
-1.426 2.895 1.856
-1.415 1.768 1.507
-1.442 1.776 1.340
-1.464 1.779 1.277
-1.776 1.808 1.663
-1.619 0.512 0.976
-1.360 -1.489 1.094
1.852 -3.751 2.180
-0.644 -4.566 2.207
-1.946 -3.076 1.906
2.325 -3.799 2.183
4.032 -2.585 1.958
-2.020 -4.303 2.401
-1.594 -3.994 2.203
0.614 -4.184 2.190
2.891 -3.487 2.186
0.645 -4.753 2.204
-1.249 -4.104 2.199
1.124 -4.040 2.181
3.931 -1.772 2.164
3.705 -3.759 2.202
1.150 -4.523 2.202
-0.980 -4.223 2.204
-0.731 -4.186 2.194
4.135 -1.523 2.061
1.367 -4.020 2.190
1.617 -3.872 2.188
3.736 -2.659 2.182
4.209 -0.634 2.106
4.252 -0.113 2.052
4.308 0.486 2.069
4.370 1.076 2.119
3.087 1.368 1.428
3.419 1.337 1.709
2.546 1.412 1.340
2.146 1.448 1.217
2.044 2.065 1.182
2.037 1.962 1.274
2.024 1.866 1.207
2.101 2.829 1.518
2.232 4.746 2.140
1.915 4.771 2.094
1.145 4.837 2.065
0.819 4.677 1.964
1.043 4.852 1.896
-1.375 3.393 1.560
-1.361 3.447 1.448
0.458 4.707 1.938
0.563 4.713 1.891
-0.089 1.782 0.847
-1.685 0.274 0.635
-1.673 -0.159 0.649
-1.726 -0.230 0.662
-1.767 -0.986 0.810
-1.791 -1.422 0.900
-1.666 -1.463 0.858
-1.380 -2.012 0.895
-1.926 -3.067 1.267
-2.000 -3.682 1.457
-1.958 -3.286 1.356
-2.003 -3.835 1.523
3.759 -5.714 2.161
3.898 -4.217 1.932
5.512 -5.359 1.973
5.975 -0.229 1.706
3.564 1.340 1.052
6.024 0.174 1.801
2.882 1.385 0.798
2.357 1.438 0.829
2.037 2.048 0.810
1.106 1.503 0.565
1.109 1.627 0.616
-0.816 1.776 0.569
-0.230 1.783 0.497
-1.333 1.760 0.478
-1.629 1.002 0.519
-1.637 0.387 0.379
-1.689 -0.059 0.449
5.742 -2.208 1.152
4.189 1.267 0.688
4.294 -0.216 0.681
2.672 1.403 0.511
0.198 1.682 0.314
-0.048 1.777 0.339
-1.437 3.008 0.466
-1.248 1.802 0.382
-1.658 1.800 0.435
-1.621 0.560 0.305
0.616 -2.689 0.264
-0.612 -2.570 0.295
3.305 1.352 0.090
-0.184 1.800 0.042
-1.243 1.738 -0.016
-1.481 1.777 -0.025
-1.725 -2.768 0.079
-0.621 -2.344 0.089
1.693 -2.782 0.131
-1.627 0.923 -0.068
-0.995 -2.460 0.109
-0.651 -2.393 0.072
-1.656 0.357 -0.002
2.000 1.743 0.080
0.379 3.360 -0.003
-0.024 1.776 0.060
-0.989 0.350 0.058
-0.707 -2.587 0.259
5.640 -3.765 0.327
0.986 1.497 0.157
-0.384 1.818 0.221
-1.630 0.712 0.264
-1.111 -3.203 0.457
5.972 -0.304 1.109
4.388 1.238 0.884
0.650 4.587 0.908
-1.426 1.770 0.477
3.750 -5.899 1.838
3.824 -5.191 1.766
5.538 -4.989 2.018
5.688 -3.168 1.662
5.593 -4.379 1.916
5.616 -4.198 1.783
5.991 0.138 1.884
4.422 1.225 1.161
4.150 1.288 1.189
3.892 1.312 1.306
3.465 1.342 1.039
3.277 1.360 1.151
3.199 1.363 1.203
2.662 1.413 0.786
2.410 1.422 0.996
2.014 1.810 1.017
2.078 2.461 0.985
2.086 2.454 1.057
2.112 2.907 1.081
2.086 4.762 1.655
2.172 4.745 1.759
1.759 4.801 1.633
0.329 1.677 0.577
-1.773 1.815 0.941
-0.211 1.781 0.651
-1.514 1.788 0.856
-1.465 2.420 1.006
-1.358 1.777 0.837
-1.662 0.723 0.775
-1.772 -0.397 0.673
-1.336 -1.536 0.808
-1.371 -1.967 1.110
1.886 -4.920 2.192
1.648 -4.864 2.198
1.962 -4.818 2.196
3.963 -2.983 2.198
4.056 -2.323 2.104
4.088 -1.982 2.041
4.111 -1.711 2.007
4.169 -0.997 1.834
4.211 -0.598 2.101
4.213 -0.510 1.930
4.263 0.072 2.001
4.277 0.272 2.153
4.296 0.348 2.063
3.475 1.341 1.625
4.301 0.366 1.819
2.935 1.381 1.399
4.342 0.807 1.925
2.061 2.265 1.646
4.120 1.066 2.150
4.355 0.976 1.836
2.090 2.574 1.545
2.009 1.674 1.375
2.273 4.524 2.156
2.019 1.853 1.320
2.051 2.153 1.306
2.041 2.127 1.400
1.158 4.445 2.173
-0.047 1.782 0.929
-1.393 3.105 1.743
-1.465 2.723 1.603
-1.458 2.751 1.664
-1.722 -0.156 1.057
-1.769 -1.232 1.306
-1.347 -1.730 1.429
-1.942 -3.085 2.081
-1.962 -3.344 2.119
-1.605 -3.186 2.164
-1.175 -3.158 2.157
-0.988 -3.269 2.168
-0.200 -3.459 2.168
-0.857 -3.585 2.176
-0.724 -3.823 2.182
0.364 -3.699 2.165
-0.819 -3.317 2.161
0.211 -3.560 2.173
-0.584 -3.631 2.171
0.577 -3.599 2.167
-0.582 -3.331 2.157
0.249 -3.463 2.163
-0.117 -3.665 2.174
1.688 -3.040 2.156
0.701 -3.423 2.166
0.891 -3.388 2.172
2.388 -2.182 2.129
1.518 -3.203 2.167
2.371 -2.678 2.155
2.386 -2.497 2.144
2.492 -1.980 2.133
2.562 -2.561 2.156
2.696 -1.663 2.142
2.846 -1.699 2.140
2.973 -1.506 2.142
2.977 -1.315 2.138
3.403 -1.370 2.144
2.940 -0.643 2.131
3.198 -0.242 2.143
2.306 1.436 1.748
-0.469 2.981 2.153
-1.784 -0.508 1.613
1.163 3.148 2.165
-2.949 0.864 2.127
0.892 3.188 2.154
0.892 3.064 2.154
-2.859 0.544 2.137
0.835 2.792 2.151
3.519 0.882 2.141
2.028 1.937 1.740
0.667 3.197 2.170
-1.614 1.124 1.606
2.036 2.036 1.878
-1.037 2.776 2.164
-1.587 1.182 1.539
2.956 0.978 2.124
-2.211 1.846 1.985
0.462 3.176 2.166
-1.411 2.864 2.285
0.514 2.914 2.154
-1.080 2.797 2.160
3.184 1.349 2.121
0.212 3.182 2.171
3.016 1.357 2.121
-1.434 2.627 2.178
-2.722 -0.109 2.141
-1.486 2.293 1.992
1.651 2.571 2.153
-3.089 -0.207 2.147
-1.731 -1.465 1.759
-0.874 -2.717 2.148
-1.357 -1.788 1.967
-1.371 -1.923 1.891
-1.350 -2.029 2.138
-0.484 -2.738 2.142
-0.478 -2.552 2.138
-1.270 -2.125 2.130
-0.119 -2.762 2.139
0.297 -2.633 2.135
0.442 -2.645 2.143
0.352 -2.595 2.140
0.691 -2.573 2.147
0.845 -2.520 2.146
1.100 -2.321 2.113
1.187 -2.197 2.106
1.748 -1.612 2.122
1.844 -1.897 2.101
1.924 -1.762 2.125
1.364 -2.089 2.095
1.936 -1.557 2.124
1.985 -1.791 2.125
2.107 -1.493 2.123
2.232 -1.565 2.128
2.439 -1.201 2.124
2.303 -0.695 2.121
2.621 -0.924 2.122
2.484 -0.709 2.124
2.359 -0.570 2.120
2.573 -0.225 2.118
2.673 0.653 2.111
2.773 -0.168 2.124
2.158 1.432 2.115
2.015 1.468 2.091
1.535 1.522 2.068
0.769 2.411 2.149
-0.942 1.730 1.971
1.756 -0.234 2.125
-1.566 1.159 1.863
2.034 0.808 2.114
-0.869 1.726 1.833
1.772 -0.148 2.124
-1.287 1.756 1.997
-2.267 0.921 2.142
-1.483 1.782 2.113
-1.537 1.522 2.032
1.665 0.389 2.114
-1.585 0.468 2.130
-1.245 1.466 2.130
-1.629 -0.063 2.210
0.878 1.577 1.982
1.563 -0.868 2.127
-1.447 0.805 2.248
1.382 -1.030 2.124
-1.074 1.583 2.126
-0.127 2.572 2.156
2.662 0.217 2.126
0.559 -2.699 2.141
0.902 2.289 2.149
0.432 -3.074 2.151
-1.778 -1.255 2.137
-1.664 0.538 1.621
-1.719 -1.472 1.848
0.649 -2.817 2.146
-1.776 -1.350 2.294
-1.525 1.588 2.094
0.631 -2.983 2.156
-1.753 0.427 1.612
0.728 -2.890 2.144
-0.670 -2.730 2.140
2.118 -2.012 2.134
-1.726 1.717 1.909
0.849 -2.592 2.143
-0.752 -2.772 2.145
2.111 -0.819 2.126
0.967 -2.843 2.161
2.335 -1.993 2.130
-1.575 -1.324 2.202
2.253 -1.894 2.136
-0.276 -2.822 2.145
1.174 -1.347 2.129
1.677 0.196 2.123
-0.620 -2.854 2.144
1.114 -3.006 2.165
2.667 -1.979 2.132
-1.528 1.570 2.099
2.503 -1.849 2.127
-0.282 -2.859 2.143
1.256 -1.396 2.126
-2.826 0.186 2.140
-1.478 -2.429 2.139
2.576 -0.563 2.125
1.153 -2.428 2.109
0.227 2.386 2.150
1.322 -2.900 2.160
2.788 -1.857 2.138
2.626 -0.852 2.127
-0.089 -2.851 2.144
1.404 1.527 1.953
2.462 -1.621 2.136
3.334 -0.726 2.139
2.610 -0.352 2.127
1.857 -1.547 2.121
-1.382 -1.979 1.966
-0.224 -2.970 2.153
-0.764 1.663 2.127
3.419 -0.500 2.141
-1.378 -2.331 2.142
-1.543 -0.650 2.228
2.851 -1.374 2.129
-2.723 -0.232 2.137
1.039 2.269 2.150
2.483 -1.217 2.131
0.183 -3.056 2.151
1.880 -2.577 2.142
3.196 -1.179 2.139
-2.272 0.927 2.135
0.341 -2.945 2.145
3.471 0.214 2.143
3.392 0.463 2.136
3.221 0.412 2.146
3.001 0.325 2.127
3.334 0.694 2.132
3.169 0.579 2.136
3.071 1.352 2.123
2.932 1.241 2.116
2.650 1.408 1.923
2.411 1.428 1.829
2.544 1.417 1.998
2.051 2.221 1.989
2.059 1.465 1.658
2.028 1.904 1.961
1.525 2.905 2.151
0.641 3.267 2.165
0.737 3.259 2.161
0.524 3.344 2.178
0.980 3.168 2.163
1.099 3.113 2.152
1.125 3.079 2.145
0.059 3.376 2.172
0.071 3.505 2.170
-0.264 3.278 2.163
-0.684 3.252 2.175
-0.963 3.515 2.180
-0.973 3.369 2.180
-1.301 3.647 2.385
-1.399 3.096 2.255
-0.973 1.777 1.466
-1.439 2.703 1.978
-1.473 2.325 1.947
-1.452 1.763 1.658
-1.539 1.778 1.517
-1.635 1.863 1.503
-1.753 1.804 1.631
3.040 -2.352 2.154
-3.080 0.621 2.141
-0.317 -3.937 2.184
-0.112 -3.851 2.180
4.059 -0.323 2.165
-1.367 -1.778 1.366
-1.956 -3.276 2.143
3.601 -2.099 2.160
0.139 -3.855 2.177
1.940 -3.298 2.168
4.081 0.013 2.172
-0.189 -4.177 2.188
4.314 0.470 1.884
0.023 -4.120 2.183
3.766 -1.844 2.161
3.517 -1.701 2.159
1.891 4.522 2.184
4.110 -1.763 2.008
1.234 4.597 2.180
4.331 0.706 2.067
3.878 -1.618 2.162
-1.708 -1.474 1.310
4.104 0.554 2.152
4.371 1.103 2.005
0.622 -4.115 2.187
2.804 -3.381 2.187
0.727 -3.918 2.177
4.125 0.778 2.160
2.016 1.809 1.363
3.156 -3.492 2.192
4.161 -1.114 1.900
3.986 1.294 1.863
2.077 2.526 1.481
3.008 -3.191 2.178
-1.048 -3.824 2.180
4.237 1.231 2.160
-1.654 0.526 0.830
-1.456 -1.480 1.266
3.230 -3.008 2.184
-1.478 1.785 0.987
2.108 2.853 1.638
4.185 -0.821 2.151
-3.702 -1.332 2.162
2.085 2.514 1.525
-1.020 -3.963 2.187
2.855 1.389 1.458
1.438 -4.022 2.184
3.226 -2.566 2.161
3.084 1.365 1.642
-1.379 3.315 1.521
-1.472 2.779 1.531
-1.728 -0.212 0.727
-1.583 -1.468 0.965
-1.376 -1.999 1.017
-1.360 -1.779 0.959
-1.948 -3.206 1.428
-2.006 -3.845 1.717
-2.110 -4.901 2.034
3.826 -4.916 2.208
3.904 -4.173 2.145
3.930 -3.841 1.931
5.584 -4.551 2.026
5.684 -3.397 1.893
5.968 -0.224 1.820
5.732 -2.717 2.149
4.088 1.283 1.400
6.082 1.084 1.780
3.059 1.360 1.145
2.564 1.403 0.935
2.657 1.402 0.975
2.258 1.435 0.889
2.069 2.273 0.942
2.167 3.370 1.176
-1.429 2.998 1.077
-1.420 3.057 1.013
-1.587 1.789 0.642
-1.649 0.544 0.513
-1.717 0.097 0.497
-1.741 -0.010 0.560
-1.754 -1.065 0.557
-1.378 -2.054 0.664
3.796 -5.347 1.574
-1.601 1.792 0.499
1.919 1.442 0.405
1.822 4.805 0.744
1.261 4.830 0.812
2.017 1.737 0.508
1.348 4.829 0.770
-1.596 1.155 0.464
-1.411 3.086 0.513
0.132 1.736 0.362
-1.385 2.572 0.373
-0.069 1.775 0.420
3.032 1.375 0.662
-1.402 1.769 0.500
0.266 1.675 0.153
-1.402 3.299 0.209
-1.375 2.631 0.290
-1.351 2.663 0.221
-1.252 1.754 0.231
-1.770 -1.410 0.171
-1.003 -2.857 0.128
-0.660 -2.400 0.134
-0.006 -2.122 0.129
0.975 -3.025 0.128
-1.055 -2.546 0.075
1.999 1.688 0.111
0.764 3.327 -0.001
0.082 -2.204 0.132
1.336 -1.067 0.194
2.344 1.427 0.160
0.292 1.677 0.188
-0.076 1.779 0.166
-1.339 2.535 0.138
-1.589 1.783 0.200
1.043 -2.535 0.344
4.240 -0.932 0.604
4.268 -0.647 0.610
4.248 -0.248 0.701
4.312 -0.078 0.602
4.344 0.213 0.612
12.159 1.352 1.148
2.166 1.441 0.516
2.006 1.777 0.452
1.312 4.836 0.755
0.599 4.903 0.732
-1.251 1.748 0.393
-1.697 1.808 0.438
5.708 -2.432 1.574
8.844 1.241 2.241
2.741 1.397 0.963
2.429 1.428 0.870
3.018 1.379 0.733
2.050 2.136 0.952
0.751 1.625 0.632
2.080 2.483 0.952
2.096 2.536 1.064
-1.443 2.880 0.986
-1.452 2.432 0.900
-1.432 2.723 0.936
-1.665 0.718 0.636
-1.796 -0.847 0.711
-1.472 -1.475 0.889
-1.332 -1.527 0.714
3.931 -3.770 2.116
3.953 -3.367 2.051
3.991 -2.958 2.004
4.017 -2.660 1.983
4.106 -1.685 1.904
4.266 -0.372 1.721
4.249 -0.130 1.789
4.255 -0.015 1.877
5.956 -0.241 2.138
4.283 0.162 1.791
6.000 0.178 2.143
4.380 1.179 2.075
4.382 1.242 1.814
2.099 2.668 1.325
2.330 1.429 1.156
2.102 2.687 1.430
2.105 2.703 1.530
2.217 1.441 1.286
0.558 4.684 2.187
-1.417 3.016 1.566
-1.498 2.547 1.378
-1.489 2.638 1.457
-1.743 -1.120 1.232
-1.805 -1.460 1.389
-1.387 -2.112 1.478
-1.944 -3.035 1.993
-1.566 -4.122 2.210
-1.521 -3.454 2.175
-1.235 -4.212 2.206
-0.925 -3.808 2.187
0.813 -3.796 2.180
-0.441 -3.902 2.182
0.834 -3.772 2.179
1.766 -3.426 2.169
3.324 -0.023 2.134
3.200 -2.069 2.151
3.772 -0.029 2.155
2.459 1.430 1.722
1.624 3.129 2.163
2.017 -3.321 2.173
4.006 0.035 2.159
2.285 -2.974 2.158
1.406 3.465 2.158
1.373 3.244 2.168
3.269 -1.574 2.151
3.203 0.470 2.131
3.535 -1.846 2.158
3.976 0.337 2.155
3.469 -1.529 2.152
2.012 1.663 1.715
1.044 3.138 2.165
3.151 0.651 2.138
2.595 -2.533 2.145
2.021 1.820 1.559
3.242 -0.867 2.137
2.732 -2.335 2.146
3.427 -0.834 2.151
3.313 -0.642 2.142
2.792 -2.401 2.149
3.681 -0.868 2.153
3.443 1.191 2.129
0.365 3.431 2.176
3.495 -0.606 2.153
3.206 1.177 2.131
2.078 2.644 2.151
2.939 -2.224 2.151
4.003 -0.534 2.172
-0.218 3.498 2.175
2.802 1.387 1.828
-0.333 3.352 2.166
-1.363 1.773 1.533
-0.437 3.249 2.173
-1.699 1.795 1.704
-1.505 1.778 1.531
-1.963 1.818 1.825
-1.874 1.796 1.762
-2.956 0.383 2.135
-2.926 0.004 2.132
-3.126 -0.158 2.126
-2.898 -0.395 2.140
-1.711 -1.474 1.813
-1.665 -1.470 1.634
-1.372 -1.950 1.883
-1.466 -2.461 2.140
-0.725 -2.632 2.139
-0.418 -2.989 2.153
-1.097 -2.600 2.139
-1.072 -2.748 2.126
-0.254 -2.816 2.145
-0.107 -2.892 2.144
0.076 -2.889 2.141
0.324 -2.817 2.140
0.869 -2.703 2.147
1.292 -2.433 2.113
1.568 -2.223 2.102
1.496 -2.403 2.112
1.766 -1.888 2.110
1.758 -2.137 2.104
1.836 -1.787 2.101
2.137 -1.802 2.138
2.177 -1.179 2.121
2.519 -1.552 2.135
2.613 -0.938 2.125
2.484 -0.790 2.132
2.864 0.644 2.113
2.389 0.704 2.101
2.420 -0.456 2.123
2.746 0.829 2.117
2.332 0.847 2.114
2.919 -0.621 2.125
2.684 -0.464 2.122
1.258 1.541 1.774
2.925 -0.184 2.130
2.561 0.056 2.130
2.118 1.285 2.116
0.991 2.403 2.147
0.655 2.608 2.153
-1.523 1.576 1.887
0.432 2.408 2.154
0.317 2.413 2.144
-0.117 2.508 2.149
-1.682 0.930 1.736
-1.662 0.662 1.775
-0.242 2.463 2.148
-0.869 -2.261 2.133
-1.732 -1.471 2.180
-1.547 1.351 2.000
1.828 -1.455 2.124
2.291 -0.579 2.120
0.332 1.626 1.924
-1.591 0.898 1.977
-1.629 -0.063 1.734
-1.721 -1.036 2.311
-1.585 0.449 2.122
-1.655 -0.389 2.215
-1.564 -1.081 2.210
-1.475 1.776 2.336
-1.660 -0.497 2.241
-1.538 1.218 2.329
-1.678 -0.590 2.284
-1.653 -0.759 2.332
1.036 -1.447 2.117
-1.710 -0.993 2.066
-1.668 -0.941 2.329
1.645 0.221 2.126
1.203 -1.181 2.129
-1.616 0.064 2.068
1.837 -1.014 2.126
2.208 -0.647 2.115
2.443 -0.332 2.122
2.494 -0.184 2.121
2.477 0.143 2.122
2.322 0.871 2.102
2.262 0.989 2.109
1.408 1.530 1.844
0.925 1.577 1.772
-0.454 2.418 2.153
-1.404 1.778 2.291
-1.622 0.510 1.497
2.586 0.278 2.118
2.926 -0.994 2.143
2.740 -0.966 2.133
2.558 -0.883 2.133
-0.668 -2.565 2.142
0.485 -2.794 2.149
2.872 -0.767 2.131
-1.905 -0.694 1.629
2.819 0.841 2.123
2.668 -0.713 2.126
2.449 -0.677 2.127
-0.735 -2.504 2.134
2.560 0.640 2.111
3.091 -0.558 2.128
2.896 -0.571 2.127
2.664 -0.551 2.130
1.832 2.200 2.136
2.258 -1.791 2.134
2.100 -1.658 2.129
1.409 2.680 2.151
-1.416 -2.175 2.129
-0.170 -2.665 2.147
1.440 2.589 2.146
2.227 1.455 1.947
2.132 -1.321 2.126
2.821 -1.381 2.132
2.579 -1.291 2.130
0.995 2.847 2.137
2.409 -1.191 2.131
1.045 2.789 2.142
-1.186 -2.225 2.138
0.148 -2.818 2.142
1.186 2.683 2.145
2.683 -1.095 2.142
0.799 2.921 2.145
2.902 0.430 2.128
0.716 2.909 2.155
0.737 2.897 2.151
-0.931 2.841 2.168
-0.939 2.988 2.163
0.573 2.945 2.148
-1.096 2.626 2.162
0.579 3.016 2.155
-1.127 2.817 2.171
0.274 3.008 2.157
-1.389 2.828 2.384
0.071 3.007 2.158
-1.420 2.850 2.053
-3.162 -1.293 2.165
-1.451 2.487 2.199
-1.814 -0.921 1.269
-1.449 2.509 2.077
-3.082 -0.050 2.156
-0.032 3.137 2.164
-3.088 -0.232 2.131
-0.280 3.223 2.162
-0.543 2.932 2.157
-0.570 3.038 2.164
-1.648 1.863 1.807
-0.773 2.897 2.158
-1.781 -1.232 1.459
-3.151 0.922 2.144
-1.715 1.798 1.605
-1.816 1.800 1.965
-1.652 -1.488 1.365
-1.345 -1.575 1.323
-0.779 -3.535 2.179
-0.409 -3.538 2.165
-1.880 -3.366 2.372
-1.363 -1.880 1.490
1.402 -3.550 2.170
1.603 -3.703 2.176
1.633 -3.457 2.174
-1.298 -3.240 2.172
0.483 -3.530 2.167
-1.089 -3.349 2.164
0.665 -3.421 2.166
1.849 -3.604 2.176
1.829 -2.879 2.147
-0.883 -3.420 2.167
1.988 -2.809 2.147
2.385 -3.417 2.179
1.034 -3.789 2.178
-0.866 -3.524 2.168
-0.646 -3.518 2.162
2.547 -2.941 2.163
2.906 -3.056 2.172
2.933 -2.617 2.159
2.638 -2.207 2.140
3.141 -2.389 2.156
3.098 -2.023 2.149
3.522 -1.961 2.160
3.036 -1.681 2.149
3.875 0.162 2.150
3.565 1.314 2.134
4.320 0.548 2.130
3.376 -1.590 2.149
2.807 1.391 1.629
3.838 0.387 2.147
3.123 1.360 1.967
2.326 1.433 1.416
3.491 -1.356 2.147
2.548 1.414 1.598
3.869 -1.196 2.157
2.031 1.453 1.315
3.621 -1.153 2.156
2.349 1.444 1.599
4.025 -0.632 2.157
3.175 1.353 1.706
2.019 1.852 1.463
2.015 1.759 1.474
2.103 2.715 1.767
2.084 2.540 1.704
2.068 2.416 1.719
2.084 2.659 1.807
1.728 3.857 2.172
1.845 3.856 2.157
1.324 4.015 2.167
0.871 4.200 2.177
0.146 1.809 1.015
-1.319 1.773 1.191
-1.329 1.773 1.095
-1.512 1.768 1.308
-1.397 3.098 1.633
-1.584 1.546 1.064
-1.473 2.740 1.551
-1.601 1.218 1.101
-1.765 -1.232 1.025
-1.797 -1.430 1.079
-1.353 -1.829 1.037
-1.011 -5.123 2.219
-0.925 -5.240 2.218
0.516 -5.496 2.217
3.653 -5.202 2.217
3.302 -3.919 2.200
3.914 -3.940 2.029
1.853 -4.657 2.201
3.994 -2.966 1.971
2.332 -5.598 2.205
3.256 -5.403 2.219
5.728 -2.316 2.019
4.120 -1.546 1.841
4.185 -1.007 1.791
4.207 -0.441 1.757
3.867 1.301 1.457
2.824 1.382 1.150
3.004 1.372 1.321
1.120 1.634 0.752
2.109 2.773 1.206
1.524 4.801 1.697
1.128 4.840 1.680
1.469 4.807 1.592
-0.512 1.831 0.758
-1.389 3.403 1.364
-1.428 2.995 1.156
-1.412 3.027 1.101
-1.465 2.564 1.091
-1.673 0.173 0.554
-1.823 -0.908 0.705
-1.751 -1.200 0.706
-1.717 -1.452 0.712
-1.333 -1.571 0.673
-1.927 -3.101 1.068
-2.009 -3.660 1.216
-1.381 -2.039 0.732
-1.966 -3.235 1.103
-0.182 1.760 0.468
-1.667 0.590 0.475
2.708 1.401 0.679
5.687 -3.237 1.570
2.310 1.434 0.601
2.341 1.433 0.673
5.678 -2.551 1.131
5.746 -2.315 1.427
-1.569 1.140 0.483
1.086 4.854 0.922
-1.418 3.152 0.604
3.545 1.335 0.873
2.559 1.430 0.193
1.909 1.434 0.261
-0.656 1.853 0.279
-1.426 1.766 0.241
-1.174 -2.608 0.193
-1.340 -1.762 0.176
0.352 -2.975 0.110
-1.712 -2.811 0.075
-1.306 1.740 -0.069
-1.158 -2.551 0.148
3.791 1.322 0.116
0.848 3.320 0.097
0.284 1.681 0.166
-1.344 2.675 0.123
-1.094 -3.125 0.357
0.366 -3.223 0.312
-0.300 -2.214 0.271
5.740 -2.450 0.449
6.000 -0.045 0.230
2.970 1.382 0.414
2.648 1.419 0.156
0.929 1.516 0.127
2.292 1.446 0.157
2.250 1.441 0.365
1.239 4.780 0.306
-1.460 1.776 0.372
-1.786 -1.385 0.368
-1.548 -10.086 1.448
3.093 -10.824 1.946
5.644 -3.663 1.377
5.954 -0.445 1.254
12.119 1.031 1.791
3.860 1.295 0.886
3.392 1.344 0.765
2.141 1.450 0.686
-1.208 1.798 0.584
5.746 -1.853 2.208
3.884 -4.244 1.905
-1.711 1.813 0.685
-1.317 -6.890 2.226
-1.785 -0.801 0.724
3.504 -5.992 2.226
-2.007 -3.623 1.350
3.833 -4.900 2.038
6.045 1.077 2.197
4.379 1.198 1.824
2.033 1.962 0.971
1.110 4.844 1.883
-1.371 -1.969 1.044
1.135 4.844 2.004
-1.602 1.224 0.892
2.076 2.394 1.243
1.929 2.988 2.155
2.075 2.409 1.327
2.751 1.388 1.545
-1.418 3.038 1.329
-1.775 -0.970 0.891
3.213 1.355 1.145
3.570 -2.137 2.163
0.805 4.689 1.907
-1.391 3.387 1.497
1.837 3.352 2.163
-1.937 -2.987 1.853
2.103 2.776 1.333
2.424 1.426 1.405
-0.116 -4.426 2.202
2.105 -3.838 2.194
3.679 -2.215 2.165
2.309 1.433 1.468
2.292 -3.686 2.184
3.936 0.187 2.159
0.480 4.718 1.909
0.359 -4.742 2.213
-1.972 -3.438 2.033
2.535 1.405 1.164
2.524 -3.495 2.187
3.703 0.351 2.150
2.520 1.412 1.194
2.342 -3.695 2.189
3.825 -1.958 2.160
4.274 0.374 2.160
2.235 4.091 1.546
2.296 1.431 1.021
1.360 3.565 2.166
3.636 0.564 2.144
0.270 -4.339 2.204
1.279 3.365 2.158
-1.796 -1.435 0.979
2.576 -3.544 2.187
2.149 4.745 1.687
1.999 1.689 1.429
0.521 -4.349 2.201
1.116 3.459 2.162
2.035 1.949 1.443
-1.534 -1.463 0.971
0.836 4.054 2.172
1.018 -4.417 2.198
2.918 -3.106 2.175
2.039 2.030 1.672
1.231 -4.418 2.202
3.739 -0.906 2.155
4.373 1.150 2.153
1.851 4.785 2.038
3.003 -3.143 2.183
1.301 -4.324 2.192
3.930 -0.840 2.166
0.605 3.717 2.163
3.125 -2.604 2.156
1.461 4.808 1.913
4.186 -0.838 2.148
1.569 -4.165 2.193
0.130 1.748 1.110
-0.632 -4.856 2.215
3.973 -0.610 2.153
-0.274 1.813 1.154
3.106 1.361 2.062
0.361 3.657 2.177
4.191 -0.748 2.048
-1.460 2.533 1.730
-1.469 1.769 1.447
2.046 3.208 2.155
-0.610 3.639 2.179
-1.288 4.047 2.396
-1.244 3.878 2.399
-1.459 2.507 1.734
-1.420 -1.488 1.482
-1.842 -2.926 2.363
-1.477 -2.963 2.160
-0.869 -3.159 2.164
-0.734 -3.322 2.170
-0.646 -2.972 2.153
-0.470 -3.225 2.160
0.282 -3.029 2.160
0.464 -3.111 2.153
-0.043 -3.318 2.161
0.793 -2.976 2.147
0.627 -3.057 2.153
0.868 -3.012 2.155
1.045 -2.925 2.166
1.781 -2.342 2.107
1.789 -2.624 2.137
1.903 -2.455 2.138
1.992 -2.266 2.129
2.273 -1.731 2.134
2.607 -0.900 2.128
2.314 -2.273 2.136
2.344 -1.623 2.131
2.429 -1.865 2.133
2.882 -0.941 2.133
3.108 -0.943 2.134
2.926 -0.771 2.135
2.784 -0.553 2.130
3.134 -0.774 2.133
3.020 -0.567 2.130
2.646 -0.210 2.124
3.024 0.111 2.131
3.120 0.854 2.117
2.624 0.878 2.115
2.038 2.015 1.992
2.663 1.237 2.111
2.634 1.406 2.069
1.988 2.366 2.137
1.784 2.448 2.159
2.011 1.465 1.732
1.203 2.264 2.146
1.175 2.758 2.151
1.046 2.353 2.146
1.018 2.823 2.143
0.809 2.835 2.150
-0.507 2.658 2.159
-0.869 2.557 2.158
-1.063 2.430 2.169
-0.322 2.819 2.162
-0.506 2.717 2.156
-1.515 1.710 1.896
-1.648 1.845 1.960
-2.618 -0.032 2.133
-1.352 -1.703 1.826
-1.774 -1.310 2.094
-1.369 -1.906 2.114
-1.394 -2.084 2.030
0.827 -2.195 2.132
1.552 -1.636 2.106
2.269 -1.155 2.117
2.200 -0.820 2.117
2.402 -0.864 2.124
2.312 0.911 2.114
0.467 1.639 1.780
-0.274 1.669 1.759
-1.525 1.354 2.283
-1.659 0.540 1.715
-1.692 -1.476 2.141
1.153 -1.487 2.122
-1.498 0.898 2.317
-1.577 0.945 2.278
-1.624 -0.103 2.038
-0.267 -1.821 2.127
1.373 -0.912 2.125
-0.451 1.674 2.123
-1.478 1.676 2.343
-1.562 0.774 2.324
-1.600 -1.480 2.199
-1.693 -0.766 2.303
-1.531 1.400 1.873
-1.578 1.216 1.788
1.052 -2.094 2.148
1.301 -2.187 2.104
-1.774 -1.240 2.030
1.502 -2.252 2.104
0.225 -2.496 2.143
2.713 -1.005 2.125
2.387 -0.693 2.132
2.180 -0.703 2.127
1.719 -1.525 2.127
2.433 -0.549 2.126
2.804 0.637 2.123
1.991 -1.447 2.125
2.631 0.573 2.118
2.509 0.432 2.125
2.508 -1.360 2.127
2.922 0.259 2.140
2.633 0.994 2.118
1.995 -1.111 2.128
2.605 -1.136 2.130
2.874 0.437 2.123
2.609 1.204 2.120
2.231 0.846 2.108
1.695 2.229 2.146
2.258 1.447 1.989
2.132 1.171 2.111
1.127 2.507 2.148
0.557 2.658 2.148
-0.607 2.835 2.154
0.445 2.764 2.157
-1.007 2.675 2.167
-0.082 2.662 2.149
-0.247 2.686 2.152
-0.214 2.869 2.153
-0.589 2.541 2.153
-1.435 1.777 1.972
-1.499 1.778 1.906
-1.566 1.801 1.796
-1.644 1.847 1.750
-2.968 0.289 2.142
-2.813 0.183 2.137
-2.817 0.043 2.139
-3.019 -0.323 2.142
-2.649 -0.187 2.129
-2.653 -0.362 2.136
-1.773 -0.997 1.442
-1.705 -1.473 1.570
-1.618 -2.678 2.154
-1.589 -2.632 2.152
-0.449 -3.144 2.160
-1.272 -2.916 2.160
-0.876 -3.029 2.152
-1.222 -2.922 2.150
-0.683 -3.097 2.162
-0.028 -3.216 2.158
-0.856 -3.117 2.154
-0.174 -3.363 2.161
1.308 -3.340 2.163
0.161 -3.198 2.152
1.395 -2.810 2.158
0.206 -3.293 2.148
1.544 -2.859 2.146
1.535 -2.651 2.146
0.462 -3.312 2.153
1.990 -3.065 2.161
0.741 -3.172 2.157
2.220 -2.693 2.155
2.343 -2.567 2.147
2.692 -2.631 2.149
2.403 -1.900 2.130
2.920 -2.030 2.144
3.204 -1.674 2.150
3.272 -0.955 2.138
3.874 -0.761 2.160
3.287 -0.695 2.147
3.154 -0.493 2.140
3.181 -0.097 2.136
2.936 1.380 1.793
3.240 0.121 2.144
3.433 0.461 2.139
2.552 1.419 1.634
3.225 0.369 2.144
2.947 1.381 2.058
3.257 0.526 2.138
2.280 1.446 1.609
2.451 1.426 1.773
3.326 0.907 2.140
2.047 1.468 1.483
2.252 1.442 1.704
3.302 1.130 2.135
1.997 1.479 1.596
2.083 3.118 2.141
1.373 1.543 1.244
2.101 2.850 2.018
2.093 2.712 2.025
1.733 3.239 2.156
1.386 3.505 2.168
0.906 3.662 2.165
0.643 3.682 2.161
-0.886 3.573 2.188
-0.912 3.724 2.186
-1.371 3.388 2.098
-1.362 3.470 2.012
-1.343 3.473 1.966
-1.424 2.952 1.778
-1.445 2.567 1.809
-1.463 2.542 1.699
-1.784 1.801 1.583
-3.100 1.935 1.918
-1.677 0.460 1.106
-1.799 -1.427 1.144
-1.776 -1.284 1.197
-1.561 -1.473 1.147
-1.940 -3.032 1.779
-1.370 -1.954 1.224
-1.934 -3.097 1.853
-1.653 -4.270 2.215
-1.364 -4.346 2.210
-1.042 -4.529 2.214
-0.555 -4.459 2.204
0.851 -4.821 2.206
1.217 -4.746 2.196
-0.392 -4.892 2.212
3.145 -4.033 2.202
1.595 -4.380 2.186
4.046 -2.106 2.176
2.208 -4.136 2.188
4.152 -1.185 1.878
4.162 -1.181 2.064
4.163 -0.943 1.758
3.892 -2.358 2.175
4.170 -0.942 2.021
4.198 -0.639 1.868
4.201 -0.627 1.928
4.223 -0.404 1.950
4.251 -0.119 1.943
4.280 0.174 1.945
4.309 0.513 1.833
4.341 0.835 1.863
4.333 0.752 1.965
3.324 1.350 1.503
2.853 1.389 1.352
2.068 2.328 1.253
2.048 2.160 1.237
2.613 1.402 1.301
2.014 1.463 0.982
2.087 2.512 1.330
2.164 3.330 1.546
2.143 3.139 1.480
2.108 2.801 1.383
1.528 4.794 1.954
1.807 4.789 1.994
1.185 4.837 1.897
0.788 4.684 1.837
1.069 4.858 1.814
0.519 4.704 1.868
-1.379 3.412 1.450
-1.458 2.554 1.051
-1.227 1.791 0.979
-1.238 1.793 0.922
-1.624 1.096 0.773
-1.435 -1.485 0.737
-1.333 -1.529 0.772
-1.374 -1.998 0.859
0.944 1.601 0.508
5.956 -0.267 1.729
-1.946 -3.171 1.271
-1.375 -2.054 0.864
-2.006 -3.813 1.387
3.796 -5.356 2.084
-1.400 2.605 0.580
0.506 -7.712 2.236
6.087 1.043 1.459
-1.756 -1.217 0.783
-1.729 -0.320 0.663
1.522 1.568 0.576
-1.686 0.742 0.506
-1.682 0.727 0.446
-1.671 0.214 0.380
4.249 -0.808 0.654
3.507 1.326 0.481
4.327 0.098 0.615
5.715 -2.617 0.562
2.015 1.776 0.288
-1.240 1.789 0.279
-1.695 0.236 0.275
-1.367 -1.887 0.236
-0.038 -2.130 0.224
0.998 -2.478 0.126
2.085 1.455 0.142
-1.353 -1.812 0.104
-1.079 -2.523 0.092
-0.031 1.722 -0.002
-1.614 1.056 -0.069
-1.081 -2.819 0.087
0.365 1.679 0.111
-0.278 1.807 0.061
-0.441 1.826 0.071
0.479 -2.707 0.200
5.746 -2.725 0.415
1.092 -1.070 0.207
3.027 1.383 0.177
1.991 1.463 0.157
0.478 1.641 0.215
-0.708 1.852 0.247
0.274 1.678 0.176
0.119 1.718 0.212
3.756 1.303 0.839
2.465 1.414 0.646
4.290 0.078 0.687
0.156 -3.152 0.453
2.172 1.440 0.606
1.225 4.842 0.774
0.535 4.900 0.838
-1.429 1.770 0.535
-1.675 0.393 0.441
-1.699 -0.075 0.395
-1.339 -1.666 0.639
-1.927 -2.975 1.027
-0.195 -7.585 2.230
5.722 -2.420 1.764
1.421 4.817 1.701
1.438 4.815 1.812
2.056 2.117 1.071
1.064 4.838 1.725
1.095 4.844 1.793
4.469 1.233 1.245
2.081 2.460 1.090
3.717 1.310 1.038
2.121 2.830 1.054
5.620 -4.135 2.079
2.121 2.876 1.156
0.130 1.763 0.676
5.695 -3.487 2.008
5.984 0.076 2.007
2.475 1.413 1.060
2.231 4.115 1.724
2.118 4.747 1.584
2.174 1.449 0.989
2.160 4.740 1.840
1.770 4.785 1.705
-1.594 1.239 0.862
-1.658 0.215 0.741
-1.436 2.945 1.224
-1.463 2.858 1.141
-1.507 1.786 0.907
-1.520 -1.465 1.008
3.763 -2.612 2.178
2.992 1.368 1.788
-1.369 -1.956 1.140
4.220 -0.466 1.934
-0.267 -5.468 2.222
3.837 -2.310 2.176
2.598 1.415 1.668
-0.046 1.781 1.023
4.249 -0.164 1.936
2.487 1.414 1.402
2.389 -4.258 2.194
4.268 0.036 2.087
1.874 3.545 2.149
-0.297 -4.806 2.214
4.033 -2.567 2.059
2.272 1.437 1.261
1.769 4.109 2.166
1.633 3.826 2.168
0.071 -4.852 2.206
4.294 0.320 1.854
4.309 0.455 2.018
-1.532 1.779 1.339
4.109 -1.693 2.076
0.340 -4.836 2.213
4.099 -1.838 1.965
2.018 1.767 1.264
2.936 -3.886 2.190
4.119 -1.656 1.993
1.223 -5.062 2.210
3.280 -3.392 2.185
2.032 1.876 1.532
-0.616 -3.519 2.173
-1.331 -4.860 2.220
4.145 -1.347 2.006
2.050 2.133 1.536
-1.380 3.223 1.864
-0.509 -3.397 2.166
3.829 1.212 2.148
-0.628 1.839 1.147
0.595 3.982 2.174
1.295 -4.705 2.203
2.121 2.948 1.655
-1.403 3.065 1.789
1.843 -4.583 2.197
2.122 3.016 1.883
-1.475 2.499 1.612
0.292 -3.570 2.164
-1.548 -3.065 2.168
0.362 -3.432 2.164
0.794 -3.345 2.153
0.597 -3.307 2.158
0.794 -3.310 2.158
1.392 -3.092 2.175
2.127 -2.622 2.142
1.233 -3.222 2.177
2.301 -2.143 2.145
2.226 -2.663 2.150
1.579 -2.951 2.156
1.738 -2.808 2.158
2.380 -2.019 2.129
1.925 -2.719 2.145
2.582 -1.620 2.131
2.743 -2.142 2.141
2.732 -1.915 2.133
2.903 -1.938 2.147
2.731 -1.270 2.129
2.949 -1.567 2.139
3.168 -1.564 2.146
2.875 -0.847 2.131
3.020 -0.921 2.131
3.356 -1.104 2.147
3.245 -0.720 2.147
3.461 -0.633 2.148
3.502 -0.384 2.147
3.202 0.635 2.148
2.903 0.688 2.118
2.830 0.040 2.128
3.404 0.864 2.140
3.081 0.913 2.122
3.536 0.121 2.152
2.625 1.402 1.976
2.031 1.952 1.895
2.047 2.219 1.944
2.069 2.668 2.152
1.903 2.510 2.146
0.918 2.806 2.150
1.664 2.255 2.140
1.872 2.731 2.163
0.715 2.872 2.151
0.485 2.793 2.154
1.327 2.811 2.150
1.273 2.643 2.146
0.288 2.835 2.157
0.015 3.113 2.154
1.091 2.771 2.152
-0.674 2.841 2.162
-0.913 2.755 2.165
-0.379 2.937 2.155
-1.095 2.712 2.162
-1.395 2.886 2.350
-1.503 1.783 1.796
-1.711 1.774 1.901
-2.293 1.196 2.125
-2.818 -0.014 2.132
-2.801 -0.176 2.142
-2.938 -0.336 2.145
-1.787 -0.403 1.435
-1.796 -1.491 1.710
-1.374 -1.995 1.848
-1.248 -2.211 2.134
-1.080 -2.470 2.143
-0.356 -2.501 2.133
0.087 -2.594 2.140
1.036 -2.322 2.120
2.156 -1.370 2.124
2.670 -0.568 2.120
2.424 -0.750 2.122
2.700 -0.004 2.119
1.851 1.479 2.098
1.226 1.543 1.950
0.258 2.271 2.150
-0.565 1.678 1.766
-1.528 1.585 2.275
-1.501 1.779 2.271
-1.772 -0.204 1.621
-1.684 -0.667 2.084
0.887 -1.932 2.125
1.245 -1.450 2.126
1.812 -0.657 2.122
-1.513 1.012 2.337
1.737 -0.071 2.123
1.747 0.181 2.125
1.078 -1.954 2.200
-1.715 -1.283 2.346
-0.736 1.677 2.126
-1.453 1.789 2.312
-1.526 1.470 2.276
-1.764 0.166 1.641
-1.623 -0.105 1.882
1.031 -2.270 2.120
1.057 -1.999 2.125
1.751 -1.687 2.101
1.904 -0.920 2.126
2.401 -0.770 2.125
2.718 -0.185 2.131
1.449 1.519 1.945
1.195 1.538 1.743
0.548 2.467 2.155
0.405 2.516 2.152
0.209 2.543 2.158
-0.839 2.356 2.160
-0.872 2.465 2.159
-1.060 2.416 2.161
-1.407 2.736 2.381
-0.490 2.533 2.152
-1.444 1.775 2.014
-1.464 1.775 1.879
-1.719 1.562 1.878
-1.651 0.290 1.574
-1.637 1.029 1.820
-2.711 1.034 2.140
-1.698 0.678 1.718
-2.784 0.848 2.129
-1.681 -0.572 1.553
-1.919 -0.866 1.690
-1.349 -1.637 1.620
-1.367 -1.884 1.769
-1.037 -2.683 2.143
-0.261 -3.059 2.162
0.033 -2.966 2.152
0.978 -2.807 2.154
-0.061 -3.107 2.152
0.227 -2.943 2.151
1.155 -2.753 2.165
0.400 -3.108 2.150
0.489 -2.982 2.150
1.482 -2.744 2.154
0.803 -2.858 2.148
1.708 -2.661 2.155
1.640 -2.460 2.117
1.579 -2.254 2.114
2.565 -1.957 2.132
3.493 -0.349 2.145
3.245 -0.356 2.136
2.233 -1.681 2.125
2.634 -1.813 2.134
2.988 -1.726 2.141
2.817 -1.599 2.129
3.078 0.054 2.128
3.150 -1.482 2.148
2.887 -1.415 2.135
2.687 -1.322 2.133
2.537 -1.242 2.131
3.076 0.274 2.134
3.454 0.718 2.141
3.345 -1.057 2.148
2.916 0.331 2.141
3.217 0.790 2.126
2.685 -0.884 2.129
3.391 -0.840 2.143
2.894 0.527 2.131
3.173 -0.778 2.135
2.744 1.133 2.111
2.403 1.429 1.739
2.312 1.435 1.857
2.416 1.434 1.966
1.996 2.738 2.162
2.046 2.478 2.149
1.494 3.060 2.158
2.056 2.269 1.883
2.037 2.079 1.901
2.066 2.437 2.069
2.055 2.283 2.041
0.870 3.247 2.174
0.673 3.276 2.167
0.422 3.279 2.169
-0.224 3.406 2.174
-0.447 3.352 2.166
-1.438 2.790 1.919
-1.450 2.807 1.782
-0.386 3.634 2.176
-1.481 2.413 1.666
-0.883 3.128 2.178
-1.882 1.806 1.797
-1.653 0.548 1.160
-1.672 0.205 1.101
-1.723 -0.257 1.110
-1.740 -1.460 1.266
-1.513 -1.477 1.224
-1.990 -3.737 2.325
-1.993 -3.798 2.345
-1.638 -3.724 2.202
-1.390 -3.749 2.186
-1.996 -3.930 2.398
-1.350 -1.736 1.268
-1.602 -3.714 2.185
-1.606 -3.733 2.200
-1.947 -3.184 2.074
-1.157 -3.903 2.191
-0.634 -3.974 2.184
-0.270 -4.328 2.191
-0.163 -3.945 2.182
-0.119 -4.061 2.188
0.239 -4.229 2.198
1.257 -3.935 2.187
2.017 -4.265 2.191
2.319 -4.140 2.189
2.621 -4.006 2.193
4.035 -2.084 2.173
3.710 -1.605 2.165
3.783 -3.204 2.195
3.561 -2.878 2.183
4.023 -2.421 2.186
4.183 -0.872 1.953
4.208 -0.574 1.940
4.336 0.677 1.868
4.260 -0.249 1.786
4.233 -0.268 1.933
4.265 0.038 1.940
3.427 1.346 1.577
3.539 1.331 1.752
2.630 1.401 1.388
2.035 1.987 1.350
2.034 1.910 1.313
2.076 2.440 1.449
2.058 2.196 1.413
2.110 2.884 1.604
2.102 2.730 1.577
2.090 2.589 1.540
1.603 4.797 2.180
1.019 4.806 2.191
-1.389 3.261 1.668
-1.376 3.313 1.593
-1.382 3.330 1.563
-1.649 1.788 1.206
-1.443 2.907 1.323
-1.433 1.779 1.147
-1.685 0.476 0.736
-1.459 -1.467 0.871
-1.957 -3.236 1.452
-1.371 -2.087 0.996
1.544 -6.057 2.211
5.592 -4.390 2.170
5.631 -4.023 1.905
5.965 -0.273 1.532
5.646 -2.654 2.223
5.719 -2.437 1.647
5.972 -0.233 1.988
2.834 1.380 0.913
2.021 1.842 0.816
2.049 2.193 0.879
2.020 1.885 0.851
2.115 2.880 1.051
2.097 2.670 1.017
-0.524 1.769 0.526
-2.059 -4.301 1.095
5.722 -2.331 1.158
-2.131 -5.361 1.299
5.504 -5.268 1.691
-1.368 -1.970 0.610
-1.995 -3.553 0.955
5.702 -3.168 1.423
-2.022 -3.717 0.975
-1.706 0.155 0.377
-1.393 2.485 0.549
3.097 1.368 0.639
1.120 1.615 0.342
-1.609 -1.470 0.296
2.670 1.402 0.542
2.355 1.428 0.538
1.937 1.510 0.133
5.742 -2.370 0.319
3.427 1.348 0.112
1.021 3.706 0.155
4.289 -0.490 0.225
-1.398 3.321 0.278
-1.392 3.369 0.209
-1.349 2.677 0.192
-1.392 2.302 0.249
-1.455 -1.488 0.127
-1.361 -1.852 0.132
-1.671 -1.467 0.125
0.756 3.321 0.022
-0.542 1.828 0.022
-0.959 -2.751 0.213
-1.484 -1.490 0.182
0.867 -3.028 0.167
1.009 -3.024 0.164
-0.233 1.801 0.169
-1.407 3.240 0.194
-1.835 1.803 0.236
-2.003 -3.497 0.497
-1.332 -3.122 0.361
3.849 1.300 0.736
-1.727 -0.298 0.409
2.852 1.391 0.610
2.511 1.418 0.506
2.466 1.419 0.551
-1.704 1.811 0.493
-1.311 -1.685 0.524
4.202 -1.313 0.624
-1.748 -0.927 0.511
4.757 1.209 0.703
-1.962 -3.229 1.008
-2.006 -3.596 1.021
-0.872 -10.159 1.990
0.944 -9.211 2.249
5.676 -2.853 1.522
5.485 -5.443 1.747
5.722 -2.239 1.651
5.632 -4.002 1.700
3.757 1.311 1.241
2.831 1.386 0.944
-0.786 1.786 0.632
-1.655 0.689 0.677
-1.840 -1.073 0.918
-1.375 -2.082 0.839
-1.380 -2.089 1.001
-1.934 -3.105 1.505
-2.041 -4.179 1.559
-1.882 -5.541 2.229
2.868 -4.851 2.204
3.993 -3.113 2.089
3.945 -3.676 2.035
3.637 -4.147 2.204
3.837 -3.878 2.202
3.915 -3.788 2.155
3.960 -3.467 2.105
4.148 -1.330 1.802
4.149 -1.154 1.917
4.157 -1.058 1.818
4.188 -0.804 1.814
5.899 -1.135 2.214
4.196 -0.524 1.785
4.234 -0.293 1.914
4.267 -0.402 1.693
4.253 -0.047 1.952
4.284 0.263 1.959
3.251 1.350 1.472
4.298 0.360 1.856
2.902 1.378 1.270
4.315 0.540 2.018
2.534 1.416 1.450
4.363 0.977 1.954
4.384 1.160 2.086
3.942 1.315 1.953
2.025 1.833 1.123
2.137 3.171 1.732
2.284 4.681 2.050
1.524 4.799 2.054
1.561 4.810 2.171
1.212 4.707 2.189
1.188 4.418 2.168
0.763 4.687 1.929
0.841 4.870 2.154
0.868 4.765 2.196
0.402 4.714 1.993
-1.359 3.451 1.766
-1.415 3.039 1.601
-1.475 2.724 1.502
-1.232 1.793 1.095
-1.511 2.365 1.372
-1.752 -0.299 0.901
-1.771 -1.278 1.144
-2.046 -4.263 2.340
-1.651 -3.732 2.187
-1.507 -3.404 2.178
-1.372 -2.001 1.294
-1.087 -3.919 2.182
-1.974 -3.506 2.018
-0.428 -3.837 2.186
0.442 -3.982 2.177
-0.089 -4.118 2.185
0.229 -3.781 2.177
0.291 -3.761 2.174
1.454 -3.573 2.172
1.452 -3.489 2.171
1.263 -3.606 2.168
1.850 -3.276 2.172
1.909 -3.298 2.171
2.277 -2.986 2.165
3.088 -1.313 2.138
2.446 -2.763 2.151
2.519 -2.810 2.152
3.147 -1.104 2.142
3.528 -1.159 2.149
3.368 0.501 2.135
3.585 -0.918 2.152
2.945 -2.509 2.155
3.239 -0.442 2.128
3.254 -0.260 2.131
3.633 -0.420 2.147
3.288 -2.109 2.155
3.209 -1.550 2.144
3.442 0.030 2.148
3.369 1.341 2.127
3.945 -0.002 2.146
3.054 1.350 2.127
2.386 1.430 1.816
2.029 1.947 1.939
2.041 2.156 1.957
2.068 2.508 1.984
2.110 2.879 2.120
2.042 2.850 2.161
1.890 2.706 2.152
1.600 3.060 2.154
1.462 2.739 2.139
1.445 3.329 2.154
1.254 2.832 2.143
1.142 3.405 2.149
0.654 3.478 2.172
0.662 3.364 2.169
-0.103 3.333 2.162
-1.377 3.202 2.305
-1.327 3.336 2.390
-0.300 3.287 2.163
-1.416 2.954 2.214
-1.387 3.086 2.324
-0.611 3.288 2.169
-0.533 3.245 2.170
-1.452 2.516 2.006
-1.421 2.784 2.108
-1.483 2.356 1.906
-1.452 2.474 1.893
-1.500 1.773 1.724
-2.671 1.381 2.139
-2.827 0.655 2.133
-2.977 0.773 2.133
-2.889 0.452 2.146
-2.689 -0.195 2.139
-1.365 -1.917 1.627
-0.548 -2.849 2.152
-1.673 -1.471 1.618
-0.376 -2.699 2.144
0.164 -2.910 2.145
0.347 -2.830 2.146
1.648 -2.108 2.104
2.019 -1.571 2.121
2.120 -1.378 2.119
2.179 -1.641 2.125
2.631 -0.628 2.124
2.369 -1.695 2.129
2.647 -0.508 2.121
2.679 -0.302 2.124
2.878 -0.253 2.124
2.683 -0.120 2.121
2.687 0.940 2.119
2.659 0.247 2.121
2.365 1.140 2.108
2.641 0.470 2.117
1.004 1.578 1.777
0.915 2.485 2.146
-1.437 1.774 2.164
-1.703 -0.051 1.574
-1.789 -1.475 2.157
1.288 -1.667 2.133
-0.790 1.654 2.129
-1.606 0.487 2.136
-1.608 0.127 2.123
-1.618 0.061 2.099
-1.685 -0.564 2.301
1.115 -1.417 2.125
-0.621 1.693 2.127
0.930 -1.497 2.126
1.657 -0.162 2.128
-1.532 1.624 2.217
-1.371 1.118 2.198
-1.623 -0.106 1.873
-1.673 -1.476 2.271
1.957 -1.268 2.126
2.493 -0.417 2.122
2.500 0.292 2.120
0.101 2.418 2.158
-0.744 2.368 2.147
-0.257 2.399 2.150
-1.564 1.073 1.948
-2.222 1.167 2.143
-1.667 0.574 1.548
-1.570 0.446 1.564
-1.723 -0.127 1.595
-1.645 -1.474 1.805
-0.879 -2.498 2.140
2.169 -1.704 2.131
2.793 -1.442 2.144
2.971 -0.419 2.131
2.736 -0.411 2.132
2.546 -0.473 2.134
2.887 -1.256 2.141
3.010 -0.201 2.125
3.185 0.062 2.135
2.984 -1.068 2.149
2.823 -0.056 2.138
2.624 -0.117 2.127
2.867 -0.821 2.129
2.822 0.160 2.128
2.640 -0.756 2.127
3.153 0.512 2.133
2.880 0.619 2.115
2.588 0.380 2.130
3.061 0.938 2.124
2.759 0.710 2.129
2.969 1.148 2.116
2.678 0.902 2.117
2.489 0.956 2.113
2.549 1.417 1.963
2.444 1.150 2.112
1.799 1.520 1.699
1.989 2.244 2.147
2.974 -1.960 2.150
3.717 -0.227 2.148
-1.324 1.779 1.053
4.279 0.196 2.052
4.192 0.134 2.168
-1.407 3.018 2.256
-1.517 1.779 1.264
3.097 -1.770 2.145
3.683 0.021 2.152
4.306 0.481 2.086
-0.414 1.828 1.064
-1.596 -1.467 1.031
2.016 -2.841 2.156
1.686 4.041 2.167
-1.345 -1.692 1.008
2.021 1.894 1.424
-3.152 -0.211 2.138
-1.542 -3.209 2.175
2.015 1.787 1.421
3.968 0.611 2.157
3.769 0.502 2.154
-3.021 -0.234 2.129
2.063 2.190 1.573
3.876 0.888 2.152
-1.581 1.211 0.998
3.412 -1.163 2.147
3.712 0.738 2.153
3.882 -4.231 1.969
2.018 1.838 1.478
-0.545 2.906 2.161
0.679 -3.894 2.179
3.869 1.311 1.952
-1.391 3.161 1.853
3.928 -3.832 2.160
2.072 2.445 1.639
-0.499 3.089 2.156
0.575 4.348 2.179
-1.645 1.841 1.716
-1.815 -0.901 0.985
3.762 -0.952 2.150
-0.496 3.230 2.165
-1.383 3.193 1.718
0.845 2.895 2.153
-1.969 -3.358 1.700
3.939 -3.714 1.813
-1.582 -1.475 1.429
-1.090 -3.490 2.176
1.014 -3.878 2.181
2.134 3.113 1.837
2.744 -4.337 2.204
-1.800 1.803 1.827
-1.457 2.756 1.692
-3.005 0.814 2.131
3.000 -2.719 2.161
3.370 1.353 1.827
1.097 2.858 2.147
3.790 -0.702 2.151
3.545 1.343 2.068
0.078 -5.585 2.226
0.641 2.927 2.152
2.642 -2.249 2.144
-2.007 1.827 2.064
-3.074 0.605 2.130
3.195 -2.516 2.159
-1.990 -3.486 1.691
3.659 -5.327 2.210
-0.967 3.054 2.168
1.397 -3.418 2.167
3.011 -2.313 2.157
3.986 -2.897 2.040
1.464 -3.204 2.181
0.430 2.958 2.146
2.796 -2.101 2.149
3.656 -0.447 2.156
3.454 -4.377 2.203
-1.497 2.414 1.294
0.543 2.994 2.149
3.319 -4.000 2.195
-1.588 1.185 1.471
3.347 -2.265 2.161
1.664 -3.311 2.171
4.031 -2.527 1.997
-1.773 -4.976 2.230
4.058 -2.221 1.901
4.178 -0.986 1.733
4.248 -0.461 1.688
5.970 -0.158 1.981
3.831 1.314 1.318
6.060 0.675 1.885
6.043 0.706 2.051
6.064 1.126 2.038
2.079 2.525 1.142
2.399 1.427 0.960
2.128 3.140 1.266
2.061 2.247 1.054
2.040 2.037 1.046
1.531 4.813 1.666
1.674 4.794 1.641
1.789 4.780 1.654
-1.657 0.171 0.479
-1.980 -3.477 1.133
-1.933 -3.044 0.998
-2.054 -4.263 1.308
-2.159 -5.334 1.537
-2.109 -4.684 1.340
3.720 -6.172 1.951
5.681 -3.132 1.694
5.503 -5.306 2.002
5.592 -4.333 1.655
5.617 -4.138 1.846
5.618 -4.207 1.264
5.630 -3.797 1.617
5.688 -3.285 1.566
5.980 -0.278 1.451
4.230 1.276 0.759
3.698 1.322 0.884
1.940 1.602 0.549
-1.390 3.307 0.541
-1.733 0.008 0.368
-1.932 -2.943 0.530
-2.014 -3.555 0.601
4.228 -0.992 0.604
4.249 -0.606 0.241
5.975 -0.213 0.602
2.234 1.450 0.181
12.161 1.342 1.002
1.914 1.469 0.176
4.130 1.287 0.406
3.501 1.355 0.203
-1.433 2.939 0.316
-1.173 -2.631 0.185
5.514 -5.400 0.430
4.277 -0.521 0.251
3.171 1.384 0.069
2.058 1.462 0.060
-1.682 0.439 0.037
-1.558 1.128 -0.031
-1.576 0.860 -0.042
-1.675 -2.697 0.209
-1.171 -2.623 0.156
1.032 -3.040 0.100
4.153 -1.122 0.253
3.843 1.314 0.121
0.059 1.743 0.120
-0.070 1.776 0.138
0.525 -2.682 0.314
0.525 -2.676 0.323
0.676 -2.752 0.289
0.746 -2.793 0.309
0.889 -2.621 0.324
4.217 -1.312 0.270
4.028 1.293 0.518
3.108 1.379 0.210
-0.165 1.779 0.288
5.951 -0.187 0.618
2.501 1.416 0.470
5.692 -2.546 1.293
5.530 -4.770 1.333
12.115 1.016 1.969
9.191 1.408 2.238
5.985 -0.057 1.297
4.408 1.252 1.219
2.969 1.379 0.716
2.799 1.387 0.872
2.455 1.428 0.808
-1.355 1.783 0.667
1.275 4.836 0.985
2.074 2.438 0.903
-1.676 0.889 0.549
-1.704 0.698 0.598
-0.213 1.780 0.488
-1.432 1.767 0.652
-1.668 0.173 0.577
-1.968 -3.273 1.213
-1.938 -3.158 1.348
-1.989 -3.509 1.353
-1.019 -6.997 2.227
-0.157 -7.388 2.229
0.781 -7.039 2.200
0.988 -6.334 2.232
2.145 -6.541 2.220
1.392 -6.243 2.219
3.867 1.311 1.680
4.258 -0.550 1.719
2.098 2.757 1.521
2.392 1.432 1.001
5.458 -2.956 2.200
2.241 4.684 2.187
5.696 -3.367 2.149
4.345 0.621 1.786
3.846 -4.833 2.167
6.067 0.833 2.079
5.706 -2.208 2.209
1.479 4.824 1.983
3.852 -4.727 2.076
2.063 2.296 1.104
2.077 2.374 1.290
0.135 1.779 0.802
0.464 4.706 1.911
0.502 4.701 1.978
-1.368 3.433 1.574
-1.473 2.742 1.339
-1.453 2.874 1.421
-1.566 1.695 1.073
-1.621 0.541 0.917
-1.691 0.255 0.830
-1.684 0.148 0.823
-1.835 -0.904 1.018
-1.765 -0.975 1.108
-1.573 -4.040 2.205
-0.102 -4.163 2.194
0.102 -4.282 2.193
0.342 -4.414 2.203
-1.364 -1.936 1.229
-1.379 -2.086 1.211
-1.165 -4.399 2.209
0.384 -4.251 2.192
0.641 -4.335 2.193
-1.106 -4.008 2.197
0.713 -4.160 2.191
-0.360 -4.652 2.214
1.221 -4.139 2.187
-0.623 -4.094 2.195
-0.452 -4.278 2.200
1.679 -3.957 2.192
1.691 -3.889 2.182
2.273 -3.607 2.185
1.932 -3.744 2.179
2.555 -3.206 2.178
2.278 -3.639 2.187
2.801 -2.977 2.173
2.798 -3.329 2.189
3.745 -2.234 2.166
3.585 -1.648 2.151
3.168 -2.302 2.152
3.246 -2.633 2.172
3.252 -2.369 2.162
3.702 -1.407 2.153
3.390 -2.377 2.163
3.881 -1.415 2.153
3.351 -1.860 2.155
3.606 -2.518 2.168
3.544 -2.188 2.163
4.010 -1.159 2.164
3.495 -1.897 2.159
4.089 -0.309 2.152
3.624 0.056 2.145
4.245 -0.202 2.092
3.514 0.496 2.143
3.925 1.109 2.148
3.445 1.339 2.121
2.001 1.689 1.575
3.374 1.343 1.808
2.444 1.426 1.441
2.234 1.439 1.593
2.131 3.201 2.163
2.046 3.029 2.157
1.886 2.844 2.127
1.734 3.713 2.168
1.610 3.294 2.161
1.353 3.417 2.159
1.093 3.303 2.158
0.874 3.387 2.166
0.588 3.884 2.164
0.648 3.451 2.169
0.336 3.736 2.168
-0.376 3.593 2.176
-0.907 3.503 2.181
-1.407 3.007 2.022
-1.362 3.414 2.182
-3.155 -0.244 2.149
-1.378 -2.090 1.619
-1.516 -2.660 2.141
-1.327 -2.596 2.142
-1.311 -2.767 2.143
-1.310 -2.929 2.159
-1.175 -2.646 2.137
-0.983 -2.731 2.136
-0.726 -2.928 2.141
-0.269 -3.122 2.159
-0.304 -2.932 2.152
0.980 -2.905 2.160
1.156 -2.794 2.171
1.393 -2.572 2.145
1.178 -2.872 2.165
0.261 -2.976 2.150
0.554 -2.999 2.155
1.676 -2.292 2.101
2.565 -0.400 2.125
2.389 -1.251 2.126
2.895 -0.348 2.125
2.434 -1.043 2.136
2.695 -1.541 2.127
2.572 -0.049 2.116
2.880 -1.129 2.138
2.708 -0.753 2.125
2.878 0.232 2.125
1.884 2.169 2.142
1.497 2.354 2.134
0.413 2.593 2.155
0.780 2.741 2.145
-0.060 2.593 2.155
-1.522 1.567 1.916
-1.526 1.754 1.892
-1.728 1.419 1.885
-1.784 -1.482 1.913
-1.824 -0.414 1.605
-0.788 -2.425 2.136
-0.713 -2.318 2.126
2.024 -1.469 2.122
2.087 -1.319 2.120
2.435 -0.567 2.117
2.222 1.019 2.109
1.018 1.568 1.770
-1.187 1.499 2.119
1.193 -1.279 2.125
-1.574 1.054 2.133
-1.275 -1.007 2.140
-1.656 -0.933 2.321
1.199 -1.368 2.125
1.775 -0.274 2.125
-1.405 1.274 2.251
1.204 -1.447 2.129
1.351 -1.492 2.127
2.138 -1.040 2.121
2.394 -0.255 2.122
2.362 0.241 2.119
-0.844 1.725 1.780
-1.009 1.736 1.853
-1.574 1.021 1.923
-1.716 0.237 1.617
-1.775 0.119 1.651
-1.723 -0.999 1.816
-1.729 -1.006 1.999
-1.115 -2.201 2.135
0.610 -2.639 2.138
0.049 -2.610 2.143
0.883 -2.372 2.136
0.423 -2.463 2.136
1.073 -2.131 2.137
1.792 -2.116 2.098
1.973 -1.580 2.127
1.787 -1.501 2.129
2.290 -1.727 2.131
1.880 -1.390 2.132
2.161 -1.367 2.126
2.636 -1.246 2.134
2.523 -1.134 2.130
2.671 -0.814 2.133
2.458 -0.741 2.130
2.960 -0.256 2.134
2.568 -0.251 2.126
2.943 -0.041 2.129
2.599 0.028 2.128
2.772 0.278 2.126
2.025 1.464 1.864
1.767 2.247 2.146
2.842 0.808 2.112
1.660 2.158 2.139
1.477 2.298 2.143
1.846 1.482 1.944
1.324 2.482 2.144
1.600 1.535 1.775
0.937 2.599 2.149
0.638 2.766 2.148
0.445 2.804 2.149
-0.029 2.764 2.156
-1.131 2.678 2.166
-1.351 3.143 2.393
-1.557 1.785 1.673
-2.408 1.020 2.139
-1.989 1.829 2.025
-1.352 -1.693 1.539
-1.373 -1.977 1.657
-1.564 -2.886 2.159
-1.369 -1.986 1.707
-1.161 -3.066 2.159
-0.168 -3.244 2.155
-0.280 -3.372 2.164
-0.233 -3.445 2.168
-0.748 -3.165 2.167
0.109 -3.292 2.158
0.230 -3.181 2.160
0.179 -3.381 2.155
-0.893 -3.202 2.155
0.281 -3.321 2.162
-0.677 -3.249 2.161
-0.677 -3.304 2.151
-0.293 -3.319 2.165
1.562 -2.745 2.145
0.845 -3.344 2.167
1.763 -2.649 2.140
0.938 -3.198 2.155
2.018 -2.926 2.160
1.185 -3.163 2.174
2.223 -2.866 2.165
1.314 -3.459 2.170
1.331 -3.264 2.173
3.290 -2.172 2.155
2.491 -2.911 2.160
2.880 -1.802 2.143
2.398 -2.720 2.161
2.754 -2.740 2.158
3.074 -1.637 2.140
2.345 -2.141 2.136
2.737 -1.984 2.138
3.282 -0.161 2.140
3.997 0.583 2.155
3.020 1.374 2.057
3.530 0.380 2.151
3.326 0.285 2.141
2.519 1.419 1.679
3.753 0.759 2.152
1.978 1.485 1.377
3.525 0.652 2.142
3.313 0.982 2.140
1.665 3.529 2.171
2.069 2.363 1.739
3.238 1.265 2.134
1.129 3.721 2.162
2.149 3.298 2.146
1.391 3.691 2.165
0.944 3.795 2.171
0.610 4.047 2.171
-1.227 4.014 2.400
-1.342 3.475 2.142
-1.468 2.657 1.616
-1.392 1.774 1.139
-1.761 1.787 1.504
-1.819 1.803 1.441
-1.850 1.801 1.418
-1.611 1.508 1.163
-1.977 -3.440 1.923
-1.930 -3.065 1.757
-2.037 -4.249 2.196
-2.048 -4.357 2.235
-1.508 -4.444 2.212
0.286 -4.657 2.206
1.431 -4.420 2.193
1.643 -4.551 2.196
2.195 -5.037 2.191
2.232 -4.715 2.197
3.023 -3.530 2.185
4.122 -1.562 2.010
3.569 -4.060 2.205
3.237 -3.371 2.188
3.898 -4.055 2.128
2.061 2.125 1.212
4.367 1.048 1.914
-1.352 3.562 1.260
3.945 -3.536 2.022
0.669 4.904 1.745
3.098 1.368 1.265
3.983 -3.102 1.920
2.101 2.748 1.357
-1.451 2.545 0.977
5.952 -0.453 2.111
3.994 -2.896 2.169
-1.233 1.778 0.933
2.880 1.384 1.300
4.222 -0.394 1.896
4.025 -2.583 1.920
2.219 4.752 1.951
4.246 -0.142 1.865
2.228 4.036 1.681
-1.695 0.278 0.657
4.304 0.461 1.830
1.780 4.785 1.826
4.124 -1.546 1.921
1.192 4.832 1.857
4.344 0.816 1.794
2.019 1.782 1.109
-1.941 -3.173 1.138
-1.380 -2.046 0.796
-2.017 -3.821 1.362
-0.061 -8.036 2.246
2.857 -8.027 2.235
3.430 -9.069 2.231
3.794 -5.336 2.012
5.498 -5.416 1.657
1.928 1.521 0.605
3.475 1.336 0.792
3.494 1.332 0.826
3.088 1.373 0.892
1.592 1.573 0.588
-0.445 1.741 0.516
4.229 -0.315 0.339
4.299 -0.163 0.698
4.364 0.416 0.563
-1.403 3.201 0.666
5.688 -2.568 1.059
0.522 4.908 0.925
-1.669 0.702 0.418
-1.372 -1.962 0.206
0.695 -2.715 0.119
-1.341 -1.728 0.106
-1.638 0.704 -0.025
-0.509 -2.665 0.090
-0.187 1.790 0.124
-1.691 0.234 0.079
0.609 3.337 0.043
-1.916 -2.926 0.366
-0.588 -2.364 0.143
0.733 -2.813 0.272
-1.375 3.564 0.378
5.499 -5.327 1.223
5.962 -0.302 1.309
2.491 1.423 0.566
4.387 1.249 1.054
2.222 1.441 0.493
3.831 1.302 0.843
2.910 1.386 0.615
2.780 1.392 0.676
0.536 4.898 0.964
-1.436 1.766 0.613
-1.235 1.809 0.571
-1.611 1.005 0.491
-2.189 -5.960 2.027
-2.087 -4.720 1.636
2.117 -7.742 2.241
3.856 -4.741 1.920
5.721 -2.415 1.888
3.181 1.368 1.357
6.030 0.527 1.871
2.816 1.385 1.176
2.071 2.386 1.115
2.080 2.434 1.278
2.225 4.082 1.797
2.223 4.754 1.996
1.411 4.815 1.803
0.967 4.828 1.564
1.020 4.846 1.720
0.456 4.769 1.812
-0.102 1.777 0.732
-1.422 3.015 1.247
-1.381 3.302 1.383
-1.451 2.869 1.262
-1.312 1.764 0.901
-1.591 1.232 0.884
-1.667 0.625 0.797
-1.769 -1.226 0.955
-1.769 -1.293 0.894
-1.373 -2.015 1.041
-1.373 -2.072 1.167
-1.979 -3.586 1.997
-0.042 -4.733 2.210
0.217 -4.921 2.212
0.508 -4.752 2.171
0.569 -4.722 2.208
2.437 -3.917 2.189
0.622 -4.581 2.208
-1.021 -4.651 2.215
1.138 -4.545 2.202
1.395 -4.510 2.195
1.434 -4.463 2.196
-0.415 -4.744 2.213
1.685 -4.397 2.192
2.954 -3.503 2.184
1.942 -4.304 2.191
1.727 -4.370 2.191
3.134 -3.270 2.181
3.168 -3.567 2.195
2.022 -4.182 2.195
2.260 -4.044 2.195
3.371 -3.001 2.181
3.397 -2.752 2.181
4.049 -1.709 2.172
4.090 -1.908 2.043
4.096 -1.419 2.169
3.958 -1.139 2.168
4.120 -1.597 1.991
4.147 -1.262 1.969
4.160 -1.058 2.070
4.004 -0.585 2.166
4.170 -0.969 1.935
3.993 -0.334 2.150
4.354 0.915 2.022
4.238 -0.319 2.127
4.359 1.052 2.128
4.252 -0.178 2.050
3.501 1.337 2.101
3.089 1.368 1.530
2.570 1.416 1.509
2.431 1.426 1.561
2.011 1.802 1.482
2.039 2.076 1.504
2.039 2.113 1.597
1.335 3.771 2.165
2.115 2.864 1.684
2.113 2.888 1.850
2.116 2.946 1.931
1.117 4.029 2.169
2.110 2.930 2.111
1.119 3.852 2.174
1.107 3.629 2.165
2.118 3.980 2.171
0.872 3.732 2.165
0.550 3.926 2.176
0.335 3.871 2.176
-0.516 1.833 1.096
-1.561 1.785 1.423
-1.362 3.444 2.057
-1.826 1.787 1.558
-1.419 2.936 1.852
-1.447 2.678 1.759
-1.346 -1.663 1.251
-0.868 -3.352 2.167
-1.870 -2.923 2.361
-0.795 -3.047 2.155
-1.504 -2.751 2.148
-1.503 -3.172 2.173
-0.511 -3.270 2.165
-1.502 -3.351 2.177
-1.295 -2.985 2.150
-1.281 -3.201 2.157
-1.180 -2.927 2.154
0.043 -3.372 2.159
0.269 -3.401 2.157
0.307 -3.335 2.160
0.713 -3.276 2.164
1.157 -3.082 2.168
1.356 -3.004 2.165
2.233 -2.173 2.141
1.642 -2.700 2.140
2.301 -2.406 2.144
1.551 -2.917 2.165
2.470 -2.242 2.136
2.150 -2.283 2.145
2.798 -1.108 2.129
3.177 -1.090 2.144
3.037 -0.920 2.136
2.730 -0.487 2.127
3.327 -0.667 2.144
2.967 -0.288 2.126
3.246 0.742 2.133
3.158 -0.071 2.137
3.208 1.011 2.132
2.760 0.223 2.124
2.858 1.181 2.125
2.701 0.327 2.125
2.771 1.392 2.104
2.196 1.446 1.733
2.018 1.891 1.973
1.914 2.365 2.147
0.722 2.638 2.154
1.482 2.254 2.137
0.037 2.954 2.156
1.168 2.734 2.143
1.046 2.503 2.151
0.890 2.528 2.148
-1.134 2.585 2.166
-0.868 2.683 2.159
-1.473 1.769 1.845
-1.590 1.804 1.894
-2.562 0.969 2.134
1.988 -1.686 2.128
2.580 -0.381 2.123
1.943 -1.309 2.131
2.207 -1.416 2.136
2.596 -0.027 2.125
2.105 -0.918 2.127
-1.932 -0.660 1.660
2.498 -0.744 2.124
2.498 0.638 2.114
1.804 -1.544 2.132
0.930 -2.269 2.127
2.544 -0.584 2.122
-1.246 1.633 2.131
-1.785 -1.052 2.249
1.718 -0.193 2.125
1.635 0.191 2.124
1.703 -0.121 2.124
-1.449 1.432 2.319
-0.619 -1.662 2.127
-0.393 -1.775 2.131
1.311 -1.018 2.126
-0.313 1.680 2.088
-0.889 1.585 2.127
-0.940 1.450 2.125
-1.435 -1.481 2.134
1.667 -1.501 2.126
-1.019 1.726 2.129
-1.153 1.475 2.127
-1.364 1.768 2.235
-1.679 0.552 1.605
-1.702 -1.468 2.114
-1.076 -2.086 2.129
0.944 -2.135 2.127
1.062 -2.238 2.137
1.188 -2.141 2.103
1.211 -2.020 2.099
1.894 -1.429 2.130
2.474 -1.199 2.130
2.128 -1.055 2.126
2.596 -0.865 2.129
2.759 -0.297 2.125
2.822 -0.111 2.131
0.500 2.618 2.155
1.203 2.368 2.143
1.247 2.268 2.137
-1.185 2.461 2.168
-0.640 2.497 2.159
-0.636 2.725 2.159
-1.661 1.814 1.968
-1.916 1.807 2.056
-1.996 1.817 1.995
-1.627 1.077 1.813
-3.061 -0.350 2.135
-2.794 -0.726 2.143
-1.547 -2.440 2.144
-1.269 -2.690 2.127
-1.075 -2.824 2.147
-0.879 -2.905 2.158
-0.202 -3.074 2.153
-0.122 -3.214 2.156
0.485 -2.884 2.154
0.612 -3.007 2.158
0.709 -3.095 2.155
1.360 -2.608 2.146
1.750 -2.969 2.160
1.625 -2.370 2.101
1.929 -2.838 2.152
2.594 -1.742 2.130
2.914 -1.685 2.141
2.206 -2.769 2.161
2.679 -1.616 2.142
2.117 -2.491 2.135
3.694 -0.165 2.145
3.222 -0.191 2.135
3.009 -0.239 2.131
3.066 -0.060 2.141
3.084 -0.867 2.130
3.241 0.242 2.138
3.069 0.153 2.142
3.640 -0.663 2.155
3.376 0.535 2.144
3.054 0.367 2.141
3.549 0.876 2.136
3.409 0.790 2.135
3.131 0.924 2.127
2.880 1.181 2.123
2.562 1.417 1.794
3.004 1.329 2.127
2.249 1.451 1.660
2.505 1.417 1.881
2.013 1.861 1.672
2.038 2.137 1.810
2.060 2.408 1.970
2.050 2.244 1.952
2.088 2.786 2.132
1.714 3.089 2.160
1.143 3.342 2.162
1.107 3.394 2.166
1.194 3.400 2.153
0.689 3.454 2.180
-0.451 3.378 2.179
0.872 3.479 2.175
-0.652 3.651 2.182
-0.908 3.433 2.177
0.438 3.697 2.169
0.049 3.566 2.172
-1.262 3.726 2.394
-1.281 3.971 2.399
-1.431 2.873 1.969
-1.437 2.866 1.810
-1.473 2.467 1.700
-1.269 -4.032 2.199
-1.459 -4.076 2.203
-1.991 -3.736 2.208
-1.188 -4.236 2.208
-1.946 -3.245 1.985
-0.173 -4.290 2.198
0.353 -4.155 2.188
0.233 -4.503 2.206
0.701 -4.321 2.199
1.383 -3.936 2.182
1.359 -4.646 2.197
1.528 -4.086 2.189
1.832 -4.006 2.188
2.748 -4.245 2.200
3.122 -3.270 2.180
3.943 -3.380 2.200
4.137 -1.501 1.811
3.486 -2.794 2.177
3.997 -2.958 2.086
3.925 -2.860 2.193
3.693 -2.594 2.178
4.177 -0.909 1.986
4.074 -2.174 2.026
4.204 -0.603 1.838
3.787 -1.957 2.160
4.095 -1.830 1.853
4.209 -0.259 1.699
4.096 -1.777 2.021
4.362 0.977 1.823
4.358 0.972 1.916
4.231 -0.347 2.089
4.258 0.009 1.835
4.281 0.183 2.112
4.342 0.666 1.788
3.044 1.372 1.426
3.336 1.342 1.708
2.554 1.417 1.267
2.914 1.376 1.520
2.299 1.431 1.176
2.503 1.410 1.359
2.021 1.832 1.261
2.074 2.310 1.369
2.114 2.899 1.489
2.083 2.539 1.433
0.949 1.620 0.891
1.771 4.789 2.161
2.008 4.754 2.175
1.496 4.815 2.083
1.605 4.793 2.068
1.050 4.852 2.090
0.773 4.684 1.988
-1.373 3.472 1.378
-1.587 1.209 0.780
-1.682 0.591 0.786
-1.688 0.295 0.701
-1.831 -0.889 0.811
-1.796 -0.913 0.836
-1.376 -1.970 0.886
-1.737 -1.450 0.842
-1.347 -1.811 0.826
-1.962 -3.248 1.333
-1.996 -3.732 1.503
-1.379 -2.079 0.931
-2.054 -4.527 1.743
-1.977 -3.385 1.414
-1.456 -1.473 0.808
5.711 -3.093 2.130
5.958 -0.268 1.610
5.993 0.135 1.872
2.547 1.417 0.851
2.609 1.409 0.907
2.695 1.403 0.968
3.390 1.349 1.021
1.128 1.610 0.590
2.037 2.089 0.808
0.394 1.676 0.570
0.110 1.727 0.531
5.534 -4.607 1.433
4.157 1.280 0.584
-1.431 3.014 0.525
-1.411 3.132 0.289
-1.653 0.832 0.425
-1.922 -2.984 0.334
-0.439 -2.945 0.370
0.828 -2.803 0.175
0.881 3.304 0.078
-1.409 -2.436 0.078
-1.248 -2.573 0.114
-1.148 -2.482 0.087
-0.952 -2.858 0.102
0.043 -2.101 0.175
-1.578 0.916 -0.075
-1.210 -2.496 0.080
-1.684 0.654 -0.073
0.691 3.332 0.035
0.253 1.697 0.053
-1.156 -2.723 0.237
-0.588 -2.579 0.220
-0.198 -2.154 0.203
1.742 -2.806 0.221
5.740 -2.828 0.313
1.396 -1.053 0.181
3.092 1.388 0.156
-1.109 -3.143 0.395
3.210 1.356 0.684
2.783 1.389 0.662
1.332 4.834 0.852
1.009 4.859 0.865
1.041 4.856 0.959
0.576 4.636 0.816
-1.429 2.983 0.637
-2.007 -3.632 1.114
-2.016 -3.917 1.262
5.392 -5.950 2.081
3.765 -5.506 1.720
5.506 -5.322 2.061
5.463 -5.647 1.993
5.534 -4.983 1.880
5.711 -2.494 1.686
5.974 -0.260 1.842
6.009 0.099 1.868
3.112 1.370 0.874
2.952 1.386 0.886
2.237 4.238 1.520
1.085 4.852 1.669
2.241 4.190 1.600
-1.405 3.256 1.144
-1.455 2.790 1.032
-1.229 1.783 0.813
-1.420 1.779 0.852
-1.376 -2.086 0.910
-1.993 -3.734 1.595
2.116 -4.920 2.196
2.909 -4.448 2.198
3.387 -3.944 2.198
4.048 -2.415 2.088
4.118 -1.628 1.951
3.964 -3.423 2.147
3.993 -3.047 2.142
4.014 -2.680 2.175
4.142 -1.339 1.953
4.172 -0.993 1.792
4.182 -0.825 1.891
4.196 -0.694 1.819
4.264 -0.037 2.072
4.214 -0.478 1.910
4.221 -0.416 1.796
4.292 0.267 2.040
4.244 -0.184 1.917
4.293 0.350 1.956
4.328 0.672 1.985
2.445 1.422 1.322
2.328 1.433 1.357
3.995 1.302 2.086
3.881 1.310 1.727
3.394 1.348 1.858
2.007 1.695 1.394
2.968 1.359 1.646
2.927 1.381 1.325
2.145 4.342 2.182
2.723 1.392 1.458
1.888 4.770 2.163
1.144 4.826 2.127
0.851 4.262 2.171
-1.400 3.113 1.676
-1.468 2.719 1.557
-1.410 3.006 1.657
-1.637 1.829 1.284
-1.383 3.128 1.774
-1.484 2.463 1.492
-1.458 2.740 1.619
-1.788 1.795 1.317
-1.342 -1.731 1.178
-1.377 -1.989 1.558
-1.035 -3.340 2.166
-0.949 -3.567 2.179
-1.940 -3.190 2.317
-0.709 -3.906 2.184
-0.581 -3.763 2.174
-0.410 -3.913 2.180
-1.382 -3.402 2.181
-1.362 -3.674 2.188
-0.254 -3.668 2.173
-0.186 -3.538 2.170
-0.002 -3.633 2.168
0.051 -3.570 2.172
0.257 -3.547 2.172
1.090 -3.461 2.164
1.292 -3.402 2.168
1.196 -3.458 2.169
1.528 -3.263 2.164
1.914 -2.935 2.155
1.954 -3.019 2.162
1.976 -3.018 2.163
2.078 -2.871 2.153
2.062 -3.073 2.167
2.238 -2.924 2.159
2.580 -2.310 2.141
2.617 -2.073 2.140
2.640 -2.611 2.153
2.685 -2.114 2.144
2.707 -1.843 2.130
3.189 -0.897 2.134
3.601 -1.118 2.153
3.070 -1.726 2.148
3.021 -1.523 2.138
3.102 0.866 2.132
3.007 1.047 2.117
3.494 0.059 2.140
3.753 0.211 2.149
2.699 1.176 2.117
3.168 1.362 2.011
2.804 1.388 2.089
2.369 1.443 2.011
2.036 1.977 1.730
2.041 2.126 2.134
2.007 2.685 2.156
1.919 2.934 2.140
0.266 3.078 2.157
-0.754 3.011 2.160
-0.029 3.181 2.159
-0.965 2.972 2.165
-0.735 3.069 2.172
-1.459 2.388 2.013
-0.987 2.927 2.168
-0.860 2.987 2.166
-1.513 1.780 1.676
-2.681 1.340 2.144
-1.789 -0.146 1.522
-1.959 -0.926 1.589
-1.674 -0.710 1.575
-1.803 -1.398 1.580
-0.276 -2.641 2.145
-0.692 -2.478 2.135
-0.039 -2.809 2.144
-0.551 -2.682 2.140
-0.255 -2.585 2.141
-0.018 -2.675 2.133
0.984 -2.433 2.125
1.028 -2.500 2.140
2.812 -0.309 2.132
2.439 -1.409 2.128
2.299 -1.008 2.131
2.439 -0.976 2.127
2.374 -0.856 2.124
2.767 0.281 2.119
2.716 -0.826 2.127
2.559 -0.714 2.133
2.222 1.210 2.119
2.741 -0.697 2.129
2.556 -0.486 2.121
2.295 1.402 2.120
0.889 1.576 1.823
0.701 2.215 2.143
-0.144 2.369 2.151
-1.531 1.698 2.233
-1.624 -0.178 1.821
-1.676 -1.277 2.314
-1.314 -1.637 2.121
-1.067 1.405 2.126
-1.026 1.705 2.123
-1.575 -0.725 2.250
-1.692 -1.479 2.251
-0.553 1.608 2.125
-1.624 0.014 2.252
-0.685 1.679 2.126
-0.925 1.574 2.126
-1.002 1.426 2.126
-1.621 0.560 2.107
-1.627 -0.062 1.953
-1.044 -1.747 2.123
0.862 -2.066 2.128
1.643 -1.454 2.126
2.031 -1.242 2.126
2.038 -0.891 2.130
2.615 0.256 2.125
2.296 1.102 2.111
2.075 1.140 2.110
2.077 1.407 2.125
1.125 2.170 2.139
0.870 2.323 2.149
0.910 2.182 2.136
0.597 2.310 2.139
-0.548 2.510 2.158
-1.694 1.659 2.012
-2.397 0.897 2.133
-2.845 -0.047 2.149
-1.379 -2.011 1.915
2.471 -1.776 2.133
2.684 1.397 2.050
1.132 -2.409 2.127
2.143 -1.559 2.125
1.398 2.960 2.158
1.347 -2.628 2.143
2.593 -1.666 2.126
2.959 -0.122 2.126
-1.263 -2.441 2.139
1.172 2.988 2.141
-0.016 -2.842 2.147
1.508 -2.543 2.129
1.239 2.959 2.147
1.379 2.867 2.159
3.323 0.509 2.140
3.163 0.386 2.127
1.936 1.468 1.748
1.100 2.988 2.149
1.882 -2.525 2.141
2.028 1.976 1.916
-1.052 -2.482 2.139
3.113 0.584 2.125
-0.895 -2.579 2.141
0.911 3.108 2.156
0.941 3.115 2.160
2.116 -2.396 2.136
2.046 2.212 2.051
2.035 2.078 2.074
0.680 3.203 2.164
2.763 0.614 2.119
2.018 2.601 2.147
0.758 -2.849 2.157
3.048 -0.720 2.131
0.924 -2.565 2.149
2.650 -0.632 2.125
2.724 0.780 2.112
0.919 -2.956 2.152
1.817 2.722 2.146
0.941 -2.801 2.159
2.283 -1.957 2.131
2.187 -1.780 2.132
2.767 1.113 2.118
0.291 3.366 2.174
0.000 3.299 2.168
-0.290 3.098 2.162
-0.448 3.461 2.174
-1.449 2.645 1.846
-1.502 2.312 1.785
-0.966 3.237 2.178
-1.130 3.055 2.178
-1.293 3.547 2.390
-1.443 2.667 2.028
-1.943 1.820 1.906
-1.432 2.669 1.960
-1.610 0.509 1.064
-1.727 0.069 1.045
-3.195 -1.277 2.158
-1.522 -3.524 2.184
-1.972 -3.460 2.277
-1.433 -3.503 2.177
-1.034 -3.639 2.176
-1.457 -3.580 2.184
-1.191 -3.713 2.185
-1.968 -3.328 2.258
-0.753 -3.743 2.182
-0.965 -3.875 2.192
-0.487 -3.795 2.177
-0.302 -3.734 2.175
-0.231 -3.846 2.178
0.164 -4.173 2.195
2.566 -3.688 2.191
2.431 -3.398 2.180
2.424 -3.164 2.169
2.711 -3.240 2.181
2.805 -2.797 2.160
1.072 -4.170 2.186
3.361 -3.169 2.184
2.859 -2.445 2.150
3.594 -2.931 2.185
3.169 -2.454 2.157
1.515 -3.388 2.170
3.779 -2.697 2.185
3.568 -2.469 2.171
1.939 -3.944 2.185
3.764 -2.197 2.166
1.948 -3.411 2.178
4.077 -2.037 2.106
2.197 -3.542 2.182
3.895 -1.974 2.164
3.674 -1.778 2.158
4.139 -1.378 1.989
4.141 -1.418 2.159
4.203 0.641 2.152
4.218 -0.478 2.046
3.318 1.352 1.635
2.052 2.184 1.458
2.048 2.039 1.468
2.159 1.449 1.272
2.081 2.466 1.551
2.061 2.298 1.526
2.114 2.914 1.718
2.091 2.545 1.620
1.567 4.530 2.179
2.123 2.998 1.810
2.200 4.105 2.169
1.808 4.304 2.177
0.146 1.783 0.963
-1.388 3.251 1.593
-1.583 1.189 0.972
-1.497 1.782 1.119
-1.812 -0.884 0.919
-1.760 -1.011 0.873
-1.354 -1.844 0.967
-2.018 -3.978 1.808
-0.701 -5.883 2.232
1.136 -6.470 2.201
1.332 -6.067 2.216
2.540 -6.292 2.224
5.654 -3.734 2.191
4.038 -2.539 1.825
5.690 -3.233 2.086
5.947 -1.005 2.210
5.958 -0.215 1.998
5.725 -2.299 1.942
5.735 -2.198 2.163
3.848 -4.825 1.903
5.661 -1.737 2.193
3.965 -3.413 1.905
2.843 1.392 1.030
1.996 1.481 0.844
2.024 1.910 0.925
2.079 2.397 1.043
0.472 1.656 0.634
0.279 1.681 0.568
-1.358 3.521 1.136
-1.687 0.613 0.621
-1.743 0.103 0.567
-1.675 0.026 0.585
-1.337 -1.584 0.593
-1.939 -3.079 0.934
-1.989 -3.408 0.927
5.655 -3.274 1.358
5.680 -2.615 1.432
5.965 -0.264 1.139
3.509 1.332 0.670
0.998 4.867 0.801
1.129 4.860 0.675
0.625 4.644 0.737
-0.848 1.784 0.468
1.225 4.835 0.872
-1.386 2.576 0.411
-1.414 2.155 0.377
-2.011 -3.628 0.558
5.502 -5.358 0.293
3.425 1.356 0.151
-1.716 1.807 0.200
-1.486 1.781 0.230
-1.717 -2.778 0.167
-1.050 -2.512 0.128
0.722 -2.733 0.117
0.449 3.350 -0.065
-1.647 -1.467 0.124
2.593 1.428 0.112
2.312 1.460 0.094
-0.407 1.802 0.024
-0.226 1.783 0.011
1.134 -1.055 0.160
-0.509 1.827 0.171
-1.412 3.252 0.133
-1.357 2.154 0.170
-0.627 -2.576 0.329
0.948 -2.580 0.363
4.280 -0.425 0.539
4.371 0.509 0.624
1.935 1.457 0.237
2.015 1.823 0.229
2.013 1.776 0.485
-0.447 1.828 0.371
-1.739 1.810 0.426
2.953 -10.800 2.160
5.396 -6.074 1.708
5.660 -3.617 1.586
3.720 1.318 1.154
3.554 1.334 0.817
2.456 1.420 0.809
2.402 1.425 0.865
2.237 1.438 0.616
2.088 2.490 1.022
0.932 1.487 0.586
-1.670 0.668 0.671
-1.969 -3.257 1.320
-2.024 -3.924 1.451
2.474 -5.516 2.204
2.836 -5.363 2.208
3.895 -4.201 2.104
3.970 -3.330 1.989
4.018 -2.653 1.876
4.008 -2.826 1.845
5.940 0.021 2.206
6.034 0.626 2.114
4.336 0.738 1.777
4.208 -0.574 1.794
4.238 -0.426 1.726
4.381 1.201 1.997
3.323 1.354 1.578
2.032 1.913 1.072
2.072 2.358 1.351
0.950 1.634 0.833
1.814 4.507 2.181
1.452 4.803 2.039
1.504 4.793 2.139
-1.353 3.506 1.676
-1.476 2.767 1.427
-1.367 1.775 1.080
-1.549 1.780 1.147
-1.570 1.670 1.101
-1.597 1.239 0.995
-1.647 1.086 0.996
-1.775 -1.283 1.275
-1.786 -1.442 1.337
2.538 -2.874 2.160
0.830 -4.021 2.191
2.575 -2.873 2.163
1.115 -3.978 2.183
-1.298 -3.673 2.190
3.328 1.028 2.131
2.793 -2.947 2.166
1.104 -3.864 2.185
-0.824 -4.168 2.194
2.920 -2.449 2.151
-0.644 -4.353 2.200
3.383 -0.419 2.133
-0.827 -3.794 2.179
2.023 1.889 1.660
-0.702 -4.004 2.195
-0.553 -4.204 2.192
3.072 -2.244 2.149
-1.376 -2.048 1.296
-0.584 -3.856 2.175
2.058 2.369 2.072
2.078 2.534 1.838
-1.981 -3.637 2.002
3.329 -2.087 2.153
0.027 -4.146 2.186
3.304 -1.821 2.147
3.598 0.110 2.156
2.217 -3.190 2.170
-2.062 -4.522 2.361
3.477 -2.171 2.164
3.460 -1.851 2.145
0.313 -4.098 2.190
2.268 -3.197 2.172
2.049 1.457 1.578
0.529 -4.183 2.191
2.422 -3.034 2.161
0.136 -3.929 2.183
1.585 3.252 2.151
1.572 3.093 2.159
1.458 2.936 2.152
1.421 3.546 2.165
1.369 3.364 2.158
1.308 3.215 2.156
0.873 3.629 2.163
0.874 3.328 2.160
-1.099 3.234 2.176
-1.393 3.066 2.134
-1.377 3.238 2.256
-0.396 3.468 2.178
-0.657 3.401 2.176
-1.401 3.118 2.136
-1.440 2.561 1.894
-1.488 2.351 1.818
-1.502 1.779 1.621
-2.218 1.847 1.925
-2.856 1.184 2.137
-3.212 0.246 2.138
-1.666 0.581 1.225
-2.785 -0.243 2.134
-2.998 0.596 2.139
-3.134 -0.385 2.133
-1.460 -2.515 2.139
-1.748 -1.108 1.333
-1.774 -1.231 1.693
-0.989 -2.991 2.152
-0.935 -2.748 2.154
-0.615 -3.063 2.154
-0.334 -3.047 2.157
-0.397 -2.847 2.151
0.061 -2.992 2.151
1.195 -2.601 2.142
1.015 -2.688 2.157
0.848 -2.751 2.157
1.759 -2.082 2.105
2.291 -1.468 2.125
1.881 -2.021 2.114
1.945 -1.796 2.122
2.031 -2.174 2.130
2.701 -1.333 2.130
2.863 -0.989 2.137
2.472 -0.440 2.126
3.009 0.058 2.126
2.611 0.263 2.118
2.753 0.364 2.123
2.943 0.488 2.119
2.710 0.536 2.121
2.117 1.049 2.105
1.827 1.426 2.118
1.597 2.352 2.147
1.308 1.935 2.123
1.330 1.534 1.830
1.810 2.188 2.149
-0.682 2.388 2.146
-1.455 1.776 2.071
-1.680 1.338 1.949
-2.278 0.854 2.159
2.264 -0.919 2.119
1.986 1.204 2.110
-0.783 1.725 2.070
-1.003 1.562 2.127
-1.754 -1.022 1.974
0.795 -1.654 2.123
1.133 -1.354 2.122
1.492 -0.797 2.121
0.319 1.630 2.025
-0.613 1.623 2.127
-1.019 1.495 2.125
-1.523 1.318 2.295
-1.628 -0.052 2.072
0.689 -1.891 2.124
1.663 0.243 2.125
1.632 -0.097 2.125
-1.347 1.286 2.202
-1.534 0.992 2.339
-1.387 1.568 2.264
-1.575 0.806 2.321
-1.677 0.571 1.768
1.043 -1.956 2.140
1.254 -1.665 2.138
1.301 -1.430 2.127
1.754 -1.420 2.128
1.670 -1.276 2.125
2.396 -0.479 2.121
2.235 -0.976 2.124
2.345 0.533 2.109
-1.624 1.030 1.774
0.647 1.631 1.684
-1.843 -0.291 1.565
-1.882 -0.474 1.682
-1.727 -1.465 1.989
-1.729 -1.471 2.124
-0.571 -2.574 2.138
-0.895 -2.406 2.131
0.085 -2.636 2.147
0.940 -2.682 2.149
1.652 -2.181 2.101
1.951 -1.498 2.127
2.515 -0.827 2.139
2.598 -0.493 2.127
3.070 -0.318 2.130
2.642 -0.369 2.131
2.431 -0.372 2.128
2.886 -0.078 2.128
3.117 0.141 2.130
2.878 0.125 2.125
2.685 -0.012 2.132
2.514 1.116 2.119
2.919 0.984 2.110
1.960 1.469 1.797
2.662 1.063 2.117
1.414 2.526 2.138
0.967 2.738 2.150
0.980 2.692 2.143
0.774 2.814 2.152
0.641 2.832 2.155
0.391 2.868 2.146
0.176 2.865 2.151
-1.411 2.781 2.322
-1.455 2.444 2.079
-2.909 1.259 2.138
-3.195 -0.246 2.139
-3.054 -0.679 2.166
-3.043 -1.305 2.165
-1.624 -1.491 1.396
-1.377 -3.081 2.157
-1.074 -3.258 2.167
-0.845 -3.298 2.158
-0.394 -3.355 2.173
-0.424 -3.427 2.167
-0.033 -3.680 2.176
0.306 -3.440 2.161
0.434 -3.357 2.159
0.401 -3.618 2.163
0.744 -3.388 2.165
0.863 -3.245 2.161
1.219 -3.312 2.169
1.256 -3.175 2.178
2.383 -2.656 2.157
2.869 -2.938 2.174
2.678 -2.689 2.159
3.055 -2.755 2.172
2.910 -2.148 2.147
3.067 -1.940 2.143
2.871 -1.788 2.136
2.942 -1.660 2.143
3.107 -1.432 2.147
3.209 -1.226 2.147
3.271 -1.037 2.139
3.613 -0.865 2.145
4.226 -0.346 2.146
3.739 0.639 2.151
3.972 -0.363 2.149
4.004 -0.058 2.153
3.571 0.802 2.140
3.520 -0.147 2.151
3.625 1.159 2.137
3.206 1.357 1.922
3.380 1.345 2.056
2.376 1.425 1.536
2.084 1.464 1.376
2.008 1.764 1.488
2.062 2.313 1.648
2.057 2.199 1.633
2.081 2.528 1.786
2.070 2.415 1.764
0.125 1.757 0.976
-0.527 1.824 0.987
-1.352 3.534 2.017
-1.464 2.667 1.645
-1.487 2.352 1.576
-1.500 2.314 1.502
-1.511 2.301 1.339
-1.311 1.768 1.282
-1.600 0.513 0.865
-1.839 -0.904 0.955
-1.393 -1.484 0.977
-1.928 -2.978 1.653
-0.522 -5.399 2.219
0.275 -4.876 2.212
0.378 -5.100 2.220
2.079 -4.389 2.198
2.632 -4.085 2.192
2.882 -3.970 2.195
3.947 -3.605 1.891
3.968 -3.461 2.016
5.940 -0.512 2.142
3.993 -2.934 2.033
4.031 -2.670 1.838
6.241 -1.961 2.202
3.518 1.339 1.480
2.686 1.396 1.106
2.616 1.409 1.209
2.288 1.434 1.117
2.023 1.860 1.067
2.065 2.196 1.107
2.053 2.123 1.121
2.091 2.462 1.215
1.110 1.568 0.774
2.247 3.999 1.606
1.844 4.792 1.681
0.673 4.891 1.662
-1.386 1.776 0.795
-1.392 1.783 0.747
-1.432 3.020 1.223
-1.632 1.804 0.817
-1.728 -0.121 0.675
-2.035 -3.901 1.289
-2.209 -5.872 1.796
-1.379 -2.000 0.757
-1.934 -3.109 1.077
-2.013 -3.667 1.268
3.794 -5.345 1.889
3.791 -5.406 1.542
5.716 -2.548 1.186
5.674 -3.584 1.844
4.143 1.279 0.896
3.478 1.339 0.818
2.082 1.457 0.657
2.982 1.387 0.693
2.291 1.434 0.666
1.912 1.453 0.529
1.120 4.847 0.972
-1.414 3.219 0.534
-1.204 1.799 0.510
-1.639 1.008 0.410
-1.725 -0.028 0.338
-1.685 0.448 0.360
-1.675 0.325 0.349
4.220 -1.020 0.673
4.257 -0.692 0.647
12.155 1.381 1.128
4.083 1.282 0.473
4.113 1.283 0.570
3.428 1.348 0.383
2.567 1.412 0.370
2.972 1.383 0.336
1.180 4.806 0.467
0.927 1.485 0.249
-1.431 2.938 0.329
-1.402 2.366 0.338
-1.401 2.363 0.322
-1.726 -1.316 0.182
2.351 1.451 0.094
2.057 1.467 0.093
-1.675 0.440 0.042
0.783 3.330 -0.015
-1.793 1.805 -0.049
0.797 3.316 -0.001
-1.724 -2.850 0.045
-1.648 0.556 -0.030
-0.327 1.810 0.121
-1.341 2.725 0.047
-0.175 -2.168 0.248
0.557 -2.692 0.269
0.683 -2.765 0.259
0.905 -2.602 0.248
5.984 0.009 0.181
4.064 1.296 0.433
3.333 1.343 0.514
6.100 1.089 0.525
2.213 1.444 0.416
-1.678 1.800 0.336
4.343 1.273 1.121
3.134 1.356 0.920
1.773 1.574 0.513
1.731 1.555 0.591
2.743 1.394 0.815
0.427 4.917 0.924
-1.036 1.798 0.587
-1.234 1.819 0.604
-1.349 1.781 0.617
3.176 1.358 1.375
3.210 1.350 1.109
2.919 1.385 1.178
3.226 -6.429 2.229
2.820 1.393 1.306
-1.700 -0.373 0.889
-1.931 -2.976 1.145
2.585 1.411 1.071
2.432 1.425 1.219
5.656 -3.737 2.067
2.354 1.433 0.885
2.101 4.761 1.721
5.995 0.081 1.955
-2.005 -3.580 1.311
2.165 4.754 1.788
3.648 -6.051 2.236
5.687 -2.714 2.213
2.146 1.452 1.100
2.219 4.744 2.073
3.785 -5.421 2.100
3.797 -5.276 2.036
-1.661 0.273 0.780
1.072 -6.825 2.180
3.867 -4.673 1.953
-1.708 0.077 0.870
3.888 -4.230 1.837
-2.029 -4.184 2.349
-1.932 -2.990 1.577
-1.955 -3.265 1.613
0.705 4.883 1.753
-1.984 -3.566 1.872
-2.000 -3.892 1.834
2.103 2.776 1.240
-1.474 2.657 1.243
-1.718 -0.133 0.857
2.120 2.834 1.362
-1.468 2.777 1.279
-0.858 -4.307 2.194
-0.607 -4.365 2.205
-0.381 -4.526 2.206
-0.323 -4.385 2.205
0.200 -4.562 2.205
0.770 -4.534 2.200
0.981 -4.620 2.203
0.798 -4.459 2.204
2.765 -3.330 2.188
1.619 -4.195 2.188
1.850 -4.097 2.186
2.915 -3.406 2.184
2.137 -3.908 2.191
3.372 -2.687 2.168
3.587 -2.190 2.172
3.804 -2.265 2.169
4.119 -1.661 2.118
4.143 -1.118 2.172
4.168 -0.977 1.987
4.189 -0.805 2.100
4.215 -0.504 2.090
4.340 0.850 2.039
3.874 -0.147 2.147
4.239 -0.260 2.083
4.385 1.217 2.101
4.253 -0.082 1.980
3.799 1.308 1.906
3.753 0.342 2.153
4.281 0.202 1.984
4.300 0.374 2.150
2.827 1.388 1.729
2.712 1.392 1.794
2.697 1.399 1.507
2.519 1.420 1.602
2.219 1.450 1.487
2.009 1.649 1.315
2.036 2.005 1.471
2.031 1.985 1.530
2.144 3.357 1.979
1.737 3.927 2.172
1.615 3.475 2.166
1.401 3.807 2.169
1.336 3.585 2.166
-1.355 3.561 2.175
-1.391 3.201 2.038
-1.443 2.754 1.846
-1.847 1.801 1.614
-1.371 -2.059 1.582
-1.837 -2.810 2.357
-1.851 -3.194 2.350
-1.524 -1.489 1.455
-1.273 -3.286 2.170
-0.866 -3.202 2.160
-0.765 -3.354 2.157
-0.670 -2.989 2.151
-0.375 -3.227 2.154
-0.248 -3.379 2.161
-0.443 -3.066 2.151
-0.122 -3.113 2.158
1.235 -2.879 2.157
0.283 -3.091 2.154
1.450 -2.866 2.158
1.590 -2.721 2.146
1.675 -2.476 2.111
1.502 -2.851 2.164
2.055 -2.267 2.131
2.007 -2.498 2.137
2.165 -2.119 2.127
2.589 -1.692 2.133
2.621 -1.068 2.133
2.844 -0.353 2.130
2.811 -0.732 2.136
3.033 0.279 2.124
2.433 0.811 2.110
2.596 1.414 1.978
2.476 1.430 2.028
2.043 2.051 1.992
1.451 1.527 1.768
2.023 2.415 2.153
1.206 2.316 2.147
1.221 2.781 2.147
1.081 2.488 2.145
-0.086 2.861 2.156
0.351 2.709 2.154
-1.484 1.781 1.925
-2.263 1.189 2.134
-1.944 1.824 2.057
-1.648 0.233 1.563
-1.636 0.138 1.548
-1.123 -2.424 2.136
-1.457 -2.255 2.132
0.638 -2.374 2.134
0.993 -2.098 2.114
0.785 -2.315 2.133
2.185 -1.305 2.120
1.750 -1.740 2.101
2.310 -1.137 2.123
1.800 -1.589 2.121
2.449 -0.779 2.123
2.520 -0.663 2.124
0.366 1.656 1.791
-1.150 -1.703 2.124
-0.717 1.581 2.127
-1.071 1.556 2.131
-1.666 -0.530 2.269
-1.686 -0.648 2.324
1.278 -1.478 2.125
1.552 -0.917 2.125
-1.540 1.353 1.874
-1.763 -0.264 1.624
-1.744 -0.494 1.587
0.532 -2.246 2.137
1.661 -1.696 2.122
2.249 -1.368 2.132
1.810 -1.578 2.127
1.983 -1.048 2.125
2.672 -0.144 2.115
2.871 0.242 2.132
2.436 0.127 2.126
2.782 0.438 2.121
2.723 0.875 2.122
2.558 0.747 2.116
2.582 1.070 2.121
2.452 1.425 2.091
2.032 1.318 2.113
1.898 1.477 1.986
1.457 2.275 2.139
0.711 2.538 2.148
-0.449 2.698 2.161
-1.492 1.781 2.070
-1.710 1.690 1.984
-0.839 2.733 2.162
-0.936 2.492 2.161
-2.127 1.838 2.143
-1.165 2.390 2.156
-2.880 0.268 2.145
-2.719 0.178 2.129
-2.938 0.074 2.139
-1.820 -0.922 1.642
-1.958 -0.818 1.558
-1.404 -2.779 2.148
-1.811 -0.922 1.493
-1.330 -2.744 2.141
-1.204 -2.847 2.154
-1.021 -2.958 2.155
-0.794 -2.995 2.153
-0.175 -3.182 2.157
-0.149 -3.322 2.167
0.003 -3.201 2.163
0.172 -3.152 2.155
0.841 -2.890 2.147
0.885 -3.188 2.153
1.041 -3.286 2.160
1.144 -2.936 2.164
1.177 -2.824 2.172
1.560 -3.197 2.167
1.545 -2.817 2.155
1.734 -3.080 2.157
2.588 -1.562 2.129
3.101 -1.611 2.139
2.911 -1.519 2.139
2.400 -2.160 2.137
3.202 -1.398 2.142
2.804 -1.185 2.127
2.841 -1.025 2.128
2.793 -1.991 2.142
3.821 0.342 2.148
3.572 0.286 2.142
2.522 -1.699 2.135
2.928 -1.800 2.141
3.555 0.535 2.144
3.310 -0.474 2.146
3.790 -0.204 2.149
3.866 0.119 2.146
3.215 1.088 2.126
2.888 1.379 1.834
2.892 1.376 2.080
2.054 2.222 1.866
2.096 2.743 2.063
2.028 2.936 2.155
1.656 3.264 2.156
1.424 3.415 2.158
1.108 3.478 2.163
1.035 3.598 2.163
-0.676 3.478 2.175
-1.278 3.905 2.403
-1.369 3.399 2.134
-1.372 3.420 2.042
-1.426 2.921 1.993
-1.424 2.913 1.919
-1.645 1.849 1.576
-1.434 2.881 1.731
-1.034 -4.273 2.202
-1.978 -3.633 2.079
-1.011 -4.405 2.209
-1.021 -4.530 2.210
0.353 -4.354 2.194
0.683 -4.425 2.197
0.910 -4.259 2.202
1.394 -4.094 2.181
1.877 -4.165 2.185
3.621 -3.524 2.198
2.444 -4.256 2.192
3.647 -2.934 2.184
2.687 -3.738 2.188
3.871 -2.695 2.185
4.063 -2.221 1.937
4.103 -1.849 1.922
4.095 -1.812 2.054
4.128 -1.513 2.022
4.136 -1.479 2.140
5.598 -1.188 2.214
5.636 -0.784 2.199
3.250 1.357 1.574
4.232 -0.307 1.821
2.678 1.404 1.300
4.226 -0.370 1.914
2.087 2.536 1.421
4.224 -0.339 2.002
2.948 1.376 1.441
2.344 1.432 1.199
2.471 1.419 1.234
1.995 1.476 1.026
4.302 0.323 1.780
1.807 4.787 2.072
1.879 4.760 2.031
1.030 4.848 1.989
1.283 4.825 1.955
0.701 4.689 1.958
0.137 1.790 0.857
-1.362 3.481 1.340
-1.453 2.897 1.333
-1.390 3.283 1.559
-1.785 -0.843 0.729
-1.758 -1.187 0.847
-1.943 -3.213 1.300
3.698 -6.533 1.902
-2.055 -4.475 1.667
-2.012 -3.965 1.481
5.697 -2.503 1.464
1.914 -6.278 2.177
-2.258 -6.654 2.170
2.121 -7.394 2.231
-1.510 -6.710 2.227
5.663 -3.702 1.998
5.957 -0.257 1.675
5.696 -3.218 1.920
6.078 1.032 1.529
4.104 1.277 1.102
3.387 1.351 0.914
3.435 1.335 0.933
3.114 1.369 1.004
2.013 1.888 0.743
1.100 1.529 0.558
5.696 -2.608 1.127
4.275 -0.475 0.663
12.142 1.195 0.991
6.086 1.028 0.932
4.170 1.275 0.720
3.072 1.377 0.573
1.920 1.459 0.333
-1.396 -1.482 0.240
2.416 1.430 0.083
2.124 1.462 0.105
-1.727 0.044 0.222
-0.520 -2.911 0.093
0.258 -2.947 0.113
-1.613 1.070 -0.081
-1.705 -2.616 0.088
-0.972 -2.802 0.067
-1.035 -3.118 0.309
0.687 -2.703 0.196
-0.567 -2.575 0.202
1.777 -1.099 0.222
3.576 1.340 0.167
-0.127 1.782 0.205
-1.390 2.225 0.267
-1.979 -3.342 0.498
0.732 -10.603 1.327
5.979 -0.040 1.022
2.160 1.445 0.552
12.198 1.957 2.238
3.993 1.292 0.633
-0.721 1.766 0.459
-1.589 1.787 0.551
3.276 1.344 0.662
0.637 4.607 0.946
-2.066 -4.398 1.282
5.570 -4.777 1.892
5.637 -3.989 1.946
5.710 -2.638 1.886
2.940 1.381 0.997
5.958 -0.287 1.637
6.012 0.173 1.972
2.495 1.418 0.946
0.763 4.877 1.682
-1.392 3.229 1.269
1.002 1.541 0.640
2.242 4.174 1.627
-1.604 1.233 0.821
-1.372 3.452 1.245
-1.441 2.868 1.083
-1.980 -3.670 1.883
-1.772 -0.937 0.747
-2.051 -4.411 2.159
-2.095 -4.941 2.319
-1.405 -5.025 2.224
-1.937 -3.093 1.468
-1.937 -3.105 1.646
0.668 -5.097 2.221
1.913 -4.853 2.195
2.513 -4.424 2.197
2.815 -4.209 2.200
3.245 -3.759 2.190
3.611 -3.201 2.189
4.087 -1.953 1.998
4.120 -1.591 1.928
3.869 -3.293 2.198
3.967 -3.374 2.186
4.156 -1.103 2.002
4.003 -2.717 2.183
4.152 -1.207 1.798
3.997 -2.374 2.185
4.262 0.524 2.164
4.084 -2.023 2.082
4.358 0.972 1.839
4.231 -0.304 1.748
4.333 1.264 2.156
4.000 1.294 2.142
4.273 0.047 2.042
4.276 0.185 2.160
4.261 -0.011 1.821
4.273 0.133 1.905
3.469 1.344 1.876
3.010 1.378 1.404
2.008 1.661 1.446
2.080 2.484 1.436
2.078 2.576 1.820
2.126 3.062 1.849
2.124 3.033 1.941
2.101 4.165 2.174
1.652 3.785 2.170
1.487 4.655 2.186
1.387 3.891 2.171
0.847 4.120 2.179
-1.406 3.072 1.725
-0.684 -3.753 2.186
-1.363 -1.908 1.359
-1.370 -1.964 1.557
-0.366 -3.639 2.167
-0.222 -3.770 2.181
-0.406 -3.415 2.167
-1.960 -3.290 2.099
-0.084 -3.592 2.164
0.098 -3.686 2.167
-1.997 -3.883 2.387
-0.030 -3.512 2.165
-1.610 -2.969 2.155
0.340 -3.653 2.169
-1.513 -3.674 2.190
-1.279 -3.481 2.175
0.377 -3.447 2.167
0.602 -3.502 2.169
-1.002 -3.759 2.180
-1.022 -3.175 2.160
0.865 -3.462 2.169
1.311 -3.274 2.169
1.645 -3.013 2.157
2.050 -2.808 2.152
2.801 -1.721 2.139
2.851 -1.255 2.128
3.148 -0.262 2.131
2.951 0.086 2.133
3.334 -1.374 2.150
2.935 -0.653 2.122
3.591 0.142 2.146
3.140 -0.703 2.139
3.376 1.139 2.134
3.600 0.382 2.149
3.091 1.167 2.118
3.266 0.691 2.136
3.000 0.759 2.113
3.222 0.971 2.137
2.191 1.450 1.845
2.011 1.470 1.656
1.746 2.712 2.145
1.922 1.471 1.691
1.474 2.651 2.140
1.410 3.053 2.163
2.031 2.041 2.065
2.054 2.279 1.884
1.105 2.953 2.160
1.094 2.796 2.149
0.943 3.145 2.153
-0.262 3.055 2.153
-0.404 3.004 2.162
-0.367 2.987 2.158
-0.650 2.945 2.158
-1.408 2.992 2.342
-1.476 2.302 2.041
-2.373 1.227 2.132
-1.926 1.806 1.948
-2.145 1.837 2.010
-2.792 0.773 2.135
-2.906 0.009 2.139
-2.997 0.662 2.134
-3.063 -0.191 2.134
-1.775 -1.484 1.817
-0.892 -2.695 2.137
-0.599 -2.663 2.141
0.341 -2.563 2.142
1.544 -2.119 2.098
2.300 -1.186 2.126
2.657 -0.695 2.120
2.713 -0.523 2.124
2.695 -0.360 2.136
2.738 0.066 2.121
2.680 0.274 2.122
2.494 0.993 2.113
-0.591 1.680 1.765
-0.818 1.726 1.843
-1.778 0.318 1.651
-1.701 -0.312 1.565
-1.726 -0.998 1.784
-1.650 -1.216 2.292
-0.178 1.678 1.906
-1.091 1.652 2.123
-1.283 1.044 2.138
-1.604 0.476 2.199
-0.523 -1.715 2.125
-1.614 -0.663 2.296
0.667 -1.952 2.122
-1.635 -0.980 2.296
-0.421 1.671 2.124
1.708 -0.140 2.127
1.688 0.186 2.126
-1.235 1.425 2.121
-1.660 -1.471 2.067
1.548 -1.395 2.125
1.957 -1.707 2.126
1.971 -1.409 2.128
1.690 -1.206 2.126
1.764 -1.096 2.127
2.345 -0.698 2.121
1.244 2.195 2.135
-0.704 2.548 2.154
-1.765 0.481 1.584
-1.573 0.402 1.545
-2.861 0.380 2.132
-1.777 0.236 1.618
-0.009 -3.004 2.153
-0.457 -2.799 2.150
-0.394 -2.889 2.152
0.623 -2.822 2.143
0.817 -2.764 2.157
0.861 -2.629 2.148
2.792 -0.191 2.128
2.820 -0.906 2.125
2.708 -0.704 2.126
3.405 -0.561 2.142
2.863 0.392 2.126
2.659 1.327 2.116
3.292 0.881 2.127
2.971 0.718 2.128
2.975 -0.366 2.127
3.465 -0.069 2.146
2.958 1.225 2.126
2.820 1.382 2.068
2.810 1.284 2.133
2.330 1.443 1.757
1.854 2.786 2.152
1.782 2.622 2.147
1.452 3.006 2.164
1.595 2.838 2.157
1.261 3.070 2.161
1.203 3.043 2.150
-0.691 3.480 2.168
-0.923 3.045 2.163
0.159 3.245 2.168
0.356 3.426 2.163
0.107 3.490 2.171
-1.386 3.173 2.253
-1.386 3.193 2.161
-1.807 1.800 1.515
-1.609 1.124 1.370
-1.952 -3.149 2.120
-1.994 -3.760 2.334
-1.950 -3.819 2.400
-1.613 -3.556 2.189
-1.966 -3.345 2.197
-1.559 -3.528 2.181
-1.546 -3.657 2.187
-0.799 -3.899 2.184
-0.401 -3.825 2.184
-0.793 -3.997 2.186
-0.343 -3.926 2.183
1.068 -3.717 2.178
1.008 -4.304 2.195
1.289 -4.238 2.193
0.385 -4.283 2.194
1.942 -4.119 2.193
3.395 -3.287 2.190
2.896 -2.556 2.160
3.877 -2.824 2.188
3.626 -2.570 2.179
2.340 -2.986 2.161
4.036 -2.519 2.137
2.736 -3.419 2.189
4.013 -2.070 2.177
3.475 -1.730 2.152
4.172 -0.868 2.155
4.273 0.117 1.890
4.267 0.001 2.126
4.284 0.311 2.136
4.365 1.017 2.089
4.323 0.890 2.163
4.046 1.049 2.159
3.496 1.337 1.752
3.279 1.352 1.788
2.600 1.410 1.402
2.858 1.384 1.623
2.501 1.413 1.465
2.148 3.375 1.871
2.222 1.441 1.326
2.114 2.956 1.724
1.282 4.816 2.154
0.735 4.825 2.194
0.405 4.861 2.202
2.205 4.233 2.138
1.215 4.811 2.194
-1.482 2.450 1.177
-1.801 -0.936 0.929
-1.952 -3.273 1.486
-1.372 -2.054 0.994
-2.005 -3.893 1.682
-2.014 -3.980 1.696
-2.030 -4.114 1.729
-0.878 -5.705 2.224
-0.457 -5.925 2.224
-0.148 -5.773 2.220
0.350 -6.008 2.225
1.480 -5.858 2.209
1.638 -5.448 2.194
3.770 -5.589 2.070
3.859 -4.891 1.845
3.884 -4.217 2.198
3.911 -3.916 1.970
3.972 -3.472 1.835
3.962 -3.277 1.965
5.701 -3.312 2.046
5.729 -2.261 2.100
6.327 -2.023 2.214
6.645 -1.135 2.221
6.074 1.070 1.955
6.172 -1.026 2.202
6.081 0.954 2.052
3.935 1.295 1.224
4.051 1.275 1.278
2.017 1.783 0.864
0.778 1.627 0.614
2.099 2.606 1.003
2.078 2.371 1.017
2.101 2.634 1.031
0.860 1.622 0.632
-1.362 3.495 1.186
-0.798 1.777 0.617
-1.692 0.747 0.607
-1.719 -0.018 0.514
-1.719 -0.091 0.462
-1.327 -1.571 0.549
-1.926 -2.950 0.852
-1.807 -1.422 0.593
3.654 -6.966 1.869
3.755 -5.786 1.435
3.583 1.331 0.682
-1.412 3.226 0.417
3.654 1.322 0.764
-1.411 2.274 0.351
1.975 1.470 0.402
-1.546 1.780 0.283
1.181 4.842 0.636
0.588 4.756 0.784
-1.407 3.165 0.524
5.756 -2.407 0.370
-1.396 -1.469 0.296
4.086 1.295 0.111
2.963 1.397 0.134
5.714 -2.663 0.531
1.288 4.791 0.211
1.032 3.683 0.147
0.326 1.678 0.153
-1.417 2.966 0.069
0.555 3.349 -0.010
-1.330 1.767 -0.051
-0.973 -2.693 0.205
0.158 -2.305 0.094
-0.661 1.832 0.170
-1.531 1.781 0.205
-1.827 1.816 0.222
-1.457 -1.479 0.287
0.510 -2.674 0.331
4.197 -1.444 0.632
4.219 -1.010 0.621
4.290 -0.427 0.590
4.299 -0.142 0.576
4.342 0.173 0.581
2.534 1.412 0.470
0.635 4.906 0.690
5.653 -3.649 1.697
5.672 -3.501 1.588
5.730 -2.702 1.643
4.399 1.250 1.333
4.140 1.291 1.039
3.597 1.320 0.856
3.459 1.345 0.911
3.215 1.363 1.073
3.068 1.368 0.764
2.972 1.387 0.808
5.959 -0.260 1.338
2.194 1.450 0.743
2.004 1.473 0.613
-1.429 2.959 1.023
-0.098 1.776 0.613
-1.745 1.808 0.820
-0.585 1.825 0.613
-0.757 1.772 0.627
-1.942 -3.150 1.300
-1.979 -3.429 1.504
-2.007 -3.786 1.476
-2.009 -3.720 1.690
-0.664 -5.716 2.225
3.991 -3.074 2.015
4.022 -2.678 1.926
4.176 -0.871 1.850
4.189 -0.745 1.742
4.233 -0.298 1.833
4.258 -0.059 1.917
4.316 0.546 1.956
4.345 0.851 1.995
6.079 1.049 2.179
4.383 1.170 2.032
3.926 1.316 1.884
3.808 1.313 1.596
3.555 1.337 1.655
2.002 1.657 1.219
3.380 1.347 1.349
2.754 1.395 1.232
2.062 2.278 1.422
2.091 2.670 1.402
1.922 4.784 2.122
1.885 4.626 2.187
1.112 4.842 1.935
1.171 4.836 2.099
0.843 4.860 2.176
0.532 4.889 2.167
-0.472 1.832 0.950
-1.399 3.184 1.601
-1.572 1.721 1.142
-1.700 -0.035 0.925
-1.470 -1.472 1.065
-1.335 -1.534 1.219
-1.775 -1.283 1.170
-1.927 -2.970 1.765
-2.006 -3.920 2.320
-2.051 -4.355 2.357
-1.655 -3.825 2.209
-1.215 -3.810 2.191
-0.854 -4.040 2.195
-0.717 -4.264 2.197
-0.855 -3.725 2.179
-0.531 -4.028 2.183
1.308 -3.647 2.172
1.554 -3.620 2.175
0.207 -4.149 2.183
0.118 -3.859 2.179
2.689 -2.890 2.162
2.887 -2.775 2.161
0.560 -3.830 2.178
2.031 -3.390 2.172
0.611 -3.783 2.169
3.043 -2.560 2.156
3.063 -1.976 2.145
3.392 -2.080 2.153
3.303 -1.619 2.142
3.210 -1.307 2.139
3.563 -1.913 2.150
3.567 -1.342 2.149
3.524 -0.673 2.147
3.749 -0.611 2.153
3.573 -0.401 2.146
3.743 -0.327 2.149
3.525 -0.133 2.147
3.754 -0.075 2.148
3.748 0.127 2.154
4.013 0.309 2.158
3.664 0.657 2.147
3.411 0.775 2.144
3.101 0.811 2.114
3.593 0.916 2.145
3.291 0.953 2.131
3.844 1.161 2.150
3.498 1.168 2.140
2.938 1.180 2.124
2.058 2.268 2.031
3.119 1.350 2.119
1.944 2.804 2.153
1.678 3.350 2.156
1.563 3.024 2.161
1.443 2.867 2.152
0.667 3.125 2.167
0.394 3.332 2.181
1.120 3.172 2.158
0.167 3.434 2.161
0.913 3.535 2.163
0.176 3.327 2.168
0.905 3.417 2.162
0.826 3.108 2.173
-0.625 3.422 2.171
-1.405 3.026 2.224
-0.882 3.206 2.170
-1.430 2.735 2.027
-2.090 1.828 1.936
-1.622 1.112 1.379
-2.789 -0.051 2.133
-2.940 -0.224 2.127
-3.081 0.487 2.129
-2.959 0.182 2.129
-1.822 -0.922 1.573
-1.379 -1.955 1.879
-1.174 -2.593 2.148
-0.830 -2.584 2.138
0.033 -2.910 2.154
0.448 -2.818 2.144
0.736 -2.732 2.147
2.256 -1.088 2.124
1.931 -1.713 2.119
2.474 -1.363 2.126
2.024 -2.127 2.130
2.032 -1.744 2.136
2.135 -1.397 2.133
2.610 -0.988 2.137
2.846 -0.780 2.123
2.765 -0.430 2.132
2.735 -0.228 2.124
2.527 0.185 2.116
2.912 0.375 2.125
2.850 0.620 2.124
1.493 1.538 1.766
0.099 2.506 2.148
-1.798 -1.495 2.262
0.921 -1.981 2.125
1.476 1.531 2.014
-0.205 1.675 1.840
-1.538 1.242 2.337
-1.554 -0.780 2.229
-1.599 -1.117 2.231
1.776 -0.189 2.126
1.381 -0.906 2.125
-1.638 -1.468 2.139
-1.553 -1.300 2.187
0.702 -2.181 2.129
1.719 -1.269 2.127
2.088 -0.950 2.125
0.616 1.626 1.681
-1.784 -1.273 1.964
-1.448 -2.205 2.121
-1.386 -2.156 2.133
-0.445 -2.626 2.141
1.664 -2.383 2.104
0.676 -2.739 2.149
0.792 -2.659 2.152
0.908 -2.748 2.149
2.221 -2.077 2.128
1.974 -1.549 2.128
2.501 -1.749 2.128
2.348 -1.636 2.135
2.200 -1.513 2.127
2.660 -1.578 2.138
2.302 -1.332 2.128
2.568 -1.300 2.129
2.186 -1.159 2.132
2.674 -1.171 2.129
2.740 -0.007 2.133
2.344 -0.850 2.128
2.987 -0.798 2.137
3.039 -0.584 2.127
2.707 -0.380 2.131
2.522 -0.397 2.126
2.894 -0.161 2.126
2.345 1.320 2.116
1.958 2.257 2.148
1.148 2.718 2.145
1.824 2.263 2.150
-0.257 3.154 2.163
0.142 2.981 2.152
-0.756 3.174 2.165
-0.911 2.716 2.163
-1.020 3.105 2.174
-1.445 2.536 2.093
-1.774 1.773 1.899
-2.060 1.837 2.104
-2.127 1.844 2.070
-3.111 0.914 2.131
-2.898 -0.268 2.137
-3.322 -0.211 2.144
-3.092 -1.292 2.160
-1.927 -3.006 2.227
-1.761 -3.112 2.270
-1.339 -3.236 2.165
-0.884 -3.361 2.166
-0.462 -3.451 2.159
-0.874 -3.564 2.180
0.485 -3.517 2.172
0.604 -3.644 2.163
1.046 -3.254 2.173
2.496 -2.941 2.168
1.473 -3.160 2.180
2.037 -2.997 2.164
3.260 -1.286 2.147
3.513 -2.424 2.172
2.299 -3.100 2.175
2.260 -2.864 2.159
2.904 -1.869 2.148
3.631 -0.924 2.149
3.222 -1.824 2.145
4.196 -0.715 2.089
4.222 -0.405 2.104
3.782 -0.385 2.152
3.456 -1.415 2.146
3.617 -0.192 2.149
4.107 0.456 2.155
4.050 0.728 2.154
3.839 0.655 2.152
3.998 1.060 2.153
3.807 0.922 2.153
3.750 1.175 2.143
3.583 1.005 2.141
3.506 1.336 2.026
3.565 1.264 2.141
3.024 1.381 1.800
2.385 1.432 1.466
2.018 1.900 1.474
2.060 2.334 1.713
2.093 2.732 1.873
0.563 4.223 2.178
-1.396 3.148 1.602
1.151 4.029 2.172
-1.475 2.774 1.536
-1.515 2.400 1.365
-1.314 1.776 1.157
-1.981 -3.438 1.734
-2.031 -4.267 2.050
-2.086 -5.180 2.393
-1.626 -4.825 2.218
-0.638 -5.364 2.222
-0.334 -5.223 2.222
-0.119 -5.042 2.218
-0.012 -5.246 2.215
1.499 -4.752 2.200
1.742 -5.004 2.198
1.888 -5.686 2.189
2.122 -4.549 2.196
4.028 -2.693 1.809
3.839 -4.782 2.173
3.883 -4.191 1.982
3.911 -3.981 2.087
5.709 -2.261 2.181
3.952 -3.487 1.954
6.024 0.312 2.110
3.982 -3.092 1.842
5.932 0.237 2.195
3.045 1.367 1.285
5.946 -0.556 2.101
2.439 1.428 1.027
4.271 -0.432 1.662
4.789 1.239 1.681
3.939 1.303 1.429
4.053 1.294 1.595
3.287 1.339 1.292
2.763 1.395 1.046
2.021 1.839 0.999
2.053 2.166 1.082
2.115 2.842 1.232
1.879 4.774 1.728
2.238 4.744 1.695
1.826 4.778 1.662
1.178 4.842 1.678
1.410 4.795 1.634
0.926 4.831 1.629
-0.455 1.826 0.743
-1.375 3.450 1.344
-1.426 3.015 1.267
-1.586 0.385 0.605
-1.539 -1.475 0.668
5.445 -5.893 2.210
1.221 4.842 0.830
4.187 1.276 0.779
0.219 1.675 0.470
5.502 -5.293 2.120
3.599 1.329 0.826
5.559 -4.697 1.977
-1.660 0.636 0.468
4.223 -0.257 0.921
2.600 1.415 0.672
5.972 -0.282 1.358
3.646 -7.012 2.212
-1.939 -3.165 1.035
5.639 -3.661 1.242
-1.737 -0.573 0.391
0.707 -8.020 2.245
5.728 -2.684 1.675
5.708 -2.438 1.302
-1.749 -0.717 0.398
4.193 -1.319 0.675
4.232 -0.979 0.642
4.366 0.453 0.602
3.521 1.332 0.397
3.009 1.383 0.353
2.624 1.415 0.344
-1.391 3.381 0.389
-1.399 2.380 0.335
-1.643 -1.438 0.183
6.068 0.042 0.097
3.700 1.330 0.123
3.146 1.392 0.077
0.291 3.354 -0.023
-1.340 -1.516 0.095
-1.690 -2.730 0.182
-0.504 -2.740 0.105
-0.478 1.838 0.110
4.335 0.253 0.588
12.176 1.431 1.089
1.374 4.756 0.548
-1.320 -3.107 0.344
1.064 4.862 0.646
-1.093 -3.135 0.373
3.623 1.335 0.182
1.097 1.488 0.220
3.400 1.335 0.467
-1.432 1.773 0.335
-1.820 1.769 0.337
-1.928 -3.039 0.533
0.823 -10.611 1.830
5.609 -4.145 1.457
5.711 -2.484 1.295
4.952 1.185 0.994
5.973 -0.268 1.447
3.866 1.291 0.969
2.384 1.427 0.810
2.011 1.841 0.760
-1.421 1.768 0.667
-1.693 0.665 0.625
-1.927 -3.009 0.977
-1.930 -2.987 1.214
-2.010 -3.660 1.142
-1.940 -3.194 1.341
-2.055 -4.436 1.333
-2.003 -3.795 1.541
-2.043 -4.225 1.563
-2.067 -4.622 1.795
-1.877 -6.201 2.229
-1.238 -7.736 2.241
-1.500 -6.321 2.230
0.584 -6.448 2.205
1.360 -6.722 2.188
1.843 -6.425 2.215
2.675 -6.225 2.220
3.936 -3.751 1.869
3.964 -3.391 1.850
5.661 -3.817 2.130
6.000 0.234 2.184
6.009 0.457 2.027
3.814 1.318 1.664
3.474 1.341 1.422
3.027 1.374 1.183
2.958 1.379 1.323
1.429 4.806 1.935
-1.457 2.856 1.348
-1.493 2.283 1.204
-1.343 1.769 0.996
-1.649 1.813 1.080
-1.557 1.788 1.068
-1.677 0.473 0.863
-1.714 0.244 0.808
-1.370 -1.992 1.210
-1.927 -2.968 1.847
-2.011 -4.036 2.337
-1.742 -4.382 2.223
-1.699 -4.687 2.225
-1.570 -4.129 2.212
-1.370 -4.764 2.214
-1.388 -3.987 2.198
-0.855 -4.543 2.204
-0.411 -4.382 2.205
-0.012 -4.718 2.207
-0.353 -4.251 2.203
0.647 -4.549 2.200
0.972 -4.370 2.198
0.977 -4.249 2.192
1.226 -4.157 2.191
1.499 -4.076 2.187
1.772 -3.984 2.189
1.287 -4.130 2.190
1.550 -4.054 2.188
1.986 -3.871 2.191
1.777 -3.935 2.188
2.937 -3.120 2.168
2.235 -3.658 2.179
3.336 -2.630 2.170
3.495 -2.763 2.176
2.526 -3.512 2.182
2.753 -3.305 2.186
2.855 -3.070 2.170
4.144 -1.346 2.076
3.580 -1.917 2.156
4.161 -1.037 2.084
3.900 -0.581 2.147
3.692 -0.418 2.154
3.914 -1.670 2.170
3.757 -1.410 2.151
4.217 -0.443 2.035
4.250 -0.161 2.059
3.639 0.295 2.146
4.149 0.306 2.155
3.845 0.429 2.151
3.776 0.715 2.150
4.330 0.795 2.164
3.354 1.191 2.140
3.172 1.366 2.036
2.102 2.760 1.880
2.110 2.815 1.988
2.106 2.850 2.134
2.145 3.271 2.014
-0.037 1.776 1.090
1.511 3.181 2.165
1.429 3.855 2.168
-1.389 3.124 2.034
-1.352 3.505 2.199
-1.438 2.849 1.921
-0.436 3.653 2.179
1.025 3.408 2.162
-1.252 3.949 2.401
-1.057 3.532 2.175
-1.718 1.801 1.544
-3.208 0.821 2.143
-1.771 -0.987 1.288
-1.922 -2.965 2.164
-1.445 -3.099 2.168
-0.110 -2.988 2.143
0.617 -3.060 2.149
1.856 -2.415 2.129
2.119 -1.909 2.130
2.319 -1.571 2.134
2.538 0.300 2.115
2.921 0.448 2.120
2.332 1.437 1.916
2.563 0.894 2.121
2.721 1.026 2.109
1.935 1.480 1.851
2.597 1.250 2.122
1.782 2.419 2.145
1.588 2.502 2.139
-0.326 2.640 2.157
-0.994 2.450 2.158
-2.764 0.201 2.141
-1.890 -0.916 1.640
1.070 -2.024 2.174
1.086 -2.055 2.131
1.795 -1.296 2.127
2.062 -1.461 2.122
2.202 -1.174 2.125
2.365 0.694 2.106
-0.214 1.669 1.773
-1.414 1.780 2.271
-1.776 -1.265 2.234
-1.427 0.914 2.240
-1.096 1.228 2.127
-1.680 0.576 1.825
-1.667 -0.582 2.246
-1.689 -0.704 2.307
-1.649 -0.333 2.168
-1.582 -0.885 2.252
1.728 -1.545 2.124
1.292 -1.344 2.127
2.038 -1.147 2.129
1.767 -0.929 2.125
-1.610 1.243 1.796
-1.782 -1.223 1.969
-1.362 -1.795 1.996
0.777 -2.234 2.139
1.024 -2.214 2.121
1.505 -2.281 2.106
2.242 -1.422 2.130
2.093 -1.279 2.128
2.563 -1.362 2.126
2.191 -1.196 2.131
2.340 -0.904 2.134
2.579 -0.743 2.131
2.838 -0.601 2.132
2.655 -0.610 2.127
2.382 1.242 2.114
1.749 1.509 1.771
0.976 2.610 2.140
-0.393 2.877 2.162
-1.573 1.776 1.735
0.613 1.629 1.437
-0.821 2.745 2.160
0.507 2.701 2.150
-0.982 2.693 2.157
0.293 2.695 2.157
-1.413 2.661 2.371
-2.822 -0.698 2.139
-1.787 -1.061 1.589
-0.940 -3.055 2.159
-1.275 -2.932 2.143
0.399 -3.303 2.154
-0.740 -3.097 2.156
0.550 -3.464 2.162
-0.543 -3.135 2.159
0.896 -3.281 2.160
-0.647 -3.216 2.157
0.937 -3.118 2.151
-0.482 -3.225 2.159
1.146 -3.072 2.162
-0.285 -3.202 2.153
-0.401 -3.291 2.158
1.356 -3.185 2.180
-0.261 -3.282 2.159
1.541 -3.117 2.165
0.161 -3.237 2.151
2.470 -2.868 2.161
2.861 -1.308 2.132
2.149 -2.235 2.146
3.671 -1.362 2.155
2.939 -1.089 2.135
2.293 -2.093 2.143
2.900 -2.092 2.148
2.558 -1.784 2.141
3.889 -0.499 2.157
3.056 -1.887 2.146
3.212 -1.723 2.141
3.447 -0.317 2.145
3.284 0.297 2.140
2.755 -1.443 2.135
3.832 0.923 2.141
3.544 -1.614 2.152
3.324 -1.443 2.147
3.448 0.652 2.142
3.934 0.356 2.154
3.704 0.268 2.154
3.609 1.049 2.139
3.383 0.894 2.138
3.881 0.606 2.153
3.236 1.354 2.107
3.162 1.214 2.128
1.995 1.488 1.471
2.088 2.638 1.938
1.871 3.418 2.161
1.660 3.419 2.160
1.244 3.593 2.160
0.914 3.687 2.163
1.082 3.756 2.170
0.540 3.695 2.172
0.869 3.845 2.168
0.570 3.973 2.166
-0.077 1.770 1.142
-1.888 1.796 1.473
-1.928 -2.959 1.719
-0.321 -4.504 2.207
-0.760 -4.851 2.212
-0.200 -4.664 2.208
-0.008 -4.519 2.208
-1.381 -4.418 2.215
-0.135 -4.780 2.207
-1.377 -4.467 2.211
-0.860 -4.437 2.207
0.383 -4.668 2.202
-1.358 -4.620 2.219
0.620 -4.430 2.201
0.479 -4.804 2.183
1.935 -4.049 2.193
2.427 -3.772 2.186
1.538 -4.758 2.195
3.467 -3.877 2.201
3.894 -3.994 2.206
3.334 -3.044 2.175
3.947 -3.532 2.035
4.017 -2.667 1.850
0.147 1.823 0.761
4.027 -2.575 2.002
4.037 -2.497 2.119
-0.071 1.775 0.777
-1.790 -1.387 0.847
-1.421 1.783 0.887
1.816 4.791 1.943
4.278 0.182 1.819
1.913 4.762 1.927
4.156 -1.556 1.798
-0.456 1.825 0.785
4.123 -1.513 2.034
1.410 4.814 1.845
-1.932 -3.033 1.208
-1.353 3.536 1.322
3.727 1.324 1.586
4.086 1.299 1.874
-1.775 -0.979 0.739
2.072 2.341 1.294
3.138 1.362 1.400
-1.762 -1.232 0.741
-1.708 -0.202 0.656
3.856 -4.727 1.931
5.448 -5.823 2.027
3.771 -5.717 1.995
3.792 -5.349 1.769
5.587 -4.496 1.812
5.594 -4.270 1.984
5.639 -3.741 1.889
5.672 -3.340 1.642
5.710 -3.107 1.996
5.696 -2.493 1.349
5.971 -0.295 1.227
4.216 1.285 1.137
3.403 1.349 0.849
2.900 1.384 0.740
3.035 1.381 0.872
1.394 1.571 0.582
1.985 1.476 0.640
1.122 1.625 0.534
-1.600 0.405 0.524
-1.747 -1.171 0.506
5.689 -2.608 1.085
4.369 0.394 0.606
4.249 -0.760 0.655
4.263 -0.510 0.576
4.127 1.291 0.526
3.520 1.336 0.563
3.017 1.381 0.504
1.921 1.462 0.301
1.934 1.445 0.321
-0.476 1.821 0.306
1.371 4.766 0.467
-1.439 2.985 0.406
2.419 1.438 0.075
-0.638 1.839 0.010
0.283 -2.971 0.118
-0.523 -2.669 0.063
1.132 -1.053 0.186
-0.319 -2.205 0.207
1.009 -2.390 0.230
-0.173 -2.109 0.208
0.356 -2.900 0.264
6.025 -0.066 0.580
1.974 1.478 0.215
-1.626 0.669 0.317
-1.675 0.422 0.305
-1.682 0.282 0.323
5.709 -2.233 1.209
5.950 -0.421 1.089
3.658 1.323 0.886
2.752 1.396 0.765
2.419 1.427 0.695
1.191 4.842 0.895
0.152 1.684 0.382
0.500 4.910 0.900
-1.680 0.411 0.496
-1.859 -7.565 2.243
5.697 -3.298 1.956
5.711 -2.347 1.841
4.365 1.260 1.666
4.377 1.250 1.280
3.684 1.324 1.439
3.648 1.327 1.079
3.474 1.331 1.200
3.164 1.368 1.294
2.969 1.376 1.047
2.383 1.425 1.084
2.116 2.885 1.293
2.120 2.878 1.400
0.725 1.620 0.605
1.787 4.799 1.903
1.020 4.850 1.761
-0.059 1.775 0.702
-1.457 2.868 1.221
-1.666 -0.013 0.706
-1.471 -4.428 2.213
0.646 -4.631 2.205
-1.169 -4.511 2.209
0.957 -4.671 2.204
1.741 -4.539 2.193
-0.208 -5.243 2.217
0.845 -4.991 2.212
2.765 -3.738 2.191
0.830 -4.865 2.213
2.890 -3.747 2.191
3.227 -3.323 2.186
3.468 -3.064 2.182
4.125 -1.564 1.937
4.168 -1.069 2.006
4.172 -0.936 1.888
4.196 -0.734 2.013
4.205 -0.556 2.087
3.980 -1.995 2.169
3.782 0.972 2.144
4.358 0.940 1.955
4.035 -0.042 2.151
3.772 1.219 2.140
3.977 0.217 2.147
3.469 1.344 2.044
3.607 1.330 1.759
4.274 0.132 1.997
3.157 1.365 1.781
3.950 0.451 2.161
4.287 0.288 1.888
4.311 0.448 2.054
2.098 4.116 2.166
1.761 4.184 2.174
1.718 3.941 2.173
1.083 4.326 2.171
0.779 3.796 2.170
-1.453 2.729 1.739
-1.400 3.058 1.861
-1.388 3.235 1.962
-0.466 1.829 1.077
-1.500 2.316 1.559
-1.597 1.223 1.273
-1.482 -2.992 2.163
-1.281 -3.286 2.168
-0.400 -3.225 2.154
-0.978 -3.046 2.159
0.111 -3.422 2.156
-0.812 -3.122 2.155
-0.429 -3.565 2.162
0.565 -3.311 2.161
-0.328 -3.423 2.162
1.380 -2.984 2.170
0.727 -3.186 2.150
1.184 -3.096 2.173
1.997 -2.724 2.146
2.144 -2.551 2.138
2.245 -2.374 2.145
2.332 -2.452 2.144
2.435 -1.987 2.138
2.558 -2.053 2.135
2.652 -2.116 2.135
2.626 -1.832 2.132
3.196 0.217 2.146
2.747 0.424 2.121
2.814 0.880 2.110
2.957 1.037 2.118
2.023 1.857 1.818
2.874 1.226 2.114
2.042 2.259 2.140
1.146 2.960 2.161
1.810 2.671 2.148
1.697 2.488 2.147
1.623 2.412 2.147
0.249 3.074 2.154
0.086 2.867 2.161
-0.680 2.756 2.160
-0.967 2.703 2.159
-1.475 2.330 2.047
-1.804 -1.476 1.758
-1.711 0.474 1.528
-2.884 0.482 2.138
-1.261 -2.280 2.132
-2.751 -0.142 2.137
2.103 -1.326 2.121
2.292 -0.884 2.130
2.628 0.001 2.122
1.465 1.525 2.045
-0.868 1.727 1.922
1.714 -0.204 2.123
-1.583 -1.401 2.206
-0.763 -1.574 2.136
1.423 -0.815 2.123
-1.677 -0.488 2.295
1.306 -1.220 2.127
1.682 -0.923 2.127
-0.062 1.650 1.770
-1.553 1.274 1.872
1.979 -1.509 2.121
1.826 -1.381 2.129
2.594 -0.811 2.125
2.528 -0.259 2.118
1.489 2.149 2.138
0.720 2.426 2.153
0.350 2.516 2.155
-0.116 2.690 2.155
-0.319 2.682 2.152
-1.625 0.517 1.364
-3.006 0.274 2.130
-2.788 0.174 2.138
-2.976 0.069 2.136
-1.747 -0.017 1.612
-2.982 -0.354 2.135
-1.772 -0.965 1.587
-0.760 -2.836 2.155
0.373 -2.925 2.153
0.579 -3.208 2.154
0.778 -2.885 2.155
0.836 -3.140 2.148
-0.036 -3.172 2.155
1.041 -2.692 2.145
1.295 -3.099 2.169
2.307 -2.352 2.136
2.209 -1.916 2.133
2.731 -2.208 2.142
2.875 -2.024 2.145
2.911 -1.185 2.130
3.450 -1.120 2.148
3.014 0.206 2.135
3.367 0.601 2.143
3.021 0.579 2.140
3.424 1.202 2.136
3.159 -0.384 2.129
3.646 -0.101 2.143
3.158 1.304 2.131
3.638 0.158 2.142
1.913 1.476 1.631
2.376 1.436 1.707
2.082 2.589 2.061
3.187 0.273 2.130
2.064 2.805 2.158
2.436 1.427 1.920
1.383 3.159 2.156
0.654 3.542 2.170
1.479 3.098 2.157
0.398 3.667 2.173
1.285 3.273 2.163
-0.165 3.596 2.175
-0.710 3.282 2.176
-1.432 2.805 1.939
-1.461 2.450 1.821
1.333 -3.860 2.176
-0.923 -4.169 2.192
-0.419 -4.095 2.183
4.002 -2.876 2.076
4.238 -0.256 1.903
-0.353 -4.202 2.190
-0.134 -4.082 2.187
-0.304 -4.300 2.196
2.106 -4.073 2.198
4.032 -2.468 2.158
4.258 0.030 1.916
2.057 -3.505 2.180
-0.260 -4.501 2.203
-1.943 -3.249 2.057
-0.051 -4.341 2.205
4.291 0.328 1.877
-2.012 -3.820 2.296
0.203 -4.218 2.191
0.368 -4.057 2.183
3.711 -1.866 2.159
0.036 -4.529 2.206
2.699 -4.117 2.195
-1.788 -1.331 1.269
2.672 -3.777 2.194
0.432 -4.176 2.198
3.836 -1.672 2.161
-2.019 -3.954 2.334
0.556 -4.398 2.201
0.923 -3.998 2.185
4.325 0.849 2.162
-1.639 -3.902 2.206
0.690 -4.601 2.201
4.080 1.301 1.822
-1.143 -4.007 2.201
-1.383 -4.063 2.202
3.691 1.325 1.792
3.293 1.358 1.700
2.386 1.429 1.300
2.103 1.457 1.212
2.142 3.140 1.633
2.015 1.796 1.192
2.083 2.582 1.477
1.105 4.843 2.103
1.322 4.816 2.047
-1.383 3.343 1.511
-1.375 3.415 1.389
-1.440 2.905 1.228
-1.606 -1.462 0.911
-1.378 -1.995 0.962
-1.966 -3.303 1.391
-1.979 -3.378 1.471
-2.031 -4.070 1.589
-1.686 -6.294 2.232
3.879 -4.351 1.907
5.663 -3.659 2.151
5.683 -3.313 1.880
6.083 1.050 1.783
2.070 2.412 0.903
3.518 1.335 1.096
2.865 1.387 0.833
2.884 1.386 0.915
3.048 1.370 1.055
2.661 1.400 0.947
1.987 1.479 0.739
-1.436 2.545 0.915
-1.680 0.703 0.480
-1.676 0.253 0.524
-1.742 -1.109 0.541
-1.591 -10.102 2.053
5.706 -3.046 1.368
3.517 1.332 0.593
2.010 1.788 0.383
1.246 4.841 0.709
1.301 4.837 0.655
0.561 4.912 0.679
-1.396 1.765 0.447
-1.370 3.509 0.569
-1.438 2.967 0.527
-1.438 2.997 0.482
-1.239 1.809 0.468
0.301 -2.831 0.224
3.280 1.351 0.137
2.837 1.402 0.072
2.834 1.394 0.136
-0.057 1.779 0.122
-1.405 3.197 0.232
-1.382 2.230 0.144
-1.628 0.756 0.038
-1.378 -2.018 0.151
-1.083 -2.847 0.105
0.411 3.346 -0.086
-1.359 -2.680 0.235
0.493 -2.694 0.132
0.908 -3.020 0.129
1.671 -2.798 0.219
0.409 1.625 0.188
-0.687 1.866 0.221
0.596 -2.953 0.461
4.208 -1.271 0.638
5.957 -0.311 1.057
2.006 1.785 0.359
0.929 4.871 0.810
3.583 -7.655 2.079
5.383 -6.026 1.983
2.992 1.377 0.845
6.073 0.996 1.904
3.665 1.323 1.249
2.046 2.142 1.051
-1.396 3.184 1.088
-1.378 -2.019 1.124
-1.892 -6.020 2.232
1.117 -5.304 2.220
1.412 -5.295 2.206
1.770 -5.308 2.200
2.688 -4.609 2.203
2.504 -4.749 2.203
3.643 -3.594 2.194
3.719 -3.629 2.199
3.824 -3.340 2.193
3.975 -3.311 2.148
4.025 -2.671 2.158
4.164 -1.034 1.885
4.212 -0.441 1.906
4.222 -0.330 1.806
4.271 0.078 1.951
4.316 0.532 2.104
3.899 1.319 2.008
2.139 3.135 1.586
2.146 3.144 1.691
2.136 3.172 1.843
2.136 3.188 1.927
1.377 4.093 2.167
0.522 4.490 2.187
0.544 4.340 2.182
-1.480 2.637 1.528
-1.399 3.067 1.702
-0.453 1.831 0.979
-1.601 1.816 1.246
-1.767 -0.978 1.038
-1.742 -1.132 1.103
-1.782 -1.340 1.168
-1.653 -1.460 1.129
-1.924 -2.921 1.864
-1.952 -3.500 2.368
-1.540 -3.588 2.187
-1.219 -3.898 2.197
-0.924 -3.562 2.180
-0.080 -3.907 2.177
-0.058 -3.755 2.175
0.187 -3.755 2.172
0.379 -3.819 2.177
3.078 -0.268 2.129
1.704 2.472 2.138
3.748 -0.544 2.165
2.836 1.382 2.001
2.795 0.126 2.121
-2.951 -0.298 2.146
-1.033 -2.590 2.142
-1.460 2.439 1.977
3.730 -0.312 2.152
2.671 1.408 1.756
1.579 -3.257 2.164
1.627 3.107 2.158
1.138 -3.500 2.167
-1.775 -0.396 1.568
0.733 -3.569 2.171
-1.672 0.582 1.403
3.294 0.067 2.141
0.967 -3.523 2.172
1.648 -3.232 2.169
1.417 2.648 2.138
-1.674 -1.471 1.574
1.397 3.216 2.161
-0.602 3.141 2.161
2.664 -1.006 2.128
1.014 -3.508 2.168
1.860 -3.127 2.166
1.400 -3.364 2.165
3.768 0.249 2.156
2.013 1.471 1.504
3.507 0.372 2.145
2.138 -2.819 2.158
1.046 2.948 2.146
2.393 -0.513 2.126
-0.615 3.067 2.166
3.389 -1.571 2.145
3.301 -1.314 2.150
1.949 1.475 2.027
3.463 0.621 2.141
0.834 3.172 2.167
-2.058 1.831 1.941
-0.237 -2.826 2.150
3.648 0.751 2.147
0.599 3.357 2.163
-1.368 3.181 2.385
-1.365 -1.889 1.957
-1.856 -0.912 1.649
2.042 2.173 2.054
2.486 -2.251 2.139
3.113 -0.664 2.143
2.436 -0.174 2.116
-3.133 0.390 2.135
1.092 -2.494 2.135
-1.411 2.940 2.317
3.226 -0.654 2.128
2.019 2.436 2.152
-3.012 0.121 2.138
3.075 -0.468 2.130
1.833 2.278 2.135
0.467 2.987 2.154
3.425 1.318 2.135
2.089 2.882 2.143
3.206 1.290 2.135
1.973 2.691 2.153
-1.439 2.569 2.073
2.324 1.440 2.078
-1.268 -2.361 2.135
1.784 2.543 2.155
0.219 3.102 2.155
-0.937 1.744 1.448
0.838 1.587 1.767
-1.629 1.131 1.835
-0.132 2.279 2.136
-1.781 -1.268 2.029
-1.670 -1.471 2.235
-1.305 1.459 2.172
-1.603 0.757 2.230
-1.611 -1.462 2.229
1.401 -0.958 2.127
-0.827 1.607 2.126
1.950 -1.011 2.128
0.799 1.619 1.698
0.526 2.297 2.140
-0.441 2.308 2.150
-1.668 0.838 1.859
2.774 0.064 2.130
2.013 1.755 1.777
2.775 -1.259 2.135
3.084 0.429 2.145
0.998 3.012 2.155
-1.824 -0.290 1.654
1.069 2.988 2.161
-0.754 3.228 2.174
-1.672 -1.476 1.821
2.761 0.261 2.131
3.111 -1.116 2.130
0.384 -2.851 2.145
2.921 -1.065 2.140
3.044 0.637 2.135
0.730 3.118 2.159
-2.054 1.833 1.897
2.946 -0.863 2.130
-1.189 3.119 2.234
2.026 1.981 2.029
0.692 -2.958 2.149
0.760 -2.819 2.142
1.958 2.498 2.144
2.821 -0.653 2.127
2.787 0.954 2.112
1.962 -1.816 2.131
2.642 0.803 2.117
-1.407 2.968 1.998
-1.377 -2.027 1.875
1.015 -2.598 2.152
-1.443 2.580 1.971
3.350 -0.182 2.143
1.542 2.820 2.149
-1.496 2.307 1.877
-1.329 -2.330 2.139
0.012 3.354 2.160
2.296 1.434 1.924
-0.282 3.128 2.155
2.414 -1.524 2.126
1.488 2.722 2.145
2.702 -1.378 2.128
-0.567 3.126 2.158
1.487 -2.334 2.110
2.905 0.136 2.134
-1.806 -1.447 1.466
-1.624 -1.469 1.326
-1.405 -1.486 1.316
-1.354 -1.855 1.386
-1.374 -2.080 1.489
-1.947 -3.420 2.315
-1.928 -2.963 2.083
-1.659 -3.409 2.176
-1.261 -3.551 2.180
-1.017 -3.587 2.179
-1.208 -3.595 2.177
-0.930 -3.656 2.187
-0.772 -3.673 2.178
-0.973 -3.722 2.183
1.114 -3.525 2.162
2.629 -2.554 2.154
-0.748 -3.705 2.179
3.132 -2.831 2.167
3.480 1.334 1.918
2.749 1.398 1.443
3.013 1.354 1.685
-0.263 -3.793 2.180
-0.402 -4.018 2.189
2.584 1.408 1.562
-0.212 -3.907 2.177
0.208 -3.686 2.176
2.245 -3.799 2.186
4.089 -1.988 2.171
0.340 -3.961 2.184
2.024 1.880 1.355
2.395 -3.104 2.166
0.595 -3.945 2.184
3.881 0.558 2.140
2.061 2.234 1.455
2.602 -2.955 2.166
3.117 -3.281 2.176
3.829 1.316 1.835
2.089 2.604 1.585
4.010 1.308 2.042
4.048 1.269 2.149
0.516 4.908 2.183
1.552 4.307 2.174
1.145 4.412 2.175
0.589 4.536 2.177
-1.309 1.765 1.034
-1.690 0.360 0.804
-1.742 -0.170 0.838
-1.796 -1.426 1.036
-1.371 -2.086 1.048
1.354 -5.276 2.206
0.031 -5.732 2.228
3.375 -4.874 2.212
3.697 -4.665 2.213
3.880 -4.298 2.148
3.958 -3.374 1.914
5.591 -4.430 2.170
5.661 -3.683 2.207
4.040 -2.507 1.855
5.703 -3.200 2.163
4.059 -2.146 1.789
5.725 -2.300 1.834
5.758 -2.162 2.128
5.991 0.253 2.134
6.062 0.743 1.917
5.934 -0.565 1.900
5.938 -0.558 2.026
5.962 -0.157 2.034
5.961 -0.168 2.133
6.017 0.294 1.895
6.011 0.249 2.059
3.786 1.305 1.193
4.153 1.286 1.573
3.391 1.334 1.266
0.815 1.617 0.627
0.288 1.683 0.632
-0.481 1.815 0.684
-1.452 2.509 1.024
-1.435 2.543 0.936
-1.647 0.476 0.518
-2.014 -3.675 1.123
-1.376 -2.106 0.716
-0.007 -10.249 2.199
3.794 -5.310 1.646
5.544 -4.785 1.604
5.965 -0.265 1.040
2.988 1.380 0.655
4.103 1.278 0.863
3.445 1.334 0.763
1.664 4.814 0.828
1.062 4.860 0.762
0.496 4.915 0.858
0.634 4.627 0.774
-1.367 3.503 0.638
-1.406 3.121 0.467
-1.401 2.522 0.454
-1.678 0.347 0.368
-1.612 -1.430 0.348
-1.422 -1.494 0.290
5.774 -2.292 0.409
2.160 1.459 0.177
1.920 1.514 0.184
-1.410 3.205 0.286
-1.580 -1.481 0.141
2.008 1.764 0.074
0.693 3.322 -0.060
0.697 3.326 -0.071
0.209 1.670 0.061
-0.173 1.749 -0.000
-1.236 -2.494 0.092
0.506 3.344 -0.029
-1.384 1.762 -0.074
0.022 1.752 0.160
-0.207 -2.187 0.158
4.238 -0.230 0.144
0.254 -3.260 0.403
0.369 -2.783 0.329
1.123 -2.493 0.328
4.338 0.184 0.532
2.212 1.447 0.274
4.280 -0.345 0.555
4.223 -0.322 0.305
2.933 1.398 0.231
-1.371 3.534 0.554
-1.401 2.470 0.472
-1.740 -1.110 0.501
5.730 -2.193 1.535
3.784 1.314 1.050
-0.429 1.747 0.584
-1.553 -6.945 2.227
-1.931 -3.035 1.108
2.440 -5.824 2.204
3.956 -3.411 2.018
3.909 -4.045 2.018
3.217 -5.187 2.213
3.946 -3.560 1.898
4.001 -2.916 1.898
4.062 -2.195 1.824
6.404 -1.115 2.211
4.313 0.599 1.906
4.349 0.921 1.938
4.385 1.264 2.006
3.224 1.343 1.240
2.917 1.384 1.336
2.804 1.389 1.454
2.074 2.394 1.352
2.099 2.775 1.485
2.152 3.362 1.505
2.144 3.374 1.607
2.149 4.761 2.072
1.457 4.821 2.120
1.165 4.792 2.192
0.596 4.686 1.852
0.626 4.709 1.927
0.738 4.701 2.031
0.829 4.881 2.202
-1.469 2.813 1.452
-1.597 1.700 1.158
-1.784 -1.032 1.062
-1.934 -3.122 1.757
-1.932 -2.955 1.988
-2.004 -3.818 2.267
-0.624 -4.415 2.206
-1.686 -3.482 2.181
-1.634 -4.056 2.213
-1.301 -3.682 2.183
-1.179 -3.929 2.192
0.299 -4.289 2.199
-0.901 -4.009 2.194
0.213 -3.960 2.182
0.868 -4.098 2.190
0.473 -3.944 2.179
0.700 -3.962 2.184
1.127 -3.913 2.186
1.580 -3.666 2.170
1.861 -3.526 2.171
2.977 -2.209 2.149
3.062 -2.510 2.154
3.199 -2.557 2.161
3.197 -1.752 2.144
3.282 -1.734 2.144
3.453 -0.412 2.143
4.114 -0.727 2.165
3.905 -0.561 2.145
2.826 -2.411 2.150
2.922 -2.707 2.162
3.486 -1.296 2.149
3.854 -1.614 2.162
4.145 -0.224 2.159
3.820 -1.036 2.158
3.845 -0.824 2.150
3.654 -0.616 2.144
3.721 1.061 2.140
3.317 1.286 2.129
3.290 1.354 1.885
3.122 1.359 1.918
2.795 1.388 1.713
2.022 1.950 1.662
2.065 2.387 2.041
1.940 2.587 2.140
2.052 3.124 2.156
1.904 2.918 2.152
1.533 3.323 2.161
0.414 3.328 2.157
0.787 3.667 2.162
-0.164 3.428 2.166
-0.542 3.511 2.169
0.597 3.192 2.148
-1.406 3.010 2.112
-0.739 -3.034 2.165
-0.551 -3.102 2.161
-1.466 -2.714 2.150
-0.348 -3.089 2.165
0.176 -2.843 2.144
0.555 -2.853 2.148
2.053 -1.863 2.126
1.099 -2.701 2.153
1.088 -2.754 2.157
2.788 0.188 2.124
2.963 -0.532 2.125
2.588 -0.262 2.119
2.640 0.740 2.124
2.387 1.318 2.121
1.152 2.407 2.142
0.124 2.429 2.149
-0.916 2.366 2.150
-2.436 0.928 2.141
-1.677 -0.613 1.595
-1.764 -0.384 1.607
-1.771 -1.248 1.802
2.010 -0.536 2.114
2.384 -0.414 2.123
1.333 1.534 1.972
-1.582 1.146 2.032
-1.640 -0.157 2.276
-0.532 -1.724 2.123
-1.055 1.434 2.125
-1.642 0.525 2.273
2.376 0.415 2.109
0.014 2.279 2.150
-0.313 1.669 1.754
-2.246 1.157 2.134
-1.630 0.433 1.569
-1.733 -0.102 1.596
-1.033 -2.339 2.129
-1.372 -1.984 2.050
-1.377 -2.024 2.112
1.349 -2.502 2.120
1.443 -2.104 2.102
2.223 -1.030 2.128
2.963 -0.688 2.135
2.654 0.239 2.129
3.040 -0.272 2.134
2.504 0.278 2.125
2.625 -0.290 2.130
2.831 -0.080 2.137
2.463 0.501 2.112
2.649 -0.139 2.127
2.838 0.111 2.136
2.256 1.348 2.119
1.906 1.471 1.793
2.146 1.453 1.933
2.018 1.925 1.985
1.704 2.332 2.145
1.292 2.577 2.148
0.865 2.770 2.146
-0.823 2.888 2.162
-0.994 2.865 2.164
0.241 2.908 2.162
-1.390 2.683 2.378
-1.738 1.792 1.718
-1.432 2.753 2.111
-0.411 2.866 2.158
-1.622 1.116 1.498
-1.477 1.771 1.656
-2.843 -0.318 2.149
-1.902 -0.923 1.572
-1.787 -1.302 1.421
-1.790 -1.493 1.498
-1.944 -3.065 2.289
-1.594 -2.993 2.163
-0.816 -3.245 2.163
-1.130 -3.215 2.160
-0.952 -3.263 2.157
-1.386 -3.029 2.166
-0.704 -3.474 2.169
0.847 -3.184 2.155
0.821 -3.720 2.177
0.894 -3.506 2.166
1.060 -3.668 2.174
1.144 -3.440 2.165
-0.233 -3.621 2.175
1.210 -3.258 2.176
0.331 -3.409 2.159
1.582 -3.319 2.169
0.229 -3.664 2.174
1.659 -3.113 2.156
0.378 -3.571 2.167
0.528 -3.392 2.159
1.875 -3.429 2.172
0.509 -3.692 2.174
1.930 -2.649 2.156
2.326 -3.179 2.174
2.724 -2.239 2.151
3.769 -1.096 2.152
4.102 -0.903 2.163
3.814 -0.862 2.147
4.139 -0.584 2.164
3.600 -0.614 2.145
3.905 -0.317 2.150
3.437 0.820 2.138
3.641 -0.359 2.149
3.449 -0.163 2.147
3.676 0.146 2.143
2.724 1.404 1.682
2.826 1.387 1.805
3.715 0.393 2.149
2.106 2.817 1.855
2.589 1.414 1.737
2.023 1.469 1.370
2.141 3.279 2.089
2.022 1.908 1.541
2.141 3.239 2.111
1.179 3.831 2.163
0.886 3.917 2.164
-1.408 3.007 1.723
-1.708 0.095 0.884
-1.796 -0.980 1.120
-1.982 -3.580 1.915
-2.041 -4.318 2.134
0.020 -4.827 2.212
-1.544 -4.630 2.212
-0.159 -5.210 2.221
-0.097 -5.434 2.216
-1.241 -4.724 2.218
0.661 -4.821 2.213
-1.204 -4.891 2.219
-0.592 -4.778 2.212
2.659 -4.057 2.191
-0.546 -4.941 2.215
-0.276 -4.832 2.216
-0.809 -5.270 2.214
-0.513 -5.128 2.224
2.904 -3.833 2.187
1.784 -4.453 2.194
3.696 -4.183 2.205
2.085 -4.350 2.197
3.382 -3.488 2.191
2.335 -4.912 2.195
4.027 -2.601 1.873
4.067 -2.260 1.811
5.743 -2.220 2.077
4.211 -0.675 1.721
6.020 0.389 2.186
6.072 0.869 2.052
4.389 1.255 1.531
4.373 1.061 1.802
4.096 1.292 1.717
2.016 1.807 1.048
2.655 1.407 1.080
2.066 2.345 1.192
1.526 4.800 1.799
1.098 1.547 0.787
2.287 4.703 1.866
0.613 4.890 1.706
-0.475 1.823 0.783
-1.356 3.540 1.177
-1.234 1.789 0.760
-1.800 -1.055 0.711
-1.373 -2.013 0.764
-2.192 -6.012 1.840
-1.236 -7.518 2.237
-0.023 -8.517 2.235
5.498 -5.363 1.532
5.630 -4.059 1.968
5.691 -3.116 1.810
5.512 -5.460 2.016
5.744 -2.310 1.530
5.966 -0.282 1.131
5.959 -0.268 1.394
6.092 1.063 1.141
6.081 1.041 1.304
4.061 1.289 0.832
3.025 1.380 0.780
-0.293 1.775 0.465
-1.034 1.790 0.480
-0.995 1.782 0.468
-1.213 1.801 0.529
-1.693 0.239 0.429
-2.092 -4.442 0.792
-1.931 -2.986 0.606
-2.005 -3.614 0.698
4.249 -0.771 0.543
4.288 -0.408 0.655
4.065 1.291 0.558
4.329 0.125 0.634
-0.090 1.768 0.228
-1.616 1.124 0.285
-1.702 0.428 0.313
-1.378 -2.088 0.199
5.744 -2.722 0.471
0.285 -2.943 0.183
-1.381 -1.997 0.048
-1.677 0.580 -0.013
-1.597 1.168 -0.033
-1.596 0.821 -0.038
3.213 1.372 0.086
0.141 -2.195 0.259
0.701 -2.777 0.252
5.691 -2.629 0.515
4.350 0.231 0.575
2.874 1.392 0.467
3.065 1.381 0.155
0.393 -3.168 0.530
5.703 -2.627 1.307
3.947 1.295 0.747
3.640 1.323 0.957
3.374 1.343 0.686
0.505 4.912 0.984
-0.597 1.759 0.521
-1.242 1.760 0.605
-1.738 -0.075 0.458
-1.926 -3.063 1.172
-1.967 -3.321 1.319
-1.999 -3.652 1.302
-2.054 -4.415 1.500
-2.204 -5.907 1.603
0.642 -7.093 2.197
2.137 4.753 2.020
5.704 -3.193 1.959
6.067 0.735 2.084
3.839 -4.845 1.930
1.307 4.797 1.610
1.373 4.817 1.740
3.886 -4.286 1.873
6.059 -1.908 2.203
-0.476 1.824 0.870
0.896 4.833 1.610
3.869 -4.576 1.884
1.026 4.837 1.861
0.525 4.904 1.645
3.707 1.320 1.223
2.121 2.865 1.140
3.345 1.351 1.317
6.081 -0.675 2.202
2.115 2.847 1.453
-1.458 2.868 1.299
3.137 1.364 1.062
5.646 -3.856 2.169
5.950 -0.280 1.882
2.579 1.407 1.018
5.969 -0.100 2.063
-1.373 -2.046 1.190
2.045 4.763 1.673
5.986 0.082 1.876
2.153 4.753 1.891
-1.676 0.467 0.792
-1.961 -3.319 1.814
-1.986 -3.599 1.783
-0.846 -4.402 2.205
1.652 -4.416 2.194
1.416 -4.368 2.201
0.485 -4.707 2.192
0.283 -4.506 2.208
1.958 -4.142 2.191
2.142 -4.016 2.189
0.795 -4.668 2.209
2.176 -3.982 2.190
0.855 -4.553 2.205
2.386 -3.834 2.185
2.234 -4.015 2.187
1.174 -4.471 2.202
2.674 -3.585 2.187
2.321 -3.999 2.192
2.843 -3.385 2.183
3.657 -1.915 2.162
3.771 -1.634 2.161
4.232 -0.353 1.941
3.993 -1.379 2.172
3.895 -0.866 2.154
3.793 0.389 2.153
4.308 0.418 2.082
4.305 0.722 2.172
4.381 1.255 2.075
2.031 2.138 1.737
2.074 2.413 1.558
1.621 3.619 2.166
1.436 4.080 2.169
1.087 4.156 2.166
0.563 3.873 2.172
-1.377 3.313 2.071
-1.488 1.771 1.399
-1.383 3.247 2.021
-3.416 -0.152 2.147
-1.362 -1.895 1.386
-1.376 -2.014 1.606
-1.855 -3.323 2.355
-1.325 -2.804 2.148
-1.235 -3.149 2.153
-1.165 -2.840 2.154
-0.961 -3.419 2.166
-0.850 -3.227 2.156
0.245 -3.227 2.149
-0.605 -3.297 2.161
0.522 -3.215 2.151
-0.463 -3.106 2.156
0.542 -3.175 2.151
0.884 -3.103 2.147
0.022 -3.377 2.153
-0.269 -3.174 2.153
1.878 -2.392 2.132
1.943 -2.430 2.140
2.144 -2.336 2.133
2.352 -1.926 2.135
2.360 -1.737 2.141
2.528 -1.642 2.129
2.603 -1.460 2.127
2.713 -0.360 2.125
2.876 -0.281 2.127
3.304 -0.202 2.140
3.077 -0.071 2.135
2.696 0.187 2.124
3.351 0.004 2.145
3.197 0.675 2.135
2.965 0.734 2.118
2.296 1.857 2.119
2.837 0.943 2.117
2.547 1.173 2.116
1.154 2.783 2.144
2.422 1.426 2.016
0.948 2.847 2.148
1.585 2.303 2.150
-0.482 2.754 2.151
0.069 2.881 2.159
-2.329 1.000 2.135
-2.483 0.968 2.136
-1.877 -0.778 1.678
-1.374 -1.976 2.110
2.043 -1.532 2.122
2.569 -0.442 2.123
2.541 0.088 2.117
-0.889 -1.873 2.123
-1.227 1.054 2.124
-1.638 0.522 2.150
-1.676 -0.509 1.952
-1.011 1.282 2.126
-1.666 -0.822 2.344
1.204 -1.540 2.127
-1.671 0.830 1.718
-1.536 -1.483 2.137
0.726 -2.383 2.139
2.602 0.204 2.131
2.165 -0.641 2.126
2.357 -0.481 2.129
2.458 -0.154 2.128
-0.638 2.740 2.159
-1.960 1.827 1.939
-1.678 0.977 1.727
-2.482 1.336 2.146
-2.882 -0.142 2.145
0.682 -3.139 2.146
-0.957 -2.946 2.150
-0.454 -3.011 2.150
1.540 -3.168 2.166
0.020 -3.107 2.151
2.357 -2.113 2.136
1.775 -2.280 2.098
2.762 -1.633 2.133
3.392 -1.449 2.155
2.940 -1.258 2.143
2.761 -1.216 2.128
3.753 0.392 2.154
3.661 0.882 2.143
3.104 0.785 2.132
3.291 1.355 2.069
3.026 0.985 2.128
2.829 1.378 2.114
2.019 1.477 1.534
1.685 3.230 2.151
0.991 3.528 2.162
1.577 3.194 2.160
1.638 3.142 2.162
1.230 3.474 2.162
-0.436 3.610 2.175
-0.677 3.606 2.181
-1.374 3.294 2.135
-0.941 3.571 2.183
-1.447 2.861 1.764
-1.280 3.868 2.398
-1.714 -1.457 1.267
-1.375 -1.982 1.312
-2.037 -4.329 2.385
-0.999 -4.227 2.207
-0.396 -4.349 2.205
-0.154 -4.390 2.198
0.162 -4.388 2.204
0.260 -4.577 2.210
0.443 -4.378 2.202
0.557 -4.584 2.206
0.769 -4.397 2.198
0.917 -4.175 2.191
2.454 -4.504 2.204
1.401 -4.027 2.182
3.165 -4.214 2.205
3.318 -3.635 2.196
4.072 -2.160 2.008
4.107 -1.814 1.948
4.074 -1.771 2.184
3.587 -2.923 2.187
4.130 -1.506 1.916
4.151 -1.193 1.834
4.172 -0.918 2.122
4.200 -0.605 1.796
4.320 0.605 1.848
4.211 1.280 1.742
4.355 1.270 1.891
1.993 1.481 1.155
2.079 2.455 1.360
2.762 1.390 1.415
0.858 4.673 1.893
0.628 4.757 1.779
-1.456 2.437 1.030
-1.445 -1.476 0.819
-2.002 -3.728 1.446
-1.980 -3.438 1.331
3.891 -4.209 1.916
3.931 -3.706 1.870
5.571 -4.668 1.795
5.646 -3.858 1.834
3.858 -4.676 2.031
5.665 -3.460 1.622
5.669 -3.285 1.754
5.713 -3.103 2.077
5.711 -2.448 1.492
5.739 -2.233 1.782
2.453 1.420 0.742
1.076 1.606 0.583
-1.000 1.744 0.495
-1.681 0.768 0.530
5.697 -2.593 1.222
5.734 -2.311 1.002
5.984 -0.207 1.044
4.129 1.286 0.659
1.970 1.460 0.334
3.548 1.329 0.625
2.172 4.760 0.598
-1.365 2.515 0.232
4.292 -0.460 0.153
-1.407 3.171 0.223
-1.630 0.689 0.034
-1.559 1.203 -0.020
-1.708 -2.879 0.008
0.102 -2.108 0.206
0.302 -2.765 0.203
1.734 -1.098 0.205
5.768 -2.800 0.329
5.752 -2.339 0.340
4.231 -0.312 0.159
2.002 1.696 0.148
-0.526 1.835 0.221
-2.067 -4.070 0.544
-1.361 3.471 0.690
4.020 1.283 0.611
3.875 1.299 0.718
3.708 1.324 0.801
12.096 0.779 1.861
12.114 1.106 2.157
5.701 -2.541 0.961
5.733 -2.308 1.063
4.136 -1.902 0.570
4.399 0.742 0.656
-1.729 -0.311 0.456
-1.324 -1.727 0.551
-2.119 -4.806 1.494
-1.508 -10.091 2.244
3.715 -6.176 1.889
5.703 -3.172 1.898
3.760 -5.712 1.794
5.706 -2.363 1.659
5.568 -4.640 2.069
5.587 -4.574 1.926
5.605 -4.205 1.737
5.988 -0.043 1.470
6.032 0.527 1.944
6.071 0.936 1.989
4.711 1.242 1.440
4.354 1.268 1.141
3.703 1.314 1.345
2.130 2.919 1.184
2.126 2.902 1.266
1.020 4.822 1.587
0.995 1.519 0.588
0.661 4.850 1.586
2.244 4.270 1.549
0.396 4.911 1.655
-1.433 2.951 1.090
-1.397 3.245 1.224
-1.450 2.809 1.075
-1.705 -0.296 0.638
-0.704 -5.244 2.223
-0.602 -5.033 2.223
0.053 -5.109 2.219
0.329 -5.253 2.216
1.047 -4.994 2.211
1.284 -5.354 2.212
0.753 -5.097 2.214
2.259 -4.668 2.204
2.814 -4.290 2.198
3.664 -3.274 2.192
3.026 -4.044 2.200
3.320 -3.811 2.200
3.900 -3.354 2.197
3.131 -4.120 2.201
3.925 -2.691 2.182
3.357 -3.797 2.199
3.970 -3.290 2.140
3.432 -3.526 2.195
3.427 -3.839 2.205
3.564 -3.545 2.195
4.031 -2.516 1.967
4.170 -0.880 1.741
4.064 -2.165 1.904
4.223 -0.380 1.826
4.220 -0.297 1.753
4.251 -0.099 1.869
4.165 -1.099 1.951
4.309 0.496 2.153
3.500 1.344 1.543
2.953 1.373 1.702
2.249 1.448 1.470
2.079 2.607 1.756
2.126 3.042 1.736
2.128 3.124 1.972
2.238 4.496 2.175
0.874 4.164 2.179
0.500 4.338 2.179
1.790 4.314 2.173
1.113 3.978 2.169
0.860 4.362 2.176
-1.471 2.609 1.559
-1.649 -1.477 1.457
-1.376 -2.071 1.332
-1.958 -3.718 2.341
-0.980 -3.305 2.159
-0.928 -3.437 2.173
-0.799 -3.374 2.168
0.865 -3.533 2.166
-0.379 -3.790 2.190
-0.597 -3.390 2.165
-0.235 -3.551 2.166
1.788 -3.085 2.165
2.037 -2.750 2.149
2.094 -2.797 2.155
2.281 -2.659 2.148
2.432 -2.495 2.144
3.004 -0.672 2.131
2.888 -2.187 2.146
3.481 -1.110 2.149
2.881 0.476 2.116
3.213 0.965 2.120
3.111 1.176 2.124
2.055 2.316 1.927
1.843 2.250 2.136
1.629 3.005 2.155
1.393 3.117 2.151
0.380 3.237 2.165
-0.855 2.899 2.163
0.164 3.210 2.170
-1.444 2.598 2.129
-1.414 2.889 2.276
-1.794 1.807 1.900
-1.976 1.824 1.935
-1.673 0.473 1.422
-2.902 0.128 2.149
-2.891 -0.035 2.145
-1.378 -2.006 1.843
-0.504 -2.601 2.138
0.488 -2.609 2.142
1.730 -2.050 2.099
1.963 -1.774 2.125
2.048 -1.645 2.135
2.510 -0.531 2.121
2.723 0.469 2.113
2.565 -0.362 2.124
2.764 -0.281 2.125
2.775 -0.107 2.123
2.538 0.006 2.116
2.288 -0.863 2.125
2.560 0.126 2.115
2.321 0.993 2.110
2.498 0.361 2.114
-1.746 -1.024 2.218
-1.777 -1.224 2.036
1.770 0.078 2.124
1.327 1.465 2.125
-1.320 1.270 2.169
-1.518 1.052 2.342
1.398 -0.865 2.125
0.810 1.471 2.118
-1.631 0.516 1.926
-1.331 1.758 2.156
-1.778 -1.318 2.284
-1.343 -1.667 2.130
1.927 -1.647 2.121
1.906 -0.834 2.125
2.280 -0.814 2.129
2.601 -0.359 2.124
-0.344 2.545 2.153
-2.809 0.553 2.147
-2.816 -0.622 2.151
-0.577 -2.824 2.150
1.527 -2.137 2.110
2.459 -2.130 2.140
2.700 -0.490 2.128
2.214 -1.618 2.138
3.067 0.800 2.126
2.903 -1.577 2.127
2.682 -1.510 2.133
2.554 1.411 2.066
1.959 1.489 1.767
2.017 1.835 1.841
1.778 1.530 1.724
2.025 2.654 2.156
0.229 3.278 2.171
0.036 3.464 2.175
1.033 3.037 2.157
1.222 3.003 2.149
-0.195 3.439 2.173
-0.934 3.471 2.178
-1.134 3.103 2.179
-1.285 3.616 2.381
-0.676 3.193 2.176
-0.701 3.373 2.175
-0.697 3.440 2.180
-0.906 3.008 2.166
-0.949 3.285 2.178
-1.952 -3.259 2.174
-1.964 -3.415 2.230
-1.501 -3.530 2.186
-1.088 -3.700 2.180
-1.272 -3.711 2.179
-1.241 -3.738 2.189
-0.336 -3.808 2.178
-0.759 -4.007 2.183
-0.219 -4.158 2.187
0.366 -3.808 2.175
0.450 -3.890 2.177
0.855 -4.052 2.186
1.149 -3.985 2.183
3.844 -2.771 2.188
3.392 -2.310 2.167
3.556 -2.074 2.163
3.317 -1.909 2.157
3.959 -2.023 2.174
4.110 -1.728 2.052
4.163 -1.107 2.124
3.750 -1.046 2.155
3.642 -2.997 2.187
3.404 -2.761 2.174
4.317 0.650 2.148
4.363 1.048 2.080
1.983 1.486 1.239
3.999 1.102 2.149
3.328 1.352 1.644
3.445 1.343 1.751
3.872 1.311 2.086
1.169 4.699 2.185
-1.629 1.765 1.079
-1.590 1.244 0.942
-3.741 1.987 1.908
-1.733 -0.123 0.804
-1.970 -3.350 1.565
-1.975 -3.405 1.556
-2.015 -3.939 1.726
-1.988 -3.502 1.536
3.622 -4.385 2.202
3.916 -4.048 1.827
5.582 -4.541 2.092
5.719 -2.236 2.115
6.203 -1.963 2.214
5.765 -1.735 2.205
5.905 -1.399 2.207
4.751 1.231 1.395
4.939 1.212 1.669
5.230 1.192 1.849
3.603 1.343 1.296
6.035 0.579 2.121
6.090 1.113 1.872
2.084 2.480 1.047
2.072 2.375 1.021
2.145 3.150 1.134
0.970 1.546 0.629
-1.371 3.459 1.193
-1.678 0.236 0.527
-1.935 -2.985 0.918
5.987 -0.228 1.294
-1.369 -1.988 0.634
-1.935 -3.107 0.924
12.074 0.413 2.135
5.717 -3.076 0.975
-1.963 -3.196 0.944
1.750 4.795 0.784
-2.023 -3.766 1.030
5.748 -2.256 1.383
0.891 4.877 0.858
5.390 -6.180 1.760
1.124 4.859 0.754
-1.415 3.178 0.466
-1.058 1.816 0.464
5.558 -4.674 1.694
3.453 1.347 0.137
-1.381 2.294 0.218
-1.374 2.642 0.290
-1.466 1.775 0.247
-1.724 1.813 0.287
-1.701 -2.603 0.133
-0.287 -2.178 0.126
-0.138 -2.124 0.131
0.508 3.338 -0.078
-1.699 0.161 0.031
-1.068 -2.565 0.073
1.977 1.704 0.065
-0.556 1.819 0.016
0.017 -2.175 0.117
4.287 -0.577 0.202
-1.359 2.587 0.136
-1.048 -3.157 0.406
-0.604 -3.179 0.400
0.401 -2.780 0.363
4.235 -0.708 0.567
4.226 -0.275 0.636
5.979 -0.015 0.435
3.247 1.353 0.603
2.819 1.394 0.556
1.090 1.484 0.249
1.388 4.836 0.784
-1.370 3.499 0.607
-1.412 3.086 0.543
-1.742 -1.192 0.569
5.723 -2.249 1.576
5.724 -2.375 1.393
4.050 1.292 0.983
3.835 1.305 1.102
3.278 1.356 0.950
3.015 1.373 0.702
1.920 1.462 0.667
1.367 1.577 0.524
2.118 2.936 1.090
-1.455 1.783 0.762
-1.390 1.783 0.718
-1.673 0.060 0.633
-1.704 -0.499 0.709
-1.928 -2.973 1.086
-2.004 -3.774 1.631
-2.109 -4.816 1.733
3.887 -4.201 2.160
3.926 -3.736 2.042
3.971 -3.216 1.856
3.997 -2.882 1.866
4.164 -1.013 1.753
3.846 -4.334 2.221
3.938 1.302 1.475
6.004 0.213 2.086
4.312 0.390 1.817
3.125 1.360 1.346
3.015 1.375 1.464
4.343 0.854 1.945
4.365 1.048 1.845
0.719 4.699 1.877
1.921 4.766 2.176
1.523 4.553 2.183
-1.485 2.609 1.422
1.104 4.839 2.027
1.196 4.836 2.155
-1.309 1.771 1.117
-1.683 0.287 0.888
-1.687 0.043 0.892
-1.339 -1.622 1.188
-0.363 -3.828 2.182
-1.635 -3.973 2.205
-1.011 -4.314 2.206
0.849 -3.909 2.183
-0.833 -3.741 2.178
1.066 -3.860 2.181
-0.610 -3.786 2.180
-0.454 -3.977 2.176
1.785 -3.525 2.173
1.979 -3.349 2.173
2.427 -3.049 2.167
3.235 -2.028 2.151
2.815 -2.695 2.154
3.524 -1.618 2.158
3.587 -1.371 2.155
3.373 -0.863 2.140
3.936 -1.107 2.170
3.774 -0.847 2.159
3.490 0.558 2.145
3.926 0.884 2.151
3.629 0.970 2.149
3.527 1.222 2.144
3.437 1.346 2.017
3.178 1.361 2.017
2.000 1.671 1.651
2.035 1.960 1.781
2.033 2.192 1.779
2.078 2.583 2.006
2.009 2.559 2.154
2.121 3.064 2.098
1.945 2.839 2.154
1.300 3.162 2.153
0.861 3.606 2.175
-0.441 3.522 2.170
0.603 3.647 2.178
-0.711 3.396 2.168
0.352 3.497 2.168
-0.573 3.280 2.166
0.144 3.384 2.166
-0.717 3.260 2.171
-1.310 1.787 1.428
-0.890 3.265 2.180
-2.022 1.818 1.874
-1.493 2.305 1.837
-2.800 -0.109 2.133
-1.660 -1.470 1.763
-0.911 -2.864 2.150
-0.823 -2.740 2.144
-1.470 -2.855 2.158
0.259 -2.881 2.145
1.849 -2.003 2.101
1.834 -2.238 2.109
2.050 -1.938 2.132
2.092 -1.525 2.125
2.332 -0.919 2.123
2.347 -0.732 2.127
2.687 -0.614 2.123
2.896 -0.588 2.125
-0.550 2.396 2.149
-1.534 1.583 1.883
-1.594 1.197 1.753
-2.317 1.172 2.118
-0.726 -1.916 2.125
0.311 -1.926 2.125
-1.343 1.125 2.167
-1.364 0.857 2.178
-1.330 1.531 2.185
-1.402 1.117 2.229
-0.471 -2.067 2.132
1.431 -1.508 2.129
1.466 -1.314 2.127
-1.325 -2.184 2.136
0.580 -2.430 2.140
1.158 -2.502 2.131
1.486 -2.507 2.118
1.690 -1.948 2.097
2.058 -2.220 2.133
2.351 -1.895 2.136
2.175 -1.272 2.125
2.721 0.563 2.130
2.677 -0.158 2.135
2.556 -0.071 2.131
2.765 0.190 2.138
2.691 0.376 2.130
1.310 2.642 2.151
0.641 2.899 2.151
-0.936 2.789 2.168
-3.208 0.437 2.151
-1.928 -2.955 2.205
0.440 2.883 2.159
-1.889 -3.327 2.377
-1.774 -1.234 1.332
-1.474 -3.170 2.173
0.203 -3.824 2.180
-1.245 -3.225 2.166
1.313 -3.772 2.178
0.518 -3.794 2.176
1.454 -3.291 2.178
0.662 -3.630 2.166
0.740 -3.516 2.174
0.864 -3.301 2.164
-0.839 -3.381 2.170
1.845 -3.118 2.165
1.163 -3.540 2.172
1.802 -2.848 2.146
3.302 -2.582 2.169
2.968 -2.164 2.145
2.654 -3.147 2.175
2.451 -2.717 2.158
3.470 -1.969 2.155
2.597 -2.523 2.150
2.792 -2.359 2.148
3.331 -1.535 2.147
3.168 -1.466 2.147
3.713 -1.441 2.150
3.558 -1.113 2.148
3.906 -0.908 2.153
4.010 -0.668 2.154
3.777 -0.131 2.149
3.500 1.277 2.144
4.056 0.480 2.152
2.700 1.408 1.546
2.917 1.382 1.784
3.790 0.649 2.146
2.448 1.431 1.514
3.589 0.526 2.144
4.196 1.192 2.161
3.741 0.924 2.148
3.536 1.032 2.141
3.267 1.361 1.854
2.127 3.131 1.984
2.139 3.199 1.975
0.444 4.170 2.181
-1.344 3.544 1.954
-1.476 2.676 1.473
-1.508 2.322 1.316
-1.333 1.775 1.141
-1.574 -1.469 1.071
-2.023 -4.045 2.024
-2.103 -5.127 2.409
-1.007 -4.946 2.218
3.009 -4.025 2.200
2.062 -5.258 2.198
3.423 -4.189 2.194
2.436 -4.764 2.201
2.760 -4.610 2.199
3.730 -3.430 2.201
3.995 -2.909 2.018
4.028 -2.548 1.886
4.071 -2.220 1.830
4.069 -2.162 1.952
6.737 -1.055 2.221
3.765 1.309 1.305
3.819 1.319 1.458
3.951 1.295 1.547
4.164 1.284 1.683
6.066 0.823 1.960
3.521 1.336 1.450
2.991 1.378 1.295
2.386 1.431 1.030
2.104 2.614 1.222
2.075 2.435 1.174
1.111 4.818 1.574
0.431 4.908 1.678
2.243 4.020 1.538
2.239 4.234 1.672
1.843 4.775 1.726
1.971 4.761 1.726
-1.366 3.472 1.284
1.595 4.799 1.675
1.724 4.786 1.676
-1.727 -0.172 0.663
-2.023 -3.779 1.241
-2.109 -4.826 1.433
1.557 -8.458 2.245
5.646 -3.770 1.629
5.671 -3.386 1.405
3.732 -6.067 1.980
3.761 -5.719 1.731
5.711 -2.640 1.646
6.097 1.043 1.209
5.750 -2.178 1.588
5.457 -5.815 1.734
4.123 1.286 0.794
5.524 -5.202 2.039
4.104 1.287 0.886
5.504 -5.410 1.443
4.205 1.282 0.948
0.690 4.564 0.861
5.543 -4.845 1.784
0.137 1.782 0.408
5.586 -4.507 1.535
3.620 1.320 0.894
-1.663 0.573 0.366
-1.629 0.998 0.332
-1.927 -3.014 0.572
-2.009 -3.616 0.667
3.420 1.339 0.391
2.553 1.422 0.287
2.014 1.826 0.228
-1.388 3.389 0.276
-1.744 -1.340 0.188
0.973 3.282 0.002
0.969 -3.023 0.079
-0.229 1.762 0.007
-1.591 0.671 -0.032
0.746 -2.740 0.286
0.995 -2.512 0.279
1.259 -1.078 0.184
4.259 -0.352 0.175
4.314 -0.061 0.565
5.969 -0.015 0.264
3.854 1.303 0.539
3.536 1.350 0.190
2.913 1.389 0.425
-1.373 3.513 0.446
-1.236 1.744 0.375
-1.797 -1.379 0.545
-1.186 -3.233 0.542
5.504 -5.302 1.500
5.747 -2.274 1.373
6.001 -0.023 1.251
3.777 1.311 0.922
3.645 1.325 0.998
3.233 1.350 0.796
0.430 4.912 0.955
-1.668 1.805 0.718
-1.671 0.818 0.592
-1.809 -1.478 0.796
-2.017 -3.683 1.141
-2.013 -3.904 1.563
-2.054 -4.357 1.558
-0.208 -6.572 2.226
0.640 -6.511 2.198
3.900 -4.123 1.898
3.775 -5.518 2.190
3.790 -5.413 2.223
3.808 -5.261 2.171
3.845 -4.763 2.039
5.697 -3.395 2.169
5.711 -3.013 2.202
5.638 -2.216 2.217
5.708 -2.405 2.060
5.702 -1.800 2.210
5.740 -2.228 1.876
4.264 -0.476 1.659
5.944 -0.519 2.086
3.997 1.295 1.546
3.549 1.337 1.339
6.066 0.726 1.852
2.069 2.395 1.125
2.119 2.845 1.283
2.143 3.368 1.650
2.093 4.746 1.764
1.774 4.775 1.840
1.855 4.780 2.105
1.017 4.834 1.801
0.582 4.893 1.760
-1.311 1.770 0.960
-1.644 1.075 0.888
-1.707 0.657 0.854
-1.371 -2.006 1.092
-1.953 -3.230 1.650
-1.765 -4.466 2.221
-0.595 -4.264 2.198
-1.567 -4.248 2.211
-0.389 -4.465 2.206
-1.453 -4.516 2.218
-0.939 -4.796 2.216
0.349 -4.679 2.201
1.655 -4.043 2.187
0.977 -4.366 2.196
0.797 -4.304 2.201
1.030 -4.295 2.196
1.529 -4.183 2.191
2.705 -3.283 2.181
1.334 -4.155 2.193
3.017 -2.777 2.164
3.100 -2.849 2.169
3.249 -2.606 2.169
3.751 -2.524 2.175
3.885 -2.255 2.173
4.206 -0.495 2.155
3.942 -0.282 2.149
1.899 3.523 2.162
2.520 1.422 1.654
-1.604 1.808 1.477
-1.656 0.464 1.190
1.573 3.377 2.161
1.425 3.854 2.173
-0.886 3.726 2.181
1.277 3.490 2.159
-0.704 3.668 2.178
2.004 1.641 1.355
1.111 3.956 2.171
-1.296 4.014 2.403
3.857 0.730 2.165
-1.074 3.595 2.181
1.080 3.603 2.167
-0.960 3.613 2.184
4.342 0.841 2.125
0.788 3.994 2.171
3.454 0.983 2.138
-3.293 0.290 2.142
-1.376 -2.036 1.604
0.865 3.547 2.175
-1.927 -2.978 2.202
2.067 2.362 1.607
0.513 4.025 2.174
-1.427 2.921 1.917
3.650 1.239 2.147
3.338 1.233 2.134
-1.807 -2.919 2.336
3.779 1.312 1.972
2.066 2.456 1.943
0.598 3.581 2.179
-1.769 -0.980 1.227
-1.450 2.597 1.791
3.094 1.366 2.017
2.113 2.875 2.045
0.329 3.583 2.173
2.994 1.374 1.759
-1.496 2.319 1.701
2.000 3.129 2.153
0.018 1.748 1.142
-1.216 -3.208 2.168
-0.497 -3.305 2.166
2.040 -2.041 2.141
2.801 0.197 2.131
1.140 2.579 2.143
-0.080 2.814 2.152
-0.018 2.652 2.154
-0.301 2.649 2.155
-1.678 0.816 1.718
-2.361 1.166 2.124
-1.379 -2.009 2.072
-1.625 0.505 1.656
-1.713 -0.997 1.833
0.925 -1.465 2.127
-1.037 1.280 2.127
-1.516 -0.875 2.193
-1.644 -0.837 2.326
-1.598 -1.438 2.213
0.975 -1.745 2.127
1.522 -1.740 2.157
0.823 1.636 1.804
-1.574 1.016 2.122
-1.573 0.453 1.700
1.491 -1.724 2.119
1.912 -1.554 2.135
1.788 -1.440 2.130
2.135 -0.797 2.126
2.670 -0.326 2.121
2.451 0.641 2.112
1.575 1.524 1.772
0.110 2.689 2.155
-3.145 0.658 2.142
-1.837 -0.906 1.452
1.194 -3.070 2.174
1.376 -2.926 2.168
0.058 -3.392 2.159
0.256 -3.317 2.153
1.550 -3.070 2.161
0.501 -3.107 2.156
0.920 -3.233 2.160
2.464 -2.206 2.134
3.250 -0.916 2.146
3.542 -0.686 2.148
3.372 -0.499 2.150
3.912 -0.218 2.153
3.946 0.124 2.155
3.910 0.358 2.154
3.605 0.783 2.148
2.108 2.999 2.138
1.991 3.108 2.150
1.559 3.455 2.164
-0.459 3.658 2.175
1.818 3.301 2.158
-0.959 3.695 2.182
-0.450 1.826 1.164
0.992 3.679 2.166
2.088 2.452 1.871
2.109 2.895 2.053
-1.423 2.887 1.957
-1.418 2.945 1.678
-1.466 2.542 1.597
-1.673 0.284 1.105
-2.050 -4.278 2.292
-1.942 -3.146 1.858
-1.995 -3.804 2.092
-1.394 -4.311 2.212
0.881 -4.370 2.202
1.042 -4.533 2.196
1.224 -4.318 2.193
1.336 -4.442 2.193
1.427 -4.211 2.194
-0.677 -4.779 2.213
2.208 -4.503 2.197
0.068 -4.482 2.205
2.217 -3.825 2.184
2.543 -4.728 2.200
-0.081 -4.773 2.213
2.443 -3.720 2.189
3.050 -3.711 2.193
3.325 -3.480 2.191
3.148 -3.212 2.182
3.955 -3.430 2.028
5.631 -1.668 2.199
5.750 -1.257 2.194
4.175 -0.901 1.847
4.071 -2.091 2.049
4.254 -0.296 1.709
4.230 -0.343 1.861
5.941 0.493 2.188
4.284 0.207 1.934
4.311 0.498 1.943
4.378 1.180 1.911
2.119 2.869 1.404
2.082 2.411 1.320
3.389 1.335 1.602
2.131 3.381 1.536
2.007 1.476 1.006
2.172 4.765 1.966
1.662 4.783 1.920
0.888 4.721 1.801
-1.427 2.946 1.126
-1.741 -0.692 0.702
1.116 -6.641 2.178
5.593 -4.396 1.796
5.601 -4.205 2.021
5.637 -3.859 1.775
2.510 1.426 0.705
3.890 -4.216 1.843
4.055 1.301 1.042
4.160 1.278 1.132
5.448 -5.777 0.987
5.705 -2.572 0.541
4.399 0.750 0.577
2.202 1.451 0.277
-1.388 3.392 0.476
-1.425 2.920 0.466
-1.709 -0.077 0.304
-1.767 -1.283 0.257
-1.567 -1.472 0.197
0.676 -2.695 0.134
4.114 -2.142 0.262
0.800 3.322 0.036
-1.657 0.444 -0.040
-0.958 0.490 0.075
0.013 -2.125 0.222
0.744 -2.727 0.253
5.742 -2.233 0.377
4.267 -0.554 0.219
4.187 1.291 0.212
2.591 1.410 0.215
-1.381 2.519 0.300
-2.004 -3.470 0.561
5.976 -0.253 1.217
2.762 1.398 0.632
2.401 1.435 0.622
4.771 1.222 0.765
-1.728 -1.063 0.481
-2.060 -7.114 2.231
1.802 -7.584 2.242
3.793 -5.376 1.921
3.801 -5.310 1.922
5.702 -2.338 1.795
5.586 -4.504 2.169
5.654 -3.790 1.969
5.700 -3.449 2.014
5.713 -2.597 2.017
5.710 -2.449 1.896
6.015 0.188 2.070
6.079 1.008 2.137
3.031 1.381 0.935
2.090 2.519 1.232
1.361 4.823 1.693
0.956 4.825 1.593
1.719 4.781 1.736
0.631 4.909 1.714
-1.399 3.179 1.240
-1.397 3.121 1.228
-1.466 2.521 1.088
-1.674 -0.036 0.707
-1.664 0.380 0.759
-1.732 -0.243 0.799
-1.800 -1.478 0.994
-1.381 -2.096 1.155
-1.928 -3.093 1.545
-1.709 -4.419 2.220
-1.355 -5.350 2.228
-1.149 -4.584 2.207
-0.996 -4.860 2.218
-0.350 -4.904 2.216
-0.247 -4.738 2.204
0.270 -5.083 2.217
2.372 -4.208 2.191
3.684 -2.524 2.175
1.265 -4.796 2.200
1.007 -4.700 2.203
3.830 -2.558 2.176
1.274 -4.719 2.196
1.795 -4.608 2.194
4.066 -2.236 2.108
3.045 -3.833 2.194
4.086 -1.154 2.165
3.427 -3.358 2.193
4.144 -1.278 1.992
3.530 -2.811 2.176
4.159 -0.038 2.156
4.105 0.207 2.156
3.942 0.766 2.151
3.781 1.262 2.161
3.400 1.350 1.994
3.093 1.369 1.739
2.692 1.403 1.616
2.125 3.077 2.072
2.053 1.460 1.442
2.094 4.185 2.167
1.885 3.705 2.164
1.787 3.481 2.159
1.452 4.351 2.173
1.400 4.129 2.169
2.083 2.484 1.488
1.111 4.205 2.173
2.121 3.006 1.689
1.032 3.785 2.163
0.802 3.891 2.173
-1.471 2.458 1.622
-1.722 -0.259 1.049
-3.275 -1.341 2.151
-1.341 -1.569 1.355
-1.262 -3.340 2.173
-1.122 -3.218 2.152
-1.052 -3.420 2.171
-0.804 -3.447 2.167
-0.206 -3.610 2.170
1.040 -3.199 2.184
1.611 -2.921 2.150
1.739 -2.748 2.146
1.787 -2.811 2.147
-0.452 2.826 2.160
0.880 2.876 2.145
2.952 -1.031 2.141
-0.718 2.783 2.158
-0.646 2.781 2.158
-1.733 0.085 1.610
2.262 -2.605 2.148
-2.592 0.302 2.134
2.906 0.742 2.120
2.847 -0.631 2.123
0.473 3.049 2.159
-1.339 2.905 2.383
2.578 0.932 2.105
0.504 2.735 2.157
3.219 -0.669 2.128
3.015 1.088 2.115
2.560 -2.302 2.140
3.066 -0.431 2.131
2.843 -0.299 2.141
-1.372 2.949 2.385
2.890 1.275 2.116
2.662 1.315 2.124
-1.673 0.585 1.542
3.229 -0.220 2.133
-1.309 1.796 1.774
2.488 1.428 2.085
1.341 2.415 2.141
-0.255 2.847 2.156
3.509 0.086 2.151
-1.762 -1.465 1.721
-1.662 -1.474 2.017
-1.378 -2.114 2.133
-1.425 -2.401 2.152
-1.255 -2.509 2.135
-0.974 -2.318 2.130
-0.883 -2.450 2.136
2.534 -0.718 2.123
2.253 -1.377 2.124
2.657 0.220 2.119
2.313 -1.070 2.124
2.380 -0.714 2.119
-1.461 1.779 2.172
-1.625 -0.205 1.767
-0.786 1.726 2.091
1.174 -1.211 2.123
1.575 0.269 2.122
-1.396 1.142 2.225
-0.221 1.687 1.782
-1.624 0.622 1.875
1.094 -2.013 2.127
1.639 -1.576 2.128
2.106 -1.361 2.130
2.248 -0.551 2.126
2.033 -1.122 2.130
2.453 1.119 2.119
-0.126 2.612 2.149
-2.510 1.046 2.142
-1.352 -1.634 1.529
-1.344 -2.574 2.141
-1.180 -2.653 2.148
0.197 -3.153 2.151
0.443 -2.942 2.146
0.527 -2.806 2.143
0.411 -3.158 2.155
0.773 -3.005 2.151
1.018 -2.868 2.174
1.064 -2.658 2.146
1.191 -2.726 2.158
1.326 -2.440 2.101
1.526 -2.597 2.145
3.238 -0.565 2.140
3.167 -0.990 2.140
3.086 -0.153 2.126
3.186 -0.811 2.136
2.919 1.339 2.129
2.926 0.181 2.138
3.233 0.864 2.133
2.078 2.654 2.118
1.984 2.804 2.160
-1.437 2.745 1.936
-1.776 -1.034 1.218
-2.002 -3.875 2.336
-1.684 -3.738 2.202
0.390 -3.976 2.185
-0.031 3.341 2.167
1.872 2.875 2.151
-0.008 3.430 2.169
1.906 2.731 2.148
2.634 -3.721 2.186
-1.484 2.388 1.698
-1.435 -3.840 2.197
-0.263 3.442 2.165
-0.189 3.548 2.173
-1.398 -3.873 2.202
-1.456 1.780 1.519
-1.357 -3.920 2.205
1.530 3.029 2.161
-1.521 -1.475 1.198
-0.877 -3.975 2.194
4.329 0.651 2.066
-1.667 -1.473 1.310
-0.678 3.424 2.181
3.191 -2.907 2.180
4.356 0.994 1.999
-0.926 3.183 2.177
4.358 0.961 2.111
4.278 0.868 2.167
1.477 -4.188 2.190
4.212 -0.545 2.074
1.613 -3.636 2.180
-0.781 -4.246 2.195
4.311 1.170 2.162
-3.450 -1.326 2.153
-1.376 -2.002 1.325
3.508 1.333 1.627
0.436 3.412 2.172
-1.359 -1.778 1.320
4.029 -2.519 2.037
2.849 1.380 1.399
3.097 1.365 1.607
0.949 4.849 2.134
1.209 4.829 2.077
0.136 1.784 0.898
-1.774 -0.953 0.776
-1.481 2.471 1.331
-1.777 -1.316 0.838
3.940 -3.663 1.964
3.550 1.334 1.206
2.403 -6.504 2.218
-1.943 -3.199 1.390
5.667 -3.627 2.222
2.108 2.847 1.014
-2.007 -3.845 1.623
-1.371 -2.093 0.951
6.032 0.602 1.952
5.731 -2.321 1.789
5.744 -2.206 1.973
3.897 -4.093 2.029
0.364 1.677 0.564
-1.366 3.432 1.115
-2.046 -4.017 1.019
-1.673 0.161 0.424
4.388 0.717 0.649
6.084 1.037 1.023
4.954 1.193 0.870
4.951 1.213 0.966
3.494 1.333 0.723
3.016 1.378 0.531
2.990 1.375 0.607
1.183 4.859 0.682
-1.416 3.058 0.450
-0.458 1.826 0.390
-1.224 1.815 0.289
2.826 1.407 0.110
0.941 3.702 0.126
-1.414 3.173 0.240
-1.711 -2.693 0.100
-0.253 -2.239 0.125
0.976 -2.519 0.105
1.689 -2.783 0.206
2.219 1.426 0.016
-0.612 -2.411 0.070
-0.617 1.838 0.013
0.330 -2.965 0.160
2.632 1.411 0.086
3.576 1.359 0.099
3.096 1.386 0.113
-1.606 1.149 0.207
0.936 -2.702 0.385
4.230 -0.937 0.640
4.263 -0.653 0.647
4.281 -0.366 0.653
2.166 1.449 0.434
1.286 4.832 0.806
-1.441 2.957 0.618
-1.378 -2.044 0.682
3.760 -5.803 1.715
3.348 -9.054 2.255
5.411 -6.232 2.012
5.506 -5.373 1.782
5.536 -4.897 1.776
3.665 -6.634 1.832
5.626 -3.919 1.725
6.070 0.993 1.829
3.104 1.362 1.109
2.519 1.421 0.799
0.126 1.738 0.628
-1.334 -1.598 0.832
-2.002 -3.787 1.795
-1.816 -5.431 2.234
-0.711 -5.581 2.222
2.499 -4.907 2.199
3.931 -3.669 2.109
3.971 -3.297 2.113
4.019 -2.659 2.102
2.854 -4.708 2.203
4.136 -1.399 1.973
3.931 -3.767 2.178
4.257 -0.027 1.767
4.158 -1.198 1.774
4.187 -0.803 1.935
4.331 0.722 1.935
5.785 0.990 2.199
4.349 0.882 1.843
3.349 1.339 1.401
3.495 1.339 1.721
3.017 1.376 1.477
2.033 1.925 1.139
2.054 2.248 1.243
2.086 2.677 1.691
1.376 4.255 2.173
-1.778 -1.254 1.372
0.114 -3.655 2.171
-1.323 -3.754 2.186
-1.226 -3.408 2.167
2.330 -2.958 2.158
-1.062 -3.445 2.170
-0.813 -3.845 2.185
2.755 -2.645 2.154
1.439 -3.434 2.170
-0.373 -4.075 2.195
0.023 -3.838 2.176
2.978 -1.430 2.142
0.067 -3.747 2.174
3.073 -1.241 2.140
3.395 -1.801 2.155
3.295 -1.534 2.151
3.543 -0.863 2.143
3.363 -0.412 2.145
3.614 -0.375 2.148
3.458 0.897 2.137
3.347 -0.146 2.141
3.585 -0.116 2.145
3.328 1.104 2.138
3.064 1.083 2.120
3.168 0.182 2.138
3.273 1.348 2.129
3.018 1.364 1.882
2.062 2.475 2.063
2.102 2.938 2.139
1.649 3.211 2.162
0.601 3.397 2.158
0.642 3.014 2.152
0.425 3.214 2.170
0.160 3.323 2.169
-0.085 3.234 2.174
-0.655 3.262 2.175
-0.549 3.200 2.171
-1.079 3.070 2.171
-1.317 3.237 2.381
-1.084 3.016 2.174
-1.073 2.978 2.171
-1.322 1.782 1.579
-2.845 -0.149 2.133
-0.794 -2.858 2.146
1.187 -2.367 2.111
1.335 -2.247 2.107
1.895 -2.042 2.121
2.032 -1.528 2.130
2.411 -0.666 2.126
2.432 -0.017 2.126
2.459 0.183 2.117
0.137 2.374 2.152
-1.682 0.586 1.550
-1.621 1.277 1.890
0.345 1.628 1.733
-1.193 1.318 2.122
-1.397 1.151 2.225
-1.587 0.388 2.104
1.068 -1.365 2.124
0.610 -1.883 2.123
1.166 -1.293 2.120
-0.622 1.571 2.117
1.722 0.145 2.126
1.625 -0.263 2.122
2.198 -0.863 2.126
2.476 -0.618 2.123
2.208 -1.235 2.123
2.564 -0.417 2.126
-1.602 -1.475 1.901
1.435 1.526 1.855
2.153 -1.510 2.133
2.568 -1.561 2.132
2.762 -0.577 2.126
2.591 -0.583 2.127
-2.278 1.010 2.130
2.985 1.215 2.121
3.030 -1.063 2.144
-0.297 2.316 2.152
3.269 -0.130 2.136
2.091 -2.323 2.133
3.151 -0.829 2.138
3.282 0.098 2.140
1.963 -1.986 2.130
2.588 1.409 2.038
2.827 0.135 2.137
3.135 0.728 2.133
1.951 1.464 1.859
2.046 2.189 2.136
0.647 3.088 2.155
0.077 3.135 2.149
-0.131 3.034 2.156
-0.746 3.194 2.167
-0.989 3.164 2.171
-1.420 2.927 2.231
-1.448 2.488 1.856
-3.165 0.597 2.138
-1.927 -3.023 2.163
-1.942 -3.448 2.360
-1.940 -3.515 2.377
-0.132 -3.851 2.183
-1.176 -3.492 2.178
0.218 -3.991 2.180
0.350 -3.867 2.182
-1.162 -3.533 2.183
0.666 -3.536 2.161
1.937 -3.791 2.185
-0.649 -3.715 2.176
2.263 -3.685 2.187
-0.194 -3.688 2.176
2.523 -3.538 2.182
2.661 -3.088 2.169
3.292 -2.988 2.179
2.735 -2.308 2.151
3.943 -2.267 2.177
3.389 -1.890 2.154
4.134 -1.005 2.165
4.020 -0.418 2.160
4.319 0.568 2.031
4.016 0.953 2.150
3.078 1.357 1.866
2.032 1.993 1.504
1.760 4.111 2.176
2.090 2.642 1.658
2.100 2.792 1.740
2.130 3.117 1.881
0.444 4.355 2.173
0.452 4.817 2.194
-1.625 0.547 0.906
-1.387 3.159 1.493
-1.312 1.777 1.197
-1.740 -0.320 0.815
-1.768 -1.233 0.986
-1.361 -1.912 1.013
-0.566 -5.965 2.234
-1.987 -3.462 1.657
-1.986 -3.602 1.705
-1.819 -5.090 2.231
1.573 -5.400 2.198
2.582 -5.070 2.199
2.953 -4.901 2.200
3.471 -5.725 2.219
3.292 -4.726 2.202
4.049 -2.543 1.803
3.785 -4.977 2.221
3.620 -4.491 2.203
4.063 -2.153 1.839
5.746 -2.182 2.044
6.058 -1.358 2.205
5.950 -0.486 1.971
6.042 0.702 2.124
2.886 1.376 1.132
2.106 2.750 1.114
2.091 2.593 1.119
1.501 4.808 1.580
-1.433 2.994 1.007
-1.371 -2.116 0.680
-1.936 -3.038 0.936
-1.944 -3.146 1.016
3.713 -6.064 1.496
5.607 -4.197 1.532
5.666 -3.514 1.635
5.693 -3.215 1.461
5.973 -0.247 1.104
4.032 1.288 0.795
3.404 1.338 0.709
2.946 1.376 0.597
3.071 1.378 0.738
-0.032 1.778 0.428
-1.369 3.514 0.702
-1.642 1.801 0.536
-1.470 1.777 0.193
-1.605 -1.474 0.173
0.770 3.317 -0.026
-1.684 0.409 0.026
-1.349 1.784 -0.059
-1.579 1.801 -0.065
-0.536 -2.617 0.140
-1.367 -2.642 0.202
-1.090 -2.599 0.194
-1.730 1.784 0.109
-1.236 -3.123 0.351
0.888 -2.627 0.315
0.246 -3.258 0.355
1.743 -1.094 0.226
2.452 1.427 0.511
1.339 4.831 0.676
-1.419 3.051 0.501
-0.453 1.827 0.294
-1.713 -0.380 0.417
5.653 -3.564 1.531
5.688 -2.584 1.480
4.447 1.229 1.094
3.621 1.331 1.074
1.105 1.539 0.498
0.955 1.537 0.569
-1.224 1.795 0.661
-1.985 -3.374 1.255
-2.007 -3.676 1.239
0.902 -6.440 2.204
1.734 -6.499 2.222
3.589 -5.110 2.217
3.866 -4.652 2.160
3.910 -4.098 2.013
3.998 -2.956 1.907
5.740 -2.228 2.073
-1.403 3.390 1.609
3.396 1.346 1.500
4.270 -0.403 1.654
3.213 1.349 1.569
-1.493 2.420 1.228
2.807 1.396 1.410
2.233 4.154 1.689
5.997 0.078 2.166
-1.576 1.675 1.078
6.016 0.278 1.994
1.766 4.796 1.963
-1.576 1.674 1.063
-1.580 1.711 1.071
2.002 1.651 0.943
1.375 4.814 1.834
1.398 4.818 1.927
5.280 1.198 1.966
4.389 1.253 1.929
1.070 4.839 1.969
0.626 4.701 1.833
-1.761 -0.488 0.894
-1.773 -0.994 1.156
-1.759 -1.126 1.166
-1.947 -3.180 1.946
-2.008 -3.822 2.213
0.601 -4.292 2.201
-1.043 -3.891 2.178
-0.616 -4.531 2.211
-0.823 -3.950 2.184
0.698 -4.124 2.190
-0.668 -4.149 2.187
0.971 -4.111 2.197
2.361 -3.287 2.178
0.954 -4.056 2.187
-0.377 -4.150 2.189
2.221 -3.518 2.179
0.979 -3.987 2.185
-0.278 -4.043 2.188
1.442 -3.881 2.182
2.567 -3.115 2.167
2.627 -2.875 2.160
2.137 -3.445 2.179
1.726 -3.747 2.177
1.968 -3.576 2.179
3.000 -2.758 2.163
3.358 -2.620 2.170
3.689 -2.139 2.166
3.398 -1.313 2.147
3.484 -0.870 2.155
3.675 -0.783 2.162
3.940 -0.799 2.171
4.184 -0.754 2.162
3.975 -0.233 2.157
3.453 0.319 2.147
3.943 0.303 2.147
3.705 0.446 2.150
3.855 0.862 2.145
3.215 1.175 2.132
3.588 1.326 2.093
3.028 1.372 1.875
2.400 1.433 1.501
2.158 1.448 1.682
1.428 3.028 2.154
1.311 3.283 2.152
1.231 3.160 2.151
2.030 1.938 1.657
0.560 3.802 2.170
0.326 3.559 2.169
0.105 3.527 2.169
-0.144 3.533 2.172
1.641 3.577 2.169
-1.350 3.452 2.233
-1.613 0.511 1.164
-2.951 -0.903 2.155
-1.908 -0.913 1.617
-3.310 -0.227 2.144
-1.618 -1.473 1.650
-1.360 -1.821 1.775
-0.548 -2.901 2.159
-1.615 -2.519 2.138
-0.291 -2.880 2.143
0.086 -3.075 2.157
0.164 -2.986 2.150
1.271 -2.673 2.145
1.386 -2.493 2.110
1.556 -2.424 2.113
2.189 -1.483 2.125
2.963 0.776 2.121
2.403 0.976 2.116
2.272 1.300 2.110
2.977 0.530 2.123
1.390 2.194 2.132
-1.540 1.632 1.883
-0.823 -2.333 2.142
-1.151 1.641 2.125
-1.728 -1.022 2.309
1.187 -1.288 2.122
0.955 1.575 2.015
0.399 1.627 2.041
-1.322 -0.922 2.141
-1.054 -1.623 2.124
-0.910 1.671 2.129
-1.630 0.518 1.847
1.163 -1.543 2.125
1.497 -1.105 2.126
2.322 -0.763 2.119
-1.566 1.069 2.072
1.835 -2.170 2.104
2.019 -1.257 2.126
2.383 -1.313 2.128
2.757 -1.072 2.137
2.899 -0.661 2.135
2.616 0.082 2.128
2.970 0.422 2.131
2.198 1.292 2.118
0.323 2.726 2.159
1.350 2.426 2.142
-0.181 2.921 2.163
-1.433 2.724 2.204
-0.617 2.951 2.158
-0.820 2.950 2.157
-1.313 1.768 1.538
-1.656 1.774 2.002
-2.029 1.826 1.982
-2.871 1.159 2.128
-3.085 -0.305 2.149
-2.753 -0.345 2.137
-1.358 -1.742 1.481
-1.938 -3.103 2.366
-1.868 -3.026 2.369
-1.497 -2.901 2.147
-1.706 -2.865 2.226
-0.104 -3.298 2.166
0.092 -3.336 2.152
-1.112 -3.154 2.156
-0.334 -3.254 2.170
-0.495 -3.355 2.164
1.126 -3.345 2.168
3.128 -1.954 2.142
3.651 -1.643 2.153
3.876 -1.115 2.153
3.384 0.369 2.142
3.988 0.916 2.153
2.980 1.376 2.005
3.749 0.804 2.149
2.592 1.414 1.819
3.363 0.794 2.129
2.030 1.974 1.625
2.106 2.781 1.917
1.884 3.436 2.163
2.103 3.194 2.161
0.868 3.785 2.166
0.602 3.833 2.168
-1.341 3.524 1.951
-1.342 3.490 1.922
-1.473 2.597 1.606
-1.482 2.597 1.495
-2.887 1.918 1.876
-1.772 -1.465 1.220
-1.557 -1.471 1.121
-1.224 -4.534 2.211
-0.878 -4.610 2.213
-0.856 -4.675 2.211
-0.569 -4.744 2.206
0.887 -4.545 2.206
0.708 -5.361 2.224
2.027 -4.220 2.192
2.319 -4.059 2.194
2.549 -3.846 2.187
3.506 -3.165 2.179
4.281 -0.370 1.675
4.331 0.731 1.868
5.682 -2.151 2.212
2.125 3.147 1.436
1.816 4.800 1.789
0.832 4.725 1.809
-1.382 3.373 1.462
-1.646 0.003 0.672
-1.746 -0.765 0.712
-1.739 -1.272 0.698
-2.009 -3.725 1.308
-2.020 -3.858 1.362
-2.066 -4.489 1.553
-2.088 -4.694 1.536
-2.106 -4.893 1.577
-0.160 -7.602 2.236
-0.473 -8.540 2.237
5.646 -3.525 1.382
5.711 -2.378 1.467
5.559 -4.696 1.529
5.954 -0.263 1.498
6.081 1.045 1.333
4.956 1.210 1.125
4.168 1.278 1.096
3.433 1.345 0.834
1.112 1.618 0.515
-1.826 1.810 0.611
-1.564 1.145 0.564
4.254 -0.756 0.621
4.266 -0.594 0.353
12.149 1.284 1.034
-1.780 -1.426 0.192
4.252 -0.606 0.214
0.560 3.335 0.046
-1.365 -2.418 0.107
-0.982 -2.839 0.068
-0.739 -2.376 0.067
-0.328 1.826 0.083
-1.361 2.254 0.073
0.146 -2.172 0.209
4.120 -2.132 0.279
3.920 1.299 0.485
5.988 -0.068 0.640
2.550 1.423 0.211
2.511 1.418 0.381
0.488 1.641 0.244
-2.054 -4.081 0.670
-1.098 -3.225 0.544
0.384 -3.132 0.513
5.980 -0.266 1.252
3.804 1.297 0.844
1.896 1.477 0.477
3.355 1.342 0.671
-1.413 1.778 0.586
-1.965 -3.283 1.261
3.733 -6.043 2.151
5.471 -5.430 2.248
5.641 -3.976 2.153
3.812 -5.198 1.943
5.651 -3.583 2.211
5.655 -3.859 2.057
5.690 -3.507 2.120
5.662 -3.705 1.942
5.687 -3.217 1.863
6.030 -2.177 2.039
6.080 0.985 1.890
4.384 1.244 1.690
4.136 1.275 1.377
3.523 1.334 1.221
3.006 1.377 1.094
2.466 1.412 1.083
2.234 4.147 1.811
1.760 4.783 1.782
1.360 4.818 1.640
-1.399 3.233 1.305
-2.047 -4.474 2.116
-1.706 -4.267 2.217
-1.932 -3.053 1.541
-1.624 -4.549 2.220
-1.406 -4.335 2.210
-1.009 -4.695 2.217
-0.341 -4.765 2.211
0.450 -5.055 2.217
-0.022 -4.624 2.209
0.811 -4.944 2.214
0.315 -4.607 2.204
1.113 -4.805 2.201
2.504 -3.906 2.185
1.397 -4.647 2.194
2.503 -3.867 2.185
2.772 -3.716 2.188
1.194 -4.496 2.202
2.935 -3.443 2.194
2.848 -3.691 2.189
3.039 -3.515 2.187
3.955 -1.959 2.168
3.322 -3.293 2.185
3.675 -3.109 2.188
4.142 -1.362 2.074
3.973 0.165 2.159
3.880 0.435 2.153
4.129 0.577 2.154
4.199 -0.661 1.915
4.380 1.252 2.062
2.993 1.373 1.857
3.059 1.367 1.549
2.897 1.377 1.601
2.738 1.400 1.628
2.392 1.435 1.571
2.028 1.877 1.617
1.757 3.335 2.157
2.076 2.511 1.761
1.786 4.143 2.170
1.721 3.913 2.173
1.436 4.185 2.168
1.407 3.978 2.171
1.290 3.601 2.165
2.102 4.029 2.167
-1.476 2.449 1.610
-3.133 -1.254 2.144
-0.912 -3.155 2.154
-0.710 -3.482 2.170
-0.454 -3.514 2.162
-1.367 -2.850 2.154
-1.283 -3.034 2.154
-0.187 -3.478 2.169
-1.131 -2.928 2.152
-1.101 -3.112 2.166
0.329 -3.244 2.157
1.988 -2.467 2.143
2.480 -1.815 2.127
3.307 0.737 2.141
2.920 -1.752 2.145
2.999 0.775 2.113
2.943 0.316 2.138
2.720 0.415 2.117
2.905 1.381 2.042
3.355 0.535 2.143
1.407 2.805 2.151
-0.208 2.956 2.152
-0.430 2.791 2.159
-1.471 2.297 2.060
-2.600 0.790 2.141
-1.855 -0.545 1.667
-1.772 -1.235 1.659
1.724 -1.502 2.127
1.977 -1.661 2.124
2.566 0.496 2.119
-1.235 1.550 2.125
-0.218 1.676 1.960
-1.371 0.914 2.180
-1.651 -1.347 2.275
2.168 -0.910 2.131
1.078 -2.114 2.127
1.677 -1.452 2.125
1.197 -2.286 2.108
2.687 -0.657 2.124
2.303 -0.615 2.131
2.388 -0.148 2.127
2.260 -0.771 2.126
1.247 2.316 2.149
0.347 2.527 2.146
-1.372 2.700 2.372
0.005 2.537 2.156
-2.499 1.286 2.137
-1.459 1.778 1.811
-2.992 0.489 2.139
-2.822 0.409 2.141
1.372 -2.959 2.163
2.388 -2.591 2.146
2.789 -2.228 2.149
2.637 -2.069 2.134
2.798 -1.889 2.137
2.942 -1.693 2.139
3.686 -0.109 2.143
3.302 -0.865 2.140
2.907 -0.782 2.126
3.034 0.181 2.138
3.646 0.698 2.144
3.412 -0.619 2.148
3.680 -0.362 2.143
3.202 -0.421 2.138
3.074 0.596 2.128
3.244 1.303 2.128
2.887 1.382 1.934
2.092 2.692 2.076
1.950 2.886 2.151
1.563 3.205 2.163
1.378 3.276 2.152
0.434 3.508 2.181
0.617 3.597 2.174
0.291 3.572 2.172
-0.433 3.535 2.177
-0.928 3.674 2.184
-1.324 3.775 2.390
-1.385 3.211 2.208
-1.377 3.264 2.067
-1.829 -0.909 1.177
-1.464 -4.046 2.209
-0.941 -4.177 2.198
-0.698 -4.149 2.193
-0.425 -4.199 2.194
-0.590 -4.497 2.211
0.091 -4.206 2.190
0.640 -4.158 2.187
0.600 -4.482 2.204
0.070 -4.712 2.202
0.465 -4.276 2.200
1.068 -4.238 2.197
1.307 -4.220 2.192
1.490 -4.421 2.199
1.620 -4.104 2.192
3.280 -3.571 2.196
2.422 -3.743 2.189
3.973 -3.328 2.132
2.799 -4.243 2.198
4.027 -2.557 1.940
4.033 -2.454 2.121
3.949 -2.354 2.178
4.239 1.289 1.882
2.854 1.386 1.511
2.057 2.195 1.348
2.049 2.078 1.292
2.114 4.762 2.160
2.280 4.671 2.087
2.104 4.752 2.109
0.668 4.696 1.984
0.411 4.717 1.960
-1.389 3.245 1.565
-1.486 2.451 1.226
-1.657 -0.064 0.663
-1.597 -1.460 0.861
-2.140 -5.273 1.906
-1.375 -6.475 2.225
-0.840 -6.789 2.241
5.709 -3.170 2.002
5.737 -2.306 1.720
5.978 -0.182 1.845
3.346 1.353 1.002
3.556 1.334 1.154
0.786 1.629 0.544
-1.677 1.002 0.523
-1.416 3.109 0.287
-1.637 0.853 0.322
0.299 -2.811 0.212
-1.221 1.776 0.359
-0.538 -2.565 0.324
6.098 1.033 1.075
4.938 1.203 0.766
-1.367 -1.893 0.280
-0.729 1.857 0.287
-1.732 1.794 -0.009
-1.157 -2.557 0.095
-0.520 -2.872 0.086
-0.075 1.778 0.017
-0.670 -2.593 0.270
1.006 -2.471 0.213
1.300 -1.077 0.196
4.181 -0.297 0.132
0.378 1.677 0.200
-1.415 3.115 0.245
-1.318 -10.099 1.139
0.410 -3.009 0.475
5.982 -0.069 0.964
5.460 -5.905 2.175
2.122 1.451 0.556
3.806 1.304 0.713
5.673 -3.539 1.912
-1.397 2.687 0.580
5.605 -4.174 1.716
0.597 4.616 0.875
-2.031 -3.997 1.302
5.685 -2.602 1.540
5.723 -2.276 1.606
4.938 1.214 1.364
4.322 1.266 1.433
4.039 1.293 1.162
3.528 1.334 0.927
2.241 4.233 1.608
-1.986 -3.500 1.633
2.690 -4.477 2.204
-2.003 -3.791 1.663
-1.990 -3.743 1.868
-2.034 -4.155 1.882
1.097 -5.192 2.218
3.539 -3.875 2.197
1.412 -5.225 2.207
2.020 -4.986 2.195
1.768 -4.936 2.195
2.049 -4.920 2.198
2.353 -4.787 2.197
4.039 -2.440 1.879
4.099 -1.797 1.824
4.241 -0.216 1.936
2.307 1.435 1.359
3.792 1.322 1.731
2.129 3.104 1.611
2.635 1.410 1.436
0.802 4.178 2.139
-0.433 1.825 1.028
-1.472 2.664 1.560
-1.477 2.562 1.554
-1.593 1.312 1.152
-1.646 0.572 0.946
-1.597 -3.116 2.167
-1.191 -3.236 2.157
-0.821 -3.683 2.177
-0.791 -3.394 2.170
-0.358 -3.522 2.167
0.887 -3.622 2.169
0.691 -3.571 2.167
-0.153 -3.488 2.162
0.020 -3.616 2.165
0.204 -3.693 2.167
1.344 -3.372 2.166
0.647 -3.685 2.163
1.327 -3.300 2.171
1.204 -3.398 2.167
1.578 -3.222 2.169
1.881 -2.919 2.155
2.459 -2.456 2.141
2.515 -2.178 2.135
2.648 -2.278 2.154
2.788 -2.139 2.141
2.822 -1.650 2.137
2.842 -1.447 2.144
3.169 -1.048 2.145
3.217 -0.871 2.138
3.657 -0.863 2.149
3.722 -0.586 2.150
2.843 0.695 2.118
3.290 0.801 2.126
3.459 0.076 2.148
3.442 1.266 2.144
2.914 1.249 2.115
3.466 0.365 2.138
3.093 0.665 2.130
0.831 2.841 2.148
-0.396 3.074 2.156
-1.466 2.382 2.057
-0.792 3.050 2.163
-1.424 2.836 2.241
-1.481 1.769 1.743
-2.913 0.299 2.138
-2.905 0.574 2.130
-1.418 -2.625 2.147
-1.081 -2.267 2.132
-1.051 -2.573 2.144
1.037 -2.447 2.118
2.052 -1.408 2.130
2.180 -1.124 2.127
2.445 -0.838 2.124
2.411 -0.053 2.124
2.084 1.372 2.123
0.013 2.338 2.154
-0.344 2.311 2.148
-1.636 0.616 1.873
-1.624 -0.174 1.694
-1.594 -1.242 2.228
1.312 0.920 2.115
0.342 1.628 2.027
-0.770 1.469 2.120
1.698 0.103 2.128
1.287 -1.128 2.125
-1.565 1.100 1.870
-1.679 -0.570 1.628
0.951 -2.202 2.116
2.215 -1.335 2.122
1.989 -1.020 2.129
2.030 -0.848 2.126
2.091 -0.745 2.129
-2.654 0.050 2.147
-1.385 -2.041 1.952
-1.221 -2.443 2.143
1.037 -2.464 2.127
1.840 -2.349 2.122
2.981 -0.863 2.134
2.916 -0.230 2.129
2.715 -0.313 2.128
3.141 0.024 2.140
2.746 -0.136 2.130
3.123 0.383 2.132
2.749 0.377 2.134
3.024 0.845 2.119
3.081 1.193 2.133
1.564 2.853 2.156
1.502 2.776 2.154
1.997 2.496 2.154
0.439 3.261 2.180
-0.094 3.078 2.165
-0.364 3.103 2.159
-0.503 3.293 2.171
-0.484 3.385 2.172
-0.976 3.401 2.183
-3.167 -0.048 2.134
0.332 -4.014 2.187
0.476 -3.847 2.182
2.319 -2.915 2.166
0.454 -4.131 2.193
0.587 -3.989 2.191
-1.237 -3.586 2.180
0.735 -3.812 2.180
0.856 -3.638 2.180
2.493 -2.760 2.158
3.078 -3.329 2.179
-1.219 -3.656 2.182
0.888 -3.929 2.186
-1.878 1.815 1.608
-2.021 1.826 1.970
1.102 -3.526 2.168
-0.733 -3.784 2.180
1.407 -3.875 2.182
-0.706 -3.930 2.188
1.697 -3.763 2.177
-1.378 -2.097 1.444
3.327 -2.190 2.156
-1.959 -3.283 2.206
3.515 -2.013 2.158
4.192 -0.772 2.081
4.134 0.941 2.152
3.970 0.813 2.146
3.919 -0.258 2.157
2.906 1.380 1.565
3.218 1.359 1.853
2.392 1.429 1.359
0.565 4.543 2.183
2.120 3.061 1.820
0.906 4.837 2.188
1.739 4.238 2.172
-1.395 3.135 1.626
-1.385 3.208 1.514
-1.482 2.404 1.192
-1.581 1.657 1.141
-1.737 -0.047 0.833
-1.980 -3.404 1.606
-1.932 -2.951 1.437
-2.023 -4.063 1.786
-1.849 -5.377 2.233
-1.511 -5.505 2.228
-1.079 -5.823 2.236
-0.398 -5.737 2.228
-0.650 -6.177 2.221
-0.010 -5.797 2.228
1.898 -5.523 2.199
2.013 -5.085 2.193
2.215 -5.873 2.207
2.278 -5.421 2.202
3.967 -3.255 2.007
3.376 -4.958 2.211
4.009 -2.933 1.813
4.002 -2.874 1.879
3.792 -5.495 2.097
3.572 -4.300 2.198
5.693 -3.366 1.933
5.718 -2.847 1.923
3.919 -4.016 1.924
3.929 -3.789 2.011
5.712 -2.640 2.202
5.979 -0.144 1.688
5.967 -0.172 1.854
6.020 0.279 1.829
5.806 -1.328 2.195
3.867 1.314 1.210
-1.692 0.364 0.589
-1.670 0.013 0.522
-1.436 2.982 1.056
2.129 2.896 1.154
-1.725 -0.107 0.618
-1.423 2.556 0.856
-1.470 -10.106 2.251
5.442 -5.873 1.937
3.540 -7.910 2.151
5.513 -5.205 1.854
5.571 -4.617 1.748
3.785 -5.345 1.616
5.656 -3.567 1.583
5.659 -3.542 1.037
5.706 -3.098 1.526
5.718 -3.031 0.996
5.724 -2.377 1.088
5.753 -2.318 1.293
5.980 -0.222 1.315
4.092 1.283 0.642
3.482 1.340 0.771
1.809 4.802 0.794
-0.909 1.809 0.470
-1.730 -0.476 0.335
5.753 -2.776 0.381
4.190 -0.272 0.126
2.009 1.827 0.193
0.959 1.525 0.218
-1.764 1.796 0.291
0.264 1.608 0.047
-1.335 -2.613 0.207
1.312 -1.051 0.172
-0.400 -3.237 0.411
0.798 -2.810 0.371
4.240 -0.866 0.667
4.325 -0.106 0.565
4.312 0.016 0.635
5.978 0.038 0.422
4.353 0.519 0.559
3.922 1.295 0.559
3.003 1.388 0.274
2.458 1.421 0.517
2.146 1.444 0.399
1.416 4.828 0.767
5.519 -5.261 1.734
5.613 -4.121 1.654
5.676 -3.450 1.565
5.696 -3.110 1.588
5.689 -2.652 1.566
5.714 -2.462 1.448
5.944 -0.474 1.468
4.180 1.274 0.911
3.325 1.344 0.850
2.095 2.548 0.995
-0.827 1.785 0.631
-1.447 2.410 0.839
-1.436 2.477 0.852
-1.232 1.806 0.685
-1.998 -3.542 1.478
-2.108 -4.898 1.797
0.532 -5.900 2.228
2.815 -5.334 2.205
1.586 -6.213 2.209
1.982 -5.957 2.203
3.265 -5.139 2.217
1.648 -5.782 2.204
3.886 -4.238 2.130
3.864 -4.591 2.161
3.938 -3.723 1.999
3.958 -3.333 1.971
4.124 -1.647 1.801
5.722 -2.336 2.160
4.163 -1.099 1.806
6.251 -1.533 2.210
6.305 -1.102 2.209
5.908 -0.794 2.203
4.107 1.297 1.733
3.425 1.350 1.546
3.241 1.346 1.292
2.190 4.757 2.100
2.123 4.378 2.178
1.854 4.752 2.188
-1.409 3.087 1.528
-1.615 0.549 0.939
-1.726 -0.102 0.887
-1.575 -1.463 1.247
-1.357 -1.836 1.364
-1.969 -3.413 1.991
-1.992 -3.675 2.230
-1.605 -4.287 2.217
-1.519 -3.614 2.189
-1.099 -4.129 2.202
0.816 -4.076 2.197
-0.954 -4.339 2.206
-1.068 -3.744 2.185
-0.963 -3.966 2.199
0.649 -3.882 2.182
0.904 -3.881 2.185
-0.490 -4.217 2.197
0.875 -3.842 2.180
1.163 -3.857 2.176
-0.056 -4.289 2.196
1.155 -3.822 2.180
-0.351 -3.903 2.184
2.483 -3.081 2.161
2.695 -2.624 2.156
2.590 -3.126 2.171
2.001 -3.402 2.175
0.577 -4.071 2.185
2.392 -3.001 2.161
3.207 -2.003 2.146
3.174 -1.762 2.146
3.812 -1.587 2.161
3.905 -1.364 2.157
4.002 -1.090 2.160
4.150 -0.500 2.172
3.848 -0.277 2.150
4.163 0.097 2.165
3.869 0.262 2.149
3.546 0.332 2.142
2.077 2.707 2.155
1.074 3.095 2.156
-0.768 3.311 2.171
0.857 3.491 2.173
0.867 3.175 2.163
-1.412 3.016 2.152
0.617 3.498 2.168
-1.380 3.217 2.269
1.074 3.250 2.154
0.311 3.665 2.172
-0.242 3.345 2.170
-0.913 3.288 2.177
-3.140 -1.334 2.160
-1.652 -2.624 2.166
2.553 -0.742 2.133
2.585 -0.386 2.131
-1.776 -1.197 1.878
1.297 1.511 2.126
1.794 -1.117 2.128
-1.629 -0.170 2.079
-1.542 -0.827 2.213
-1.581 -1.342 2.200
-1.380 1.098 2.209
-1.631 0.073 2.255
1.665 -0.058 2.129
-0.943 1.575 2.126
-1.773 -1.283 2.142
1.960 -1.161 2.125
-1.099 1.742 2.129
2.805 -0.506 2.119
2.497 -0.201 2.127
2.701 0.196 2.134
2.849 0.476 2.137
2.657 0.404 2.126
2.671 0.606 2.114
1.997 1.463 1.941
2.805 1.180 2.118
0.358 3.001 2.159
-0.542 3.091 2.162
-1.478 2.415 1.897
-1.684 1.798 1.748
-2.831 0.831 2.134
-2.923 0.679 2.138
-3.206 0.201 2.137
-1.944 -3.055 2.269
-0.967 -3.350 2.168
-0.728 -3.480 2.176
0.106 -3.478 2.162
0.634 -3.577 2.163
2.869 -2.916 2.168
2.590 -2.474 2.148
3.810 -1.140 2.154
1.833 -3.050 2.164
3.636 -2.049 2.159
3.864 -0.835 2.150
4.254 0.582 2.164
3.940 0.492 2.146
4.223 0.911 2.159
3.882 1.041 2.149
3.710 0.950 2.142
3.500 0.821 2.138
3.599 1.335 1.935
4.015 0.238 2.149
2.775 1.391 1.717
3.060 1.372 1.957
2.136 3.253 2.045
1.939 3.600 2.158
1.475 3.856 2.158
1.062 3.983 2.172
0.518 4.124 2.181
-1.411 3.006 1.730
-1.606 1.259 1.211
-1.980 -3.600 1.846
-0.668 -4.876 2.215
-1.622 -4.692 2.222
-0.564 -5.192 2.223
-0.262 -5.105 2.223
-1.316 -4.800 2.217
2.150 -4.396 2.195
3.089 -4.719 2.202
3.466 -4.519 2.210
3.925 -3.884 2.075
3.879 -3.695 2.211
3.999 -3.019 1.901
4.048 -2.592 1.796
4.101 -1.863 1.813
4.125 -1.513 1.913
3.112 1.357 1.219
5.651 -0.865 2.194
6.019 0.344 2.155
1.559 4.807 1.771
-1.231 1.793 0.857
1.802 4.778 1.689
-1.361 3.490 1.272
-1.359 3.528 1.142
0.494 4.903 1.681
0.586 4.895 1.662
-1.663 0.075 0.574
-1.354 -1.780 0.701
-1.958 -3.276 1.143
-2.206 -5.979 1.801
3.793 -5.307 1.873
5.705 -2.504 1.138
5.732 -2.206 1.629
5.607 -4.055 1.355
5.645 -3.699 1.683
6.101 1.055 1.122
6.093 1.070 1.400
4.146 1.286 0.996
3.073 1.374 0.796
2.068 1.454 0.605
1.843 1.568 0.603
-1.405 3.072 0.641
-1.410 3.172 0.553
-1.614 0.973 0.332
0.433 4.925 0.845
-1.397 2.559 0.528
-1.629 0.823 0.342
-1.643 0.636 0.369
-1.664 0.599 0.501
-1.667 0.563 0.390
-1.679 0.416 0.358
-2.082 -4.478 0.794
-1.354 -10.083 1.312
4.141 -1.247 0.644
4.257 -0.444 0.500
2.507 1.428 0.259
2.907 1.387 0.348
1.930 1.482 0.249
-1.356 -1.796 0.211
-0.971 -2.778 0.232
1.153 -2.437 0.161
2.366 1.438 0.069
-1.625 -1.479 0.093
0.320 3.345 -0.093
-1.079 -2.549 0.156
-1.729 1.798 0.065
-1.052 -3.127 0.322
-1.299 -2.687 0.300
3.267 1.349 0.488
2.522 1.416 0.328
5.957 1.158 0.606
3.622 1.319 0.989
3.290 1.341 0.710
3.210 1.357 0.813
0.723 4.580 0.882
2.859 -6.338 2.215
0.647 -6.816 2.205
3.593 -5.852 2.218
3.852 -4.816 2.074
5.607 -4.246 2.181
3.806 -5.205 2.110
3.856 -4.711 1.989
5.484 -3.019 2.206
5.666 -3.685 2.090
3.861 -4.582 1.952
5.665 -2.583 2.206
5.692 -3.209 1.988
5.812 -1.809 2.209
5.942 -0.519 1.788
6.070 0.761 2.136
3.883 1.304 1.540
3.723 1.317 1.569
3.482 1.338 1.312
2.234 4.145 1.925
2.036 4.766 1.690
2.125 4.768 1.862
0.417 4.715 1.878
2.045 2.118 1.159
1.374 4.817 1.789
1.422 4.815 1.914
1.105 4.841 2.022
-1.970 -3.374 1.870
-1.225 -4.357 2.211
-2.017 -3.980 1.881
0.819 -4.406 2.200
1.374 -4.395 2.193
1.339 -4.282 2.192
1.602 -4.228 2.186
1.155 -4.244 2.197
1.894 -4.006 2.193
1.689 -4.107 2.192
1.946 -3.991 2.190
2.151 -3.868 2.188
2.785 -3.275 2.183
3.181 -2.592 2.159
3.694 -1.361 2.145
3.832 -1.352 2.157
3.359 -2.361 2.161
3.443 -2.102 2.163
4.148 -1.322 2.036
3.801 -0.601 2.155
3.705 -1.922 2.168
3.587 -1.612 2.146
4.193 -0.711 1.988
4.000 -0.300 2.154
4.237 -0.200 2.151
4.019 -0.011 2.154
3.929 0.256 2.146
3.908 0.516 2.147
2.038 2.034 1.564
1.510 3.307 2.160
1.378 3.932 2.165
1.315 3.548 2.170
1.256 3.399 2.155
1.063 3.450 2.157
0.785 4.054 2.175
0.815 3.525 2.173
-0.042 1.776 1.055
-1.649 1.071 1.252
-1.825 -0.915 1.293
-1.371 -1.879 1.697
-1.464 -3.197 2.171
-1.099 -2.949 2.155
0.714 -3.050 2.152
0.897 -2.986 2.152
1.109 -2.954 2.165
3.012 -0.481 2.136
2.579 -0.842 2.124
2.961 0.542 2.115
2.702 0.616 2.119
3.064 0.886 2.114
2.020 2.124 2.137
-1.740 1.509 1.909
2.301 -1.124 2.124
2.330 -0.950 2.125
2.456 -0.657 2.126
-1.713 -1.478 2.279
-1.399 0.924 2.215
0.262 -1.823 2.131
-1.064 1.233 2.125
-1.350 0.960 2.163
-1.576 1.104 2.005
-1.599 1.338 1.908
-1.835 -0.286 1.593
1.833 -1.291 2.125
2.507 -0.071 2.126
2.543 1.195 2.113
-1.711 1.723 1.937
-2.152 1.845 2.123
-2.743 1.063 2.135
-2.987 -0.139 2.142
-3.130 -0.279 2.155
-2.967 0.471 2.139
-2.960 0.249 2.137
-1.838 -0.414 1.541
-1.143 -2.882 2.150
0.218 -3.206 2.156
0.437 -3.228 2.151
1.061 -2.876 2.166
1.254 -2.860 2.159
1.396 -2.769 2.157
1.786 -3.142 2.162
1.727 -2.703 2.146
2.101 -2.468 2.141
-0.707 3.690 2.175
3.048 -1.323 2.134
2.017 1.923 1.686
-1.303 3.994 2.325
3.724 -0.996 2.158
3.186 0.569 2.135
1.035 3.695 2.161
3.634 1.192 2.146
3.492 1.063 2.135
-1.877 1.812 1.556
3.396 1.289 2.133
0.345 3.748 2.178
3.062 -0.670 2.131
3.155 1.360 2.087
1.784 3.240 2.154
2.701 1.393 1.917
3.647 0.054 2.156
1.484 3.468 2.167
-1.520 -1.477 1.165
-1.789 -1.327 1.221
-1.989 -3.707 2.121
-1.653 -4.149 2.213
-1.281 -4.323 2.207
-1.288 -4.413 2.206
-1.274 -4.503 2.207
-0.994 -4.494 2.212
-0.689 -4.604 2.210
-0.656 -4.775 2.209
0.042 -4.424 2.198
-0.060 -4.680 2.212
1.541 -4.606 2.197
0.717 -5.003 2.219
1.065 -4.472 2.200
2.911 -4.494 2.201
3.588 -4.147 2.200
4.037 -2.488 2.018
4.210 -0.915 1.734
4.129 -1.523 1.950
4.185 1.286 1.722
4.381 1.211 1.943
2.962 1.370 1.294
3.367 1.342 1.622
2.121 2.911 1.436
2.085 2.596 1.382
1.765 4.794 2.018
1.859 4.767 1.983
1.413 4.810 2.014
1.748 4.798 1.904
-1.603 1.222 0.761
-1.691 0.478 0.659
-1.726 -0.116 0.708
-1.758 -0.430 0.682
-1.376 -1.969 0.826
-1.975 -3.379 1.320
-2.078 -4.657 1.673
-1.906 -7.283 2.228
3.840 -4.945 1.851
3.901 -4.162 1.870
5.715 -3.074 2.070
5.508 -5.262 1.790
5.527 -4.987 1.957
5.727 -2.269 1.733
3.682 -6.327 2.224
5.964 -0.220 1.579
6.077 1.036 1.577
4.010 1.283 1.042
4.122 1.291 1.135
3.472 1.333 0.976
1.126 1.604 0.558
-1.572 1.147 0.585
1.912 1.479 0.295
3.414 1.338 0.486
-1.444 1.767 0.420
-1.604 1.122 0.336
0.167 1.672 0.278
-1.369 3.486 0.326
-0.463 -3.030 0.301
0.329 -2.947 0.188
0.947 -2.533 0.223
-0.630 1.826 0.028
-1.313 1.782 -0.012
-1.531 1.790 -0.025
1.749 -2.786 0.150
-1.576 1.024 -0.060
-0.300 -2.266 0.074
-0.469 1.823 0.027
-1.331 2.642 0.018
0.909 -2.666 0.177
1.862 -1.107 0.224
-2.046 -4.151 0.597
-1.115 -3.231 0.495
0.205 -3.257 0.450
12.103 0.925 1.943
3.637 1.322 0.873
3.210 1.359 0.666
2.423 1.419 0.625
1.311 1.570 0.552
1.173 4.847 0.757
-2.207 -6.245 1.951
-0.080 -7.689 2.231
3.647 -6.997 2.153
5.604 -4.332 2.003
5.652 -3.597 1.806
5.675 -3.251 1.854
6.034 0.601 2.047
4.043 1.287 1.270
2.078 2.506 1.190
1.670 4.785 1.619
1.231 4.812 1.563
1.001 4.852 1.674
-1.378 3.389 1.323
-1.640 1.069 0.857
-1.735 -4.476 2.225
-1.505 -5.161 2.220
-1.379 -1.969 1.017
-1.136 -4.710 2.216
0.882 -5.231 2.232
0.687 -4.831 2.211
1.540 -4.901 2.206
-0.322 -5.040 2.220
1.054 -4.791 2.202
1.348 -4.706 2.198
1.900 -4.531 2.197
2.216 -4.396 2.195
2.558 -4.280 2.203
2.739 -4.106 2.195
2.522 -4.273 2.201
2.698 -4.052 2.190
3.132 -3.939 2.201
3.633 -2.857 2.178
3.896 -3.227 2.199
4.036 -2.606 2.175
4.101 -1.808 1.886
4.109 0.488 2.160
4.325 0.675 1.833
4.168 -0.996 1.956
3.857 1.317 1.894
4.212 -0.042 2.173
3.086 1.363 1.692
2.457 1.421 1.327
2.096 2.669 1.862
1.878 3.801 2.171
1.375 4.010 2.144
1.685 4.141 2.174
-1.354 3.489 2.005
-0.623 -3.239 2.154
1.095 -3.265 2.171
1.437 -3.115 2.175
-0.128 -3.657 2.174
-0.101 -3.555 2.169
1.633 -2.975 2.153
0.117 -3.613 2.165
2.346 -2.423 2.140
2.885 -0.430 2.124
3.537 -0.078 2.144
3.529 0.137 2.151
3.315 0.255 2.136
3.268 0.520 2.135
3.000 0.540 2.137
1.813 2.766 2.147
1.518 2.730 2.155
-2.980 0.189 2.131
-2.732 0.571 2.134
-1.736 -0.023 1.548
-1.770 -0.941 1.575
0.095 2.274 2.145
-1.674 0.824 1.724
1.675 0.029 2.128
-1.184 1.534 2.122
-1.383 0.991 2.211
-1.572 1.015 2.210
-1.478 1.784 2.331
-1.441 1.338 2.305
1.958 -1.199 2.126
2.280 -0.405 2.128
1.181 2.173 2.140
-1.625 1.006 1.778
-1.774 0.084 1.517
-0.177 3.625 2.169
-0.484 3.520 2.171
1.683 -2.430 2.113
3.311 -1.245 2.139
1.848 -2.329 2.125
2.199 -2.593 2.146
1.062 3.281 2.162
3.055 0.753 2.130
0.619 3.322 2.150
3.446 -0.816 2.151
3.136 1.048 2.130
-1.404 3.051 2.245
0.587 3.496 2.179
2.793 0.976 2.117
3.566 -0.314 2.148
-1.442 2.700 1.862
0.343 3.525 2.177
1.181 -2.565 2.150
0.054 3.584 2.166
-1.859 1.805 1.467
-1.317 1.773 1.461
-2.233 1.849 1.949
-1.472 -1.477 1.224
-1.377 -2.083 1.394
-0.875 -3.941 2.191
-0.079 -3.989 2.180
-0.247 -4.176 2.187
0.170 -4.462 2.206
0.425 -4.477 2.203
0.600 -4.254 2.192
1.611 -3.621 2.169
3.004 -3.040 2.176
1.849 -3.521 2.175
3.834 -3.175 2.197
3.997 -2.828 2.155
2.707 -3.982 2.191
3.890 -1.299 2.163
4.031 -2.475 2.029
2.979 -3.799 2.191
3.993 -1.040 2.166
3.768 -1.546 2.159
4.335 0.660 2.102
4.365 1.075 1.917
4.369 1.072 1.979
3.192 1.356 1.716
0.134 1.775 0.917
-1.388 3.269 1.515
-1.471 2.744 1.509
-1.458 2.823 1.362
-2.032 -4.110 1.672
2.472 -6.404 2.208
3.838 -4.869 2.087
5.469 -5.852 2.204
3.933 -3.803 1.835
5.549 -4.826 2.177
5.585 -4.463 1.943
5.938 -0.571 1.691
3.284 1.366 1.035
3.023 1.377 1.071
2.025 1.897 0.796
2.096 2.619 0.973
-1.928 -3.057 0.859
-0.081 -10.250 2.097
5.619 -4.164 1.294
5.693 -2.641 1.164
5.959 -0.586 1.046
2.586 1.411 0.560
4.913 1.207 0.844
1.910 1.486 0.383
-1.424 3.026 0.331
-1.407 2.419 0.519
-1.446 2.960 0.485
-1.733 -0.443 0.365
0.914 3.499 0.124
-1.386 2.207 0.129
-1.708 0.023 0.174
-1.072 -2.843 0.119
0.535 -2.708 0.068
4.110 -2.140 0.182
-1.325 -2.697 0.240
-1.384 -2.074 0.075
2.623 1.415 0.083
-0.385 1.827 0.199
-1.216 -3.156 0.431
4.259 -0.587 0.660
2.024 1.840 0.487
0.570 4.638 0.858
-1.383 3.326 0.642
-1.946 -3.173 0.877
-2.027 -10.050 2.020
5.544 -4.786 1.786
5.627 -3.990 1.829
5.715 -2.403 1.630
5.703 -2.513 1.413
4.222 -0.274 1.023
6.055 0.655 1.847
2.046 2.216 0.839
-1.373 -2.072 1.025
-1.967 -3.310 1.616
1.163 -5.808 2.208
3.081 -4.515 2.203
3.349 -4.257 2.208
2.961 -4.689 2.202
3.405 -4.267 2.207
3.533 -3.962 2.205
2.784 -4.753 2.203
2.315 -4.997 2.195
4.024 -2.604 2.068
4.279 0.136 1.923
4.350 0.907 2.113
1.380 4.500 2.177
-1.685 0.083 1.012
-0.880 -4.048 2.200
4.040 1.301 1.912
-1.424 2.971 1.590
2.089 2.740 1.651
-2.014 -4.014 2.395
-1.554 -3.695 2.196
-1.490 -3.973 2.198
-1.293 -3.796 2.198
2.199 4.767 2.146
1.048 -3.553 2.168
1.300 -3.485 2.171
2.088 -3.041 2.163
3.085 -2.222 2.147
2.481 -2.437 2.152
3.105 -1.965 2.151
3.372 -0.584 2.148
3.826 -0.478 2.156
3.531 -1.560 2.154
3.613 -0.041 2.148
3.651 -1.307 2.154
3.356 0.086 2.142
3.613 0.211 2.147
3.869 0.320 2.151
2.961 1.329 2.134
-1.434 2.703 2.035
-0.361 3.230 2.163
-1.475 2.343 1.879
-1.640 1.763 1.736
-1.496 1.771 1.593
0.823 3.275 2.171
-1.010 3.047 2.174
0.823 3.116 2.173
0.786 2.970 2.154
-0.865 3.049 2.171
0.609 3.134 2.169
-1.176 3.063 2.223
-2.677 1.140 2.134
-2.939 0.880 2.134
-3.056 0.242 2.128
-1.656 -1.474 1.839
2.455 1.348 2.120
2.262 -1.242 2.125
2.431 -1.488 2.131
2.789 0.396 2.125
2.652 -0.455 2.128
2.306 1.158 2.115
-0.739 -2.117 2.135
-1.526 1.684 2.132
-1.577 1.116 1.870
-1.140 1.585 2.124
-1.541 -0.768 2.220
0.707 -1.789 2.123
-1.578 0.630 2.327
-0.805 1.679 2.125
-1.469 1.166 2.308
-2.295 0.928 2.138
-0.124 2.461 2.147
2.320 -1.066 2.125
0.716 1.639 1.695
2.513 0.497 2.117
2.496 -0.568 2.126
1.045 -2.333 2.130
-1.673 -0.669 1.720
2.602 -1.792 2.138
2.666 -0.243 2.125
3.034 0.262 2.141
2.823 0.595 2.131
3.044 1.019 2.122
1.999 1.495 1.738
1.661 2.598 2.142
1.611 2.544 2.141
-0.779 2.982 2.161
-0.004 3.058 2.154
0.125 3.175 2.167
-1.026 3.257 2.186
-1.424 2.856 2.225
-1.583 -1.460 1.284
-1.421 -1.487 1.272
2.560 -2.797 2.160
-0.705 -3.551 2.175
-1.072 -3.580 2.178
-1.337 -1.643 1.275
1.247 -3.572 2.169
-0.427 -3.594 2.166
3.311 -2.970 2.184
-1.344 -1.632 1.364
-1.366 -1.880 1.451
2.952 -2.439 2.151
1.716 -3.868 2.183
-3.064 -1.330 2.153
-0.117 -3.799 2.175
1.944 -3.239 2.171
-1.592 -3.282 2.178
-1.938 -3.115 2.180
-1.920 -3.496 2.383
3.867 -0.921 2.152
2.141 -3.106 2.167
4.091 -1.963 2.126
-1.568 -3.315 2.179
-1.360 -3.385 2.172
4.208 -0.347 2.169
3.939 -1.523 2.164
3.802 0.116 2.154
4.317 0.604 2.026
4.178 1.145 2.160
3.859 1.309 2.026
3.876 1.253 2.150
3.747 1.108 2.143
3.412 1.340 1.895
2.106 2.855 1.781
1.061 4.301 2.143
-0.337 -5.298 2.220
5.659 -3.769 2.149
2.586 -4.586 2.203
2.987 -5.805 2.217
-1.413 3.026 1.628
5.700 -3.198 2.048
-1.926 -3.003 1.484
-1.404 3.080 1.598
5.692 -2.585 2.149
-1.748 -1.082 1.020
3.789 -5.317 2.170
5.747 -2.192 1.917
3.858 -4.637 2.014
3.903 -4.095 1.844
-1.528 -1.475 0.990
-1.028 -5.178 2.222
-1.729 1.774 1.253
2.107 -5.990 2.208
5.946 -0.455 2.018
5.978 -0.046 1.941
5.970 -0.050 2.125
5.805 -0.090 2.183
2.069 4.757 1.591
6.061 0.810 1.988
2.004 1.477 0.916
5.842 1.137 2.033
2.021 1.881 0.943
0.745 4.849 1.614
4.752 1.235 1.723
3.922 1.302 1.436
3.319 1.349 1.250
2.844 1.398 1.145
-1.441 2.482 0.920
-1.697 0.803 0.565
5.593 -4.475 1.840
-1.392 2.502 0.404
5.629 -4.020 1.736
-1.745 0.064 0.543
5.694 -2.660 1.386
3.802 -5.227 1.683
-1.625 1.085 0.459
4.942 1.213 1.047
-1.365 3.553 0.619
-2.031 -3.734 0.620
-1.611 0.671 0.308
0.917 1.518 0.176
2.172 1.449 0.250
-1.317 1.760 0.276
-1.480 1.777 0.322
0.078 -2.200 0.104
0.881 -0.997 0.151
4.281 -0.532 0.169
0.129 1.715 0.089
0.933 -2.585 0.323
1.519 -1.087 0.236
5.727 -2.285 0.488
4.276 -0.600 0.267
1.915 1.480 0.360
1.192 4.798 0.512
1.362 4.813 0.714
5.427 -5.872 1.651
4.377 1.252 1.119
3.746 1.313 0.975
3.199 1.360 0.856
1.504 1.578 0.568
1.969 1.478 0.493
-1.466 1.784 0.633
2.103 4.749 1.801
-1.982 -3.409 1.270
2.149 4.763 2.084
-1.977 -3.331 1.437
6.027 0.347 1.928
3.462 -5.464 2.207
3.719 -5.223 2.215
1.735 4.795 2.053
-2.086 -4.597 1.429
1.455 4.806 2.127
5.737 -2.236 1.992
3.905 -4.129 1.978
3.941 -3.702 1.910
3.970 1.299 1.653
3.727 1.319 1.357
1.843 -6.127 2.211
3.951 -3.576 1.875
3.330 1.350 1.437
2.116 2.869 1.549
4.230 -0.199 1.768
-1.666 0.021 0.767
-1.756 -1.120 0.972
-1.176 -4.146 2.196
-1.947 -3.237 1.954
-2.055 -4.374 2.324
-0.638 -4.195 2.191
-0.272 -4.601 2.209
-1.564 -3.803 2.194
0.417 -4.361 2.198
0.678 -4.227 2.193
0.509 -4.158 2.191
0.988 -4.119 2.193
1.239 -4.051 2.194
1.956 -3.694 2.185
2.269 -3.539 2.179
2.714 -3.219 2.172
2.809 -3.228 2.184
3.241 -2.307 2.158
3.247 -2.012 2.149
3.558 -2.111 2.161
3.516 -1.781 2.166
3.921 -1.924 2.160
4.142 -1.289 2.155
3.545 -1.068 2.150
4.056 -1.592 2.171
4.011 -0.820 2.157
3.220 1.355 1.748
2.854 1.388 1.856
3.787 -0.028 2.152
4.252 -0.101 2.114
3.700 0.708 2.150
4.256 0.805 2.165
2.034 2.088 1.842
1.267 3.219 2.159
1.014 3.308 2.165
0.819 3.844 2.170
0.320 3.609 2.170
-1.027 3.439 2.178
-1.295 3.743 2.397
-1.608 -2.536 2.145
-1.460 -2.669 2.149
0.528 -3.035 2.152
2.558 -0.557 2.125
2.863 -0.682 2.125
2.847 -0.516 2.118
2.024 1.985 2.036
1.325 1.535 1.751
1.546 2.446 2.131
0.024 2.587 2.160
-2.414 1.243 2.133
-1.786 -1.479 2.019
1.577 -1.534 2.131
2.410 -0.648 2.118
-1.676 -0.620 2.057
0.725 -1.620 2.128
-1.484 -0.943 2.153
-1.727 -1.005 1.709
2.033 -1.495 2.132
2.390 -0.300 2.128
2.950 0.001 2.126
1.222 2.570 2.147
1.774 2.209 2.143
0.117 2.756 2.152
-1.274 -3.006 2.152
2.552 -2.905 2.169
2.430 -2.662 2.155
2.233 -2.317 2.140
-2.867 -0.723 2.148
2.785 -2.301 2.152
3.009 -2.164 2.150
-1.815 -0.921 1.414
1.403 -3.068 2.173
-1.772 -1.024 1.366
1.578 -3.163 2.167
-1.818 -2.978 2.350
-1.379 -2.038 1.710
0.061 -3.521 2.163
2.102 -3.214 2.174
3.663 -1.623 2.157
2.033 -2.936 2.164
3.841 -1.086 2.165
3.191 -0.728 2.138
3.926 0.929 2.148
3.291 -0.278 2.134
3.361 -0.082 2.139
4.069 0.338 2.154
2.913 1.375 1.748
3.370 0.159 2.144
2.075 2.441 1.752
3.538 0.446 2.146
2.096 2.713 1.943
1.336 3.644 2.166
1.546 3.609 2.164
-1.358 3.441 1.862
-1.575 1.178 1.266
-1.422 1.778 1.320
-1.636 1.866 1.407
-1.715 -1.452 1.222
-1.979 -3.650 1.958
-1.982 -3.706 2.004
-1.987 -3.785 2.014
-0.488 -4.755 2.213
0.934 -4.476 2.204
2.938 -4.415 2.199
1.522 -4.332 2.196
3.997 -2.806 2.168
3.922 -2.674 2.185
3.916 -3.758 2.198
3.967 -3.350 2.099
4.332 0.789 1.918
4.377 1.189 1.856
3.094 1.367 1.346
2.234 4.174 1.769
-1.395 3.293 1.458
-1.473 2.503 1.204
-1.458 2.485 1.054
-1.442 2.499 0.925
0.682 -7.013 2.200
5.734 -2.203 1.776
3.936 1.298 0.888
3.340 1.350 0.794
3.392 -6.286 2.215
5.683 -3.558 2.007
5.981 -0.184 1.674
5.676 -3.173 1.747
3.819 -5.231 1.998
5.706 -2.599 1.849
5.729 -2.337 1.462
5.729 -2.229 1.670
1.461 1.576 0.540
1.005 1.533 0.505
-1.418 1.780 0.637
2.167 1.444 0.320
-1.408 2.839 0.337
0.412 -3.098 0.314
0.342 -2.978 0.145
1.787 -2.796 0.174
-1.124 -2.506 0.150
-1.362 2.174 0.114
-1.228 1.775 0.034
-0.970 -2.838 0.251
4.281 -0.558 0.240
3.312 1.358 0.461
-0.022 1.782 0.241
5.689 -2.628 1.197
5.980 -0.170 0.936
1.135 4.863 0.820
3.744 1.313 0.815
-1.601 1.233 0.544
-1.413 1.770 0.542
-2.071 -4.497 1.469
-1.079 -7.147 2.226
-0.145 -7.312 2.229
1.200 -7.913 2.235
1.265 -7.573 2.234
1.287 -7.171 2.195
2.698 -7.592 2.233
2.323 -7.119 2.240
3.703 -6.503 2.219
3.840 -4.821 1.869
3.824 -5.027 1.865
5.280 -5.450 2.235
5.543 -4.624 2.228
5.551 -4.807 2.081
5.716 -2.481 1.955
5.738 -2.197 1.698
6.443 -1.530 2.225
6.009 0.359 1.958
6.042 0.555 2.133
6.095 1.073 1.843
2.238 4.197 1.784
1.722 4.791 1.658
1.279 4.816 1.649
0.314 1.672 0.634
-1.394 3.264 1.347
-1.365 1.782 0.893
1.162 -4.855 2.197
-1.688 -4.331 2.222
0.875 -4.692 2.207
1.067 3.738 2.164
3.124 -3.561 2.189
0.801 3.926 2.167
-1.367 3.388 1.999
3.684 1.218 2.143
1.508 -4.621 2.196
3.263 -3.614 2.194
0.495 4.191 2.172
1.503 -4.522 2.192
4.051 -0.608 2.159
-0.780 -5.000 2.217
1.774 -4.427 2.193
3.524 -3.399 2.192
2.032 -4.354 2.195
1.797 -4.412 2.193
3.577 -2.450 2.168
2.053 -4.304 2.191
-1.442 2.790 1.772
3.750 -2.842 2.180
2.308 -4.090 2.190
3.963 -2.915 2.193
2.539 -3.957 2.188
1.856 3.664 2.166
2.350 -4.076 2.190
-1.989 -3.676 1.808
1.794 3.429 2.158
2.537 -3.878 2.179
2.426 -4.138 2.191
-2.058 -4.542 2.133
1.574 3.570 2.169
0.560 -4.896 2.205
2.800 -3.712 2.188
-2.128 -5.201 2.234
2.982 -3.511 2.189
-2.059 -4.428 2.351
0.586 -4.760 2.204
3.973 -1.410 2.163
0.909 -4.800 2.209
1.077 4.305 2.171
4.121 -1.595 2.035
-1.376 -1.965 1.663
1.429 -3.049 2.173
-1.664 1.853 1.979
-1.867 -3.157 2.369
3.188 -0.001 2.144
-1.913 -3.381 2.374
-1.786 -0.399 1.488
2.766 0.232 2.125
-1.468 -3.424 2.181
-1.791 -1.479 1.347
2.115 -2.274 2.135
-2.076 1.830 2.033
0.983 -3.170 2.162
-1.367 2.871 2.387
3.114 1.257 2.120
0.014 2.945 2.167
-1.383 1.775 2.130
-1.277 1.612 2.130
-1.572 1.022 1.927
-1.264 1.732 2.137
-0.509 -2.008 2.123
-1.441 0.935 2.260
-1.524 0.832 2.335
-1.542 -0.788 2.212
1.234 -1.507 2.125
-1.662 1.076 1.872
-1.461 1.407 2.323
-1.540 1.387 1.974
-1.633 0.524 1.594
2.145 -1.018 2.126
2.341 -0.462 2.130
-2.827 0.132 2.152
-1.182 -2.715 2.147
-1.769 -2.701 2.314
-0.702 -2.904 2.149
1.132 -2.980 2.164
1.814 -2.960 2.146
2.816 -2.204 2.149
2.587 -2.008 2.133
2.735 -1.835 2.135
2.903 -1.668 2.137
2.789 -1.356 2.127
3.183 -1.033 2.138
0.902 3.340 2.165
0.936 3.346 2.164
3.029 0.383 2.131
3.299 -0.794 2.141
3.043 -0.781 2.132
0.790 3.474 2.175
3.121 -0.608 2.130
0.556 3.551 2.173
3.126 -0.339 2.127
0.255 3.525 2.172
-1.439 2.746 1.917
0.021 3.494 2.172
1.557 3.167 2.169
3.176 0.297 2.133
1.509 3.126 2.151
-1.939 -3.133 1.971
-1.131 -4.243 2.211
-1.394 -3.939 2.188
-1.524 -1.471 1.143
-1.136 -4.072 2.199
-0.066 -4.256 2.192
0.182 -4.315 2.195
0.107 -4.606 2.204
0.741 -4.249 2.199
1.153 -3.954 2.189
3.741 -3.064 2.189
3.096 -4.017 2.193
3.288 -2.507 2.164
3.123 -3.208 2.186
4.202 -0.475 1.754
3.691 -3.618 2.203
4.291 0.350 2.011
4.358 0.957 2.026
4.391 1.201 2.133
2.026 1.796 1.206
2.080 2.482 1.384
2.101 2.664 1.524
0.570 4.705 1.862
-0.148 1.774 0.894
1.071 4.860 2.062
0.702 4.699 1.985
-1.392 3.136 1.549
-1.996 -3.548 1.440
-1.761 -6.098 2.233
-1.983 -3.364 1.398
-1.930 -2.943 1.247
2.630 -5.683 2.204
5.376 -4.531 2.239
5.673 -3.615 2.109
6.036 0.649 1.900
5.723 -2.634 1.950
3.883 1.299 1.136
4.005 1.289 1.248
-1.668 0.043 0.428
5.657 -3.444 1.365
5.986 -0.136 1.086
5.744 -2.238 1.045
-1.617 -1.463 0.560
4.025 1.286 0.672
-1.441 2.971 0.441
-1.381 2.427 0.254
-1.460 1.783 0.455
-1.603 1.123 0.414
-1.608 0.963 0.379
-1.360 -1.495 0.247
2.391 1.431 0.143
1.938 1.621 0.133
-1.372 2.453 0.185
0.969 -2.624 0.139
-0.502 -2.943 0.067
-0.574 -2.362 0.152
3.571 1.340 0.143
2.984 1.385 0.172
-0.647 -2.574 0.364
-1.250 -10.121 1.107
4.239 -0.879 0.701
3.726 1.307 0.643
-1.401 2.431 0.552
2.731 1.402 0.553
12.131 0.961 1.744
-2.044 -4.044 1.278
-2.033 -10.056 2.124
3.570 -7.809 2.170
3.709 -6.070 1.817
3.779 -5.363 1.686
5.716 -3.056 1.549
5.701 -2.537 1.483
5.400 -6.022 1.976
5.593 -4.448 1.910
6.000 -0.017 1.682
6.044 0.583 1.923
2.419 1.419 0.915
4.454 1.240 1.332
3.944 1.295 1.171
2.089 2.545 0.963
2.082 2.542 1.171
-1.222 1.781 0.821
-1.507 -4.953 2.224
-1.366 -1.864 0.844
-1.927 -3.009 1.452
-2.011 -3.891 1.640
-2.045 -4.357 1.699
0.417 -5.406 2.221
1.468 -5.232 2.202
1.779 -5.016 2.206
3.611 -3.911 2.206
2.636 -4.614 2.197
2.140 -4.854 2.197
3.857 -3.635 2.207
3.938 -3.665 2.155
3.188 -4.170 2.198
3.257 -4.093 2.199
4.061 -2.256 2.044
4.234 -0.256 2.065
4.071 -2.110 1.847
4.275 0.143 1.948
3.737 1.319 1.717
2.827 1.389 1.312
2.036 1.925 1.202
1.106 4.840 2.141
1.106 4.627 2.184
0.728 4.674 2.184
1.665 4.018 2.171
-1.850 1.780 1.317
-1.931 -3.061 2.119
-1.476 -3.825 2.201
-1.331 -1.549 1.097
-1.372 -3.435 2.180
-1.180 -3.282 2.165
-1.133 -3.523 2.177
-1.074 -3.713 2.184
-1.016 -3.384 2.168
-0.655 -3.877 2.184
-0.180 -3.641 2.172
0.458 -3.683 2.171
0.531 -3.561 2.170
0.941 -3.548 2.169
1.444 -3.333 2.172
2.979 -1.949 2.138
3.142 -1.999 2.148
3.087 -1.242 2.137
2.598 -2.268 2.142
2.739 -2.095 2.145
3.014 0.336 2.141
3.013 1.373 1.964
3.415 0.610 2.133
3.653 0.787 2.142
3.358 0.827 2.128
3.084 0.913 2.128
3.269 1.059 2.134
2.047 2.151 1.908
-0.092 3.180 2.169
-0.337 3.178 2.158
0.869 3.315 2.165
0.374 3.330 2.171
0.079 3.286 2.166
-1.385 -2.081 1.887
-1.375 -2.471 2.145
-0.808 -2.788 2.138
-1.273 -2.526 2.139
2.303 -0.927 2.127
2.347 -0.779 2.123
2.735 -0.668 2.118
2.305 -1.300 2.125
2.579 -0.306 2.120
-1.667 -0.982 2.332
-1.396 1.216 2.233
-1.872 -0.425 1.643
0.752 -2.553 2.139
1.329 -2.376 2.118
3.215 0.752 2.136
2.835 0.561 2.130
3.119 -0.186 2.137
2.779 0.767 2.121
2.691 -0.076 2.128
1.294 2.843 2.138
-0.737 3.345 2.178
0.526 3.077 2.161
-0.975 3.352 2.182
0.344 3.164 2.170
-1.354 3.441 2.381
-1.361 3.516 2.357
-1.416 2.956 2.372
-1.403 2.995 2.072
-0.106 3.139 2.169
-1.448 2.550 1.965
-0.313 3.258 2.165
-1.624 -3.325 2.177
-0.890 -3.822 2.186
-1.434 -3.465 2.178
-0.467 -3.743 2.182
-0.292 -3.713 2.181
-0.409 -3.967 2.190
0.006 -3.820 2.179
-0.948 -3.590 2.178
0.191 -4.074 2.184
0.488 -3.739 2.178
0.756 -3.732 2.176
0.908 -3.570 2.166
1.365 -4.059 2.192
1.475 -3.778 2.179
1.718 -3.460 2.172
1.963 -3.335 2.179
2.206 -3.450 2.179
2.576 -2.917 2.162
2.885 -2.994 2.172
3.313 -3.038 2.179
2.938 -2.560 2.158
4.021 -0.683 2.165
3.736 -0.725 2.153
3.309 1.351 1.764
3.719 1.323 2.107
3.150 1.363 1.858
4.105 0.698 2.158
4.315 1.096 2.168
3.918 0.845 2.147
3.957 1.306 2.025
2.138 3.175 1.788
2.091 2.753 1.766
2.028 1.899 1.373
2.017 4.106 2.171
2.041 4.086 2.174
0.803 4.424 2.185
0.882 4.515 2.189
0.800 4.749 2.179
-1.308 1.766 1.143
-1.971 -3.332 1.594
-1.988 -3.608 1.669
-0.159 -6.154 2.227
5.731 -2.679 2.117
3.229 -4.423 2.196
5.934 1.191 1.747
-2.147 -5.365 2.319
3.813 -5.110 2.198
5.902 1.159 1.889
0.682 -6.325 2.228
4.700 1.260 1.555
5.539 -1.672 2.213
1.165 -6.295 2.215
3.765 1.317 1.222
3.910 -3.966 1.893
3.928 -3.800 2.062
-0.766 -5.423 2.220
6.848 -1.106 2.217
3.971 -3.218 2.061
5.576 -4.405 2.217
5.933 -0.553 1.734
5.981 -0.120 1.735
4.035 -2.507 1.902
6.010 0.323 2.070
-1.384 3.384 1.245
-1.732 -0.113 0.498
-1.733 -0.368 0.501
-1.983 -3.318 0.995
-2.362 -7.558 1.991
-0.169 -9.389 2.244
3.662 -6.777 1.961
3.730 -5.989 1.781
3.760 -5.647 1.528
2.477 -10.758 2.030
5.656 -3.688 1.443
5.453 -5.784 2.020
5.676 -3.191 1.416
5.775 -2.177 1.441
4.971 1.190 0.795
4.057 1.281 0.734
1.918 1.497 0.461
-1.419 2.156 0.357
0.851 4.841 0.827
0.929 4.876 0.871
1.074 4.859 0.803
0.574 4.670 0.814
4.685 1.236 0.379
-1.543 -1.427 0.336
4.704 1.226 0.515
4.012 1.304 0.162
3.892 1.306 0.331
-1.926 -3.060 0.514
4.283 -0.050 0.497
-1.996 -3.708 0.613
-1.028 -0.659 0.156
0.428 -2.656 0.153
-1.644 -1.477 0.169
-1.625 1.776 -0.084
-0.143 1.787 0.024
-1.386 0.329 0.125
-1.916 -2.884 0.410
-1.232 -3.135 0.421
0.799 -2.763 0.359
5.738 -2.372 0.537
4.236 -0.254 0.653
4.351 0.318 0.630
4.439 1.231 0.686
-0.726 1.860 0.325
3.487 1.346 0.226
3.191 1.356 0.570
-1.431 3.030 0.511
2.571 1.418 0.260
5.571 -4.611 1.667
6.055 0.740 2.037
3.839 -4.747 2.204
5.740 -2.318 2.084
5.947 -0.416 1.399
3.852 -4.676 2.156
-1.239 1.798 0.662
4.378 1.114 1.787
3.923 -3.779 2.068
4.158 -1.032 1.763
5.587 -1.252 2.209
3.986 1.301 1.675
1.810 -5.832 2.203
5.697 -2.453 1.376
-1.746 -0.788 0.729
-0.971 -5.980 2.227
5.929 -0.584 1.992
5.982 -0.129 1.975
-1.981 -3.348 1.298
3.947 1.294 0.946
-2.030 -4.001 1.447
2.262 4.037 1.899
1.488 4.790 2.191
0.926 4.746 1.778
1.142 4.834 2.192
-1.461 2.803 1.396
-1.664 0.469 0.892
-1.361 -1.857 1.318
-0.501 -4.297 2.193
-1.720 -3.873 2.195
-1.637 -4.095 2.207
-1.470 -3.883 2.202
0.103 -4.264 2.193
-1.187 -4.013 2.192
0.148 -4.113 2.195
0.365 -4.205 2.199
2.285 -3.254 2.170
2.471 -3.370 2.179
2.575 -3.079 2.166
2.809 -2.651 2.158
2.863 -2.717 2.159
3.123 -2.778 2.171
3.333 -1.806 2.147
3.940 -0.264 2.149
3.390 -1.061 2.147
3.770 -1.344 2.152
3.643 0.399 2.141
3.908 -0.791 2.161
4.180 0.435 2.165
4.163 0.735 2.155
3.800 0.792 2.142
3.498 0.853 2.135
2.431 1.421 1.855
2.035 3.130 2.153
2.008 1.667 1.483
1.086 3.710 2.167
1.056 3.354 2.164
0.775 3.730 2.170
0.420 3.390 2.154
0.782 3.400 2.166
0.803 3.285 2.167
-0.423 3.461 2.174
-0.786 3.483 2.174
-1.434 2.676 1.951
-2.915 0.848 2.136
-3.226 -0.242 2.139
-1.774 -1.482 1.528
-1.381 -2.077 1.656
1.893 -1.955 2.120
2.274 -1.336 2.121
2.306 -1.201 2.125
2.927 -0.752 2.122
0.178 2.653 2.146
-0.199 2.596 2.149
-1.279 1.717 2.145
-1.530 1.303 2.337
0.868 -1.516 2.124
-1.657 -1.434 2.288
1.784 -1.073 2.128
-2.268 0.849 2.142
-1.739 -1.023 1.760
1.970 -1.435 2.129
2.564 -1.210 2.122
2.911 0.801 2.130
2.551 1.265 2.122
0.588 2.809 2.145
1.383 2.473 2.149
-2.897 1.175 2.139
-3.205 0.166 2.152
-2.989 -1.332 2.143
-1.545 -2.954 2.157
-1.865 -3.105 2.365
-1.336 -3.034 2.155
-1.145 -3.129 2.167
1.368 -3.602 2.170
0.662 -3.254 2.161
2.834 -2.872 2.173
3.044 -2.667 2.161
2.616 -2.983 2.161
3.508 -1.570 2.153
4.120 -0.847 2.167
3.787 -0.777 2.155
3.543 -0.813 2.152
3.132 -1.198 2.135
3.689 -1.084 2.159
3.830 -0.543 2.157
3.465 -1.045 2.153
4.196 -0.261 2.163
3.377 -0.366 2.149
4.212 0.355 2.159
3.723 0.181 2.152
4.149 0.669 2.161
4.118 0.957 2.162
3.797 1.098 2.156
3.582 0.943 2.141
3.408 1.054 2.128
2.006 1.484 1.326
1.676 3.711 2.165
1.456 3.805 2.167
0.543 4.147 2.177
1.623 3.675 2.173
1.349 3.848 2.172
-0.491 1.824 1.153
-1.345 3.556 1.843
-1.774 -1.471 1.164
2.425 -4.171 2.191
0.097 -5.022 2.220
-1.938 -3.079 1.703
6.074 0.918 2.027
0.470 -5.010 2.216
4.315 0.503 1.808
0.307 -5.507 2.217
3.548 -4.838 2.212
5.391 1.178 1.906
5.541 -2.071 2.205
3.871 -4.623 2.188
4.375 1.250 1.648
1.083 -4.960 2.207
3.565 -3.799 2.201
-1.215 -4.813 2.220
3.580 -3.231 2.187
4.028 1.297 1.684
-1.167 -4.905 2.223
-1.153 -5.093 2.224
1.896 -5.386 2.193
3.995 -3.111 1.819
2.298 -5.293 2.198
5.981 0.012 2.008
2.233 4.099 1.625
1.733 4.783 1.767
1.318 4.820 1.688
0.753 4.861 1.782
0.958 4.862 1.716
0.414 4.899 1.786
-1.377 3.438 1.234
-1.698 -0.128 0.571
-1.986 -3.365 1.137
0.222 -9.299 2.244
-2.031 -4.032 1.361
1.258 -7.383 2.209
5.703 -2.617 1.750
5.726 -2.269 1.568
5.976 -0.217 1.568
3.327 1.349 0.763
4.043 1.282 0.883
4.105 1.290 0.987
1.901 1.522 0.565
-1.714 0.065 0.366
5.705 -2.525 0.973
4.240 -0.987 0.556
4.267 -0.561 0.305
4.282 -0.106 0.521
3.926 1.300 0.569
1.908 1.481 0.245
-1.394 2.275 0.283
-1.724 -1.465 0.204
-1.572 -1.484 0.198
-1.375 -2.009 0.211
-1.494 -2.512 0.204
0.858 -3.035 0.121
-1.419 -1.500 0.097
-1.142 -2.460 0.067
1.053 -2.385 0.237
-0.024 -2.153 0.238
5.943 1.171 0.544
-0.973 -2.399 0.271
4.698 1.240 0.445
4.289 -0.518 0.280
2.453 1.421 0.422
-1.377 3.470 0.399
-1.391 2.453 0.332
-1.421 -10.103 1.333
-2.049 -3.971 0.605
3.253 1.347 0.684
6.100 1.065 0.897
4.897 1.210 0.774
1.908 1.532 0.585
1.171 4.846 0.977
-2.028 -4.021 1.574
1.087 -7.726 2.227
-1.994 -3.433 1.171
1.619 -7.565 2.238
3.381 -6.130 2.215
3.692 -5.962 2.215
3.829 -5.008 1.928
5.666 -3.628 2.064
5.742 -2.198 1.857
5.762 0.925 2.203
5.952 -0.598 2.204
3.656 1.325 1.219
5.984 -0.065 1.765
2.397 1.427 1.166
2.116 2.948 1.228
2.093 2.930 1.448
2.265 4.409 1.526
2.036 4.760 1.791
1.668 4.798 1.759
0.901 4.867 1.661
-1.375 3.440 1.444
0.498 4.897 1.653
-1.464 2.800 1.233
0.688 4.693 1.871
-1.478 2.399 1.149
-2.023 -4.061 1.905
-1.591 -4.077 2.210
-1.367 -4.207 2.207
-0.909 -4.998 2.224
-0.930 -4.510 2.209
-0.054 -4.536 2.208
1.662 -4.308 2.190
1.131 -4.343 2.197
1.657 -4.179 2.189
0.316 -4.454 2.203
1.722 -4.128 2.191
0.599 -4.417 2.201
0.859 -4.471 2.198
2.190 -3.921 2.192
0.894 -4.379 2.201
1.126 -4.421 2.202
3.553 -2.384 2.167
2.675 -3.556 2.186
3.503 -2.087 2.165
2.680 -3.566 2.189
2.857 -3.363 2.184
4.085 -1.650 2.168
3.942 -1.329 2.156
3.798 -1.104 2.152
4.212 -0.441 2.084
4.051 -0.263 2.172
4.226 -0.369 1.985
4.252 -0.126 2.083
4.052 0.015 2.154
3.975 0.565 2.150
3.681 0.637 2.146
3.915 0.787 2.146
3.042 1.369 1.599
2.111 2.926 1.883
2.113 2.962 2.063
1.999 3.871 2.174
1.617 3.757 2.172
0.549 3.651 2.171
1.497 3.327 2.159
1.314 3.659 2.168
-1.001 3.670 2.185
-1.478 2.470 1.636
-1.477 1.766 1.456
-1.377 -2.016 1.652
-1.626 -2.760 2.147
-0.186 -3.355 2.152
0.007 -3.328 2.156
0.039 -3.244 2.154
0.282 -3.181 2.151
1.732 -2.518 2.118
1.791 -2.573 2.136
0.931 -3.030 2.158
1.450 -2.813 2.160
1.578 -2.644 2.145
-1.661 0.471 1.427
1.859 1.493 1.772
2.745 0.643 2.122
0.310 2.803 2.146
0.114 2.819 2.146
2.718 -0.164 2.122
-0.080 2.746 2.151
2.155 -1.391 2.122
-0.853 1.565 2.125
-1.364 1.393 2.215
-1.375 0.954 2.188
-1.621 -0.091 1.928
1.391 -1.382 2.127
1.688 -1.011 2.126
1.915 -1.524 2.127
1.831 -1.248 2.128
2.112 -1.198 2.126
2.274 -0.959 2.131
2.329 -0.669 2.127
2.222 -0.653 2.126
2.203 -0.511 2.126
2.467 -0.302 2.126
2.803 0.505 2.124
2.747 0.724 2.115
-2.529 1.351 2.136
-1.929 -0.614 1.570
-1.374 -2.077 1.807
-1.565 -2.689 2.154
1.077 -3.301 2.167
1.351 -3.296 2.179
2.082 2.568 1.894
-1.375 3.256 2.082
2.099 3.041 2.156
-1.953 -3.224 1.888
3.332 1.323 2.132
1.782 -3.054 2.162
-2.002 -3.792 2.147
2.924 -4.394 2.198
-2.020 -3.888 2.217
0.522 -4.485 2.202
-1.506 -4.161 2.213
3.345 0.042 2.143
-1.309 -4.220 2.204
-1.478 -4.195 2.202
2.883 -1.445 2.135
3.913 -3.823 2.205
3.721 -3.469 2.203
3.590 -1.189 2.152
-0.945 -4.436 2.211
0.679 3.617 2.175
1.526 -4.554 2.199
3.971 -3.208 2.186
-0.682 -4.376 2.198
3.715 -2.883 2.182
4.002 -2.833 2.093
4.232 -0.277 2.008
4.130 -1.475 1.839
4.250 -0.053 1.998
4.169 -1.168 1.801
5.706 -0.714 2.198
4.222 -0.568 1.732
4.204 -0.599 1.983
3.142 1.361 1.509
2.697 1.401 1.361
2.107 2.794 1.465
-1.393 3.233 1.437
-1.737 -0.048 0.733
-1.760 -0.579 0.705
-1.340 -1.579 0.804
-1.370 -2.103 0.911
-1.993 -3.549 1.344
-2.039 -4.166 1.565
-2.116 -4.980 1.792
0.755 -6.486 2.198
0.890 -6.850 2.192
5.523 -5.191 1.824
3.924 1.308 1.036
5.620 -4.157 2.058
3.989 1.302 1.140
4.133 1.287 1.265
5.631 -3.761 1.786
5.985 -0.186 1.367
3.491 1.338 1.051
5.709 -3.123 1.910
1.130 1.630 0.544
5.727 -2.284 1.621
5.742 -2.205 1.743
-0.617 1.762 0.577
-1.650 1.007 0.531
-1.717 -0.310 0.460
-1.303 -1.561 0.484
5.523 -4.969 1.005
4.367 0.430 0.644
2.024 1.852 0.352
2.890 1.389 0.475
2.169 1.443 0.333
-1.628 1.796 0.220
-1.579 -3.115 0.349
2.726 1.432 0.077
0.306 1.678 0.118
-1.599 1.164 -0.014
-0.928 -2.519 0.083
-1.046 -2.795 0.094
0.338 3.356 0.000
-0.138 1.738 0.222
-0.275 1.805 0.199
-1.224 1.807 0.259
-1.612 0.665 0.275
-0.625 -3.180 0.435
0.894 -10.609 1.336
3.579 1.324 0.788
2.754 1.400 0.616
-0.586 1.825 0.472
-1.987 -3.443 1.216
-2.112 -4.987 1.584
-2.206 -5.847 1.681
3.787 -5.349 1.824
3.769 -5.603 1.872
3.508 -7.920 2.231
5.488 -5.505 2.121
5.538 -4.838 1.999
5.701 -2.557 1.601
5.743 -2.268 1.707
4.231 1.274 1.507
3.492 1.337 0.996
3.004 1.380 0.881
2.247 4.373 1.711
0.692 1.624 0.636
2.083 2.501 0.924
-1.405 3.161 1.149
-1.930 -2.971 1.574
-1.978 -3.478 1.728
-1.314 -5.004 2.229
-1.133 -4.784 2.221
1.625 -4.961 2.196
1.959 -4.702 2.200
2.555 -4.369 2.201
3.058 -3.909 2.196
3.583 -3.431 2.191
3.400 -3.684 2.203
3.841 -3.192 2.197
4.208 -0.847 1.790
4.002 -2.296 2.182
4.060 -2.256 2.143
4.275 0.323 2.163
4.084 -1.951 2.107
4.280 0.244 1.894
4.330 0.685 2.114
4.098 -1.772 1.913
3.892 1.298 2.146
3.400 1.342 1.526
3.212 1.358 1.606
2.097 2.672 1.615
2.134 3.119 1.724
0.400 4.468 2.179
0.521 4.122 2.174
1.455 4.609 2.183
1.343 4.119 2.169
-1.372 3.393 1.945
-1.966 -3.385 2.215
0.168 -3.642 2.165
2.876 0.154 2.123
-1.919 -3.131 2.333
-0.129 -3.418 2.159
-1.877 -3.382 2.378
1.858 -2.852 2.147
2.923 0.293 2.118
3.248 -1.511 2.138
2.092 -2.761 2.143
0.651 -3.459 2.162
2.214 -2.570 2.138
0.481 -3.378 2.162
0.664 2.816 2.154
2.396 -2.416 2.139
-1.329 -1.539 1.175
1.315 -3.259 2.180
0.444 2.849 2.152
0.916 -3.358 2.164
2.062 2.675 2.160
2.566 -2.264 2.143
0.180 3.047 2.161
0.211 2.946 2.161
-3.096 -1.329 2.162
1.476 -3.094 2.169
3.171 -0.215 2.145
0.011 3.005 2.157
-1.934 -2.939 2.154
2.846 -1.894 2.137
-1.460 2.430 2.170
-3.016 0.384 2.137
-3.075 -0.230 2.134
0.928 -2.374 2.122
2.449 -0.694 2.118
-1.511 1.778 2.174
-1.629 -1.477 2.133
-1.526 -1.265 2.157
1.024 -1.415 2.122
-1.713 -0.061 1.596
0.902 1.596 1.698
-1.523 1.585 2.039
-0.948 -2.704 2.138
1.840 1.530 1.709
3.339 -1.004 2.152
-1.723 -0.350 1.576
0.236 2.428 2.146
2.869 0.656 2.132
3.236 1.210 2.139
0.545 3.468 2.173
1.048 -2.762 2.166
2.714 -2.073 2.141
1.654 2.965 2.157
-1.799 -1.407 1.307
-1.648 -1.463 1.268
-0.304 3.335 2.153
-0.211 3.590 2.176
-2.394 1.159 2.134
2.552 -1.196 2.138
1.975 -2.673 2.147
3.244 -1.217 2.147
-0.760 3.445 2.175
-0.288 -3.917 2.180
-1.967 -3.452 2.222
-0.478 -4.112 2.195
0.133 -4.364 2.198
-0.846 -3.832 2.178
1.612 -3.544 2.176
1.736 -4.231 2.190
-0.559 -3.895 2.183
1.868 -3.467 2.177
-0.570 -3.962 2.181
1.124 -4.366 2.197
1.220 -4.088 2.189
1.298 -3.835 2.179
3.020 -3.761 2.195
2.931 -2.962 2.171
3.526 -2.350 2.167
3.702 -2.099 2.164
3.861 -1.835 2.163
3.598 -1.706 2.153
4.004 -1.602 2.169
4.124 -1.336 2.154
4.152 -1.043 2.163
4.186 -0.755 1.857
4.276 0.151 1.867
4.215 0.284 2.168
2.417 1.424 1.231
4.374 1.141 1.973
4.370 1.095 2.040
4.161 0.888 2.163
4.015 1.304 1.959
3.719 1.324 1.976
2.104 4.459 2.180
1.788 4.657 2.186
1.465 4.788 2.193
0.542 4.795 2.196
0.857 4.687 2.003
-1.478 2.356 1.160
-1.325 1.764 1.013
-1.726 -0.062 0.695
-1.975 -3.361 1.498
1.031 -6.447 2.204
1.461 -5.634 2.204
-0.654 -6.601 2.221
2.413 -6.270 2.199
5.712 -3.048 2.159
5.693 -2.582 2.068
5.935 -0.520 2.069
5.960 -0.121 1.877
5.982 -0.149 2.052
6.091 1.093 2.008
4.821 1.232 1.539
3.926 1.313 1.290
3.133 1.360 0.978
2.389 1.423 0.861
-1.437 2.892 1.050
-1.452 2.451 0.958
-1.651 0.501 0.455
-0.625 -10.194 2.073
-0.107 -10.226 2.212
0.088 -10.250 1.983
5.462 -5.697 1.728
5.500 -5.352 1.504
5.538 -4.718 1.456
5.985 -0.155 1.041
3.981 1.289 0.766
3.377 1.347 0.660
2.022 1.858 0.425
1.091 1.495 0.359
-1.417 2.350 0.531
-1.652 0.217 0.359
2.759 1.402 0.143
-1.357 2.560 0.223
-1.376 2.153 0.234
-1.621 0.688 0.029
-1.124 -2.463 0.136
-0.733 -2.338 0.087
0.390 -2.773 0.125
1.743 -2.760 0.215
0.705 -2.668 0.158
-1.413 3.063 0.203
-1.448 1.772 0.203
-1.065 -3.130 0.328
5.978 -0.190 0.968
12.136 1.238 1.886
4.378 0.598 0.654
1.159 4.861 0.656
0.562 4.782 0.859
0.156 -10.267 2.029
3.821 -5.161 1.570
5.711 -2.862 1.580
5.508 -5.212 1.715
5.544 -4.727 1.758
5.590 -4.356 1.730
4.934 1.202 1.096
3.854 1.307 1.064
2.009 4.761 1.587
-1.683 0.586 0.712
-1.640 0.658 0.703
-1.696 0.476 0.717
1.577 -5.561 2.197
-1.420 -1.470 0.879
1.658 -5.371 2.200
3.968 -3.217 2.021
-0.730 -6.030 2.230
1.994 -5.201 2.193
4.010 -2.824 1.959
2.667 -4.937 2.199
5.894 -1.005 2.201
2.992 -4.777 2.204
5.916 -0.556 2.181
3.699 -4.050 2.206
5.505 -2.196 2.219
3.812 1.310 1.529
4.363 0.930 1.820
2.079 2.331 1.259
2.075 2.414 1.447
2.100 2.799 1.644
2.148 3.330 1.795
2.223 4.003 2.178
2.174 4.707 2.193
1.675 4.516 2.186
1.037 4.720 2.189
0.703 4.882 2.158
0.399 4.754 2.189
-1.324 1.777 1.113
-1.623 1.831 1.256
-1.360 -1.824 1.199
-1.970 -3.444 2.109
0.053 -3.944 2.180
0.323 -3.885 2.177
-0.980 -3.908 2.190
0.583 -3.742 2.176
1.885 -3.191 2.166
-0.291 -4.086 2.185
2.130 -3.054 2.168
1.295 -3.593 2.166
1.573 -3.427 2.174
1.760 -3.330 2.168
2.631 -2.492 2.150
2.991 -1.627 2.144
3.411 -1.501 2.143
3.725 -0.050 2.150
3.591 0.463 2.142
3.119 0.642 2.122
3.551 0.712 2.140
3.340 1.352 2.007
2.083 2.601 1.962
1.177 2.883 2.146
1.003 2.942 2.151
0.568 3.369 2.168
0.309 3.510 2.171
0.382 3.166 2.170
-0.247 3.417 2.171
-0.518 3.330 2.169
-0.811 3.145 2.171
-1.552 1.787 1.602
0.667 -2.712 2.151
2.526 -0.958 2.133
2.921 0.060 2.138
-1.596 0.981 1.872
0.545 1.630 1.782
-1.627 0.540 2.202
-1.676 -0.568 1.767
-1.679 -0.619 2.185
1.668 0.015 2.126
1.654 0.098 2.129
2.489 -0.013 2.127
-1.681 -0.121 1.575
-1.734 -0.711 1.583
2.244 -2.114 2.139
2.881 0.714 2.129
2.704 0.795 2.125
2.584 -0.176 2.126
2.577 -0.058 2.130
2.966 0.497 2.127
0.618 2.973 2.151
0.621 3.036 2.160
-0.191 3.004 2.146
-0.578 3.084 2.162
-1.014 2.892 2.168
-1.380 3.299 2.305
-1.423 2.798 2.258
-1.428 2.786 2.035
-2.863 1.084 2.132
-1.728 -0.157 1.099
-3.367 -0.233 2.142
-1.634 -3.098 2.168
-1.812 -1.493 1.435
-1.017 -3.533 2.178
-0.590 -3.615 2.172
1.328 -3.230 2.178
-0.405 -3.607 2.169
2.667 1.401 1.482
-0.565 -3.728 2.182
3.064 -2.187 2.149
0.236 -3.506 2.174
1.882 -3.155 2.161
2.182 -3.299 2.177
4.077 0.833 2.155
3.908 0.701 2.153
3.364 -1.266 2.146
3.678 0.615 2.145
4.054 1.154 2.153
0.801 4.229 2.179
3.583 1.334 1.915
2.870 -2.779 2.164
3.652 1.116 2.149
-1.419 2.937 1.743
-1.776 -1.288 1.038
-2.032 -4.165 2.010
-2.122 -5.448 2.433
-1.926 -3.094 1.605
-1.316 -5.118 2.212
-0.927 -5.223 2.224
-0.666 -5.174 2.219
-0.887 -5.410 2.216
-0.597 -5.302 2.223
4.103 -1.816 1.839
1.003 -5.039 2.212
3.928 -3.691 2.084
5.920 -0.866 2.195
5.935 -0.434 2.177
3.060 1.369 1.108
3.155 1.368 1.203
1.992 1.478 0.932
5.659 -0.101 2.184
2.846 -4.280 2.199
5.704 0.301 2.194
6.052 0.776 2.184
-1.396 3.283 1.295
-1.433 2.961 1.051
-2.026 -3.816 1.202
-1.985 -3.399 1.123
-2.037 -3.948 1.185
-2.051 -4.087 1.250
-0.025 -8.719 2.249
-2.227 -6.197 1.770
5.746 -2.296 1.235
3.422 1.337 0.786
1.206 4.844 0.928
1.349 4.815 0.917
-1.412 2.452 0.499
-1.240 1.802 0.523
-1.813 -0.892 0.421
-1.779 -1.444 0.381
-1.274 -10.112 1.198
3.886 1.312 0.376
5.961 -0.185 0.279
2.868 1.394 0.374
2.469 1.443 0.177
-1.730 1.811 0.272
1.917 1.529 0.179
-1.593 1.229 0.280
3.007 1.388 0.066
2.266 1.471 0.065
0.699 3.336 0.016
-1.392 1.776 -0.027
2.720 1.400 0.091
0.157 1.666 0.122
-1.783 1.792 0.121
-0.627 -2.563 0.310
0.580 -2.680 0.324
1.050 -2.467 0.283
3.904 1.308 0.439
3.311 1.345 0.402
2.474 1.424 0.461
-1.591 1.774 0.341
-1.811 -1.452 0.342
-1.385 -10.100 1.475
3.231 -10.846 1.994
5.671 -3.560 1.412
5.452 -5.826 1.536
5.702 -3.086 1.425
5.504 -5.193 1.498
5.572 -4.579 1.490
-1.674 0.732 0.610
1.617 -6.414 2.206
3.565 -5.678 2.211
3.801 -5.216 2.150
3.862 -4.599 1.992
5.938 -0.457 2.174
6.080 1.011 2.101
4.429 1.238 1.470
2.388 1.422 1.192
2.243 4.229 1.750
2.057 4.758 1.770
1.804 4.788 2.092
0.134 1.768 0.776
-0.045 1.777 0.758
-1.700 -0.382 0.926
-0.369 -4.414 2.209
2.048 -3.775 2.187
0.249 -4.284 2.200
2.111 -3.789 2.198
3.367 -2.055 2.151
1.815 -4.021 2.187
1.596 -4.062 2.193
3.632 -2.156 2.168
3.588 -1.875 2.161
2.875 -3.341 2.183
3.020 -3.054 2.173
3.106 -2.516 2.161
3.591 -1.313 2.159
3.824 -1.358 2.163
4.175 -1.012 2.042
4.195 -0.218 2.171
4.135 0.400 2.161
3.284 1.253 2.139
2.821 1.385 1.803
2.438 1.420 1.653
1.952 3.702 2.167
1.327 3.696 2.171
0.081 3.601 2.175
1.040 3.565 2.162
1.019 3.391 2.168
2.157 3.399 2.048
0.507 3.813 2.170
-1.363 -1.809 1.476
-1.659 -3.059 2.173
-1.474 -2.893 2.159
-0.014 -3.145 2.155
0.870 -2.940 2.150
2.938 -0.481 2.124
3.039 0.830 2.125
2.736 0.881 2.121
1.356 2.588 2.144
0.557 2.517 2.154
-0.317 2.731 2.153
-0.206 2.653 2.152
-1.438 1.777 1.865
-1.741 0.405 1.521
-1.783 0.066 1.515
-1.954 -0.927 1.694
2.297 -0.937 2.125
1.468 1.526 1.884
-1.162 1.740 2.126
-1.463 1.488 2.332
1.382 -1.155 2.126
-1.481 0.952 2.306
-1.535 -0.882 2.199
-1.621 -1.472 2.113
2.249 -0.716 2.125
0.821 2.643 2.153
-0.000 2.898 2.155
-0.856 2.858 2.160
-3.032 -0.159 2.135
-1.379 -2.038 1.642
-1.338 -1.534 1.406
-0.986 -3.106 2.154
0.077 -3.472 2.162
1.156 -3.231 2.178
1.793 -2.766 2.150
3.152 -2.240 2.155
2.939 -2.060 2.145
3.103 -1.859 2.150
3.592 -1.566 2.155
3.704 -1.293 2.155
3.414 0.956 2.134
3.213 1.062 2.127
3.130 1.232 2.131
1.533 3.486 2.167
1.678 3.403 2.160
1.052 3.638 2.166
0.783 3.684 2.165
-1.313 3.928 2.356
-1.369 3.311 2.084
-1.955 -3.265 1.866
-1.688 -4.297 2.214
-1.491 -1.474 1.080
-1.643 -4.341 2.217
-1.607 -4.404 2.222
-1.352 -4.428 2.213
-1.084 -4.432 2.207
-1.939 -3.082 1.811
-1.373 -1.993 1.237
-1.954 -3.215 1.838
-1.990 -3.699 2.031
-0.493 -4.553 2.203
-0.998 -4.778 2.214
1.380 -4.530 2.192
1.692 -4.474 2.194
2.583 -4.435 2.198
3.160 -3.728 2.190
3.391 -3.528 2.199
3.256 -3.243 2.184
3.659 -2.818 2.180
4.005 -2.853 2.050
4.161 -1.162 1.862
5.690 0.030 2.196
3.759 1.322 1.662
2.631 1.409 1.175
2.080 2.433 1.247
2.086 4.747 1.957
2.114 4.752 1.923
1.696 4.786 1.845
0.567 4.860 1.787
-1.434 2.912 1.080
-1.453 2.473 0.986
-1.597 1.214 0.709
-1.773 -0.970 0.709
-1.763 -0.432 0.673
-1.377 -2.004 0.807
-1.948 -3.199 1.178
5.679 -3.406 1.460
5.705 -2.637 1.723
5.978 -0.208 1.231
5.738 -2.279 1.521
6.083 1.059 1.626
4.955 1.193 1.425
4.040 1.301 1.124
2.930 1.382 0.523
2.023 1.831 0.321
4.399 0.777 0.611
-1.637 0.667 0.229
-1.652 0.323 0.314
-1.407 -2.741 0.285
1.988 1.662 0.078
-1.774 -1.374 0.226
-1.326 -1.724 0.190
-1.378 -1.976 0.225
-1.326 1.775 -0.021
-0.479 1.827 0.058
-1.352 2.192 0.028
-1.211 -3.118 0.329
-0.570 -2.953 0.255
0.139 -2.179 0.225
0.714 -2.751 0.222
0.868 -2.617 0.206
12.197 1.555 0.787
2.943 1.394 0.218
2.866 1.386 0.408
5.754 -2.200 1.208
4.225 1.274 1.003
1.156 4.841 0.918
1.193 4.849 0.983
0.687 4.623 0.759
0.753 4.591 0.850
-1.719 -0.357 0.514
-1.508 -1.453 0.643
6.084 1.055 2.166
3.776 1.317 1.357
5.553 -4.867 2.147
2.981 1.381 0.938
6.002 0.021 1.897
5.654 -3.559 1.847
3.746 -5.898 2.061
3.811 -5.194 1.910
2.055 2.147 0.988
2.265 4.433 1.586
2.247 4.300 1.792
-0.101 1.778 0.655
-1.452 2.739 1.127
-1.716 -0.291 0.729
-1.719 -0.286 0.679
-1.768 -1.296 0.940
-1.935 -2.969 1.578
-1.994 -3.519 1.606
-1.984 -3.498 1.797
-1.985 -3.752 2.016
0.182 -5.273 2.222
-1.417 -4.492 2.213
-0.014 -4.916 2.211
-1.089 -4.564 2.217
0.916 -5.048 2.215
1.550 -4.676 2.198
1.233 -4.646 2.201
1.854 -4.465 2.193
2.086 -4.281 2.194
2.578 -3.930 2.183
2.655 -3.932 2.192
3.951 -1.660 2.163
4.094 -1.882 2.119
3.505 -3.068 2.181
3.569 -2.743 2.179
4.146 -1.336 2.136
4.068 -1.123 2.164
4.031 0.226 2.153
3.980 0.487 2.153
4.198 0.960 2.159
3.848 1.013 2.148
4.104 1.178 2.154
3.751 1.263 2.145
3.038 1.369 1.750
1.296 3.914 2.172
1.293 3.710 2.166
-1.388 3.111 1.859
-1.382 3.170 1.876
-1.591 -1.473 1.405
-1.282 -3.096 2.158
-0.903 -3.274 2.156
-0.649 -3.611 2.175
-1.698 -3.387 2.186
1.276 -3.129 2.171
1.446 -2.990 2.166
1.617 -2.873 2.152
1.936 -2.601 2.149
2.131 -2.521 2.143
3.122 -1.506 2.143
3.076 -1.042 2.137
3.137 0.453 2.142
3.427 -0.365 2.150
2.722 1.087 2.113
3.470 -0.078 2.150
2.865 1.280 2.114
2.744 1.398 1.930
0.237 2.964 2.159
-1.186 2.603 2.167
-2.902 0.656 2.143
-2.954 -0.407 2.148
-1.526 1.634 2.098
-1.685 0.292 1.591
-1.748 -0.064 1.616
-1.041 -1.562 2.124
-1.355 1.011 2.169
-1.598 -1.198 2.233
-1.575 1.128 2.163
-1.635 -0.007 2.206
-1.723 -1.007 2.221
-0.999 -1.516 2.125
-1.777 0.245 1.642
-2.718 0.502 2.130
-2.535 1.037 2.142
-2.625 0.061 2.134
-1.792 -0.092 1.510
-1.378 -1.966 1.810
1.527 -2.527 2.126
2.404 -2.450 2.140
2.285 -2.284 2.138
2.704 -1.788 2.136
3.187 -1.523 2.146
3.548 -0.539 2.146
3.120 1.312 2.131
2.974 1.137 2.127
3.525 0.688 2.144
3.283 0.585 2.130
3.441 0.968 2.134
2.031 1.902 1.836
2.082 2.559 2.080
1.451 3.096 2.162
-0.766 3.677 2.180
-1.378 3.126 2.163
-1.388 3.126 2.045
-1.617 1.849 1.416
-1.955 -3.288 2.054
-1.969 -3.385 2.135
-0.188 -4.414 2.197
0.631 -3.957 2.183
-0.868 -4.013 2.195
-0.667 -3.976 2.185
0.749 -4.107 2.188
-1.037 -4.147 2.204
-0.776 -4.110 2.194
-0.599 -4.075 2.186
0.889 -4.301 2.199
1.042 -4.062 2.188
1.208 -4.231 2.187
1.312 -4.002 2.191
2.363 -3.865 2.191
1.404 -3.752 2.178
2.365 -3.538 2.182
-0.065 -4.169 2.184
2.559 -3.423 2.185
2.115 -4.023 2.197
3.203 -2.852 2.177
3.034 -2.600 2.167
3.399 -2.658 2.181
4.028 -2.415 2.180
4.146 1.299 1.974
2.042 2.143 1.347
2.966 1.375 1.481
2.239 4.455 2.166
1.042 4.852 2.161
-1.931 -2.966 1.295
-2.004 -3.518 1.475
-2.093 -4.781 1.907
-2.038 -4.286 1.680
2.519 -5.881 2.204
1.044 -5.949 2.217
1.440 -5.848 2.214
3.728 -5.386 2.220
3.811 -5.166 2.023
3.856 -4.541 1.862
3.967 -3.252 1.854
3.234 1.355 0.957
1.089 1.622 0.640
5.635 -3.908 1.868
2.112 2.768 1.011
5.668 -3.727 2.018
5.697 -3.234 1.971
5.962 -0.169 1.699
5.708 -2.536 2.162
2.024 1.903 0.791
-1.641 0.145 0.449
2.064 2.271 0.877
3.915 1.295 1.179
-1.381 -2.038 0.620
-0.147 -10.229 2.105
0.532 -10.536 2.165
5.739 -2.268 1.119
5.949 -0.530 1.182
4.312 0.102 0.654
2.968 1.380 0.526
2.018 1.830 0.381
-1.361 3.554 0.433
-1.227 1.834 0.357
-1.624 0.820 0.373
-1.617 1.753 0.241
-1.372 -1.959 0.303
0.313 -2.834 0.238
0.978 -2.616 0.382
-1.597 1.224 0.266
3.840 1.305 0.164
-1.299 1.757 0.218
0.937 1.590 0.150
-0.779 -2.422 0.079
4.142 -2.130 0.205
-1.687 0.618 -0.066
-0.957 -2.463 0.087
2.002 1.783 0.121
-0.552 -2.766 0.216
-0.974 -2.886 0.232
0.997 -1.024 0.164
1.047 3.652 0.129
3.552 1.336 0.100
3.027 1.401 0.106
1.261 -1.055 0.161
0.606 -2.934 0.393
1.136 -2.635 0.420
4.336 0.241 0.664
4.207 -1.201 0.644
3.802 1.307 0.667
3.137 1.363 0.651
2.413 1.426 0.563
2.028 1.841 0.297
-1.377 3.404 0.626
-1.583 1.223 0.467
-1.323 -1.527 0.612
-2.111 -4.891 1.382
3.801 -5.253 1.604
5.398 -6.446 2.046
5.453 -5.685 1.948
5.409 -6.016 1.881
5.574 -4.584 1.897
5.611 -4.240 1.707
5.674 -3.487 1.822
5.692 -3.046 1.764
6.050 0.615 1.815
5.964 -0.176 1.740
5.973 -0.215 1.499
2.027 1.832 0.932
2.249 4.341 1.558
-1.597 1.225 0.768
-1.223 1.779 0.738
-1.961 -3.266 1.380
-1.986 -3.568 1.581
-2.018 -3.884 1.603
-1.262 -5.266 2.222
-2.043 -4.233 1.826
-2.121 -5.567 2.446
0.419 -5.782 2.224
0.684 -5.992 2.230
1.840 -5.188 2.196
0.525 -5.456 2.221
0.820 -5.578 2.234
2.232 -5.025 2.194
1.494 -5.452 2.198
3.069 -4.534 2.201
3.665 -4.000 2.205
3.796 -3.711 2.199
3.599 -4.278 2.196
3.900 -4.107 2.178
4.006 -2.839 1.989
5.728 -1.031 2.212
4.262 0.009 2.006
4.295 0.305 2.013
3.157 1.362 1.452
4.371 1.223 2.148
2.103 2.749 1.686
2.152 3.247 1.786
2.170 4.597 2.182
1.120 4.841 2.176
1.114 4.589 2.176
0.791 4.669 2.178
0.461 4.658 2.187
-1.486 2.595 1.464
-1.410 3.009 1.612
-1.393 1.779 1.178
-1.785 -1.318 1.336
-1.950 -3.583 2.371
-1.672 -3.178 2.169
-1.400 -3.560 2.192
-1.148 -3.622 2.175
-1.039 -3.835 2.186
-0.890 -3.676 2.178
-0.808 -3.532 2.171
-0.486 -3.922 2.178
-0.537 -3.621 2.164
0.814 -3.661 2.172
-0.273 -3.875 2.178
-0.043 -4.001 2.178
-0.201 -3.763 2.172
2.191 -3.085 2.162
1.682 -3.297 2.164
2.585 -2.820 2.159
2.764 -2.050 2.148
2.874 -2.077 2.150
2.839 -1.850 2.142
3.081 -2.230 2.152
3.276 -1.038 2.143
3.507 -1.029 2.149
3.155 -0.607 2.140
3.676 -1.058 2.165
3.418 -0.161 2.137
3.847 -0.269 2.152
3.866 0.000 2.150
3.816 0.565 2.151
3.505 0.639 2.141
3.771 0.863 2.148
3.063 1.151 2.129
1.058 3.208 2.165
0.577 3.447 2.170
1.854 2.646 2.152
0.338 3.309 2.170
0.387 3.208 2.179
-0.390 3.300 2.169
-0.857 3.140 2.166
-1.398 3.039 2.321
-1.476 2.364 1.942
-1.441 2.581 2.036
-1.470 2.391 1.922
-1.598 1.798 1.720
-2.577 1.337 2.130
-1.723 -1.040 1.567
1.920 -2.026 2.130
1.962 -1.921 2.122
2.664 -0.100 2.121
1.117 1.565 1.773
-0.933 1.722 1.790
0.207 1.618 1.813
-1.170 -1.481 2.124
-0.331 -1.871 2.125
2.525 0.127 2.126
-1.772 -1.232 1.843
2.625 -0.054 2.126
2.853 0.367 2.134
1.826 2.446 2.160
0.172 3.134 2.165
-1.430 2.887 2.069
-1.619 1.820 1.848
-1.883 1.804 1.764
-3.427 -0.208 2.158
-3.223 -1.340 2.164
-1.590 -1.483 1.350
-1.882 -3.454 2.382
-1.172 -3.431 2.178
-0.973 -3.517 2.180
-0.455 -3.651 2.172
-0.411 -3.742 2.176
-0.164 -3.779 2.180
0.463 -3.573 2.171
0.557 -3.668 2.168
0.489 -3.997 2.180
0.800 -4.005 2.187
1.085 -3.402 2.161
1.040 -3.947 2.180
1.960 -3.482 2.178
2.219 -3.332 2.177
1.651 -3.832 2.178
1.719 -3.333 2.167
2.235 -2.775 2.162
2.638 -3.035 2.172
2.471 -2.580 2.146
3.250 -2.941 2.176
3.080 -2.721 2.164
4.148 -1.295 2.078
3.270 -2.524 2.163
3.687 -2.514 2.177
4.379 1.232 2.148
3.767 1.333 1.885
3.922 1.319 2.050
3.475 1.325 1.944
3.664 1.332 2.109
2.562 1.415 1.540
2.024 1.918 1.505
2.135 3.220 1.915
2.098 2.791 1.778
1.949 4.000 2.166
0.456 4.695 2.181
-1.371 1.780 1.051
-1.502 2.299 1.271
-1.411 -5.150 2.225
-2.149 -5.605 2.371
-1.335 -5.259 2.221
0.015 -5.294 2.223
-0.216 -5.721 2.224
0.312 -5.296 2.222
-1.991 -3.544 1.685
0.475 -5.476 2.222
-2.119 -5.062 2.272
0.773 -6.093 2.217
1.958 -4.838 2.194
2.234 -5.101 2.196
2.284 -4.732 2.201
2.532 -5.459 2.208
2.608 -4.979 2.205
5.929 -1.363 2.208
5.630 -0.881 2.224
5.942 -0.510 1.987
4.003 -2.814 1.982
5.965 -0.084 2.079
6.057 0.801 1.826
5.728 1.155 1.879
5.907 1.060 2.198
3.251 1.346 1.176
2.242 4.295 1.566
-1.984 -3.326 1.071
3.734 -6.004 1.859
-2.036 -3.979 1.198
3.761 -5.653 1.601
5.397 -6.484 2.201
5.586 -4.541 1.832
5.719 -2.363 1.182
4.072 1.281 0.685
5.967 -0.586 1.420
5.966 -0.289 0.955
5.973 -0.217 1.241
5.980 -0.212 1.390
1.750 4.812 0.845
0.852 4.836 0.878
-1.773 -1.438 0.360
12.178 1.613 0.933
3.287 1.357 0.336
-1.674 -2.808 0.159
-0.967 -2.802 0.192
-1.100 -2.589 0.061
2.026 1.484 0.066
0.954 -2.688 0.119
4.344 1.268 0.153
3.139 1.378 0.140
-1.326 2.526 0.107
0.406 -2.693 0.277
0.483 -2.671 0.281
-1.586 1.800 0.154
-1.781 1.760 0.163
1.114 -2.492 0.315
4.262 -0.675 0.508
4.277 -0.604 0.287
-1.914 -2.890 0.369
4.310 -0.391 0.500
5.709 -3.047 0.668
4.274 -0.253 0.576
5.736 -2.821 0.549
-1.402 3.214 0.099
2.801 1.399 0.515
-1.383 3.429 0.522
-1.589 1.221 0.333
5.623 -4.042 1.542
5.673 -3.534 1.511
1.698 1.551 0.557
2.028 1.872 0.821
3.293 1.343 0.796
2.413 1.420 0.748
-2.004 -3.762 1.259
-2.142 -5.496 1.996
3.871 -4.506 2.029
5.697 -3.259 2.183
5.626 -2.026 2.203
5.820 -1.289 2.196
5.938 -0.539 1.971
5.959 -0.319 2.118
4.282 0.062 1.786
5.732 0.291 2.206
6.043 0.482 2.165
5.246 1.193 1.890
4.375 1.262 1.901
3.531 1.337 1.384
3.224 1.354 1.500
2.732 1.397 1.358
2.136 3.377 1.756
2.233 4.114 1.997
1.700 4.785 1.813
1.358 4.820 1.905
0.585 4.748 1.790
-1.376 1.773 1.030
-1.923 -2.973 1.717
-1.941 -3.022 1.967
-1.972 -3.506 1.968
-1.961 -4.069 2.414
-1.750 -3.932 2.225
-1.209 -4.122 2.194
-1.066 -4.328 2.211
-0.602 -4.623 2.211
-0.080 -4.187 2.188
0.368 -4.443 2.202
0.480 -4.105 2.184
2.043 -3.680 2.186
2.267 -3.477 2.188
2.738 -2.895 2.171
1.951 -3.663 2.181
1.800 -3.791 2.181
2.013 -3.660 2.181
3.023 -2.462 2.154
3.219 -2.843 2.169
3.455 -1.812 2.155
3.651 -1.869 2.167
3.858 -1.878 2.169
3.568 -0.606 2.144
3.986 -0.525 2.160
4.240 -0.146 2.149
4.028 0.050 2.168
2.100 2.801 2.104
1.738 3.150 2.162
1.366 3.480 2.156
0.793 3.344 2.173
-0.436 3.558 2.166
-3.095 0.574 2.135
-0.479 -3.158 2.164
-1.937 -0.930 1.661
1.526 -2.351 2.101
2.901 0.046 2.122
1.312 2.387 2.142
-1.722 0.371 1.618
-1.863 -0.434 1.673
-1.463 1.298 2.320
-1.471 0.994 2.298
-2.265 1.094 2.151
-1.377 -2.032 2.130
2.876 -0.651 2.122
1.699 -2.256 2.100
2.943 -0.473 2.132
2.256 -0.916 2.131
2.576 0.459 2.126
-1.427 2.712 2.289
-1.466 2.354 2.016
-0.843 2.972 2.166
-2.752 -0.005 2.143
-1.776 -1.031 1.532
0.714 -3.452 2.165
1.133 -3.420 2.163
1.366 -3.490 2.171
2.306 -2.862 2.159
2.479 -2.708 2.153
3.459 -1.500 2.155
2.976 -2.597 2.155
2.720 -2.205 2.142
3.544 -1.296 2.145
3.649 -1.044 2.150
3.360 -0.357 2.138
4.096 0.046 2.158
3.387 -0.122 2.139
4.124 0.367 2.157
4.096 -0.572 2.174
3.393 0.114 2.139
4.084 -0.244 2.155
3.827 0.527 2.147
3.586 -0.292 2.146
2.948 1.373 1.973
3.576 0.683 2.140
2.558 1.411 1.729
3.499 1.194 2.139
2.961 1.372 1.727
2.088 2.687 1.892
2.140 3.201 2.094
1.121 3.787 2.163
1.069 3.889 2.172
-1.621 1.818 1.458
-0.969 3.731 2.189
-1.419 2.932 1.665
-1.398 3.255 1.394
5.540 -1.582 2.214
4.356 1.272 1.683
-1.550 -1.475 1.075
-1.439 -4.587 2.217
1.244 -4.566 2.198
-1.796 -0.990 0.700
-1.969 -3.293 1.180
-1.991 -3.419 1.217
0.554 4.895 1.713
4.182 -0.891 1.898
4.020 1.295 1.734
3.009 1.364 1.204
2.149 3.391 1.458
-1.466 2.468 1.168
1.642 -4.996 2.197
-0.822 -4.818 2.216
3.267 1.360 1.392
-2.042 -4.094 1.340
1.782 -4.342 2.192
2.093 -4.185 2.195
2.371 -4.767 2.198
-1.932 -3.041 1.721
0.046 -4.739 2.213
4.047 -2.396 2.170
-1.787 -1.004 1.032
4.078 -2.205 1.794
4.126 -1.520 1.870
3.697 -6.372 2.003
3.806 -5.244 1.966
5.639 -3.985 2.010
5.662 -3.515 1.876
5.703 -2.573 1.819
5.944 -0.549 1.578
4.950 1.218 1.219
3.972 1.292 0.828
4.004 1.303 0.946
2.835 1.385 0.709
1.311 1.566 0.525
0.721 4.584 0.849
0.395 4.913 0.904
-1.726 -0.034 0.398
-1.717 -0.304 0.414
3.354 1.339 0.458
-1.391 3.372 0.342
-1.630 0.797 0.298
-1.600 1.109 0.253
-1.635 0.419 0.317
-1.734 -1.442 0.200
-1.148 -2.727 0.262
0.794 -2.980 0.093
4.281 -0.551 0.196
-1.674 0.422 0.051
-1.680 0.563 0.010
-1.672 0.450 -0.005
-1.329 2.623 0.032
-0.264 -2.202 0.258
-0.105 -2.158 0.233
1.369 -1.081 0.212
1.881 -1.116 0.245
5.961 -0.264 0.363
2.807 1.390 0.464
12.186 1.603 0.911
-1.586 1.224 0.321
4.215 -0.289 0.838
4.420 1.243 0.965
4.195 1.271 1.065
2.424 1.424 0.643
2.118 1.450 0.490
1.166 4.849 0.952
0.472 4.919 0.988
-2.110 -5.020 1.730
-2.178 -5.796 1.882
3.747 -5.967 2.128
3.800 -5.368 2.057
5.637 -3.493 2.220
5.714 -3.069 2.214
6.138 -1.416 2.204
5.714 -2.459 2.033
5.944 -0.580 2.139
6.114 -1.833 2.214
5.957 -0.188 1.826
4.071 1.293 1.419
6.023 0.205 1.918
6.086 1.028 1.957
2.057 2.160 1.218
2.084 2.478 1.276
2.115 4.762 1.986
1.613 4.797 1.614
1.640 4.803 1.712
1.216 4.808 1.606
0.897 4.867 1.722
-1.747 -0.528 0.733
-1.985 -3.465 1.853
-0.235 -4.563 2.205
-0.883 -5.101 2.227
-1.123 -4.335 2.213
0.857 -4.639 2.206
1.730 -4.280 2.198
2.004 -4.167 2.199
2.042 -4.130 2.198
2.439 -3.780 2.192
2.488 -3.804 2.189
2.548 -3.789 2.189
2.810 -3.613 2.188
3.043 -3.144 2.183
3.152 -3.158 2.180
3.248 -2.915 2.185
3.441 -2.981 2.184
4.114 -1.610 2.140
4.073 -1.334 2.167
3.644 -2.747 2.181
3.604 -2.152 2.173
4.113 -1.090 2.174
3.735 -2.132 2.165
4.166 -0.787 2.166
3.715 0.907 2.141
4.235 1.098 2.167
4.157 0.072 2.162
2.972 1.370 1.832
2.110 2.928 1.751
1.365 3.964 2.162
0.740 4.010 2.168
0.464 4.039 2.171
-1.394 3.126 1.926
-1.586 1.792 1.422
-1.383 3.181 1.976
-1.438 -1.487 1.397
-0.710 -3.129 2.158
-1.313 -2.803 2.145
-0.348 -3.331 2.155
-1.150 -3.377 2.174
1.023 -3.084 2.171
2.684 0.074 2.117
3.091 0.007 2.145
3.094 0.218 2.144
0.940 -2.177 2.131
-1.677 -1.328 2.301
-1.465 1.244 2.314
0.803 -1.565 2.124
-1.574 0.982 1.995
-1.621 0.554 1.999
-1.778 0.294 1.624
1.039 -2.383 2.123
2.312 -0.772 2.128
-1.774 -1.270 1.492
-1.563 -2.498 2.147
-1.116 -2.831 2.139
-0.547 -3.010 2.157
1.782 -2.988 2.158
2.026 -2.917 2.163
3.449 -0.596 2.142
2.956 -0.622 2.125
3.252 -0.387 2.139
3.161 1.128 2.134
-0.227 3.603 2.179
-0.488 3.577 2.171
-1.885 1.808 1.703
-1.390 3.200 2.122
2.063 2.995 2.162
-1.393 3.178 1.905
-1.475 2.420 1.771
-1.747 -1.195 1.223
-1.543 -1.479 1.120
-1.958 -3.312 2.002
-1.846 -4.093 2.295
-1.273 -4.153 2.203
0.661 -4.222 2.197
-0.409 -4.271 2.197
-0.863 -4.490 2.212
-0.349 -4.367 2.202
0.760 -4.816 2.206
-0.535 -4.598 2.207
-0.265 -4.713 2.212
1.344 -4.248 2.192
1.551 -4.467 2.194
1.898 -4.347 2.197
3.185 -3.232 2.183
2.499 -4.450 2.202
4.070 -1.663 2.179
2.719 -3.624 2.189
4.132 -1.435 1.913
4.273 0.041 1.796
2.954 1.370 1.383
2.026 1.911 1.226
2.099 2.946 1.544
2.234 4.095 1.912
1.644 4.786 2.107
1.414 4.811 2.068
-1.458 2.420 1.131
-1.931 -2.978 1.246
-2.003 -3.589 1.392
0.726 -6.424 2.204
5.944 -0.530 1.867
2.988 1.378 1.021
5.991 -0.162 1.865
3.918 1.298 1.112
3.259 1.351 0.895
3.419 1.341 1.055
-1.441 2.433 0.861
0.786 4.897 0.649
0.338 1.624 0.292
-1.747 -1.262 0.243
-1.560 -1.477 0.227
0.033 -2.159 0.256
0.337 -2.787 0.212
0.814 3.316 0.086
-1.370 2.491 0.170
-1.319 1.772 -0.022
-1.782 1.807 0.000
0.574 -2.695 0.176
4.161 1.278 0.154
3.502 1.351 0.150
0.460 1.619 0.170
-1.418 3.034 0.237
0.428 -2.953 0.429
4.269 -0.600 0.684
4.256 1.272 0.911
3.189 1.352 0.584
2.424 1.423 0.542
-1.383 -2.081 0.773
-2.022 -3.799 1.137
3.137 -8.303 2.237
3.588 -7.549 2.128
3.690 -6.535 1.974
3.808 -5.178 1.686
5.402 -6.402 2.214
5.454 -5.815 2.157
5.521 -5.148 2.061
5.592 -4.404 1.937
5.644 -3.695 1.818
2.030 1.875 1.014
2.266 4.350 1.637
-1.791 -0.540 0.753
-1.934 -2.992 1.299
-2.000 -3.617 1.485
-2.035 -4.272 1.933
-2.133 -5.294 2.338
-1.340 -5.210 2.222
-1.154 -5.010 2.219
-0.848 -5.034 2.219
3.483 -3.842 2.197
3.643 -3.910 2.203
3.756 -3.614 2.198
3.966 -3.296 2.193
4.052 -2.283 2.161
4.044 -2.441 1.926
4.134 -1.455 1.806
4.247 -0.480 1.728
4.149 1.121 2.168
3.768 1.314 1.767
2.030 1.874 1.219
2.062 2.347 1.643
2.046 4.252 2.171
1.869 3.801 2.131
0.675 4.868 2.195
-1.971 -3.523 2.126
-1.930 -3.266 2.367
-1.432 2.894 1.633
-1.960 -3.743 2.398
-1.776 -1.249 1.384
-1.398 -3.158 2.157
-0.921 -3.476 2.183
0.876 -3.560 2.176
0.526 -3.484 2.159
-0.334 -3.475 2.164
0.134 -3.800 2.179
0.421 -3.682 2.164
1.393 -3.312 2.172
0.459 -3.608 2.166
0.294 -3.492 2.164
2.374 -2.333 2.141
3.443 -1.304 2.146
2.739 -1.580 2.143
3.609 0.746 2.135
3.033 0.832 2.126
3.683 -0.282 2.150
1.784 1.495 1.770
2.070 2.471 2.120
0.576 3.113 2.170
-1.033 2.825 2.166
-1.307 3.056 2.363
-2.189 1.842 2.126
-2.754 1.111 2.140
-1.364 -1.929 1.973
2.519 -1.217 2.125
-1.783 -1.483 2.043
1.763 -0.121 2.123
-1.422 1.286 2.273
0.769 -1.615 2.124
1.427 -1.200 2.127
1.453 -0.903 2.125
1.850 -0.956 2.128
2.614 -0.499 2.123
-1.521 1.570 2.116
-1.380 -2.089 1.996
1.361 -2.881 2.162
1.959 -2.535 2.139
2.682 -0.671 2.125
3.014 0.136 2.143
2.447 1.425 1.992
1.396 2.924 2.147
1.360 2.915 2.151
0.989 3.095 2.163
1.127 3.049 2.159
2.053 2.292 2.130
1.810 2.809 2.150
-0.482 3.364 2.178
-1.154 2.909 2.184
-3.220 -0.042 2.137
-0.284 -3.783 2.180
0.446 -3.816 2.181
0.482 -4.267 2.197
2.397 -2.941 2.160
1.204 -3.987 2.188
1.509 -3.953 2.192
1.623 -3.427 2.173
2.734 -2.613 2.157
2.056 -3.429 2.179
3.250 -2.456 2.161
3.442 -2.232 2.162
4.048 0.306 2.157
4.042 0.620 2.155
3.780 1.315 1.806
4.222 -0.451 2.155
2.067 2.333 1.564
1.392 4.615 2.187
1.520 4.679 2.180
-1.479 2.747 1.408
-1.930 -3.064 1.407
-1.149 -5.620 2.229
2.405 -5.524 2.205
6.114 -0.971 2.219
5.970 -0.089 1.942
6.025 0.353 1.807
6.023 0.308 1.942
6.057 0.754 1.962
4.431 1.249 1.317
6.502 -1.469 2.210
6.643 -0.980 2.214
2.057 2.207 0.931
-1.385 3.403 1.099
-1.355 -1.790 0.613
-1.362 -1.847 0.612
5.713 -3.091 1.299
12.154 1.469 1.810
-1.676 0.302 0.368
-1.551 -1.466 0.277
-1.346 -1.679 0.282
5.761 -2.219 0.343
2.107 1.453 0.182
0.385 -2.917 0.075
0.470 3.347 -0.076
-0.655 -2.581 0.209
0.124 1.694 0.161
-0.164 1.769 0.155
-1.390 3.109 0.151
-1.353 2.437 0.161
0.587 -2.756 0.363
0.589 -2.701 0.350
1.089 -2.529 0.359
5.737 -2.483 0.494
4.214 -1.046 0.669
4.238 -0.886 0.622
4.264 -0.593 0.624
4.329 -0.051 0.585
2.424 1.423 0.503
-1.322 -1.573 0.546
5.394 -6.114 1.808
5.573 -4.574 1.764
6.088 1.065 1.744
-1.518 1.788 0.727
-1.812 -0.447 0.700
-1.977 -3.384 1.359
0.259 -5.787 2.229
1.250 -6.136 2.217
0.599 -5.816 2.228
4.350 0.929 2.022
4.150 -1.246 1.762
2.028 -5.665 2.201
4.001 -2.842 1.936
2.328 1.424 1.047
2.076 2.378 1.495
2.137 3.340 1.769
-1.403 3.052 1.566
-1.664 -3.429 2.191
-0.539 -3.775 2.179
1.097 -3.901 2.179
1.112 -3.777 2.171
1.365 -3.752 2.172
1.333 -3.723 2.173
2.947 -2.685 2.159
3.816 -0.551 2.152
3.354 -2.301 2.168
3.248 -1.753 2.150
3.977 0.703 2.158
3.520 -2.029 2.160
3.310 1.031 2.136
3.408 -1.263 2.144
4.071 0.420 2.155
2.062 2.339 1.980
1.999 1.653 1.538
1.614 3.395 2.164
-1.335 3.489 2.391
0.351 3.239 2.169
-1.041 3.180 2.177
-1.413 2.962 2.153
-0.173 3.372 2.172
-0.987 3.283 2.176
-1.583 -2.609 2.144
-1.605 -2.734 2.149
-1.396 -2.837 2.150
-1.054 -2.782 2.135
0.924 -2.696 2.151
1.255 -2.595 2.142
2.943 0.296 2.122
-0.217 2.537 2.141
-1.529 1.694 2.087
-0.345 1.673 1.989
-1.444 1.123 2.286
-1.627 -0.008 1.730
2.450 -0.305 2.121
-1.730 1.427 1.905
-1.912 -0.914 1.683
1.699 -2.382 2.111
0.901 -2.513 2.150
2.441 -0.505 2.127
2.041 -1.359 2.128
2.339 -0.816 2.134
2.833 0.493 2.117
2.609 -0.642 2.127
2.675 -0.478 2.132
2.792 1.269 2.114
2.437 1.428 2.071
1.029 2.746 2.152
0.419 2.919 2.160
-0.351 3.152 2.160
-0.611 3.025 2.159
-1.521 1.770 1.558
-1.845 1.790 2.000
-1.569 -1.478 1.374
-0.994 -3.350 2.174
-1.954 -3.132 2.278
-1.604 -3.074 2.162
-0.738 -3.467 2.165
0.677 -3.361 2.157
-0.153 -3.460 2.169
-0.123 -3.516 2.164
1.122 -3.232 2.176
1.655 -3.665 2.176
1.894 -3.560 2.176
2.102 -2.927 2.166
2.439 -3.311 2.180
3.163 -2.774 2.173
4.167 -0.898 2.157
3.667 -0.807 2.153
3.411 -0.780 2.150
4.273 0.953 2.159
4.259 0.012 2.114
3.796 0.223 2.157
1.220 3.990 2.168
2.004 3.662 2.170
-1.349 3.516 1.852
-1.352 3.525 1.771
-1.776 -1.291 1.110
-1.729 -1.448 1.077
-1.927 -3.027 1.591
-0.454 -5.548 2.225
2.448 -4.325 2.192
3.377 -4.127 2.206
3.911 -4.004 1.929
5.691 -3.142 2.214
4.072 -2.119 1.974
6.037 -1.289 2.204
3.855 1.305 1.493
2.024 1.899 1.058
2.092 2.564 1.188
-1.384 3.290 1.350
-1.387 3.339 1.292
-1.376 3.468 1.171
-1.439 1.769 0.867
-1.677 0.358 0.536
-1.969 -3.313 1.125
-1.374 -2.088 0.770
1.835 -7.656 2.246
5.466 -5.679 2.217
5.736 -2.271 1.498
3.698 -6.370 1.877
3.495 1.344 0.900
0.915 4.871 0.959
-1.638 0.965 0.421
4.231 -0.903 0.644
4.273 -0.517 0.243
-1.377 2.650 0.343
-1.615 -1.490 0.184
-1.618 1.098 -0.033
3.648 1.338 0.115
-0.080 1.769 0.119
-0.146 -2.129 0.221
0.793 -2.711 0.323
5.744 -2.777 0.455
4.382 0.582 0.583
3.771 1.307 0.570
3.215 1.351 0.517
2.475 1.421 0.330
2.029 1.880 0.765
4.843 1.213 0.789
5.600 -3.986 1.410
3.054 1.371 0.910
5.935 -0.542 1.122
0.948 1.536 0.508
5.960 -0.222 1.380
2.403 1.424 0.684
-2.000 -3.741 1.373
-2.051 -4.169 1.328
-2.067 -4.544 1.601
-2.161 -5.245 1.662
-2.223 -6.159 1.742
-0.690 -6.950 2.228
1.123 -6.988 2.187
0.736 -6.568 2.201
1.539 -6.973 2.219
3.798 -5.379 2.152
3.797 -5.249 2.121
5.993 -0.068 1.814
2.249 4.352 1.727
6.063 0.849 1.854
1.252 4.834 1.676
1.014 4.821 1.897
-1.655 1.068 0.974
-1.659 0.315 0.786
-1.690 0.178 0.862
-1.520 -4.302 2.214
-0.734 -4.640 2.211
0.286 -4.371 2.200
-0.454 -4.667 2.202
1.093 -4.320 2.194
1.410 -4.200 2.193
1.634 -4.120 2.186
2.341 -3.638 2.189
2.241 -3.856 2.188
2.413 -3.702 2.185
2.621 -3.460 2.192
2.749 -3.240 2.177
2.629 -3.523 2.187
3.071 -2.802 2.173
3.047 -3.104 2.175
3.149 -2.820 2.172
3.599 -2.393 2.166
3.876 -1.065 2.153
3.869 0.789 2.146
3.530 0.846 2.144
3.634 1.276 2.143
2.081 2.498 1.857
1.276 3.741 2.167
0.501 3.907 2.170
-1.951 -3.100 2.257
-1.393 -3.209 2.169
-0.932 -3.300 2.161
2.613 -0.687 2.122
2.881 -0.924 2.124
2.953 1.123 2.119
2.582 1.309 2.108
2.977 0.336 2.123
3.147 0.694 2.125
2.863 0.758 2.119
1.397 1.550 1.766
0.194 2.624 2.147
0.502 2.636 2.145
-1.719 1.400 1.892
-1.990 1.826 2.122
-1.619 1.115 1.722
-2.782 -0.294 2.136
-2.759 0.485 2.131
-1.622 -0.136 1.817
-1.746 -1.018 2.128
2.159 -1.524 2.123
2.778 -0.536 2.124
2.236 1.440 2.109
1.914 1.469 1.855
-1.098 2.734 2.167
-1.245 1.793 1.723
-1.608 1.242 1.735
-2.828 -0.974 2.150
-1.374 -2.082 1.733
0.578 -3.395 2.155
0.677 -3.260 2.156
2.688 -2.573 2.153
1.401 -2.893 2.162
1.588 -2.782 2.147
2.848 -1.654 2.133
1.675 3.293 2.158
3.623 0.621 2.142
3.754 0.928 2.143
3.148 0.792 2.138
0.754 3.804 2.173
2.118 3.023 2.101
2.454 1.426 1.618
-1.269 -4.539 2.215
-0.463 -4.388 2.202
-0.673 -4.609 2.206
-1.979 -3.653 2.039
-2.010 -3.871 2.132
-1.589 -4.207 2.213
1.387 -4.425 2.191
1.491 -4.163 2.190
3.365 -2.973 2.180
1.948 -4.533 2.200
4.034 -2.453 1.993
4.035 -1.978 2.172
4.232 -0.230 1.759
3.698 1.319 1.631
2.937 1.385 1.275
3.324 1.344 1.552
-1.481 2.438 1.128
1.824 4.774 1.983
1.352 4.817 1.948
1.315 4.833 1.867
0.636 4.690 1.889
-2.011 -3.842 1.464
-1.987 -3.428 1.285
3.752 -5.884 1.915
-2.080 -4.739 1.723
3.811 -5.132 2.070
-2.197 -6.047 2.109
-2.148 -5.192 1.814
5.426 -5.925 1.877
-1.692 0.477 0.797
-1.427 3.039 0.646
2.302 -7.582 2.234
3.309 1.348 0.914
-1.031 -6.814 2.229
5.603 -4.290 1.778
5.934 -0.537 1.438
-0.546 -6.805 2.238
5.638 -3.940 1.528
-0.092 -6.869 2.230
5.687 -3.459 2.057
5.679 -3.392 1.509
5.678 -3.245 1.627
5.699 -2.462 1.103
12.117 0.760 1.730
1.143 4.804 0.562
-1.389 3.365 0.427
-1.338 -1.495 0.207
2.716 1.406 0.074
-1.776 -1.379 0.142
-0.358 -2.259 0.119
-1.918 -3.047 0.331
-0.713 -2.566 0.208
0.390 -2.866 0.228
2.497 1.424 0.147
-1.431 2.991 0.311
-1.393 2.469 0.302
0.005 -3.151 0.456
3.710 1.314 0.773
-0.731 1.867 0.439
-1.679 0.369 0.481
-2.089 -4.650 1.429
3.655 -6.904 2.169
5.594 -4.398 2.048
5.957 -0.225 1.684
2.970 1.375 0.893
2.021 1.870 0.975
2.032 1.846 1.048
2.032 4.750 1.845
0.910 4.837 1.559
-1.450 2.705 1.116
-1.663 0.628 0.770
-1.662 0.036 0.775
-1.758 -0.525 0.787
-1.989 -3.527 1.526
-2.044 -4.321 1.847
-2.035 -4.201 2.042
-2.145 -5.439 2.255
0.107 -4.840 2.214
0.329 -4.991 2.209
-1.411 -4.576 2.209
0.428 -4.834 2.211
-1.084 -4.720 2.219
1.033 -4.729 2.206
2.781 -4.029 2.192
2.952 -3.804 2.189
1.894 -4.613 2.194
3.132 -3.880 2.202
1.710 -4.580 2.191
2.255 -4.415 2.201
3.587 -3.123 2.181
4.018 -1.972 2.172
4.000 0.825 2.150
3.552 1.330 1.921
1.374 4.182 2.166
1.322 3.799 2.169
2.137 3.157 1.958
1.059 4.504 2.171
1.054 4.251 2.170
0.734 4.324 2.177
2.101 4.324 2.173
0.764 3.936 2.164
1.642 4.137 2.172
1.583 3.909 2.166
-1.636 -1.477 1.494
-1.369 -1.943 1.448
-0.574 -3.495 2.171
-0.424 -3.656 2.175
-1.467 -3.547 2.183
-0.308 -3.528 2.172
-0.902 -3.646 2.183
0.429 -3.392 2.162
0.775 -3.406 2.164
0.642 -3.357 2.163
1.227 -3.186 2.173
1.236 -3.144 2.170
2.472 -1.953 2.138
2.047 -2.707 2.144
2.899 -0.458 2.126
2.315 -2.592 2.158
3.265 0.314 2.139
3.483 0.403 2.138
3.090 0.945 2.117
0.216 3.016 2.150
-0.052 3.074 2.159
-1.414 2.749 2.307
-1.407 2.854 2.366
-1.981 1.813 2.050
-2.927 0.597 2.139
-2.617 -0.103 2.140
-3.000 -0.007 2.130
-0.639 1.700 1.762
-1.529 1.578 2.075
-1.685 -1.475 2.214
1.684 -0.275 2.124
-1.205 1.127 2.122
0.985 -1.640 2.127
-1.774 -1.349 2.241
-0.300 1.673 2.078
-0.946 1.723 2.050
2.522 0.139 2.127
1.386 2.169 2.129
0.028 2.433 2.149
0.374 -3.009 2.152
1.830 -2.286 2.111
1.177 -2.499 2.132
3.254 -1.272 2.148
2.058 2.379 2.116
1.925 2.648 2.155
1.604 2.878 2.152
0.983 3.213 2.153
-0.498 3.435 2.169
-0.774 3.279 2.177
-0.124 3.291 2.167
-1.397 3.105 1.934
-1.656 -1.475 1.316
-1.311 -3.830 2.191
-1.053 -3.950 2.189
-1.372 -2.094 1.409
-1.375 -2.078 1.474
-0.086 -3.951 2.177
-0.005 -4.043 2.180
0.054 -4.222 2.190
-1.568 -3.771 2.194
0.273 -4.104 2.188
0.498 -4.057 2.185
1.069 -3.999 2.188
1.168 -3.742 2.177
1.106 -4.419 2.199
2.103 -3.880 2.193
2.394 -4.114 2.191
2.323 -3.468 2.188
2.692 -3.969 2.191
2.604 -3.581 2.182
2.637 -2.890 2.162
3.546 -3.338 2.193
3.807 -3.083 2.190
3.795 -2.619 2.178
4.071 -0.807 2.159
3.590 -1.726 2.160
4.121 -0.518 2.160
3.711 -1.478 2.157
4.272 0.104 2.094
4.333 0.728 1.992
4.350 0.979 2.141
2.042 1.961 1.368
2.068 2.277 1.431
0.672 4.879 2.174
-1.320 1.780 0.987
-1.930 -2.965 1.342
-1.925 -3.023 1.362
0.738 -6.833 2.201
-2.149 -5.296 2.097
-1.261 -5.864 2.226
3.869 -4.531 2.178
3.871 -4.516 1.840
5.443 -5.779 2.227
3.950 -3.616 1.989
4.006 -2.834 1.804
5.650 -3.869 1.924
5.732 -2.235 1.860
5.768 -2.169 1.993
5.959 1.159 1.747
6.064 1.132 1.886
2.061 2.302 0.894
2.107 2.713 0.990
-1.381 3.365 1.167
-2.043 -3.924 0.993
-2.003 -3.516 0.911
-2.053 -4.070 1.045
-1.497 -10.119 2.182
-1.340 -10.129 2.045
-0.781 -10.181 2.154
0.583 -10.585 2.218
5.982 -0.139 1.208
6.089 1.096 1.157
3.455 1.338 0.702
1.077 4.853 0.620
-1.370 3.536 0.495
-1.435 2.886 0.620
-1.407 2.415 0.473
-1.612 1.754 0.294
-1.356 -1.483 0.283
1.094 1.579 0.168
0.971 3.738 0.154
-1.413 3.223 0.208
1.687 -2.773 0.177
-1.649 0.762 -0.078
1.221 -1.063 0.175
-1.412 3.088 0.215
-1.520 0.237 0.151
-2.087 -4.442 0.604
4.194 -1.219 0.597
2.113 1.451 0.462
1.924 1.540 0.514
4.285 1.272 0.811
3.730 1.313 0.600
2.739 1.393 0.516
-1.979 -3.458 1.056
-0.589 -10.197 2.014
5.511 -5.143 1.921
5.636 -3.993 1.803
5.467 -5.810 1.954
5.710 -2.842 1.640
5.694 -2.571 1.723
5.991 -0.132 1.774
5.988 -0.158 1.453
4.080 1.300 0.948
2.268 4.465 1.534
1.643 4.809 1.571
-1.268 1.752 0.734
-2.118 -5.003 1.937
-0.966 -6.421 2.224
-1.024 -5.702 2.229
-0.507 -6.411 2.231
1.528 -5.732 2.207
-0.478 -5.507 2.226
1.285 -5.467 2.217
2.318 -5.146 2.198
2.950 -4.821 2.207
3.759 -4.050 2.201
3.862 -4.094 2.211
5.884 0.712 2.194
4.374 1.114 1.975
4.375 1.256 1.864
2.926 1.371 1.464
2.106 2.816 1.608
2.145 3.294 1.685
2.151 3.306 1.817
1.812 4.785 2.141
1.409 4.329 2.172
0.486 4.542 2.186
-1.368 3.404 1.693
-1.829 -0.898 1.096
-1.808 -1.495 1.389
-1.567 -1.471 1.322
-0.913 -3.726 2.188
-2.000 -4.075 2.407
-0.574 -3.674 2.172
-1.495 -4.062 2.197
-0.032 -4.105 2.182
0.860 -3.717 2.177
0.258 -4.037 2.183
1.113 -3.662 2.171
1.300 -3.545 2.173
0.163 -3.741 2.173
1.374 -3.548 2.173
0.404 -3.745 2.165
1.533 -3.519 2.169
1.934 -3.182 2.170
2.257 -3.133 2.174
2.857 -2.631 2.158
3.675 1.131 2.143
3.624 -0.823 2.151
2.036 2.609 2.141
2.899 -1.908 2.146
3.650 -0.537 2.154
3.204 1.367 2.068
3.191 -2.261 2.157
3.648 -0.314 2.154
3.057 -1.451 2.137
3.930 -0.183 2.154
-1.659 0.465 1.345
-1.625 0.507 1.313
3.663 0.183 2.152
0.825 3.439 2.175
-2.916 0.331 2.135
-0.964 3.094 2.183
-2.213 1.847 1.953
0.789 3.075 2.165
-0.895 3.108 2.173
0.574 3.514 2.174
1.250 -2.333 2.107
-2.196 0.849 2.152
-1.768 -1.476 2.236
0.682 -1.743 2.123
-1.776 -1.266 2.224
-1.466 1.774 2.232
2.938 -1.179 2.133
3.009 -0.979 2.135
3.101 -0.816 2.143
2.769 0.602 2.125
2.455 1.419 1.914
0.085 3.093 2.162
-1.450 2.490 2.062
-1.426 -3.256 2.175
-1.936 -3.052 2.189
-1.724 -3.144 2.220
-0.786 -3.635 2.176
-0.344 -3.701 2.181
0.781 -3.605 2.168
0.813 -3.906 2.182
-0.042 -3.827 2.184
0.153 -3.745 2.179
1.647 -3.769 2.184
3.010 -3.116 2.173
3.181 -2.922 2.173
2.882 -2.388 2.151
2.870 -2.057 2.148
3.013 -1.888 2.149
3.084 -1.677 2.139
3.343 -1.313 2.144
4.196 -0.646 2.029
4.226 -0.368 2.061
1.939 3.835 2.169
-1.344 3.561 1.918
-1.486 2.692 1.387
-1.780 -1.018 1.004
-1.580 -5.173 2.227
-0.934 -5.408 2.218
2.538 -4.865 2.200
2.886 -4.690 2.202
3.800 -5.295 2.189
6.183 -1.866 2.201
5.698 -1.657 2.202
6.336 -1.405 2.209
5.969 -0.091 2.137
6.031 0.399 1.836
6.016 0.342 1.996
5.735 0.665 2.189
5.670 1.162 1.891
2.253 4.366 1.596
0.774 4.867 1.674
0.480 4.860 1.606
-0.710 1.763 0.629
-1.933 -3.104 0.994
-1.981 -3.368 1.095
-2.044 -4.066 1.192
-1.367 -8.248 2.236
5.452 -5.694 1.648
5.481 -5.408 1.813
5.493 -5.286 1.328
4.001 1.292 0.822
3.602 -7.302 1.978
3.663 -6.765 2.044
5.601 -4.029 1.178
5.972 -0.266 1.009
5.964 -0.220 1.173
3.730 -6.016 1.534
5.695 -3.150 1.501
3.760 -5.612 1.670
3.807 -5.226 1.771
12.145 1.352 1.906
3.793 -5.322 1.421
12.133 1.385 2.156
6.098 1.094 1.019
5.387 -6.443 1.733
6.084 1.057 1.250
4.857 1.224 0.827
4.918 1.210 0.931
1.099 4.861 0.821
-0.887 1.769 0.491
-1.676 0.334 0.419
-1.368 -1.923 0.382
-2.095 -4.618 0.729
4.264 -0.509 0.215
4.275 -0.327 0.556
5.962 -0.245 0.241
5.987 -0.096 0.606
3.346 1.369 0.182
2.864 1.415 0.179
-1.475 1.764 0.247
-1.367 -1.854 0.186
-1.678 -2.618 0.187
-1.771 -1.417 0.182
-1.629 -1.481 0.200
-0.521 -2.649 0.192
-1.642 0.646 0.040
-1.636 1.797 -0.072
-0.379 1.808 0.152
-0.528 1.832 0.149
-1.787 1.773 0.098
-0.663 -2.578 0.284
5.742 -2.816 0.482
4.252 -0.843 0.601
3.416 1.345 0.210
3.270 1.354 0.447
2.876 1.410 0.193
2.520 1.422 0.210
2.407 1.420 0.443
1.116 4.625 0.359
-1.805 -1.433 0.572
5.514 -5.172 1.597
4.214 -0.286 0.999
5.976 -0.205 1.481
5.669 -2.554 1.409
4.194 1.270 1.162
1.135 1.622 0.523
3.059 1.363 0.946
-1.985 -3.440 1.229
0.516 -7.163 2.197
1.509 -4.027 2.188
1.709 4.777 1.906
-2.027 -4.084 1.435
4.030 -0.735 2.164
-0.773 -4.390 2.202
-2.020 -4.002 1.663
1.309 4.826 1.790
3.810 -5.182 2.177
0.977 -6.592 2.200
5.743 -2.183 1.994
3.306 -2.021 2.154
3.867 -4.605 2.036
3.438 -2.641 2.178
3.426 -2.342 2.162
1.980 -3.715 2.185
4.444 1.232 1.507
2.099 2.849 1.941
-0.239 -4.158 2.192
-1.964 -3.325 1.966
3.921 1.292 1.576
-1.401 3.137 1.450
-1.817 -0.559 0.708
0.389 -4.479 2.196
2.394 -3.332 2.178
2.123 -3.687 2.187
2.119 2.879 1.329
0.189 -4.271 2.195
2.313 -3.565 2.182
0.142 1.775 0.829
3.761 0.441 2.155
0.510 3.860 2.170
1.934 3.546 2.167
0.522 3.705 2.166
0.245 -4.164 2.188
0.569 3.615 2.181
-1.719 -3.994 2.215
4.022 0.628 2.152
-1.700 -0.237 0.829
-0.549 -7.340 2.226
1.639 3.718 2.171
-1.794 -1.479 1.054
0.927 -4.300 2.194
2.241 4.246 1.819
0.738 -4.177 2.191
2.240 4.204 1.914
1.071 3.859 2.166
-0.530 3.607 2.167
-0.425 3.513 2.174
-3.276 0.847 2.151
-1.598 -2.425 2.145
-1.531 1.623 1.945
-0.421 2.606 2.154
1.864 -2.108 2.116
3.033 0.578 2.124
-0.986 2.374 2.147
-2.716 0.151 2.134
2.922 1.058 2.119
1.773 -0.184 2.123
0.237 1.624 1.885
-1.573 0.967 1.915
-1.685 -0.275 1.558
-1.611 -1.469 2.001
1.879 -1.349 2.128
2.555 0.441 2.126
2.950 -0.388 2.124
1.847 -1.489 2.126
-1.428 2.639 2.293
-1.318 1.761 1.762
2.226 -2.817 2.162
-2.788 1.124 2.143
-2.945 0.698 2.137
1.018 -3.186 2.176
2.994 -2.501 2.150
1.147 -3.324 2.168
2.504 -1.953 2.134
1.364 -3.445 2.172
3.193 -2.305 2.159
4.066 -0.223 2.154
-1.362 -1.784 1.550
1.420 -3.258 2.184
-3.053 0.297 2.145
3.488 -1.854 2.157
3.779 0.314 2.150
3.333 0.375 2.131
3.570 1.334 2.124
2.095 2.766 1.945
-3.135 1.934 1.913
0.539 4.042 2.170
-1.477 2.490 1.495
-1.827 -0.889 1.133
-1.375 -1.962 1.187
-0.464 -4.752 2.208
0.173 -4.776 2.202
-0.023 -5.187 2.220
0.617 -4.985 2.221
1.479 -5.220 2.204
2.361 -4.630 2.199
5.980 0.120 2.087
4.259 -0.024 1.742
2.647 -4.546 2.203
3.326 1.347 1.525
3.389 -4.596 2.200
5.886 -1.712 2.199
4.218 1.282 1.588
3.494 -3.110 2.182
3.932 1.299 1.772
2.250 4.017 1.717
0.426 4.784 1.794
-1.379 3.391 1.199
-1.836 -0.802 0.741
-1.771 -1.307 0.756
-2.018 -3.940 1.414
-2.034 -4.099 1.379
5.398 -5.930 2.190
5.509 -5.185 1.648
5.563 -4.552 1.555
3.770 -5.534 1.897
5.646 -3.928 2.039
5.722 -2.297 1.460
3.320 1.337 0.745
-1.679 0.684 0.423
5.710 -2.427 1.018
4.313 -0.058 0.657
4.669 1.209 0.534
-1.924 -2.940 0.314
-1.626 0.975 0.331
-1.518 -1.473 0.189
0.168 -2.217 0.158
0.400 -2.948 0.141
2.300 1.460 0.069
0.732 3.315 0.065
0.490 3.352 -0.010
-0.227 1.800 0.124
-1.351 2.567 0.064
-1.009 -3.125 0.316
-0.256 -2.148 0.262
0.405 -2.722 0.270
5.680 -2.553 0.482
-1.677 0.268 0.247
-1.764 -10.079 1.484
-1.264 -10.120 1.276
0.035 -3.130 0.489
5.979 -0.173 1.292
3.081 1.373 0.740
0.360 -7.317 2.235
1.177 -7.960 2.247
3.752 -5.836 2.165
3.862 -4.526 1.923
5.613 -4.267 2.146
2.054 2.185 1.136
3.504 1.336 1.140
2.054 2.208 1.229
2.063 4.770 2.007
1.089 1.528 0.697
1.655 4.792 1.859
1.682 4.800 1.945
1.308 4.818 1.786
0.831 4.870 1.707
0.984 4.775 1.871
0.596 4.824 1.786
-1.470 2.717 1.248
-1.964 -3.241 1.898
-1.999 -3.836 1.884
-1.502 -4.525 2.218
4.145 -1.263 2.098
1.192 -4.542 2.199
3.236 -2.856 2.176
3.850 1.314 1.979
4.150 -0.752 2.169
3.408 -2.624 2.178
3.356 1.353 2.045
3.382 -3.234 2.187
3.256 1.360 1.748
3.513 -2.371 2.164
-0.597 -4.669 2.201
-0.349 -4.845 2.213
1.811 -4.238 2.195
2.088 2.614 1.861
3.639 -2.379 2.167
3.889 -0.006 2.150
-0.231 -4.641 2.208
-0.054 -4.851 2.210
2.028 -4.124 2.194
2.438 1.424 1.446
0.989 3.576 2.165
0.032 -4.651 2.201
0.691 4.010 2.173
0.089 -4.533 2.200
0.732 3.678 2.168
0.330 -4.654 2.207
4.082 -1.877 2.172
0.415 4.039 2.178
4.072 0.662 2.159
0.441 3.924 2.171
3.850 -1.295 2.153
0.627 -4.576 2.202
1.662 4.123 2.173
1.592 3.866 2.166
1.439 3.436 2.158
-1.461 2.657 1.772
-3.238 -0.088 2.134
-1.772 -1.289 1.300
1.928 -2.357 2.133
2.662 -1.398 2.125
3.069 0.455 2.143
2.030 1.913 1.896
2.016 1.944 2.022
2.934 0.873 2.123
3.099 1.057 2.122
3.320 -0.587 2.140
3.002 1.256 2.120
-1.443 2.599 2.248
-2.606 0.743 2.133
-1.779 -1.391 2.330
1.689 -0.952 2.127
1.977 -1.308 2.127
2.076 -1.126 2.127
2.332 -0.598 2.128
1.521 1.528 1.780
-2.620 1.078 2.137
-3.063 -0.404 2.127
3.046 -0.976 2.139
0.747 -3.093 2.145
-1.373 -1.928 1.733
3.510 -0.098 2.143
3.294 1.076 2.126
3.073 -0.200 2.144
1.611 -3.094 2.162
3.518 0.155 2.147
3.471 0.419 2.151
1.773 -2.551 2.127
2.026 1.889 1.784
2.054 2.892 2.157
1.142 3.447 2.155
0.570 3.628 2.179
-0.976 3.521 2.181
-0.234 3.621 2.175
-0.565 3.426 2.169
-1.450 2.750 1.776
-0.733 3.414 2.176
-0.755 3.565 2.177
-1.670 0.315 1.071
-1.348 -1.782 1.252
-1.467 -1.487 1.168
-1.722 -3.968 2.213
-1.473 -4.005 2.202
-1.672 -4.003 2.204
-1.127 -4.153 2.205
-0.888 -4.187 2.193
0.139 -4.689 2.206
1.077 -4.229 2.195
2.928 -3.382 2.188
3.384 -3.004 2.179
3.580 -2.774 2.182
4.075 -2.040 2.012
4.110 -1.712 1.940
4.175 -0.821 1.756
4.372 1.091 1.796
2.404 1.425 1.281
1.239 4.832 2.115
0.766 4.677 1.921
-1.390 3.188 1.392
-4.173 2.052 1.707
-2.017 -3.947 1.533
-1.996 -3.660 1.445
3.902 -4.073 1.957
5.580 -4.469 1.818
5.682 -3.146 1.821
5.703 -2.543 1.921
5.947 -0.512 1.733
5.950 -0.525 1.918
5.985 -0.119 1.836
4.924 1.216 1.515
0.935 1.521 0.561
6.071 1.101 0.655
-1.381 2.702 0.475
0.779 3.326 0.099
-0.077 1.777 0.101
-1.356 3.532 0.186
0.039 -2.162 0.109
-1.747 -1.316 0.098
-1.596 1.023 -0.080
0.732 -2.736 0.216
0.877 -2.727 0.179
1.513 -1.054 0.188
2.538 1.416 0.132
-1.720 0.022 0.179
-2.012 -3.516 0.458
-1.260 -3.128 0.432
2.480 -10.759 1.283
3.037 1.373 0.700
-1.711 -0.372 0.436
-1.714 -1.122 0.573
-2.107 -4.731 1.334
5.392 -6.455 2.181
5.699 -2.482 1.506
5.940 -0.482 1.850
5.939 -0.569 1.560
6.017 0.235 1.877
4.096 1.284 1.061
2.284 4.610 1.617
2.009 4.760 1.706
3.383 -3.823 2.198
0.489 -5.153 2.215
1.441 -5.171 2.203
3.732 1.308 2.014
2.066 2.389 1.627
-1.447 -1.474 0.929
1.433 -5.058 2.208
2.101 2.689 1.624
2.077 -4.975 2.196
3.954 -3.622 2.138
3.297 1.363 1.464
1.802 -4.942 2.199
3.975 -3.247 2.146
2.145 3.240 1.885
2.397 -4.760 2.205
-1.809 -0.871 0.808
2.121 -4.825 2.202
-0.238 -5.326 2.218
2.889 -4.280 2.196
1.780 4.766 2.187
4.090 -1.915 1.979
1.329 4.241 2.175
0.767 4.179 2.176
-1.798 -1.413 1.201
-0.143 -3.608 2.169
-0.013 -3.685 2.174
0.316 -3.578 2.174
1.641 -3.201 2.171
2.123 -3.003 2.164
3.341 -1.494 2.141
3.498 -1.235 2.158
3.230 0.040 2.136
2.446 1.431 1.859
3.082 0.714 2.132
3.209 1.032 2.123
0.820 3.171 2.155
0.120 3.257 2.170
-0.131 3.264 2.165
-0.670 3.005 2.168
-1.651 1.131 1.895
-1.778 -1.265 2.124
-1.019 1.402 2.130
-1.426 1.583 2.314
1.684 0.242 2.127
1.146 1.633 1.832
-1.636 1.402 1.948
-2.816 0.484 2.136
1.887 -2.348 2.136
3.092 1.237 2.138
3.089 -0.394 2.138
0.727 3.142 2.172
2.681 -0.433 2.128
2.746 -0.250 2.126
0.742 1.634 1.295
1.099 3.068 2.158
-0.038 3.416 2.173
-0.402 3.115 2.173
-0.550 3.207 2.177
-0.797 3.319 2.181
-0.978 3.105 2.175
-0.979 3.232 2.184
-1.264 3.032 2.308
-1.452 1.777 1.376
-0.508 -3.774 2.181
-1.932 -3.000 2.063
-0.144 -3.993 2.180
0.157 -3.993 2.183
2.051 -3.400 2.176
2.558 -2.747 2.155
3.418 -2.207 2.161
3.566 -1.950 2.155
2.141 3.178 1.819
2.006 4.196 2.174
1.675 4.350 2.176
2.051 2.144 1.463
-1.612 1.388 1.144
-1.752 -5.599 2.236
-1.367 -5.935 2.227
-0.971 -6.127 2.229
1.117 -5.504 2.216
1.318 -5.730 2.213
2.332 -5.897 2.187
2.767 -6.299 2.218
3.128 -5.164 2.211
3.863 -4.636 1.839
5.706 -2.498 2.136
3.891 -4.134 2.067
3.929 -3.721 1.928
5.543 -4.944 2.203
5.601 -4.362 2.095
6.511 -0.952 2.210
4.051 -2.467 1.803
5.989 -0.072 1.701
5.996 -0.073 1.826
6.030 1.141 2.096
4.679 1.267 1.586
4.850 1.241 1.679
3.841 1.292 1.341
0.681 1.638 0.627
5.637 -3.922 1.648
5.668 -3.622 1.401
-1.367 -2.118 0.656
-2.001 -3.446 1.013
-2.047 -3.958 1.102
-2.104 -4.656 1.261
5.686 -2.594 1.277
-2.062 -4.157 1.167
-2.111 -4.886 1.298
-2.205 -5.932 1.548
2.952 1.382 0.636
5.466 -5.662 1.880
-2.294 -6.772 1.642
3.897 1.293 0.688
-1.604 0.964 0.455
-1.516 -1.475 0.284
-0.969 -2.467 0.068
-0.276 1.777 0.019
-0.456 1.802 0.006
-1.611 0.622 -0.010
-1.402 -2.463 0.210
-0.514 -2.677 0.194
0.989 1.541 0.152
-0.125 1.783 0.141
0.994 -2.578 0.373
4.353 0.286 0.546
2.759 1.389 0.474
2.717 1.398 0.552
2.469 1.435 0.250
-1.379 3.332 0.560
-1.231 -10.131 1.804
12.125 1.302 2.250
3.254 1.359 0.854
4.007 1.291 0.857
2.029 1.901 0.893
2.053 2.236 0.843
-2.081 -4.712 1.604
1.412 4.807 2.133
-2.153 -6.112 2.443
3.896 -4.039 2.093
3.149 1.366 1.557
2.111 2.901 1.661
0.440 4.924 2.188
2.163 -5.589 2.204
2.194 -5.542 2.200
4.046 -2.432 1.832
2.892 -5.307 2.214
3.264 -5.078 2.214
1.695 4.801 2.027
4.341 0.560 1.790
-0.562 -4.325 2.191
1.428 -3.715 2.175
-0.138 -4.136 2.189
1.865 -3.493 2.175
-1.954 -3.178 1.790
3.145 -1.691 2.149
-1.931 -3.029 2.056
1.710 -3.598 2.177
3.301 -1.685 2.151
0.345 -4.262 2.198
0.411 -4.105 2.192
-1.642 -3.476 2.177
2.200 -3.409 2.179
0.890 -4.062 2.187
3.802 -1.539 2.153
2.668 -2.810 2.159
2.728 -2.565 2.151
-1.004 -4.129 2.198
2.827 -2.359 2.150
3.807 -0.758 2.161
3.585 -0.564 2.153
3.826 0.072 2.157
3.017 1.289 2.122
2.856 1.387 1.955
3.957 1.057 2.149
1.747 2.729 2.144
1.768 3.186 2.163
1.260 3.348 2.163
0.996 3.459 2.166
0.311 3.396 2.175
0.097 3.353 2.168
-1.431 2.637 2.006
1.452 -2.478 2.113
2.701 -1.316 2.125
2.735 -0.760 2.122
2.947 0.339 2.119
-1.626 -0.017 1.608
1.413 -1.533 2.126
1.544 -1.350 2.126
-1.831 -0.239 1.642
-1.219 -2.279 2.133
2.169 -1.197 2.126
2.723 0.258 2.126
2.997 0.669 2.133
2.860 1.072 2.118
2.609 0.793 2.112
2.727 1.228 2.125
2.434 0.872 2.114
1.382 2.489 2.142
0.194 2.912 2.159
-3.126 0.564 2.139
-3.179 -0.282 2.138
-1.375 -1.962 1.550
-1.929 -3.149 2.331
-1.538 -3.007 2.157
-1.328 -3.091 2.160
-1.141 -3.232 2.157
-0.548 -3.394 2.159
0.202 -3.618 2.172
1.077 -3.224 2.187
1.404 -3.630 2.176
1.453 -3.411 2.172
2.614 -2.424 2.146
1.629 -2.917 2.152
1.884 -3.001 2.152
3.935 -0.543 2.154
3.582 1.248 2.142
2.964 1.381 1.715
3.260 1.360 2.003
2.067 2.437 1.709
2.141 3.188 2.059
2.134 3.374 2.113
1.598 3.788 2.167
0.976 4.002 2.145
-1.422 2.924 1.816
-1.233 1.799 1.173
-1.372 3.374 2.018
-1.991 -3.672 1.867
-2.063 -4.583 2.264
-1.825 -4.640 2.233
-1.498 -4.720 2.223
1.213 -5.623 2.217
2.143 -4.364 2.198
4.039 -2.393 2.046
5.703 -3.123 2.206
5.780 -1.625 2.202
3.982 -3.188 2.094
5.761 0.792 2.199
5.998 0.042 2.147
3.640 1.331 1.417
2.999 1.381 1.169
2.084 2.424 1.171
1.342 4.833 1.656
-1.371 -2.088 0.787
3.745 -5.840 2.004
3.814 -5.136 1.830
5.722 -2.389 1.138
5.989 -0.161 1.234
5.982 -0.165 1.564
1.326 4.830 0.930
0.568 4.910 0.982
-1.217 1.760 0.420
-1.470 1.781 0.601
-1.644 0.810 0.384
3.850 1.306 0.493
2.120 1.453 0.225
1.173 4.790 0.394
-1.380 2.649 0.379
-1.336 -2.707 0.182
-1.795 -1.341 0.153
-1.366 2.380 0.108
-1.782 1.793 0.058
-1.296 -2.737 0.298
4.241 -0.249 0.213
5.965 -0.197 0.330
-0.605 -3.172 0.482
-0.571 1.830 0.492
-2.178 -5.869 1.960
1.658 -7.071 2.231
3.752 -5.777 2.207
2.097 -6.656 2.211
3.891 -4.163 1.911
5.682 -3.391 2.212
5.655 -2.484 2.212
4.913 1.223 1.660
2.092 4.753 2.042
1.606 4.803 1.636
1.666 4.788 1.813
0.921 4.858 1.757
-1.763 -0.970 0.834
-1.998 -3.772 1.913
-1.993 -3.717 2.149
-1.236 -4.897 2.223
-0.884 -4.465 2.214
-0.483 -4.944 2.214
-0.513 -4.336 2.207
1.427 -4.256 2.197
3.347 -2.921 2.179
2.418 -3.639 2.187
2.577 -3.495 2.191
3.475 -2.675 2.169
2.534 -3.755 2.192
4.056 -0.505 2.157
3.795 -0.299 2.163
3.968 -1.060 2.159
4.000 -0.764 2.163
4.276 0.136 2.125
3.973 0.542 2.159
4.230 0.739 2.169
1.859 3.622 2.142
0.749 3.896 2.173
-0.999 3.727 2.185
-1.445 2.811 1.851
-0.756 3.666 2.178
-1.668 -1.464 1.509
1.473 -2.759 2.156
1.581 -2.620 2.142
1.873 -2.311 2.129
1.940 -2.423 2.139
2.851 -0.482 2.128
1.358 2.709 2.144
-1.074 -2.420 2.143
2.454 -0.735 2.123
0.299 1.632 1.768
-1.621 -0.128 2.022
-1.326 1.153 2.157
-1.674 -0.631 2.125
1.587 -1.575 2.128
2.631 -0.112 2.128
-2.787 0.799 2.136
-2.883 0.408 2.137
-3.127 -0.349 2.144
-0.932 -2.988 2.164
-0.311 -3.270 2.154
1.385 -2.723 2.149
3.521 -1.450 2.155
3.805 0.449 2.147
1.439 3.390 2.162
1.186 3.509 2.161
0.954 3.550 2.168
1.148 3.538 2.160
0.799 3.610 2.171
0.684 3.749 2.168
0.460 3.855 2.174
-0.501 3.541 2.177
-0.733 3.496 2.181
-1.012 3.586 2.183
-1.323 3.812 2.354
-1.784 -1.040 1.173
3.723 -2.474 2.176
2.190 -4.676 2.202
-2.012 -3.937 2.177
5.807 0.171 2.189
2.060 4.756 2.065
2.810 -3.732 2.185
-1.792 -1.376 1.256
-1.804 -4.138 2.255
5.744 0.594 2.190
-1.480 -1.476 1.088
3.049 -3.544 2.189
-1.669 -1.454 1.183
0.934 -4.236 2.202
0.934 -4.724 2.206
1.440 4.797 2.014
3.440 -3.688 2.204
-1.494 -4.358 2.215
5.944 -0.530 1.508
-1.202 -4.357 2.206
5.936 -0.532 1.662
5.982 -0.128 1.356
5.963 -0.158 1.493
2.443 1.429 0.749
0.598 4.692 1.924
5.684 -3.360 1.573
-1.792 -1.030 0.750
4.003 -2.922 1.937
3.997 -2.820 2.105
3.639 1.321 1.636
-2.044 -4.075 1.492
3.784 -5.431 2.007
5.697 -2.617 1.783
2.992 1.370 1.345
2.233 4.119 1.835
-0.956 -10.161 1.968
4.243 -0.975 0.684
4.261 -0.680 0.687
4.823 1.222 0.777
-1.368 3.539 0.313
-1.395 2.783 0.404
-5.055 2.147 0.289
-1.941 -3.194 0.339
0.023 -2.144 0.190
-1.670 0.469 0.102
-0.709 -2.331 0.085
-0.369 -2.285 0.085
-1.545 1.133 -0.018
-0.373 1.813 0.029
4.102 1.286 0.141
0.746 -2.708 0.212
-0.406 1.825 0.259
-1.421 3.021 0.311
-1.068 -3.242 0.476
5.745 -2.177 1.124
4.440 1.195 0.706
3.553 1.325 0.804
5.983 -0.177 1.155
2.496 -8.134 2.242
3.815 -5.184 1.801
5.709 -3.067 1.639
5.532 -4.977 2.084
5.599 -4.378 1.983
5.632 -4.009 2.036
5.610 -4.256 1.906
6.938 -1.570 2.228
5.659 -3.707 1.859
5.974 -0.130 1.675
3.556 1.324 1.332
2.354 1.423 1.021
2.430 1.419 0.887
2.413 1.420 0.955
2.059 2.216 1.054
0.963 1.540 0.724
2.260 4.398 1.775
-1.385 3.277 1.250
-2.016 -3.885 1.746
-1.990 -3.782 1.949
2.241 -4.601 2.206
1.741 -4.767 2.201
2.303 -4.561 2.204
2.841 -4.150 2.199
2.997 -4.191 2.196
3.721 -3.151 2.182
3.791 -3.535 2.197
4.076 -2.114 1.917
2.026 1.855 1.270
1.908 3.878 2.168
1.776 4.564 2.178
1.709 4.236 2.172
1.365 4.366 2.170
1.057 4.387 2.174
1.035 4.208 2.175
-1.586 1.813 1.325
-1.166 -3.687 2.189
-1.371 -2.012 1.406
0.013 -3.511 2.174
0.639 -3.488 2.163
0.834 -3.485 2.166
1.828 -2.817 2.147
1.899 -2.862 2.148
-0.065 -3.585 2.175
1.699 -2.981 2.151
2.989 -1.249 2.139
3.166 -1.234 2.140
3.490 -0.782 2.146
3.311 0.552 2.135
2.790 0.687 2.122
3.135 0.987 2.119
2.042 2.746 2.162
-0.264 2.986 2.147
-1.448 2.565 2.129
-1.953 -0.934 1.568
-1.039 -1.641 2.124
-1.524 1.675 2.186
-1.472 1.322 2.333
-2.544 0.771 2.135
1.924 -1.992 2.130
2.164 -0.774 2.125
-2.662 0.425 2.141
1.789 -1.410 2.127
2.233 -0.495 2.128
2.284 -0.195 2.125
-2.376 1.084 2.133
-1.765 -0.143 1.623
0.573 3.238 2.167
1.881 2.575 2.151
0.210 3.383 2.174
0.279 3.426 2.167
1.188 3.098 2.154
-1.720 -0.292 1.201
0.757 3.213 2.172
2.022 1.905 1.867
-1.960 -3.354 2.174
-1.517 -3.711 2.191
-1.179 -3.846 2.191
-0.739 -3.942 2.181
-0.513 -3.940 2.180
-0.249 -4.005 2.185
-0.045 -3.906 2.181
0.250 -4.016 2.178
2.036 -3.309 2.173
1.197 -4.070 2.185
1.388 -4.325 2.190
2.468 -2.976 2.163
3.728 -2.523 2.176
3.492 -2.305 2.169
3.821 -1.874 2.161
3.959 -1.610 2.166
3.818 -1.231 2.157
3.916 -0.976 2.158
4.330 0.695 2.128
3.500 1.333 1.869
2.983 1.370 1.599
3.165 1.349 1.762
2.404 1.417 1.420
-1.928 -2.984 1.380
0.762 4.863 2.134
-1.398 3.188 1.430
-1.473 2.763 1.450
-1.732 -0.143 0.737
-1.471 2.726 1.284
0.616 -6.396 2.222
-2.127 -5.178 2.090
3.885 -4.244 2.015
5.536 -5.045 2.130
3.963 -3.179 1.887
5.727 -2.099 2.200
5.616 -4.183 2.217
4.005 -2.804 1.866
5.741 -2.719 1.935
5.697 -2.570 2.098
5.983 -0.117 1.803
3.759 1.320 1.144
3.957 1.301 1.372
4.082 1.288 1.440
2.074 2.374 1.015
1.099 1.539 0.641
-1.684 0.961 0.509
-5.161 2.106 1.697
-1.624 0.315 0.548
-1.702 0.114 0.474
-2.102 -4.620 1.192
-2.055 -4.232 1.047
-2.007 -10.069 2.135
3.808 -5.217 1.500
5.393 -6.016 1.632
5.698 -2.634 1.243
12.171 1.436 1.725
4.881 1.206 1.016
-1.463 1.779 0.507
1.066 -2.636 0.417
5.732 -2.707 0.340
5.773 -2.239 0.321
2.400 1.430 0.183
1.909 1.527 0.143
-1.286 1.746 0.264
1.135 -2.413 0.156
0.636 3.320 -0.071
0.395 3.353 -0.066
-1.702 -2.679 -0.013
0.704 3.320 0.017
-0.985 -2.454 0.200
-0.675 1.862 0.167
-1.392 1.768 0.209
-1.921 -2.997 0.472
-2.008 -3.654 0.490
0.621 -2.635 0.391
4.257 -0.785 0.686
4.240 -0.275 0.580
4.321 -0.072 0.619
2.474 1.411 0.314
-1.375 3.327 0.577
-1.719 -1.026 0.545
5.398 -6.093 1.864
5.573 -4.552 1.815
5.687 -2.666 1.463
5.980 -0.143 1.412
3.860 1.302 0.999
2.265 4.478 1.519
2.099 2.619 1.042
-1.437 2.735 0.967
-1.697 0.395 0.602
-1.993 -3.626 1.560
1.581 -5.892 2.204
1.348 -5.538 2.208
0.393 -6.329 2.221
1.235 -5.857 2.216
3.934 -3.708 2.168
4.004 -2.790 1.921
4.161 -1.030 1.831
4.289 1.270 1.815
3.027 1.366 1.361
2.076 2.389 1.559
0.736 4.858 2.193
2.241 4.038 2.038
2.238 4.065 2.140
2.151 4.760 2.158
1.363 4.810 2.010
1.384 4.811 2.103
1.400 4.473 2.173
0.939 4.693 1.957
-1.805 -0.924 1.128
-1.978 -3.516 2.300
-2.007 -4.088 2.403
-1.648 -3.364 2.182
-0.898 -3.832 2.190
-0.760 -3.704 2.172
-0.022 -4.137 2.188
1.824 -3.386 2.175
2.317 -3.207 2.172
1.622 -3.525 2.173
2.486 -2.977 2.166
3.399 -2.062 2.161
3.354 -1.741 2.155
2.959 -2.420 2.157
3.593 -1.058 2.156
3.507 -0.539 2.152
3.954 -0.774 2.155
3.989 0.105 2.155
3.972 0.384 2.149
3.865 0.967 2.144
2.438 1.414 1.936
0.543 3.393 2.174
-0.803 3.196 2.168
-0.180 3.357 2.168
-3.021 -1.283 2.160
-1.805 -1.477 1.636
-1.740 -1.020 1.842
-1.622 -0.139 1.730
-1.675 0.895 1.732
-1.627 -1.414 2.240
-2.346 0.966 2.114
-1.521 -0.821 2.200
-0.652 -1.667 2.124
0.633 -1.829 2.124
-0.997 -1.581 2.124
1.895 -1.645 2.125
2.011 -1.495 2.133
2.916 0.514 2.132
-0.590 3.179 2.169
-1.363 3.247 2.387
-1.412 2.824 2.133
-3.057 0.498 2.128
-3.350 -1.376 2.158
-1.372 -1.927 1.508
-1.484 -3.240 2.165
-1.201 -3.420 2.172
-1.003 -3.476 2.167
-0.369 -3.538 2.173
-0.512 -3.683 2.169
0.229 -3.854 2.182
0.548 -3.899 2.181
1.704 -3.495 2.171
1.929 -3.129 2.164
3.264 -2.406 2.160
2.499 -3.403 2.185
3.024 -1.862 2.142
3.209 -1.468 2.142
3.675 -1.086 2.153
3.889 0.204 2.148
4.158 0.562 2.163
3.628 0.834 2.146
3.030 1.371 1.650
1.913 3.848 2.161
1.361 4.098 2.177
0.683 4.209 2.180
0.510 4.316 2.176
-1.487 2.638 1.390
-1.350 3.519 1.802
-1.477 2.638 1.487
0.699 -5.077 2.221
-1.984 -3.726 1.789
0.579 -5.619 2.219
-1.267 -5.107 2.224
-1.199 -5.470 2.225
-0.302 -5.159 2.221
-0.870 -5.614 2.224
2.497 -5.717 2.201
-1.936 -3.014 1.553
0.045 -5.134 2.223
-0.074 -5.819 2.219
3.281 -4.973 2.211
3.224 -4.504 2.200
3.119 -4.091 2.199
3.872 -4.531 2.050
5.890 -2.147 2.188
4.075 -2.125 1.825
5.824 -1.258 2.189
6.399 -0.900 2.209
5.947 -0.401 2.040
3.976 1.293 1.592
6.007 0.404 2.036
0.188 1.666 0.633
-1.433 2.930 0.969
-1.673 0.078 0.514
3.776 -5.517 1.628
5.474 -5.682 2.089
5.644 -3.444 1.747
5.594 -4.337 1.440
5.736 -2.210 1.412
3.936 1.293 0.794
1.933 1.531 0.478
-1.428 1.775 0.570
-1.587 0.921 0.311
-1.764 -0.733 0.409
4.192 -0.316 0.550
3.859 1.302 0.436
4.333 -0.044 0.529
-1.032 -0.677 0.145
-0.102 -2.109 0.096
-1.539 -1.484 0.125
-0.536 -2.662 0.144
2.696 1.428 0.076
0.387 1.644 0.123
-0.994 -3.131 0.325
0.526 -2.675 0.300
5.754 -2.280 0.458
4.290 -0.562 0.616
4.414 1.195 0.513
4.414 1.243 0.671
3.724 1.314 0.544
2.818 1.394 0.414
2.400 1.426 0.470
-1.374 3.465 0.516
-1.213 1.769 0.361
-1.986 -3.294 0.530
5.627 -3.984 1.480
1.484 -6.585 2.206
1.929 -6.495 2.217
3.868 -4.567 2.016
3.905 -4.115 1.967
2.413 -6.154 2.209
3.948 -3.639 1.905
3.459 -5.633 2.210
5.697 -2.634 1.992
4.399 1.262 1.437
2.245 4.319 1.911
0.560 4.913 1.755
-1.765 -1.211 1.131
-2.057 -4.479 2.278
-1.452 -4.152 2.210
-0.543 -4.709 2.215
-0.595 -4.314 2.195
-0.186 -4.722 2.202
-0.095 -4.483 2.206
0.195 -4.488 2.205
1.033 -4.192 2.194
1.367 -4.124 2.190
2.026 -3.771 2.190
3.369 -1.988 2.163
2.297 -3.607 2.178
3.634 -2.099 2.173
3.582 -1.810 2.154
2.467 -3.601 2.185
4.116 0.381 2.157
2.599 -3.399 2.190
3.754 -1.307 2.166
2.893 -2.928 2.169
2.025 1.876 1.746
2.075 2.521 1.993
3.243 -2.263 2.158
2.114 2.864 1.838
-0.253 3.633 2.171
-3.093 -0.776 2.167
0.496 3.653 2.173
0.128 1.755 1.143
-1.622 -2.815 2.150
1.266 -2.808 2.159
2.533 -1.597 2.126
2.584 0.005 2.123
2.468 1.430 2.079
-0.866 2.514 2.161
-1.664 0.577 1.581
-1.786 -0.607 1.611
1.074 -1.527 2.125
-1.625 -0.104 2.116
1.379 -1.262 2.126
-1.705 0.126 1.587
-1.691 0.062 1.578
-0.657 2.904 2.154
-1.624 1.122 1.637
2.710 -0.526 2.133
2.054 -1.466 2.128
2.481 -0.375 2.130
-1.399 -2.880 2.146
-2.851 -0.377 2.146
-1.216 -3.019 2.156
-0.468 2.974 2.159
1.264 -3.092 2.179
-2.971 0.675 2.125
3.236 -1.634 2.143
3.635 -1.546 2.163
3.748 -0.189 2.156
3.884 -0.750 2.161
2.928 1.376 1.857
3.592 1.097 2.138
3.329 1.354 1.930
1.699 3.468 2.168
2.031 1.907 1.654
0.477 4.069 2.175
0.680 3.833 2.172
-1.310 3.898 2.297
-1.938 -3.153 1.797
3.189 -3.751 2.193
1.010 -4.445 2.200
3.056 -3.425 2.186
4.136 -1.457 1.981
0.796 -5.178 2.224
3.790 -4.311 2.213
-1.303 -4.709 2.215
1.438 -4.564 2.198
3.975 -3.243 2.082
2.036 -4.046 2.198
4.029 -2.342 2.186
4.075 -2.101 1.826
4.346 0.846 1.875
2.253 4.275 1.871
2.040 4.761 1.973
1.938 4.759 1.895
0.959 4.855 1.770
-1.833 -0.896 0.731
-1.679 0.470 0.620
3.784 -5.445 1.910
1.266 -6.776 2.183
5.637 -3.967 1.490
5.685 -3.219 1.619
5.951 -0.554 1.411
5.966 -0.165 1.549
5.981 -0.160 1.644
1.927 1.516 0.639
-0.752 1.781 0.541
-0.924 1.761 0.591
3.289 1.342 0.476
-1.402 3.280 0.388
-0.989 -3.042 0.256
-0.565 -2.980 0.248
0.793 -2.679 0.244
-0.452 1.825 0.245
-1.343 3.428 0.342
5.926 -0.517 0.938
3.005 1.372 0.790
3.763 1.312 0.699
1.398 4.820 0.785
-1.988 -3.496 1.297
3.821 -5.093 1.953
5.618 -4.211 2.085
5.697 -3.137 1.954
3.499 1.336 1.381
3.056 1.374 1.267
-1.458 2.708 1.207
-1.685 0.627 0.814
-2.047 -4.357 1.878
-0.678 -5.011 2.215
0.929 -4.755 2.201
0.735 -4.654 2.200
1.531 -4.670 2.195
2.136 -4.273 2.192
2.639 -3.840 2.191
3.060 -3.391 2.187
3.291 -3.222 2.184
3.438 -2.949 2.183
3.481 -2.668 2.181
3.540 -3.278 2.191
1.795 3.633 2.168
1.655 4.208 2.170
3.983 -1.918 2.169
4.261 0.398 2.163
4.224 0.678 2.156
1.275 3.843 2.166
4.147 -1.234 2.056
3.991 1.206 2.148
3.542 1.338 1.971
3.307 1.357 2.021
-1.390 3.085 1.883
2.139 3.160 2.043
-1.374 -2.042 1.427
-1.632 -2.886 2.149
-1.462 -3.020 2.165
-0.750 -3.399 2.167
-0.581 -3.538 2.170
1.078 -3.174 2.177
2.152 -2.437 2.132
2.542 -2.210 2.136
3.371 -0.792 2.146
2.630 1.090 2.117
-0.474 2.881 2.160
-1.621 1.123 1.552
-1.710 -1.477 2.051
1.566 -0.822 2.126
0.056 1.617 1.740
-1.671 -0.625 1.950
2.346 -0.416 2.125
1.557 1.524 1.773
-2.859 -0.093 2.140
-1.376 -2.664 2.145
2.524 -2.151 2.135
1.779 -2.688 2.145
3.627 0.516 2.153
3.412 0.378 2.132
1.849 2.897 2.152
1.451 3.207 2.160
1.206 3.302 2.156
0.273 3.609 2.172
-0.025 3.600 2.173
0.768 3.494 2.173
-0.725 3.598 2.175
-0.988 3.547 2.187
-1.348 3.614 2.348
-1.391 3.115 2.114
-1.615 -1.457 1.249
-1.371 -2.057 1.277
-1.372 -2.090 1.367
-1.966 -3.347 2.055
-1.595 -3.866 2.191
-1.356 -3.988 2.199
-0.288 -4.243 2.192
-0.008 -4.266 2.192
-0.162 -4.561 2.201
0.470 -4.091 2.185
0.925 -4.017 2.190
2.850 -4.122 2.203
2.878 -3.312 2.183
3.547 -2.694 2.177
4.002 -2.787 2.031
4.035 -1.296 2.164
3.884 1.299 1.712
2.025 1.872 1.304
-1.573 1.621 1.098
2.328 -5.755 2.209
5.992 -0.044 1.641
3.169 -6.009 2.227
-1.398 3.110 1.435
-1.396 3.216 1.347
5.692 -3.143 1.844
-2.025 -4.040 1.622
-1.467 2.809 1.194
-2.005 -3.577 1.427
7.907 -2.369 2.231
1.413 -6.447 2.215
4.679 1.253 1.414
3.789 1.305 1.102
-1.311 -1.631 0.476
-0.472 1.799 0.553
-0.652 -10.193 1.980
5.951 -0.525 0.986
3.909 1.292 0.671
6.002 -0.090 0.937
1.966 1.477 0.384
-1.387 3.385 0.459
-1.368 2.723 0.431
1.121 1.628 0.148
-1.350 3.553 0.226
-1.420 2.984 0.254
-1.401 2.978 0.155
-1.360 2.406 0.189
-1.570 0.808 -0.015
-0.504 -2.950 0.244
1.538 -1.065 0.195
-1.592 1.227 0.236
2.333 1.434 0.498
2.072 1.453 0.519
2.052 1.453 0.569
0.767 4.786 0.734
0.802 4.640 0.814
0.530 4.900 0.916
-1.382 3.389 0.709
1.630 -9.288 2.256
3.755 -5.745 1.741
5.397 -6.401 2.133
5.396 -6.010 2.044
5.490 -5.510 1.981
5.519 -5.159 1.845
5.611 -4.283 1.904
2.996 1.374 1.118
1.948 4.775 1.578
4.034 -2.570 2.150
4.265 0.094 2.038
2.821 -4.490 2.200
2.985 -4.335 2.201
3.257 -4.058 2.198
4.320 0.631 1.841
4.126 -1.552 1.960
0.539 -5.254 2.223
3.680 -3.497 2.194
2.140 3.346 1.899
2.228 4.120 1.973
1.543 4.021 2.173
1.303 4.119 2.167
-1.444 2.875 1.607
-1.477 2.535 1.501
-1.515 2.313 1.443
-1.292 -3.440 2.176
0.264 -3.825 2.172
0.330 -3.591 2.171
0.999 -3.588 2.170
1.429 -3.324 2.167
1.518 -3.330 2.171
3.268 -1.468 2.153
1.708 -3.266 2.169
2.676 -2.501 2.148
3.207 -0.978 2.133
2.889 -2.374 2.151
3.407 -1.017 2.142
3.702 -0.745 2.149
3.754 -0.478 2.149
2.967 0.582 2.124
3.394 1.328 2.131
0.813 3.009 2.164
0.558 3.283 2.167
0.538 3.215 2.169
-0.136 3.157 2.159
-1.393 3.123 2.369
-0.660 3.124 2.170
-1.436 2.647 2.136
1.110 -2.472 2.125
1.551 1.531 1.768
-1.241 1.188 2.125
-1.265 0.929 2.120
-1.564 0.953 2.270
-1.583 -0.978 2.235
-1.343 1.613 2.221
2.244 -1.264 2.123
-0.221 2.304 2.148
-1.682 1.343 1.840
-1.624 -0.217 1.547
-1.841 -0.442 1.681
-1.349 -2.418 2.145
-0.985 -2.570 2.135
2.233 -2.057 2.130
3.296 -0.350 2.147
1.064 -2.590 2.150
2.911 1.080 2.113
3.298 0.350 2.140
3.092 0.519 2.140
2.876 0.583 2.127
2.851 0.817 2.125
0.859 3.056 2.161
-0.285 3.414 2.164
-0.785 3.102 2.166
-0.815 3.261 2.172
-0.790 3.405 2.168
-3.150 -1.387 2.166
-1.943 -3.115 2.164
-1.410 -1.475 1.222
-1.731 -1.463 1.442
-1.616 -3.408 2.188
-1.411 -3.506 2.188
-0.585 -3.932 2.177
2.053 -3.356 2.177
1.458 -4.026 2.183
2.331 -2.869 2.162
1.542 -3.552 2.173
3.413 -3.041 2.183
3.376 -2.133 2.157
3.888 -0.154 2.152
4.175 -0.926 2.089
3.903 1.189 2.151
1.295 4.251 2.174
2.077 2.429 1.606
1.725 4.380 2.168
2.134 3.091 1.814
-1.401 3.043 1.475
-1.728 -1.452 0.984
-1.926 -3.056 1.491
-1.995 -3.667 1.720
0.899 -5.676 2.232
4.021 -2.744 1.921
5.662 -3.699 2.030
3.679 1.327 1.242
2.573 1.409 1.046
0.937 1.610 0.629
2.241 4.734 1.576
1.748 4.781 1.605
-1.431 2.884 0.949
-1.388 3.310 1.129
-1.682 0.427 0.650
-1.735 0.167 0.525
1.163 -10.653 2.034
5.582 -4.420 1.749
5.978 -0.111 1.296
2.018 1.920 0.522
-1.383 3.432 0.550
-1.704 -0.484 0.352
0.304 -3.159 0.409
1.965 1.624 0.198
0.936 1.581 0.184
-0.244 -2.223 0.110
-1.455 1.768 -0.089
-1.375 -1.985 0.069
-0.621 -2.430 0.058
1.903 -1.103 0.209
4.288 -0.519 0.139
-1.220 -3.136 0.423
-0.552 -3.015 0.280
4.235 -0.292 0.547
4.329 -0.008 0.563
12.191 1.374 0.617
4.377 0.585 0.555
2.849 1.411 0.240
2.413 1.427 0.395
2.113 1.446 0.418
1.111 1.608 0.191
-1.767 -1.250 0.533
5.389 -6.434 1.816
5.452 -5.750 1.752
5.631 -3.936 1.623
2.995 1.375 0.936
0.780 1.628 0.525
-0.925 1.796 0.642
-2.200 -6.160 1.976
-0.842 -5.900 2.226
0.948 -6.535 2.190
1.074 -6.116 2.218
2.187 -5.709 2.205
3.240 -5.265 2.206
3.117 1.368 1.508
2.072 4.755 1.893
1.715 4.785 1.989
0.406 4.910 2.166
-1.566 1.671 1.069
-1.431 -3.636 2.186
-1.372 -2.039 1.356
-1.935 -3.119 2.048
-1.980 -3.589 2.039
-0.226 -4.420 2.203
-0.340 -4.113 2.188
0.110 -4.354 2.207
0.172 -4.207 2.185
0.688 -4.005 2.187
1.190 -3.917 2.180
1.250 -3.872 2.180
1.904 -3.482 2.173
2.141 -3.367 2.176
2.893 -2.883 2.170
3.037 -2.174 2.150
3.771 -1.784 2.165
3.148 -1.905 2.146
3.600 -1.014 2.164
3.231 -1.972 2.150
4.217 0.202 2.167
3.343 1.129 2.141
3.914 0.070 2.157
3.193 1.364 1.783
2.025 1.868 1.814
0.134 -3.065 2.153
1.418 -2.475 2.102
1.917 -2.127 2.131
2.934 -0.699 2.121
2.919 0.801 2.121
2.776 0.026 2.125
2.810 0.260 2.121
-0.470 -1.829 2.124
0.103 -1.902 2.123
-1.214 1.625 2.124
0.665 -1.890 2.124
-0.802 -1.897 2.122
-1.658 0.441 1.584
-1.573 0.461 1.758
-1.950 -0.818 1.737
2.527 -0.609 2.127
3.020 0.469 2.142
2.670 0.306 2.127
-0.649 3.039 2.171
-3.141 -0.109 2.126
-2.830 0.577 2.131
-3.402 -0.241 2.146
0.028 -3.609 2.168
0.427 -3.509 2.170
0.722 -3.498 2.175
0.965 -3.457 2.171
2.326 -2.885 2.160
3.043 -1.826 2.144
3.386 -1.746 2.152
3.170 -1.640 2.140
4.081 -0.796 2.166
3.470 0.134 2.146
4.075 0.960 2.157
4.007 1.251 2.165
2.912 1.380 1.681
1.063 3.946 2.169
0.758 4.054 2.172
-1.371 3.391 1.876
-1.368 3.401 1.819
-1.817 -0.920 1.082
-1.711 -1.451 1.124
-1.946 -3.198 1.769
-1.951 -3.233 1.747
-2.056 -4.480 2.263
-1.427 -4.717 2.221
1.016 -4.637 2.199
1.014 -5.195 2.214
-0.538 -4.811 2.207
1.360 -5.170 2.210
-0.499 -4.909 2.220
-0.257 -4.817 2.213
1.614 -5.416 2.197
-0.420 -5.089 2.221
3.197 -3.594 2.188
3.410 -3.391 2.192
3.969 -3.289 2.017
4.065 -2.097 1.908
4.079 -2.031 2.049
6.158 -1.755 2.215
4.154 -1.163 1.756
5.204 1.216 1.850
5.358 1.188 2.006
4.379 1.249 1.760
4.374 1.149 1.826
2.094 2.580 1.228
-1.384 3.420 1.138
-1.591 1.216 0.629
-1.708 0.671 0.653
-1.617 0.536 0.642
1.912 1.527 0.553
5.521 -5.137 1.537
4.722 1.227 0.930
2.461 1.432 0.330
4.877 1.213 1.234
-1.361 3.586 0.646
5.565 -4.542 1.458
3.896 1.302 0.877
5.624 -4.106 1.811
3.987 1.299 1.019
1.914 1.529 0.268
4.376 0.527 0.586
-1.656 0.671 0.387
4.445 1.185 0.508
-1.403 3.300 0.326
5.742 -2.791 0.264
2.991 1.387 0.092
0.727 -2.781 0.105
-1.549 1.123 -0.031
-0.215 -2.228 0.114
-0.530 1.858 0.102
0.268 -3.150 0.280
4.393 1.244 0.552
4.064 1.298 0.157
3.708 1.312 0.497
2.798 1.395 0.329
-0.038 1.778 0.236
-1.436 2.962 0.402
-1.632 1.773 0.323
-1.615 0.768 0.286
0.066 -3.114 0.495
5.955 -0.499 1.065
3.022 1.369 0.856
2.007 1.662 0.707
1.284 1.577 0.577
-1.623 0.831 0.572
-1.603 -7.102 2.235
-2.055 -4.274 1.331
0.635 -8.067 2.252
0.316 -7.224 2.228
3.747 -5.853 2.196
5.715 -3.049 1.908
6.033 -1.756 2.209
2.006 4.766 1.742
1.555 4.803 1.610
1.268 4.826 1.762
0.869 4.843 1.595
2.301 -3.905 2.189
2.490 -3.738 2.187
0.099 -4.494 2.199
-2.081 -4.695 2.287
2.956 -3.303 2.183
3.288 -2.871 2.180
1.227 -4.353 2.191
1.485 -4.319 2.192
3.877 -2.148 2.174
4.052 -1.920 2.174
3.984 -1.281 2.167
3.846 -1.055 2.164
4.166 -0.991 2.116
3.756 0.696 2.146
4.218 1.112 2.161
1.480 3.607 2.168
2.086 2.661 2.008
1.226 3.697 2.167
2.129 3.055 1.945
1.254 3.502 2.162
1.018 3.972 2.170
0.740 3.666 2.170
-1.338 3.686 2.175
-1.323 3.925 2.291
-1.226 4.121 2.400
-1.445 2.678 1.796
-1.390 -2.115 1.684
-0.644 -3.385 2.167
0.986 -3.042 2.154
2.873 1.381 2.067
-1.417 2.673 2.282
1.043 -2.104 2.121
1.008 1.526 1.713
1.679 -0.007 2.125
-1.624 -0.061 2.230
0.375 1.626 2.010
-1.523 0.911 2.333
-1.506 -0.832 2.190
2.407 -0.473 2.129
2.870 -0.242 2.135
2.668 0.101 2.131
2.472 0.042 2.129
-2.910 1.128 2.133
1.400 -2.669 2.144
2.123 -2.900 2.155
1.876 -2.293 2.129
2.282 -2.788 2.162
3.015 -1.688 2.152
3.256 0.985 2.130
1.314 3.379 2.153
1.007 3.518 2.165
-0.751 3.437 2.175
0.377 3.791 2.172
-1.319 1.778 1.276
-1.472 2.422 1.819
-1.725 0.012 1.047
0.082 -4.804 2.213
0.343 -4.615 2.203
0.458 -4.814 2.198
1.768 -3.881 2.191
3.680 -3.409 2.199
2.222 -3.645 2.185
4.135 -1.399 1.851
2.824 -3.674 2.195
3.782 -2.138 2.163
4.327 0.632 1.956
2.028 1.848 1.128
2.155 3.376 1.627
0.901 4.688 1.955
0.600 4.704 1.965
-2.038 -4.107 1.571
-1.680 -6.746 2.238
5.516 -5.099 1.872
5.632 -3.833 1.653
5.678 -3.309 1.590
5.710 -2.536 1.832
7.805 -2.369 2.105
3.777 1.310 0.974
-1.416 1.777 0.541
0.013 -10.242 1.924
4.307 -0.094 0.696
2.848 1.394 0.495
2.036 2.193 0.423
-4.061 2.066 0.291
-1.771 -1.459 0.260
-1.365 -1.736 0.232
0.964 -2.807 0.130
5.626 -3.837 0.469
0.767 3.313 0.082
-1.622 0.634 0.058
-1.910 -2.979 0.297
-0.700 -2.360 0.135
0.958 -2.682 0.186
5.975 -0.241 0.198
-0.475 1.836 0.179
5.991 -0.211 1.089
0.048 -3.152 0.447
-1.051 -3.178 0.439
0.685 4.883 0.717
0.735 4.604 0.774
-1.386 3.294 0.700
-0.761 1.776 0.454
-1.215 1.783 0.429
-2.020 -3.831 1.150
3.661 -6.799 2.020
5.533 -5.083 2.088
3.777 -5.476 1.755
5.660 -3.515 1.678
5.710 -2.489 1.845
5.980 -0.145 1.589
6.089 1.072 1.977
3.702 1.323 1.241
3.557 1.327 1.324
2.134 3.120 1.121
2.028 1.871 0.868
1.977 4.756 1.630
1.244 4.812 1.618
-1.375 3.325 1.199
-1.472 2.247 0.953
-1.713 -0.553 0.696
0.446 -5.195 2.223
0.753 -5.367 2.218
0.478 -5.087 2.222
1.100 -5.248 2.211
1.151 -5.022 2.214
2.065 -4.847 2.198
1.509 -4.893 2.206
4.067 -2.205 2.117
4.037 -2.421 1.972
2.685 -4.389 2.200
4.280 0.141 1.994
4.131 -1.382 1.810
3.517 -3.763 2.197
3.764 -3.488 2.202
3.856 -2.883 2.187
3.817 1.311 2.034
4.023 -2.600 2.184
3.981 -3.147 2.124
1.911 3.975 2.165
0.768 4.330 2.177
-1.724 -0.980 1.053
-1.478 2.495 1.575
-1.389 1.777 1.231
-0.090 -3.736 2.174
1.203 -3.368 2.171
1.755 -3.014 2.159
2.223 -2.477 2.144
3.181 -0.158 2.130
2.944 0.169 2.132
3.670 0.015 2.151
3.146 0.238 2.140
3.665 0.272 2.149
-1.428 2.735 2.250
-2.649 0.773 2.135
-2.835 0.724 2.141
-3.117 0.344 2.133
-1.386 -2.086 1.926
-1.338 -2.262 2.134
2.132 -1.451 2.117
-0.221 -2.073 2.123
-1.203 1.578 2.125
-1.182 -1.664 2.124
-0.154 -1.854 2.124
-1.241 0.995 2.124
-1.520 -0.982 2.187
1.112 -1.552 2.125
1.480 -1.458 2.125
2.577 -0.475 2.123
1.637 -1.254 2.125
-1.669 0.945 1.723
-2.295 1.230 2.140
1.927 -1.107 2.125
-2.850 0.084 2.141
-1.411 -2.147 2.046
2.643 -1.930 2.134
2.875 1.310 2.131
1.950 1.655 1.754
1.535 2.918 2.163
1.497 2.834 2.157
0.069 3.187 2.163
0.226 3.413 2.161
-0.228 3.512 2.172
-0.977 3.168 2.178
-3.189 0.848 2.147
1.780 4.501 2.173
2.569 -3.440 2.186
3.970 -3.171 1.975
6.112 -0.906 2.219
-1.234 -3.628 2.184
2.421 -2.909 2.161
5.942 -0.515 1.682
2.463 -5.072 2.197
4.257 1.017 2.157
2.754 -6.407 2.221
5.652 -3.824 2.003
-1.386 -3.646 2.184
-0.948 -3.775 2.186
-1.973 -3.376 1.534
5.985 -0.124 2.100
4.090 -1.016 2.171
3.796 -0.946 2.153
3.193 -5.691 2.223
2.104 2.794 1.686
-1.993 -3.623 1.622
1.502 -3.895 2.180
6.066 0.752 2.012
4.230 -0.400 2.066
-1.998 -3.652 1.604
0.279 -6.538 2.216
3.939 -0.440 2.155
1.769 -4.088 2.184
5.739 -2.171 1.970
0.853 -5.870 2.220
-1.971 -3.475 2.245
1.802 -3.562 2.179
3.988 -0.220 2.161
2.075 2.357 0.955
-1.975 -3.520 2.314
-1.374 1.777 0.960
3.900 -4.001 2.128
3.617 -1.979 2.153
1.985 -3.186 2.169
1.486 -6.149 2.208
2.342 -3.920 2.196
2.267 -3.311 2.177
3.719 -1.732 2.158
4.069 1.283 1.455
4.308 0.436 2.144
-1.692 0.965 0.566
-1.379 -2.084 0.673
-2.013 -10.062 2.201
-2.057 -4.098 1.100
-2.113 -4.841 1.272
0.092 -10.253 2.101
0.875 -10.617 2.159
5.417 -5.942 1.701
5.554 -4.716 1.506
3.820 -5.201 1.529
5.592 -3.987 1.075
4.862 1.213 0.912
3.935 1.291 0.705
-1.381 3.331 0.687
1.921 1.525 0.450
-1.750 -0.414 0.366
0.118 -2.179 0.230
-1.156 -3.221 0.475
4.322 -0.384 0.273
1.184 4.791 0.192
-1.625 0.556 0.038
-1.366 -1.892 0.130
-1.400 -2.142 0.125
0.638 3.341 -0.047
-1.451 1.782 -0.037
-1.244 -2.587 0.211
-0.906 -2.698 0.186
0.831 -3.016 0.113
-1.629 1.772 0.183
0.405 -2.742 0.340
4.277 -0.493 0.698
4.281 -0.556 0.364
4.182 -1.201 0.567
4.238 -0.894 0.557
4.312 0.005 0.582
4.347 0.296 0.592
4.014 1.281 0.335
3.361 1.338 0.306
2.866 1.397 0.294
2.034 1.895 0.512
-1.372 3.439 0.598
-1.299 -1.565 0.470
-1.957 -3.297 0.689
5.470 -5.612 1.798
6.503 -2.246 1.384
5.190 -8.691 2.201
5.717 -2.846 1.570
2.004 1.675 0.833
1.281 1.580 0.517
0.381 1.677 0.490
-1.429 3.055 1.016
-2.029 -4.086 1.581
-2.052 -4.480 1.778
-0.831 -5.696 2.226
-1.793 -5.817 2.226
0.129 -5.988 2.227
1.286 -5.939 2.214
1.642 -5.943 2.202
1.008 -5.746 2.217
2.053 -5.796 2.196
3.064 -5.098 2.209
3.348 -4.821 2.212
5.535 -1.878 2.219
3.976 -3.273 2.005
2.081 2.416 1.391
2.088 4.576 2.185
1.991 4.310 2.173
1.766 4.787 2.088
1.736 4.770 2.186
-1.384 1.771 1.079
-1.614 1.778 1.185
-1.711 0.013 0.878
-1.010 -4.044 2.203
-0.446 -4.081 2.189
-0.212 -4.113 2.189
0.723 -3.870 2.180
0.932 -3.797 2.178
1.816 -3.455 2.170
2.621 -2.742 2.155
2.104 -3.311 2.173
3.158 -2.487 2.163
3.157 -2.225 2.153
3.296 -1.014 2.148
3.943 -0.998 2.159
4.056 -0.446 2.160
3.812 -0.238 2.148
4.043 -0.149 2.162
3.791 -0.015 2.162
3.738 0.554 2.154
2.412 1.424 1.895
0.520 3.589 2.155
-0.015 3.563 2.163
-0.756 3.339 2.170
-1.290 3.431 2.382
-3.081 0.855 2.145
-2.845 -0.674 2.149
1.042 1.609 1.696
2.957 -0.338 2.122
1.272 -1.706 2.135
2.423 -1.475 2.123
2.728 0.023 2.124
-1.760 0.478 1.632
-1.605 1.228 1.876
2.706 -0.554 2.122
-1.554 -1.363 2.178
-1.292 0.903 2.120
1.622 -0.198 2.124
0.711 -1.705 2.122
-1.677 -0.559 1.874
-1.622 -0.185 2.068
-1.379 -1.973 1.997
0.191 1.682 1.674
2.907 0.555 2.113
-1.869 -0.448 1.551
2.930 -0.901 2.131
0.411 2.942 2.163
0.818 -2.389 2.139
-1.912 -0.918 1.505
3.051 -1.600 2.141
0.225 -3.646 2.173
3.157 -1.388 2.141
4.008 0.856 2.149
2.076 2.423 1.640
0.759 4.140 2.170
2.090 2.725 1.816
0.466 4.255 2.177
-1.933 -3.185 2.370
-0.775 -3.526 2.166
0.126 1.763 0.953
-0.316 -3.592 2.170
0.087 -3.575 2.168
1.919 -3.031 2.161
1.626 -5.678 2.199
3.765 -5.527 1.365
-2.042 -4.127 1.284
-2.112 -4.933 1.499
5.946 -0.416 1.911
5.834 -0.424 2.199
2.437 -7.594 2.239
-1.979 -3.645 1.791
-2.050 -4.302 2.071
-1.998 -3.699 1.863
3.132 -4.409 2.196
-1.990 -3.814 1.866
3.751 -5.116 2.220
5.820 -2.170 2.038
3.445 -4.217 2.200
0.982 -4.890 2.215
-2.018 -3.852 1.263
0.429 4.903 1.644
5.753 -2.245 1.245
-1.937 -3.149 0.588
-0.735 1.777 0.498
4.870 1.213 1.128
3.898 1.290 0.830
0.654 4.618 0.759
5.968 -0.139 1.358
5.981 -0.117 1.434
3.822 1.309 0.418
3.260 1.359 0.355
2.825 1.407 0.218
-1.319 -2.629 0.218
0.967 -2.863 0.159
4.062 -2.162 0.313
-0.941 -2.840 0.131
2.660 1.425 0.091
-0.378 1.829 0.106
-1.335 2.458 0.121
0.395 -2.974 0.316
3.995 1.317 0.188
2.752 1.395 0.420
2.124 1.449 0.327
12.182 1.374 0.394
1.906 1.527 0.349
-1.773 -1.266 0.361
5.546 -4.469 1.240
2.041 1.966 0.780
1.432 1.558 0.585
-1.592 1.222 0.577
-1.616 0.904 0.549
-1.823 -0.611 0.725
-1.965 -3.240 1.043
-2.111 -4.886 1.499
2.875 -6.130 2.218
3.869 -4.656 2.031
3.910 -4.035 1.891
5.697 -2.538 1.967
6.555 -1.111 2.222
6.035 0.471 1.880
6.074 1.097 2.087
3.552 1.341 1.535
2.266 4.474 1.818
2.261 4.409 1.915
2.006 4.762 1.845
1.602 4.798 1.760
1.206 4.843 1.760
0.841 4.865 1.761
0.932 4.696 1.874
0.505 4.905 1.756
-1.492 2.332 1.216
-1.487 2.320 1.140
-2.098 -5.115 2.434
0.727 -4.479 2.199
0.542 -4.361 2.199
-1.323 -1.503 0.912
-0.845 -4.734 2.213
-0.859 -4.354 2.201
-0.733 -4.137 2.193
1.656 -3.983 2.192
1.913 -3.883 2.197
-1.990 -3.715 1.956
-0.006 -4.378 2.204
2.158 -3.756 2.196
2.271 -3.775 2.184
3.395 -2.540 2.174
3.564 -1.487 2.159
4.279 1.265 2.159
4.136 -0.699 2.173
0.984 3.742 2.168
3.922 0.278 2.142
1.293 3.861 2.152
-1.575 1.164 1.243
-1.668 0.467 1.142
1.750 -2.467 2.116
2.619 -0.663 2.119
2.926 -0.250 2.125
3.001 -0.025 2.122
3.004 0.913 2.122
-1.702 0.731 1.720
2.443 -0.464 2.122
-1.548 -1.367 2.167
-1.492 1.602 2.273
2.067 -1.058 2.127
-0.070 2.922 2.156
-0.273 2.904 2.157
-3.003 -0.402 2.130
2.867 -1.379 2.139
1.981 -2.625 2.140
-1.666 0.575 1.502
1.013 3.817 2.165
0.636 3.874 2.171
-1.388 3.235 1.878
2.784 -2.608 2.158
-2.977 0.474 2.130
-1.373 -2.037 1.718
-1.447 2.849 1.643
3.955 -0.402 2.155
1.248 -3.031 2.171
3.046 1.362 1.984
1.757 3.459 2.159
1.481 3.542 2.156
-0.727 -4.444 2.203
-1.372 -2.062 1.262
-0.430 -4.524 2.205
-1.957 -3.323 1.885
-2.013 -3.873 2.083
-2.063 -4.577 2.401
-1.566 -4.325 2.214
-1.248 -4.383 2.213
0.818 -5.155 2.224
0.986 -4.837 2.203
1.732 -4.393 2.191
1.988 -4.636 2.200
2.817 -3.557 2.186
3.404 -4.417 2.201
3.737 -4.175 2.204
3.920 -3.599 2.203
3.389 1.347 1.391
5.993 0.593 2.191
4.098 -1.750 1.818
3.789 -5.403 1.934
5.751 -2.197 1.505
5.389 -6.185 2.099
1.662 4.808 1.933
-1.436 -6.835 2.238
3.353 1.350 0.936
-0.573 -6.927 2.228
5.688 -3.374 1.458
5.688 -3.135 1.623
5.695 -3.036 1.806
2.018 1.880 0.325
0.279 1.676 0.253
-1.370 2.664 0.341
-1.402 2.313 0.326
1.070 -2.442 0.119
3.038 1.390 0.057
2.672 1.378 0.049
0.522 3.333 0.048
-0.677 1.845 0.014
2.576 1.424 0.074
-1.704 -2.667 0.025
-1.363 2.142 0.054
4.297 -0.467 0.244
3.946 1.315 0.205
12.155 1.057 1.088
4.264 -0.636 0.699
4.908 1.217 1.083
4.278 -0.344 0.700
-1.599 1.237 0.484
-1.681 0.325 0.438
-2.032 -4.221 1.456
-2.138 -5.254 1.750
5.562 -4.767 2.133
5.667 -3.672 1.944
3.763 -5.734 2.005
3.713 -6.227 2.087
5.681 -2.494 2.068
6.030 0.316 2.123
4.115 1.291 1.222
3.666 1.320 1.371
3.241 1.357 1.083
3.018 1.373 1.236
0.651 1.624 0.581
1.268 4.821 1.761
1.297 4.823 1.832
0.617 4.851 1.790
-1.600 -5.309 2.223
-0.921 -4.864 2.207
-1.771 -0.972 0.881
0.081 -4.883 2.217
0.397 -4.871 2.211
0.677 -4.925 2.213
1.313 -4.864 2.204
1.582 -4.713 2.197
1.903 -4.426 2.200
2.140 -4.294 2.198
2.499 -4.079 2.196
2.677 -3.902 2.189
3.864 -3.079 2.195
3.163 1.357 1.644
1.844 3.892 2.148
1.441 3.623 2.165
0.418 4.216 2.169
-0.650 -3.278 2.153
-1.374 -1.987 1.443
0.165 -3.517 2.160
-1.773 -1.295 1.406
1.025 -3.130 2.172
1.238 -3.110 2.163
2.463 -2.407 2.140
1.839 -2.771 2.150
2.100 -2.707 2.150
2.240 -2.531 2.138
2.975 -1.453 2.135
3.204 -0.328 2.138
-2.271 1.138 2.125
-1.792 -1.483 1.970
2.307 -1.015 2.124
3.363 0.648 2.134
1.753 1.529 1.674
2.567 -0.664 2.124
2.236 -0.351 2.125
2.643 -0.276 2.121
-1.073 -1.692 2.124
-0.527 -1.827 2.124
-1.173 -1.641 2.125
-0.943 -1.489 2.122
-0.946 -1.627 2.125
-0.834 -1.686 2.123
-0.603 -1.780 2.123
-0.263 -1.930 2.125
2.173 -0.941 2.130
2.553 -0.222 2.126
2.074 -0.795 2.126
-2.622 1.386 2.136
-1.171 -2.711 2.142
-1.575 -2.534 2.142
2.369 -2.310 2.136
3.299 -0.738 2.137
3.653 -0.239 2.152
3.244 1.139 2.137
1.244 3.254 2.165
1.250 3.308 2.165
-0.150 3.387 2.170
-0.124 3.478 2.175
-0.348 3.383 2.169
-1.354 3.427 2.333
-2.021 -4.221 2.397
-1.358 -3.931 2.191
3.483 -3.691 2.206
3.163 -3.115 2.180
3.979 -3.135 2.134
1.656 -3.926 2.192
1.722 -3.681 2.177
-0.456 -4.427 2.195
4.010 -2.765 2.064
-0.217 -4.330 2.190
1.962 -3.847 2.182
3.483 -2.260 2.167
2.204 -4.333 2.196
2.209 -3.727 2.193
0.306 -4.274 2.190
3.914 -2.211 2.175
3.897 1.302 1.825
0.186 -4.620 2.209
0.504 -4.634 2.209
3.429 1.341 1.683
0.688 -4.415 2.202
2.704 -3.438 2.192
3.636 1.327 1.865
0.841 -4.206 2.197
3.031 -3.591 2.185
2.935 1.372 1.477
1.817 4.768 2.100
0.623 4.708 1.984
-1.403 3.100 1.404
-1.400 3.161 1.291
-1.982 -3.459 1.384
-1.993 -3.673 1.513
-0.755 -6.397 2.216
1.211 -6.756 2.189
3.760 -5.639 2.067
5.595 -4.290 1.834
5.657 -3.735 1.772
5.676 -3.608 1.963
5.695 -3.077 1.861
6.022 1.144 1.880
4.412 1.243 1.226
5.952 -0.474 1.824
-11.230 6.368 3.453
-0.095 -10.229 2.127
0.786 -10.608 2.035
5.690 -2.390 1.266
4.431 1.188 0.628
2.016 1.914 0.443
0.938 1.519 0.290
5.731 -2.836 0.436
-1.438 2.951 0.275
0.281 -2.991 0.067
-0.546 -2.451 0.125
-1.690 0.547 -0.056
-1.696 -2.592 0.010
0.954 -2.566 0.169
2.523 1.425 0.089
-0.625 1.839 0.176
2.000 1.662 0.505
1.261 -8.701 2.253
3.798 -5.203 1.630
5.574 -4.499 1.683
5.687 -3.210 1.739
5.704 -3.045 1.601
6.028 0.307 1.871
3.596 1.323 1.129
2.967 1.375 1.090
2.420 1.425 0.778
2.082 2.626 0.950
1.140 1.634 0.698
1.971 4.766 1.654
1.641 -5.078 2.196
3.422 -4.119 2.197
3.655 -3.835 2.201
3.764 -3.537 2.196
4.080 -2.029 1.902
3.949 -3.233 2.201
3.976 -3.258 2.171
4.119 -1.748 1.826
4.009 -2.754 1.977
4.192 -0.857 1.735
2.395 1.420 1.442
2.239 4.200 1.969
-1.474 2.651 1.491
-0.226 -3.967 2.180
-1.947 -3.166 1.894
-0.089 -3.676 2.175
-1.907 -3.637 2.388
-1.676 -3.603 2.190
0.268 -3.892 2.177
1.880 -3.102 2.161
0.360 -3.804 2.174
1.927 -3.101 2.167
2.130 -3.005 2.162
-1.188 -3.766 2.186
2.956 -2.105 2.148
-1.114 -3.944 2.195
2.209 -3.058 2.167
3.082 -2.138 2.155
2.475 -2.669 2.149
3.510 -1.502 2.148
3.468 -0.982 2.154
3.023 0.612 2.124
1.754 2.644 2.153
1.275 3.107 2.163
0.795 3.194 2.169
-0.168 3.180 2.165
-1.093 2.944 2.172
-1.037 2.954 2.172
-1.444 2.600 2.124
-2.608 1.283 2.151
-2.809 0.357 2.146
-3.153 0.493 2.134
-1.891 -0.451 1.522
-1.443 1.206 2.290
0.141 -1.913 2.125
3.199 0.831 2.137
2.492 1.422 2.013
0.531 3.137 2.166
0.338 3.199 2.173
-1.768 -1.474 1.387
-1.612 -1.483 1.316
-1.955 -3.561 2.327
-1.954 -3.201 2.182
-1.534 -3.371 2.176
-0.798 -3.790 2.180
0.280 -3.653 2.170
2.749 -3.124 2.173
0.011 -4.016 2.176
2.866 -2.318 2.148
2.986 -2.113 2.146
3.267 -1.680 2.151
3.881 -1.733 2.175
4.249 1.199 2.164
3.554 1.330 1.792
3.286 1.353 1.840
3.525 1.329 1.993
2.982 1.377 1.766
2.141 3.321 1.943
1.875 4.083 2.173
1.073 4.633 2.177
0.395 4.422 2.178
-1.372 3.409 1.830
-1.361 3.467 1.813
-1.778 -1.324 0.988
-0.993 -5.333 2.221
2.246 -6.157 2.211
3.111 -4.876 2.208
4.046 -2.392 1.874
3.903 -4.122 2.120
3.951 -3.661 2.010
3.955 -3.504 2.124
5.977 -0.011 2.058
6.017 0.364 2.185
5.784 -0.805 2.195
4.693 1.261 1.738
1.970 4.774 1.590
-1.273 1.759 0.654
-1.457 2.413 0.935
-1.986 -3.382 1.054
-1.987 -3.477 1.029
5.532 -4.975 1.872
5.481 -5.138 1.241
3.900 1.286 0.808
5.946 -0.560 1.033
5.638 -3.850 1.714
5.993 -0.103 1.062
5.981 -0.123 1.217
12.094 0.736 2.269
2.025 1.943 0.489
-1.404 2.790 0.623
4.415 1.206 0.178
5.992 -0.108 0.179
3.222 1.376 0.145
-1.493 1.780 -0.081
2.197 1.440 0.061
0.887 3.324 -0.044
-0.973 -2.435 0.181
-1.919 -3.030 0.390
-0.567 -2.949 0.316
0.629 -2.687 0.331
4.115 -2.135 0.360
3.175 1.358 0.453
1.937 4.785 0.662
5.984 -0.084 1.575
3.741 1.313 0.901
1.131 1.640 0.619
2.003 1.670 0.786
-1.993 -3.532 1.311
1.091 -6.243 2.221
3.371 -5.287 2.211
1.893 -6.002 2.203
3.954 -3.518 1.903
4.015 -2.787 1.815
6.072 0.872 2.008
2.026 1.800 1.172
2.048 4.598 2.183
1.262 4.828 1.867
2.122 2.931 1.409
1.347 4.818 2.027
-1.396 3.124 1.508
-2.029 -4.043 2.353
-2.052 -4.457 2.375
-0.586 -4.129 2.189
1.322 -3.926 2.190
0.392 -4.415 2.205
1.804 -3.725 2.187
1.014 -4.198 2.193
3.002 -2.377 2.153
3.024 -2.937 2.175
3.074 -2.697 2.166
3.091 -2.462 2.164
2.601 -3.038 2.167
3.208 -2.738 2.170
2.559 -3.375 2.190
2.687 -3.123 2.172
3.221 -1.943 2.153
3.622 -1.226 2.154
3.627 -1.006 2.149
4.085 1.142 2.148
0.489 3.489 2.174
-3.096 -0.157 2.139
-1.419 2.919 2.002
3.749 -0.002 2.157
-1.067 3.424 2.178
0.966 3.265 2.160
-0.843 3.360 2.171
0.734 3.766 2.169
1.876 -2.112 2.115
2.992 -0.725 2.125
-0.348 1.672 2.051
1.263 -2.527 2.135
1.498 -3.169 2.173
-1.373 -2.077 1.694
-1.630 -2.857 2.155
-1.427 -2.963 2.154
3.408 -1.723 2.149
3.612 -0.491 2.149
3.748 -1.596 2.155
3.419 -0.276 2.140
4.191 0.085 2.164
3.572 1.014 2.139
3.842 0.622 2.149
2.128 3.123 2.123
1.534 3.749 2.163
4.242 -0.238 1.718
2.189 -4.227 2.196
-0.086 -4.960 2.213
-1.776 -1.038 1.084
4.088 -2.077 1.790
0.450 -4.746 2.196
6.076 1.026 2.087
3.149 -4.520 2.206
0.765 -4.718 2.208
2.958 -3.731 2.188
3.440 -4.292 2.204
-1.690 -4.557 2.219
-1.504 -1.476 1.064
-1.062 -4.730 2.218
1.596 -4.435 2.193
3.855 1.299 1.664
1.340 4.826 1.803
0.652 4.788 1.785
-0.463 1.826 0.701
-1.689 0.368 0.632
-1.674 0.050 0.561
-2.151 -5.345 1.644
-1.993 -3.548 1.237
5.667 -3.282 1.344
5.982 -0.096 1.590
4.807 1.220 1.258
-1.620 0.885 0.369
-1.651 0.489 0.384
-1.717 -0.473 0.391
5.759 -2.332 0.458
4.264 -0.664 0.543
3.802 1.307 0.468
3.273 1.348 0.397
1.920 1.528 0.300
-1.618 1.072 0.320
-1.665 0.477 0.318
2.008 1.490 0.087
-1.684 -2.559 0.062
-1.350 2.513 0.072
-1.552 1.781 0.052
-1.917 -3.113 0.403
0.436 -2.699 0.255
5.654 -3.740 0.411
4.299 -0.454 0.279
-1.674 0.254 0.251
-1.057 -10.120 1.514
1.112 -10.639 1.664
5.936 -0.445 0.994
-2.088 -4.754 1.527
-1.097 -7.321 2.240
3.763 -5.802 2.167
3.823 -5.114 2.019
5.686 -3.439 2.212
3.856 -4.660 1.890
5.623 -4.063 2.060
5.716 -3.291 2.173
5.528 -4.286 2.238
5.648 -3.802 2.208
6.207 -1.357 2.216
7.129 -1.156 2.232
6.072 0.879 2.106
4.148 1.287 1.645
1.161 4.818 1.617
-1.403 3.115 1.352
-2.014 -4.535 2.428
-1.185 -5.092 2.221
0.712 -4.495 2.204
-0.572 -4.657 2.206
0.944 -4.555 2.201
1.240 -4.433 2.199
0.230 -5.003 2.220
-0.216 -4.562 2.203
1.536 -4.353 2.190
0.413 -4.563 2.205
0.877 -4.649 2.205
2.288 -3.929 2.192
2.364 -3.935 2.190
2.765 -3.540 2.190
3.018 -3.358 2.187
3.091 -3.094 2.183
4.246 1.135 2.165
0.683 4.058 2.170
3.618 1.201 2.138
-1.959 -3.355 2.306
-1.604 -2.865 2.154
3.932 -0.501 2.159
3.697 -1.820 2.158
1.837 3.763 2.143
-0.923 -3.435 2.169
1.188 3.556 2.168
1.012 4.184 2.163
-1.335 3.654 2.170
-3.301 -1.391 2.153
2.675 0.100 2.125
-1.733 1.644 1.904
-2.658 0.544 2.134
3.245 0.609 2.144
-1.726 -0.795 1.560
3.247 -0.793 2.136
2.022 -1.616 2.120
0.271 2.756 2.150
-1.346 2.759 2.358
1.930 1.476 2.079
-1.236 1.594 2.123
-1.673 -0.669 2.147
-1.391 1.205 2.224
-1.609 -0.812 2.279
2.375 -0.117 2.125
2.018 -0.928 2.127
2.684 -0.810 2.137
2.407 -0.397 2.128
-2.458 0.916 2.132
-2.869 -1.265 2.142
-1.910 -0.749 1.704
1.401 -3.204 2.181
3.692 -0.569 2.153
3.430 -0.567 2.146
-0.047 3.617 2.169
-2.014 -3.889 2.269
-1.967 -3.398 2.067
-1.401 -4.115 2.211
-0.870 -4.228 2.206
-0.082 -4.259 2.195
0.150 -4.728 2.203
0.335 -4.531 2.205
1.766 -3.844 2.184
0.873 -4.365 2.200
2.537 -4.401 2.200
2.729 -3.586 2.190
3.003 -3.406 2.189
3.219 -3.197 2.184
4.076 -2.043 1.848
2.249 4.233 2.002
-2.124 -5.068 1.869
-2.055 -4.435 1.658
-1.989 -3.483 1.398
-2.042 -4.191 1.585
1.211 -7.046 2.187
5.638 -4.005 2.076
5.692 -3.331 2.193
5.681 -3.238 1.588
5.694 -3.108 1.765
5.990 -0.110 1.378
3.308 1.352 1.014
-1.681 0.629 0.421
-1.730 -1.091 0.436
0.751 -10.613 1.927
1.289 -10.656 2.150
3.843 1.295 0.619
2.014 1.907 0.420
3.301 1.354 0.538
-1.476 1.772 0.327
-1.516 -1.483 0.257
-1.373 3.447 0.198
-1.592 1.796 -0.021
-1.565 1.084 -0.014
-1.647 0.851 -0.033
-0.549 -2.528 0.076
-0.664 -2.573 0.213
0.936 -2.727 0.187
0.186 -2.230 0.221
-0.443 1.821 0.221
12.136 1.436 2.205
-1.622 0.964 0.479
0.858 4.867 0.984
-1.968 -3.276 1.069
3.788 -5.389 1.742
5.407 -5.976 2.148
3.270 -8.121 2.241
5.518 -5.163 1.955
5.601 -4.290 1.974
5.940 -0.524 1.586
5.989 -0.091 1.918
3.821 1.316 1.141
-1.384 3.363 1.236
-1.599 0.523 0.644
1.085 -5.393 2.211
3.755 -3.129 2.191
1.496 -4.988 2.203
1.805 -4.862 2.194
3.976 -3.221 2.185
2.418 -4.629 2.204
4.020 -2.573 2.178
-0.324 -5.504 2.224
2.653 -4.451 2.198
0.070 -5.509 2.224
2.457 -4.528 2.203
-1.997 -3.687 1.735
-2.014 -4.052 1.750
4.077 -2.107 1.959
0.482 -5.242 2.222
4.364 1.269 2.004
3.265 1.352 1.515
2.156 3.297 1.841
2.147 3.351 2.064
1.012 4.092 2.173
1.614 4.108 2.174
-1.936 -3.031 1.963
-1.948 -3.169 2.189
-0.323 -3.865 2.175
-0.316 -3.459 2.165
0.344 -3.499 2.169
0.743 -3.462 2.159
2.797 -1.796 2.129
0.994 -3.377 2.174
3.114 -1.897 2.147
3.456 -1.255 2.142
3.183 -0.565 2.144
2.682 -1.999 2.136
3.018 -0.209 2.121
3.024 -0.011 2.124
3.387 0.161 2.141
3.123 1.286 2.124
-1.373 3.032 2.391
-1.740 -0.565 1.575
-1.775 -1.247 1.566
-1.200 -2.373 2.144
2.416 -0.943 2.124
2.761 0.131 2.125
-1.704 -0.377 1.571
-1.473 1.357 2.338
-1.673 -0.649 2.063
1.802 -1.373 2.127
2.499 -0.807 2.124
2.624 0.313 2.134
2.206 -0.442 2.128
-2.424 1.038 2.131
-2.594 1.056 2.128
1.547 -2.528 2.116
3.139 0.073 2.142
0.277 3.205 2.164
0.418 3.311 2.179
-1.406 2.913 2.273
-1.418 2.901 2.165
-1.772 -1.284 1.349
-1.530 -1.481 1.278
-1.153 -3.818 2.183
-0.202 -3.852 2.175
0.053 -3.879 2.183
-1.595 -3.461 2.181
0.698 -3.697 2.179
-1.396 -3.585 2.188
1.447 -4.142 2.192
1.763 -4.056 2.183
3.256 -2.843 2.172
2.025 -3.175 2.169
3.702 -2.866 2.177
3.473 -2.222 2.159
3.826 -2.156 2.163
3.034 -3.045 2.174
2.880 -2.788 2.165
4.001 -1.883 2.176
3.706 -1.693 2.152
3.831 -1.483 2.161
3.961 -1.216 2.165
3.694 -1.147 2.160
4.053 -0.935 2.161
3.838 -0.681 2.150
4.195 1.025 2.163
3.687 1.317 1.811
2.901 1.374 1.662
2.007 1.640 1.229
2.026 1.853 1.352
0.797 4.861 2.174
1.418 4.396 2.172
0.656 4.790 2.189
-3.224 1.948 1.841
-1.929 -3.038 1.441
-0.641 -5.751 2.227
-0.341 -5.609 2.224
-0.577 -6.018 2.228
0.903 -5.799 2.221
1.282 -6.522 2.199
1.486 -6.062 2.207
1.719 -5.628 2.199
3.861 -4.698 2.176
4.089 -2.100 1.755
5.613 -4.276 2.112
6.386 -1.328 2.216
5.883 -1.259 2.209
5.711 -3.123 2.056
3.660 1.330 1.139
5.995 -0.035 1.981
3.981 1.301 1.427
2.258 4.427 1.502
-1.574 1.223 0.547
-1.440 1.769 0.768
-1.792 -0.951 0.540
3.592 -7.564 2.074
3.812 -5.184 1.265
5.533 -4.984 1.821
5.676 -3.386 1.551
5.683 -3.421 1.025
5.992 -0.133 1.012
4.652 1.212 0.688
1.706 4.812 0.777
1.056 4.859 0.688
1.125 1.641 0.184
-0.275 -2.202 0.134
-1.682 0.367 0.027
-1.391 3.033 0.165
0.316 -3.183 0.399
4.268 -0.601 0.559
4.265 -0.559 0.368
5.968 -0.264 0.407
4.306 -0.006 0.535
4.258 1.260 0.682
3.624 1.325 0.674
3.133 1.366 0.524
2.473 1.417 0.271
-1.756 -1.226 0.579
5.363 -6.647 1.812
5.406 -6.070 1.772
5.694 -3.320 1.504
5.715 -2.479 1.532
8.473 0.412 2.226
3.011 1.366 0.991
-1.444 2.873 0.944
3.683 -4.612 2.212
0.616 -6.115 2.226
0.958 -6.201 2.221
-2.268 -6.737 2.387
3.904 -4.117 2.173
-1.748 -0.434 0.749
1.378 -5.892 2.211
3.945 -3.658 2.038
2.085 -5.899 2.205
3.914 -3.940 1.996
-1.377 -6.062 2.230
3.953 -3.553 1.932
3.974 -3.190 1.929
-0.932 -6.852 2.230
5.892 -0.688 2.196
2.480 -5.564 2.205
3.149 -5.217 2.209
-0.486 -5.894 2.229
2.597 -5.434 2.208
5.988 -0.081 2.063
5.887 0.127 2.186
3.185 -5.110 2.213
3.474 -4.917 2.208
2.971 -5.319 2.215
6.031 0.350 2.102
0.176 -6.106 2.227
5.849 0.553 2.176
0.559 -6.374 2.240
3.653 1.322 1.770
1.302 4.828 1.913
-1.949 -3.233 1.809
-2.012 -3.883 2.090
-0.775 -3.858 2.182
-0.619 -4.008 2.188
0.082 -4.172 2.187
-1.022 -3.786 2.184
0.494 -3.887 2.176
1.391 -3.803 2.177
1.023 -3.867 2.181
1.666 -3.585 2.173
1.719 -3.584 2.174
3.038 -2.438 2.158
2.279 -3.129 2.171
2.446 -3.251 2.173
2.530 -3.056 2.169
2.918 -2.644 2.163
3.562 -1.011 2.150
3.701 0.811 2.149
3.659 1.037 2.142
3.872 1.311 2.137
-0.302 3.537 2.173
1.015 3.241 2.160
-0.340 3.304 2.167
0.741 3.327 2.151
-1.420 2.908 2.091
-1.801 -1.485 1.854
2.027 -1.666 2.120
2.611 -1.087 2.124
2.883 -0.704 2.123
2.980 -0.275 2.120
-2.621 -0.018 2.140
-1.661 -0.779 2.324
-1.712 -0.985 2.234
1.637 0.131 2.126
-1.624 -0.177 1.881
1.372 1.524 1.958
-1.624 -0.139 1.650
2.656 -1.515 2.125
2.864 0.536 2.113
-1.425 2.705 2.229
-0.480 -3.426 2.159
0.959 -3.309 2.162
1.388 -3.652 2.173
1.494 -3.236 2.180
1.495 -3.055 2.171
2.941 -2.904 2.173
2.660 -2.441 2.150
3.171 -2.697 2.170
3.405 -0.725 2.142
3.400 1.328 2.078
2.903 1.372 1.830
1.448 3.905 2.150
1.530 3.830 2.166
-1.428 2.926 1.526
-1.471 2.561 1.542
-1.944 -3.189 1.710
-1.995 -3.788 1.883
-0.489 -5.098 2.223
1.626 -4.674 2.198
1.750 -5.258 2.205
2.028 -5.530 2.198
2.515 -5.457 2.205
2.502 -4.658 2.206
3.467 -4.097 2.203
3.872 -4.498 2.094
5.585 -1.145 2.201
4.220 -0.373 1.773
2.399 1.420 1.035
-1.400 3.225 1.300
-1.458 2.843 1.062
-1.473 2.392 1.118
-1.993 -3.417 1.168
5.670 -3.552 1.667
-1.401 2.391 0.536
5.754 -2.193 0.568
4.305 -0.358 0.490
5.969 1.132 0.276
4.406 1.187 0.432
2.417 1.433 0.255
-1.434 -2.499 0.176
-1.387 -2.421 0.130
-1.224 -3.080 0.323
-0.920 -2.971 0.299
0.278 -3.169 0.312
4.320 0.070 0.555
3.737 1.307 0.474
3.335 1.365 0.154
3.185 1.364 0.409
-1.413 2.828 0.416
5.529 -5.051 1.507
5.937 -0.499 1.413
5.942 -0.470 1.083
2.963 1.373 0.833
2.005 1.670 0.764
1.637 1.555 0.517
-1.788 -0.759 0.724
-1.995 -3.540 1.422
-0.078 -6.967 2.232
3.812 -5.148 2.081
5.726 -2.695 2.050
5.686 -2.063 2.214
3.731 1.316 1.503
3.013 1.369 1.069
2.282 4.579 1.682
2.255 4.407 2.013
2.041 4.769 2.117
1.303 4.820 1.883
0.784 4.868 1.707
0.899 4.670 1.868
-1.400 3.142 1.326
-1.454 2.761 1.252
-1.389 3.165 1.380
-1.742 -0.427 0.784
-1.769 -1.325 0.949
1.673 -4.162 2.194
1.215 -4.215 2.192
2.671 -3.429 2.191
2.976 -2.978 2.173
3.105 -2.735 2.168
3.635 -2.358 2.168
3.817 -2.101 2.167
3.903 -1.867 2.167
4.097 -1.843 2.151
3.750 -1.020 2.151
3.740 -0.775 2.144
4.294 0.303 2.050
2.853 1.382 1.657
3.456 1.124 2.130
2.141 3.054 2.093
1.782 3.594 2.164
1.569 3.690 2.164
1.291 3.942 2.143
1.263 3.533 2.159
-1.059 3.714 2.183
-3.507 -0.421 2.155
-1.364 -3.191 2.172
-1.055 -2.945 2.155
1.465 -2.720 2.147
1.779 -2.507 2.121
2.485 -1.169 2.123
2.691 -1.460 2.124
0.136 2.617 2.157
-1.664 0.915 1.724
0.809 1.572 1.855
2.916 -0.120 2.124
-3.195 -0.329 2.136
-1.366 -1.838 1.533
1.470 -2.957 2.167
2.531 -2.695 2.150
2.747 -1.779 2.137
3.711 -1.211 2.157
3.369 1.343 2.113
2.076 2.531 2.005
1.511 3.376 2.159
0.965 3.757 2.170
-1.967 -3.360 1.938
-1.439 -1.488 1.097
-1.177 -4.524 2.211
-0.916 -4.773 2.220
-0.529 -4.832 2.219
0.452 -4.470 2.194
0.171 -5.011 2.218
2.681 -4.644 2.199
3.541 -3.755 2.197
3.214 -3.107 2.185
3.622 -2.689 2.177
4.110 -1.703 1.875
5.778 1.045 2.211
3.948 1.300 1.589
4.239 -0.215 1.724
2.088 2.571 1.300
-1.416 -6.754 2.232
0.622 -7.103 2.194
-2.008 -3.703 1.343
3.765 -5.692 2.187
5.598 -4.384 1.675
3.862 -4.493 1.906
-1.445 2.953 0.641
3.227 1.358 0.558
-1.404 3.271 0.430
5.750 -2.293 0.323
-1.582 1.086 -0.019
-1.613 0.929 -0.026
4.117 -1.338 0.159
-1.356 2.125 0.060
0.983 -1.036 0.209
4.123 -1.331 0.214
3.322 1.371 0.198
2.473 1.416 0.200
4.846 1.219 1.043
5.467 -5.427 1.198
3.632 1.319 0.636
5.944 -0.514 1.192
12.136 1.255 2.014
3.803 -5.220 1.859
5.645 -3.901 2.082
5.694 -3.407 2.030
5.770 -2.175 1.730
2.128 3.150 1.279
-1.618 0.343 0.712
5.994 -0.086 1.687
2.286 4.702 1.664
-0.386 -5.475 2.225
-1.603 -4.496 2.218
-0.222 -4.979 2.213
1.978 -4.488 2.193
0.382 -5.144 2.219
0.685 -5.256 2.224
1.000 -5.112 2.212
1.337 -4.968 2.207
1.338 -4.802 2.199
3.269 -3.502 2.195
3.598 -3.004 2.186
3.635 -2.712 2.178
3.805 -2.768 2.184
3.817 -2.459 2.174
4.011 -2.748 2.104
4.126 -1.535 2.099
4.177 -0.962 2.045
4.285 0.169 2.110
0.950 1.640 1.017
4.042 1.306 2.105
0.722 3.962 2.168
0.455 3.982 2.176
-1.571 1.165 1.213
-1.634 -2.782 2.145
-1.606 -3.495 2.188
-1.414 -3.358 2.173
-1.100 -3.618 2.182
-0.861 -3.665 2.176
1.705 -2.900 2.149
1.292 -3.217 2.182
2.140 -2.710 2.149
2.940 -1.839 2.139
2.750 -1.136 2.124
2.396 -2.370 2.139
2.509 -2.411 2.144
2.824 -0.956 2.128
3.524 -0.318 2.155
1.947 1.505 1.693
2.009 1.857 1.982
-0.044 2.973 2.147
-0.253 2.974 2.151
-1.490 1.773 1.789
-2.624 0.550 2.127
-1.774 0.069 1.525
-2.809 0.107 2.142
-1.473 1.768 2.294
-1.725 -0.274 1.590
-0.521 -1.730 2.125
-1.573 0.670 2.319
-1.587 -1.260 2.208
2.025 -1.181 2.130
2.180 -0.818 2.126
2.259 -0.673 2.129
1.915 1.474 1.974
-1.184 2.494 2.169
-0.948 1.719 1.839
-1.675 -0.733 1.570
-1.765 -0.909 1.596
3.116 -1.675 2.153
2.987 1.007 2.121
2.961 0.106 2.124
1.655 3.057 2.154
0.476 3.351 2.164
1.465 3.135 2.154
0.497 3.529 2.180
0.752 3.290 2.172
-0.157 1.770 1.138
-1.529 1.773 1.601
-1.577 -1.477 1.230
-0.137 -4.262 2.195
0.141 -4.305 2.192
1.245 -3.809 2.178
2.828 -3.953 2.195
3.447 -3.608 2.197
3.990 -1.851 2.170
3.929 -1.243 2.160
4.376 1.160 1.994
3.841 1.316 1.803
3.260 1.348 1.604
1.178 -5.879 2.211
2.230 4.173 2.026
1.704 -6.623 2.208
2.689 -5.903 2.209
-0.530 1.825 0.827
-1.346 3.512 1.633
-1.480 2.685 1.288
3.803 -5.245 2.207
-1.735 -0.223 0.805
3.881 -4.409 2.130
4.468 1.227 1.378
3.688 1.320 1.111
-1.379 -2.047 0.294
0.790 -2.792 0.398
-1.558 1.121 0.027
-0.350 1.826 0.070
1.336 -1.061 0.171
-1.519 1.772 0.181
-1.374 3.445 0.245
-0.578 -2.619 0.365
4.272 -0.523 0.638
5.989 -0.118 0.994
3.013 1.367 0.626
2.046 1.457 0.468
2.002 1.636 0.322
-1.381 3.434 0.579
3.833 -3.581 2.203
5.995 -0.053 1.506
3.713 -4.266 2.200
5.680 -3.215 1.684
4.158 -1.095 1.771
3.940 -3.587 2.192
5.675 -1.287 2.198
5.710 -2.556 1.574
-0.502 1.828 0.671
4.278 0.101 2.013
2.738 -4.865 2.199
2.102 2.688 1.050
5.592 -4.404 1.861
3.102 -4.642 2.202
4.103 -1.678 1.823
5.948 -0.465 1.746
4.334 0.721 1.778
5.588 -4.079 1.692
3.398 -4.450 2.202
1.002 4.848 2.199
-1.332 -3.371 2.173
-1.099 -4.056 2.206
-1.921 -2.956 1.901
-0.794 -4.066 2.189
-0.515 -3.583 2.172
-0.035 -3.701 2.165
1.029 -3.692 2.172
0.877 -3.660 2.177
1.094 -3.587 2.168
1.556 -3.384 2.172
1.794 -3.289 2.171
3.043 -1.411 2.139
3.364 -1.470 2.146
3.672 -1.262 2.160
3.485 -0.981 2.149
3.562 -0.739 2.151
3.010 0.651 2.124
3.125 0.997 2.126
2.414 1.425 1.931
2.472 1.428 1.658
2.058 2.353 2.121
1.566 3.262 2.157
0.978 3.372 2.164
0.533 3.057 2.169
-2.786 0.721 2.143
-3.067 0.187 2.129
-1.678 0.001 1.567
-1.019 -1.664 2.125
-0.187 -1.883 2.125
2.011 -0.889 2.129
1.372 1.525 1.791
0.726 2.224 2.148
-1.922 -0.851 1.667
-0.831 3.248 2.172
-2.245 1.860 2.003
-1.346 -1.719 1.334
2.939 1.374 1.786
-0.500 -3.854 2.176
3.764 -2.424 2.172
-1.908 -3.561 2.384
-1.833 -0.910 1.392
-1.368 -1.992 1.496
0.167 -3.713 2.174
1.870 4.033 2.169
2.336 -3.581 2.181
0.191 -3.872 2.178
2.511 -3.214 2.171
4.199 1.289 2.078
0.736 4.411 2.176
3.513 1.340 1.806
2.630 -2.404 2.144
-0.994 -3.635 2.177
3.154 -2.634 2.161
-1.424 2.922 1.679
-2.046 -4.327 2.015
-2.008 -3.872 1.802
-2.104 -4.819 2.113
0.428 -6.111 2.219
1.093 -5.132 2.213
0.899 -6.104 2.223
2.102 -4.848 2.200
2.380 -4.691 2.201
3.055 -4.823 2.207
3.976 -3.175 1.939
6.135 -0.809 2.196
5.984 0.036 1.812
5.984 0.055 1.971
5.993 0.030 2.123
6.086 0.971 1.869
5.712 1.147 2.092
0.997 4.829 1.618
-1.385 3.318 1.116
3.903 1.300 1.475
2.096 2.610 1.136
2.282 4.643 1.640
-1.701 0.777 0.578
5.700 -2.574 1.385
3.778 1.312 0.774
-1.717 -1.459 0.352
0.395 -3.181 0.496
4.287 -0.420 0.186
1.997 1.673 0.272
4.392 1.246 0.394
-1.396 2.133 0.320
0.151 -2.250 0.135
-1.715 -2.882 0.042
-1.697 1.777 -0.079
0.727 -2.755 0.100
-0.404 1.827 0.159
-1.659 1.769 0.129
1.099 -2.475 0.308
12.123 0.822 0.803
1.935 1.564 0.190
3.095 1.369 0.565
-1.751 -1.301 0.372
2.513 -10.732 1.900
5.989 -0.100 1.509
1.226 1.587 0.587
1.613 -6.141 2.205
2.679 -6.071 2.202
3.916 -3.853 1.872
3.963 -3.518 1.842
3.757 -5.181 2.215
3.809 -5.152 2.176
4.389 1.202 1.733
6.032 0.452 1.969
3.011 1.373 1.172
2.418 1.423 1.132
0.965 1.540 0.777
2.267 4.443 1.868
1.984 4.759 1.925
1.622 4.792 1.776
1.709 4.794 2.163
1.289 4.818 1.996
0.845 4.781 1.779
0.854 4.688 1.856
-1.285 -4.364 2.214
-0.994 -4.001 2.186
3.477 -2.619 2.172
1.754 3.401 2.160
2.045 -3.672 2.178
3.376 -2.003 2.166
3.618 -2.030 2.163
3.545 -1.771 2.154
3.808 0.238 2.160
0.975 3.648 2.170
0.607 -4.129 2.193
2.781 -2.868 2.164
0.760 3.553 2.170
2.970 -2.668 2.162
0.737 3.415 2.171
4.142 -1.273 2.153
4.000 -0.986 2.159
3.190 1.226 2.136
2.970 1.369 2.036
-0.233 3.536 2.173
-0.488 3.560 2.169
-1.002 3.465 2.180
-1.327 3.668 2.371
-1.544 -2.809 2.154
1.032 -2.830 2.167
2.887 -0.305 2.124
2.908 0.079 2.124
1.802 -2.265 2.101
-2.346 0.968 2.131
1.019 -2.096 2.149
-1.669 -0.638 2.236
0.975 -1.512 2.122
1.669 -0.192 2.124
-1.430 0.875 2.239
-1.573 1.008 2.067
2.617 0.138 2.129
0.029 2.736 2.156
-2.666 1.447 2.139
-3.087 0.233 2.140
-2.573 1.232 2.132
-1.775 -1.258 1.605
1.689 -2.928 2.146
2.700 -2.447 2.143
3.045 -2.119 2.149
3.676 -1.557 2.156
3.401 -0.057 2.136
3.387 0.218 2.144
3.482 1.014 2.136
1.858 3.452 2.161
0.499 4.171 2.178
0.387 4.029 2.171
-2.066 -4.709 2.423
-1.348 -4.494 2.212
-1.062 -4.614 2.208
-0.393 -4.812 2.212
-0.168 -4.690 2.204
0.745 -4.604 2.199
0.452 -5.283 2.222
0.830 -5.352 2.229
3.081 -4.361 2.200
3.755 -3.971 2.196
2.140 -4.087 2.190
3.990 -3.092 2.142
2.761 -4.143 2.195
4.004 -2.722 2.094
6.082 1.090 2.130
5.818 0.931 2.192
2.977 1.380 1.262
-1.457 2.799 1.159
-1.715 -0.364 0.638
-2.055 -4.324 1.472
3.758 -5.720 2.088
5.529 -4.884 2.223
3.877 1.302 1.021
3.803 1.308 0.553
3.201 1.354 0.434
0.448 1.622 0.188
-1.693 0.215 0.127
-1.794 -1.445 0.247
-1.353 -2.725 0.262
5.971 -0.209 0.206
1.926 1.469 0.100
2.525 1.419 0.124
-1.371 -1.794 0.074
0.994 -2.914 0.123
1.078 -2.390 0.269
5.760 -2.242 0.356
5.709 -2.524 1.260
5.977 -0.258 1.153
-1.732 0.236 0.515
-2.046 -4.250 1.518
-1.824 -6.910 2.240
-1.610 -7.403 2.229
3.761 -5.764 2.050
3.864 -4.606 1.850
3.845 -4.860 1.853
5.636 -3.902 2.196
5.718 -2.431 2.107
5.704 -2.479 1.824
6.296 -1.362 2.211
5.944 -0.540 1.815
4.092 1.285 1.227
2.005 1.658 1.033
1.211 4.829 1.643
0.919 4.836 1.777
0.957 4.702 1.824
1.529 4.797 1.718
-1.674 -0.211 0.714
-0.770 -4.555 2.201
3.730 -2.994 2.189
-1.376 -2.053 1.226
1.913 -4.284 2.194
2.371 -3.992 2.194
2.582 -3.783 2.199
2.423 -3.993 2.196
2.856 -3.603 2.190
3.960 -1.308 2.162
3.257 -3.153 2.183
3.504 -3.255 2.190
1.228 3.997 2.152
1.014 4.323 2.166
0.972 3.875 2.166
0.695 4.108 2.175
-1.388 3.195 1.959
-1.376 -1.952 1.497
-1.124 -3.445 2.169
1.018 -3.218 2.171
1.670 -2.838 2.143
3.262 -0.979 2.145
2.765 -0.025 2.135
3.044 0.704 2.128
2.785 1.295 2.112
-0.389 1.668 1.746
-1.349 1.600 2.237
-1.084 -1.661 2.124
-1.172 -1.586 2.121
1.707 -1.408 2.127
2.289 -0.550 2.126
-2.656 0.206 2.148
3.293 -1.489 2.141
3.176 0.122 2.137
3.393 0.670 2.144
2.002 2.895 2.160
-0.096 3.465 2.170
-0.487 3.655 2.183
-0.799 3.442 2.180
-0.808 3.648 2.180
-1.057 3.739 2.183
-2.017 -4.173 2.387
-1.619 -3.968 2.203
-1.360 -4.138 2.208
-0.170 -4.605 2.210
0.151 -4.661 2.209
0.571 -4.254 2.198
1.300 -4.375 2.195
1.443 -3.856 2.179
2.696 -3.486 2.187
3.195 -3.969 2.197
3.792 -1.791 2.158
3.776 -3.475 2.201
3.949 -1.552 2.166
3.534 -3.185 2.185
3.356 -2.454 2.165
3.734 -2.451 2.178
2.232 4.060 1.939
1.684 4.779 2.088
-1.460 2.726 1.212
-1.999 -6.509 2.227
-1.927 -3.052 1.309
-0.731 -6.458 2.237
0.389 -6.266 2.227
1.198 -6.108 2.215
1.829 -6.333 2.210
3.796 -5.327 2.129
3.831 -5.004 1.922
3.843 -4.759 1.982
3.870 -4.444 2.123
3.952 -3.554 1.851
5.600 -3.291 2.210
6.025 -2.193 1.946
5.978 -0.062 1.584
5.996 -0.033 1.892
3.771 1.314 1.101
2.076 2.398 0.916
-2.194 -9.856 2.125
2.462 -10.762 1.829
5.534 -4.947 1.552
5.692 -2.549 1.099
5.699 -2.460 1.261
4.149 -1.763 0.557
12.182 1.671 2.065
5.987 -0.027 1.105
12.096 0.793 2.036
-1.371 2.161 0.008
-0.955 -2.658 0.079
-0.563 -2.372 0.092
0.375 -2.764 0.188
5.640 -3.812 0.417
1.599 -1.069 0.187
1.955 -1.096 0.198
-1.362 3.493 0.254
4.020 1.308 0.107
0.311 -3.248 0.442
1.047 -2.790 0.457
0.477 -2.950 0.426
-1.363 2.348 0.210
4.274 -0.522 0.156
5.707 -2.531 0.998
4.332 0.042 0.679
12.148 1.433 2.054
-2.145 -5.306 1.566
0.485 -8.953 2.257
1.102 -8.907 2.244
5.343 -6.823 2.194
5.505 -5.310 1.957
5.703 -2.611 1.607
5.642 -3.895 1.881
5.627 -3.939 1.657
5.704 -3.089 1.647
1.953 4.766 1.682
2.100 2.662 1.089
1.230 4.831 1.633
2.135 3.143 1.175
2.451 -4.782 2.207
-1.973 -3.422 1.493
2.501 -4.724 2.203
2.314 -4.873 2.197
0.448 -5.610 2.224
3.058 -4.308 2.204
0.852 -5.549 2.226
3.164 -4.294 2.203
3.278 -4.037 2.203
1.208 -5.421 2.216
1.523 -5.420 2.195
1.218 -5.254 2.217
-1.068 -5.681 2.227
1.565 -5.079 2.197
1.867 -5.032 2.193
4.330 0.653 2.126
3.708 1.318 1.957
3.615 1.330 1.663
2.077 2.453 1.675
2.021 4.389 2.181
1.825 3.922 2.159
1.712 4.546 2.184
0.994 4.402 2.185
0.611 4.884 2.169
0.642 4.716 2.185
0.415 4.511 2.180
-1.129 -3.314 2.175
-1.976 -3.682 2.199
1.678 -3.207 2.162
2.025 -2.899 2.161
1.764 -3.239 2.168
0.296 -3.724 2.173
2.998 0.406 2.124
3.744 0.296 2.153
3.507 -0.059 2.140
3.231 1.079 2.136
3.477 0.181 2.151
3.142 1.349 2.135
2.076 2.581 2.137
0.299 3.320 2.164
0.058 3.292 2.169
-0.196 3.273 2.164
-2.029 1.824 1.912
-1.598 1.798 1.779
-1.375 -1.983 1.749
2.131 -1.528 2.121
1.520 1.521 1.771
-1.525 1.550 2.073
-1.786 -0.452 1.630
-1.236 -1.694 2.120
-1.657 -1.288 2.290
-1.675 -0.650 2.324
-1.531 -0.666 2.215
-1.623 -0.206 1.970
-1.674 -0.675 1.719
-1.796 -0.300 1.513
2.877 0.419 2.125
0.318 3.154 2.168
-0.191 3.098 2.168
-0.585 3.230 2.170
-1.309 3.109 2.385
-1.945 -3.599 2.382
-1.899 -3.609 2.392
-1.564 -3.413 2.180
-0.278 -3.983 2.178
0.123 -3.810 2.175
0.273 -3.704 2.174
0.512 -3.634 2.167
2.046 -3.905 2.189
2.033 -3.597 2.181
2.354 -3.732 2.183
1.484 -3.788 2.179
2.349 -2.784 2.157
2.910 -3.454 2.190
2.543 -2.667 2.152
3.623 -2.324 2.171
3.927 -1.788 2.168
4.128 -1.538 2.028
4.180 -0.939 2.023
3.991 -0.904 2.165
3.825 -0.636 2.153
4.327 0.604 1.996
3.906 0.667 2.145
1.630 4.274 2.169
0.509 4.603 2.182
0.403 4.883 2.187
1.937 4.151 2.167
-1.336 3.559 1.709
-1.688 0.295 0.805
-1.924 -2.962 1.450
-1.916 -3.004 1.455
1.125 -5.335 2.218
3.130 -5.010 2.209
3.983 -3.195 1.895
3.984 -3.095 1.977
5.669 -3.556 2.188
5.714 -2.528 2.059
5.704 -2.452 2.215
6.228 -1.299 2.216
5.928 -0.392 1.730
5.978 0.024 1.742
6.032 0.416 2.035
4.360 1.263 1.437
1.410 4.794 1.574
-11.332 5.320 3.505
-2.061 -4.217 1.193
-1.375 -2.035 0.686
-1.959 -3.210 1.012
0.419 -10.303 2.057
3.753 -5.859 1.417
5.385 -6.280 2.069
3.610 -7.500 2.111
5.697 -2.564 1.335
5.545 -4.992 1.827
5.526 -4.522 1.126
5.708 -3.054 1.419
4.702 1.235 0.867
4.819 1.227 1.054
5.993 -0.101 1.330
3.919 1.307 0.742
12.088 0.713 1.941
3.986 1.295 0.914
3.246 1.348 0.644
12.150 1.080 1.151
5.984 1.188 0.193
-0.740 -2.324 0.144
0.394 -2.844 0.119
-0.496 -2.707 0.161
-1.396 -2.478 0.208
0.391 -2.969 0.082
5.996 -0.222 0.166
-1.356 2.389 0.137
-1.627 1.793 0.165
-0.574 -3.059 0.322
0.440 -2.657 0.354
0.279 -3.246 0.357
1.627 -1.107 0.238
4.278 -0.527 0.531
4.335 0.098 0.638
3.310 1.367 0.225
3.027 1.370 0.552
2.362 1.441 0.403
2.028 1.898 0.378
0.554 4.911 0.770
-1.423 2.178 0.427
5.635 -3.904 1.613
5.679 -3.392 1.577
-1.727 -0.076 0.556
3.686 -4.882 2.210
1.140 -5.963 2.215
3.959 -3.258 1.947
4.065 -2.415 1.787
5.755 -2.159 2.078
6.003 0.199 2.183
5.443 1.185 1.911
4.341 1.271 1.537
2.250 4.373 1.892
2.020 4.756 1.892
2.008 4.523 2.184
1.639 4.791 1.982
1.680 4.626 2.183
1.258 4.838 1.906
1.339 4.823 2.107
1.414 4.758 2.188
-2.021 -3.997 2.328
-1.324 -1.503 0.972
-1.958 -3.336 1.778
0.554 -4.003 2.179
0.779 -3.963 2.184
2.295 -3.407 2.180
1.499 -3.734 2.180
1.696 -3.667 2.174
1.562 -3.742 2.176
2.713 -2.812 2.165
2.816 -2.567 2.153
2.944 -2.352 2.145
3.144 -2.143 2.150
3.337 -1.178 2.144
3.529 -1.258 2.146
3.461 -0.743 2.143
4.022 -1.255 2.167
3.846 -1.007 2.154
3.910 -0.468 2.159
3.913 0.090 2.157
1.189 3.261 2.160
-0.851 3.447 2.170
0.499 3.460 2.173
-0.584 3.326 2.169
2.075 2.482 2.106
-1.101 3.328 2.177
-0.060 3.530 2.167
-1.065 3.291 2.182
1.621 3.552 2.167
-1.417 2.915 2.036
-1.998 1.829 1.838
-1.764 -1.477 1.780
1.913 -1.908 2.132
2.587 -1.244 2.124
2.676 -0.913 2.123
3.063 -0.054 2.125
1.926 1.481 1.905
-1.710 1.427 1.870
-1.791 -1.480 2.277
-1.570 0.451 1.665
-0.682 1.736 1.791
2.950 0.906 2.113
1.977 1.478 1.804
-3.210 -0.158 2.130
-1.806 -0.892 1.354
-0.198 -3.546 2.175
2.036 -2.659 2.140
2.716 -3.000 2.172
1.310 -3.280 2.177
1.444 -3.592 2.175
3.462 -1.725 2.156
3.620 -0.749 2.155
1.783 3.693 2.165
1.562 3.777 2.165
-1.372 3.279 1.917
-1.373 3.344 1.867
-1.473 2.512 1.570
-1.517 -1.474 1.052
-2.001 -3.834 1.933
-1.703 -4.784 2.226
-1.378 -4.825 2.221
-1.094 -4.909 2.222
-0.783 -4.856 2.214
-0.202 -4.894 2.218
0.342 -5.288 2.222
2.266 -4.354 2.200
2.518 -5.346 2.205
3.331 -5.094 2.211
4.051 -2.392 1.909
5.753 0.080 2.185
4.955 1.219 1.683
5.187 1.210 1.907
-1.997 -3.582 1.183
-2.108 -4.931 1.549
-1.620 -7.577 2.239
5.949 -0.426 1.527
5.996 -0.058 1.260
4.765 1.235 1.187
0.615 4.594 0.820
4.237 -0.278 0.514
4.327 0.014 0.511
2.774 1.392 0.341
2.047 1.454 0.235
4.417 1.236 0.496
-1.417 -2.557 0.183
0.342 1.641 0.054
-0.547 -2.413 0.074
-1.475 1.774 -0.032
-1.001 -2.469 0.131
1.999 1.670 0.384
0.975 -2.570 0.297
-1.374 2.679 0.379
5.640 -3.857 1.408
5.996 -0.043 1.407
12.168 1.613 1.778
5.959 -0.451 1.396
5.778 -1.206 2.198
-1.412 3.071 1.393
-1.475 2.547 1.237
2.889 1.386 1.028
-0.996 -6.880 2.238
-1.471 2.707 1.298
5.700 -3.454 2.094
-1.103 -4.813 2.218
5.674 -2.415 2.212
-1.648 0.392 0.783
-0.969 -4.603 2.215
3.826 -5.027 2.111
5.711 -1.996 2.202
1.644 4.789 2.036
1.180 4.830 1.776
3.874 -4.445 1.966
-0.487 -4.436 2.209
-0.384 -4.297 2.201
-0.254 -4.455 2.205
2.674 -3.394 2.185
2.536 -3.656 2.185
1.957 -3.914 2.190
2.211 -3.801 2.191
3.608 -1.440 2.159
3.355 -2.522 2.167
4.132 0.778 2.166
2.029 1.817 1.389
1.542 3.886 2.169
1.436 3.512 2.160
2.139 3.172 2.152
0.691 3.681 2.174
1.766 3.611 2.159
-1.374 3.258 2.100
-1.338 3.627 2.284
-1.397 3.124 2.023
-1.387 -2.100 1.758
1.535 -2.491 2.114
2.654 -0.453 2.124
2.955 0.397 2.118
1.935 1.481 1.972
-1.861 -0.637 1.668
1.891 -1.601 2.123
-0.172 -2.055 2.124
-1.438 1.501 2.315
1.076 -2.044 2.210
1.329 -1.266 2.127
-1.573 0.443 1.852
-1.843 -0.604 1.672
2.065 -0.980 2.127
2.394 -0.576 2.126
2.477 -0.284 2.128
2.519 0.218 2.125
-1.416 2.745 2.236
-2.028 1.747 2.152
-3.001 0.928 2.134
-2.928 -0.860 2.142
0.210 -3.082 2.152
3.083 -1.220 2.132
1.221 3.660 2.169
-0.802 3.719 2.183
-1.070 3.670 2.184
-1.332 1.777 1.204
-1.455 2.709 1.636
-1.724 -0.305 1.064
-1.435 -4.289 2.216
-1.232 -4.307 2.211
-1.372 -2.106 1.294
-1.969 -3.462 1.928
-0.506 -4.842 2.217
0.514 -4.423 2.201
0.393 -4.805 2.206
3.406 -3.360 2.190
4.093 -2.059 1.813
4.276 0.092 1.857
3.647 1.319 1.716
5.811 1.085 2.190
-1.385 -2.093 0.872
-1.390 3.207 1.187
-1.455 2.691 1.130
-2.037 -4.286 1.567
-2.067 -4.600 1.608
-1.583 0.517 0.591
-0.795 -7.031 2.228
5.649 -3.749 1.558
5.705 -2.486 1.766
3.759 -5.613 1.305
5.744 -2.362 1.094
4.200 -1.204 0.688
2.067 1.456 0.303
-1.770 -1.387 0.225
-1.372 -2.763 0.282
12.180 1.500 0.644
0.763 3.327 0.037
0.129 1.728 0.041
-1.623 0.637 0.012
-1.353 2.517 0.001
3.903 1.301 0.196
-1.356 2.599 0.266
-0.987 -3.298 0.504
5.979 -0.083 1.156
-2.002 -3.590 1.275
-2.219 -6.300 1.821
3.677 -6.659 2.062
3.772 -5.847 1.886
5.579 -4.506 1.900
5.720 -2.432 1.931
5.947 -0.473 1.639
2.096 2.675 1.256
1.094 1.602 0.776
2.291 4.687 1.686
1.895 4.766 1.707
-2.074 -4.858 2.410
-1.368 -4.725 2.218
0.023 -5.560 2.221
0.189 -4.941 2.218
2.324 -4.492 2.199
2.163 -4.558 2.205
2.474 -4.443 2.199
3.609 -3.693 2.201
3.825 -3.448 2.197
3.916 -3.120 2.200
3.887 -2.459 2.182
4.033 -2.482 2.179
4.001 1.137 2.169
4.379 1.146 1.915
2.139 3.275 2.013
2.190 3.990 2.169
1.914 4.126 2.169
1.581 4.244 2.174
1.303 4.293 2.170
1.242 3.916 2.173
0.927 4.150 2.176
-1.377 3.269 1.826
-1.650 -3.541 2.175
0.970 -3.345 2.162
1.896 -2.825 2.147
2.887 -0.569 2.120
3.475 -0.761 2.149
3.461 0.734 2.137
3.127 -0.133 2.130
1.950 2.760 2.153
-1.462 2.360 2.117
-2.600 1.242 2.139
-2.864 0.301 2.144
2.642 -0.588 2.121
-1.390 1.407 2.260
1.045 -2.237 2.197
1.914 -1.261 2.130
1.773 -1.168 2.126
-2.455 1.092 2.135
-2.660 1.098 2.136
-1.707 1.666 1.941
-1.675 -0.747 1.613
-1.406 -2.138 2.016
2.231 -2.497 2.137
-0.278 3.595 2.167
-1.720 -3.662 2.207
-1.271 -3.811 2.193
3.105 -3.715 2.192
0.981 -3.820 2.177
1.217 -4.378 2.198
-0.895 -4.097 2.195
4.228 -0.414 2.107
1.716 -3.530 2.176
3.829 -2.493 2.176
-0.013 -3.969 2.176
3.756 -2.036 2.160
4.129 1.229 2.166
2.100 2.740 1.527
2.145 3.248 1.759
1.002 4.854 2.132
-1.352 3.529 1.594
-1.476 2.636 1.314
-1.925 -2.978 1.325
-2.001 -3.623 1.565
-2.003 -3.713 1.590
-2.051 -4.384 1.814
-1.495 -5.771 2.230
1.224 -5.729 2.217
5.681 -3.530 2.049
5.694 -2.589 1.688
5.545 -4.842 2.043
5.753 -2.165 1.669
5.979 0.032 1.741
6.132 -1.635 2.215
-1.441 1.772 0.695
-1.685 0.464 0.452
-1.340 -1.663 0.572
-2.006 -3.425 0.933
-1.240 -10.121 2.187
-1.109 -10.149 2.040
5.451 -5.824 1.581
5.537 -4.923 1.670
3.861 1.295 0.789
0.677 4.671 0.734
-1.399 2.804 0.342
-1.480 1.766 0.411
0.385 -2.901 0.252
-1.425 2.990 0.241
1.636 -2.789 0.121
-1.723 -1.292 0.119
-1.923 -2.991 0.271
-1.953 -3.220 0.524
0.461 -2.686 0.352
4.307 -0.237 0.626
-0.415 -10.209 1.988
5.466 -5.608 1.921
5.462 -5.728 1.776
3.725 1.316 1.008
3.424 1.341 1.139
2.030 1.930 0.759
2.075 2.307 0.937
-1.620 0.261 0.559
-1.955 -3.267 1.257
2.071 -5.384 2.200
2.409 -5.182 2.206
3.411 -4.570 2.207
4.059 -2.363 1.845
4.092 -2.004 1.782
3.985 -3.159 2.075
4.178 -0.946 1.914
4.232 -0.377 1.917
5.983 -0.030 2.184
2.244 4.317 2.035
3.451 1.342 1.490
3.117 1.366 1.302
2.062 4.746 2.188
0.999 4.477 2.179
0.685 4.570 2.181
-1.419 2.943 1.572
-1.803 -1.488 1.133
-1.942 -3.000 1.898
-0.713 -3.649 2.175
0.432 -3.735 2.175
-1.972 -4.105 2.409
1.339 -3.633 2.169
0.237 -3.726 2.171
2.199 -2.978 2.169
2.739 -2.237 2.149
3.635 -0.755 2.150
3.974 -0.172 2.155
3.823 0.994 2.161
3.392 1.259 2.132
0.177 3.510 2.164
1.391 2.980 2.157
1.216 3.204 2.153
-0.536 3.341 2.167
-1.063 3.078 2.183
-1.317 3.420 2.390
-1.406 2.979 2.200
1.202 -2.481 2.122
-1.418 1.776 2.026
-1.660 0.578 1.661
-1.241 1.269 2.121
-1.617 -0.773 2.305
-1.322 1.518 2.182
-1.173 1.075 2.126
-1.567 1.008 2.161
1.189 1.577 1.786
-1.370 -1.981 1.987
-0.399 3.255 2.169
2.788 0.453 2.126
2.924 0.755 2.131
0.227 1.685 1.282
-1.942 -3.231 2.307
-1.628 -3.152 2.174
-1.008 -3.457 2.174
-0.758 -3.480 2.169
-0.265 -3.680 2.175
0.969 -3.378 2.165
2.385 -2.850 2.162
2.683 -2.964 2.161
2.594 -2.718 2.152
3.082 -2.992 2.175
3.302 -2.789 2.173
3.104 -2.574 2.164
3.504 -2.530 2.171
3.306 -2.351 2.159
3.443 -2.160 2.158
4.171 1.282 2.111
3.834 1.053 2.143
3.463 1.339 1.782
3.731 1.313 2.139
2.929 1.379 1.619
2.126 3.044 1.881
1.007 4.186 2.177
-1.471 2.549 1.495
-1.643 1.739 1.184
-1.727 -1.451 1.046
-0.843 -5.256 2.218
-0.196 -5.222 2.220
1.106 -5.036 2.213
1.449 -4.959 2.205
1.750 -5.900 2.206
2.341 -4.600 2.199
2.663 -5.244 2.209
5.489 -4.031 2.213
4.058 -2.353 1.949
3.926 -3.889 1.834
5.676 -0.003 2.189
5.736 0.415 2.184
3.852 1.312 1.558
2.081 2.500 1.113
-1.452 2.858 1.022
-2.109 -4.903 1.438
-1.980 -3.464 1.082
5.542 -4.892 1.930
5.949 -0.513 1.160
3.916 1.294 0.953
-1.409 2.349 0.487
-1.754 -0.634 0.389
-1.366 -1.995 0.375
5.979 -0.101 0.272
4.395 1.248 0.442
-1.614 0.607 0.258
-0.489 -2.871 0.187
4.120 -2.119 0.299
2.894 1.400 0.071
-0.733 -2.564 0.276
-0.617 -2.576 0.294
-1.915 -3.104 0.333
-1.174 -3.121 0.348
2.724 1.401 0.403
5.732 -2.835 0.401
2.005 1.636 0.354
4.353 1.258 0.486
-1.388 3.345 0.495
-1.714 -1.088 0.525
1.229 1.576 0.506
0.126 1.735 0.490
-1.606 1.244 0.598
-1.923 -2.979 1.079
2.472 -6.057 2.211
0.817 -6.444 2.199
6.118 -2.191 2.088
6.028 0.501 1.946
6.079 0.943 1.949
4.792 1.240 1.728
3.514 1.332 1.250
2.279 4.602 1.735
2.273 4.503 2.014
0.826 4.696 1.805
0.898 4.671 1.901
-0.163 -4.627 2.209
-0.062 -4.447 2.197
0.241 -4.378 2.201
0.829 -4.266 2.196
1.144 -4.076 2.185
1.604 -4.004 2.190
1.148 -4.042 2.182
1.864 -3.847 2.187
2.789 -3.157 2.172
2.103 -3.655 2.188
2.916 -3.184 2.182
2.323 -3.505 2.179
3.225 -2.699 2.169
3.324 -1.944 2.156
3.536 -1.701 2.150
3.440 -1.430 2.147
4.040 -0.712 2.158
3.845 -0.427 2.152
3.622 -0.249 2.147
-1.326 3.736 2.344
-1.383 3.174 2.124
0.416 3.854 2.172
-3.081 -0.392 2.127
1.229 3.819 2.161
1.274 -2.743 2.154
1.661 -2.589 2.144
1.791 -2.474 2.119
2.918 0.356 2.121
-1.773 -1.355 2.214
-1.627 -0.891 2.313
-1.775 -1.381 2.177
-1.520 0.943 2.337
2.793 -0.973 2.124
2.909 -0.517 2.121
-0.467 1.730 1.448
-1.375 -2.103 1.645
-1.911 -2.942 2.350
1.724 -3.100 2.160
3.056 -2.414 2.165
2.106 2.898 2.006
1.727 3.494 2.169
1.477 3.668 2.163
1.252 3.744 2.172
0.455 3.810 2.162
0.439 4.112 2.178
-1.327 3.772 2.217
-1.402 3.134 1.985
-1.475 2.424 1.677
-1.956 -3.284 1.843
-1.325 -4.430 2.214
-1.528 -4.512 2.218
1.843 -4.504 2.192
1.899 -4.207 2.188
1.182 -4.632 2.203
2.634 -3.768 2.190
3.090 -4.314 2.198
2.990 -3.880 2.188
2.899 -3.616 2.193
3.135 -3.376 2.189
3.723 -3.878 2.201
3.371 -3.216 2.191
4.123 -1.663 2.048
6.043 0.686 2.153
2.095 2.623 1.299
1.621 4.798 1.893
-1.447 2.770 1.081
-2.145 -5.308 1.762
0.935 -6.995 2.189
5.384 -6.501 1.843
5.660 -3.470 1.810
5.708 -2.488 1.651
5.947 -0.454 1.482
4.440 1.237 1.061
5.987 -0.053 1.347
5.987 -0.010 1.633
1.650 1.559 0.582
-2.050 -4.020 0.792
2.399 1.431 0.358
-1.414 3.174 0.423
-1.922 -3.052 0.309
-1.086 -2.784 0.274
-1.713 1.800 -0.072
-1.342 2.466 0.043
-0.631 -2.358 0.141
5.983 -0.093 0.285
12.132 0.982 0.860
-1.372 2.570 0.296
-0.357 -3.160 0.470
5.694 -2.682 1.165
0.672 1.622 0.512
-1.763 -1.022 0.709
-1.299 -7.044 2.229
3.658 -6.614 2.219
3.762 -5.801 2.069
5.592 -4.493 2.046
5.643 -3.933 1.967
5.713 -3.117 1.937
6.037 0.730 2.185
1.874 4.777 1.565
1.969 4.763 1.790
1.511 4.809 1.662
-2.051 -4.515 2.001
-2.009 -3.959 2.145
-1.998 -4.638 2.431
0.979 -4.763 2.196
1.069 -4.673 2.199
2.712 -3.844 2.198
1.607 -4.623 2.201
1.366 -4.532 2.195
1.577 -4.477 2.191
2.934 -3.642 2.191
-0.388 -5.236 2.219
-0.695 -4.538 2.207
3.189 -3.438 2.186
-0.505 -4.815 2.217
3.280 -3.142 2.186
-1.377 -2.106 1.249
-0.099 -4.633 2.209
-2.017 -4.012 1.951
3.761 -2.115 2.164
3.979 -2.731 2.183
3.889 -1.540 2.160
-1.768 0.149 1.516
0.209 2.269 2.141
0.981 -1.676 2.128
0.391 1.634 1.775
-1.323 1.537 2.188
-2.695 1.192 2.150
-1.689 -0.137 1.566
2.882 -0.512 2.126
-0.556 3.452 2.176
0.224 3.583 2.172
-0.779 3.600 2.177
-1.358 3.413 2.338
-1.535 -3.899 2.205
-1.541 -3.987 2.201
-0.092 -4.555 2.206
1.009 -3.955 2.181
3.540 -3.145 2.186
2.850 -4.055 2.201
4.010 -2.644 2.179
3.505 -2.193 2.161
3.662 -2.006 2.160
4.091 -1.954 2.051
4.098 1.290 1.972
3.590 1.333 1.830
1.912 4.785 2.150
2.136 4.738 2.186
-1.472 2.696 1.341
-0.305 -6.473 2.222
3.731 -6.059 1.968
3.809 -4.943 2.213
3.829 -4.964 1.879
3.916 -3.928 1.942
5.687 -2.422 2.095
6.028 0.355 1.909
5.641 -3.931 2.197
5.951 -0.420 1.952
5.988 0.020 1.824
3.357 1.355 1.113
0.089 -10.264 2.043
0.252 -10.270 1.844
4.226 -0.311 0.872
12.112 0.850 1.824
12.103 0.890 2.104
2.859 1.389 0.569
2.073 1.455 0.388
3.840 1.305 0.661
-1.376 2.678 0.418
-1.692 -1.427 0.233
1.119 -2.576 0.377
-1.601 1.232 0.410
-1.342 3.559 0.173
2.053 1.473 0.021
2.385 1.457 0.018
-1.364 -1.849 0.074
5.482 -5.571 0.394
1.564 -1.061 0.175
-4.080 2.043 0.262
-0.323 -3.145 0.411
0.482 -2.917 0.414
4.202 -1.376 0.661
3.067 1.374 0.593
1.814 4.799 0.717
1.410 4.798 0.710
5.538 -4.945 1.949
5.511 -5.239 1.903
2.114 2.685 1.154
5.513 -5.096 1.776
5.608 -4.235 1.828
5.578 -4.441 1.695
5.989 -0.059 1.562
-1.923 -3.024 0.977
-2.049 -4.060 1.142
-2.043 -4.349 1.298
-1.871 -1.090 0.802
-1.931 -2.951 1.520
-1.980 -3.432 1.709
0.187 -5.522 2.222
0.586 -5.317 2.221
1.238 -5.446 2.220
-0.746 -5.239 2.222
1.900 -5.238 2.192
0.169 -5.758 2.223
2.243 -4.939 2.197
2.250 -4.923 2.195
2.899 -4.540 2.199
3.222 -4.343 2.198
3.916 -3.879 2.196
3.987 -3.221 2.159
1.290 4.407 2.175
1.014 4.323 2.179
2.090 2.520 1.654
-1.371 3.362 1.816
2.108 2.881 1.805
2.234 4.186 2.088
2.183 4.110 2.176
-1.646 1.061 1.047
-1.568 -3.218 2.172
-1.375 -3.892 2.200
-0.023 -3.881 2.174
-0.265 -3.576 2.171
0.114 -3.824 2.174
0.535 -3.780 2.169
3.341 -1.712 2.156
3.294 -0.111 2.136
3.517 0.429 2.146
3.540 1.151 2.142
2.031 2.052 2.101
0.750 3.030 2.154
-0.385 3.174 2.169
0.476 3.218 2.173
-1.553 1.769 1.637
-2.876 0.598 2.134
-2.875 -0.812 2.159
2.337 -1.228 2.124
2.062 -1.679 2.124
-0.523 1.717 1.694
-1.775 -1.485 2.303
-1.158 -1.556 2.125
-0.801 -1.573 2.124
-0.527 -1.728 2.123
-1.122 -1.439 2.123
-1.884 -0.864 1.586
2.824 1.338 2.125
0.960 3.001 2.159
-1.570 1.174 1.463
-3.319 -1.429 2.153
-1.342 -3.491 2.185
-0.352 -3.773 2.178
-1.280 -3.498 2.176
0.310 -3.703 2.177
0.746 -3.609 2.166
1.102 -3.689 2.181
1.804 -3.669 2.182
2.719 -2.849 2.160
2.913 -2.285 2.148
4.253 1.283 2.054
3.831 -0.330 2.153
4.066 1.099 2.158
0.895 4.622 2.188
1.013 4.677 2.180
0.688 4.798 2.181
1.293 4.331 2.178
1.220 4.516 2.179
-1.336 3.456 1.692
-1.421 2.904 1.665
-1.997 -3.749 1.692
-2.011 -3.834 1.730
0.446 -5.425 2.218
2.798 -5.117 2.201
3.028 -4.481 2.201
3.820 -5.080 2.028
3.982 -3.153 1.876
5.606 -4.197 2.136
4.023 -2.704 1.892
6.000 0.068 1.887
4.211 -0.299 1.284
3.600 1.328 1.242
2.289 4.713 1.610
-1.465 2.370 0.904
-2.058 -4.035 0.612
1.013 4.822 0.312
-1.716 -0.296 0.374
6.002 -0.050 1.222
-1.723 -0.651 0.368
4.334 0.065 0.514
-0.801 1.783 0.455
-1.702 1.775 -0.082
-1.641 1.815 0.104
0.316 -3.219 0.356
0.869 -2.660 0.353
4.303 -0.226 0.550
4.332 0.041 0.571
1.999 1.663 0.449
0.368 1.624 0.228
-1.696 -1.456 0.402
5.542 -4.956 1.694
-0.767 1.775 0.579
3.780 1.304 0.810
-0.935 1.781 0.633
-1.766 -1.207 0.506
-1.772 -1.315 0.583
5.700 -3.222 1.513
1.027 -10.632 1.967
-1.917 -5.643 2.229
5.690 -2.681 1.433
5.718 -2.395 1.547
12.153 1.532 2.191
5.358 -6.836 1.862
1.466 -6.408 2.209
1.125 -6.104 2.216
3.951 -3.468 1.898
5.589 -1.088 2.211
4.228 -0.394 1.815
5.975 -0.130 2.161
4.385 1.244 1.850
2.019 4.776 2.071
2.062 4.758 2.146
1.290 4.820 2.119
1.355 4.781 2.191
-1.466 2.770 1.383
-1.411 3.069 1.488
-0.457 -3.947 2.190
1.505 -3.865 2.181
1.966 -3.516 2.171
1.981 -3.519 2.175
2.919 -2.621 2.158
2.979 -2.656 2.158
3.887 -0.720 2.155
3.305 -2.204 2.158
3.565 -1.178 2.154
4.195 0.273 2.175
3.900 0.376 2.151
3.586 -0.938 2.149
3.536 0.735 2.148
3.270 0.784 2.135
1.238 3.655 2.164
0.973 3.212 2.160
0.716 3.566 2.173
0.704 3.398 2.170
-0.423 3.409 2.175
-0.641 3.326 2.172
-0.870 3.285 2.172
2.566 -0.863 2.122
2.064 -1.743 2.124
2.199 -1.437 2.125
-1.636 -0.872 2.323
-0.499 -1.796 2.125
-1.518 0.786 2.327
-1.030 -1.360 2.125
-1.622 -0.142 2.115
-1.946 -0.845 1.739
2.556 -1.572 2.124
2.498 -0.101 2.126
1.608 1.530 1.771
-1.450 2.534 2.005
1.217 -3.636 2.170
2.204 -2.453 2.136
3.455 -1.693 2.158
4.065 -1.034 2.165
3.926 1.301 2.097
0.392 4.224 2.180
-1.381 3.279 1.732
-1.943 -3.146 1.652
-2.005 -3.936 2.000
-1.738 -4.596 2.221
-1.712 -4.666 2.222
-1.056 -4.914 2.218
1.926 -4.376 2.195
0.796 -4.815 2.207
2.158 -5.020 2.196
2.490 -4.169 2.197
1.316 -5.554 2.213
1.654 -4.516 2.195
1.724 -5.459 2.201
1.810 -5.123 2.193
5.464 -3.335 2.214
5.655 -1.898 2.201
6.050 0.626 2.052
5.722 0.521 2.186
4.130 1.295 1.588
1.990 4.765 1.799
-1.439 2.731 1.033
-1.448 2.783 1.001
-1.780 -1.312 0.756
-2.152 -5.290 1.649
1.554 -8.802 2.246
3.702 -6.401 2.138
5.697 -3.292 1.839
0.881 4.880 0.948
3.153 1.367 0.750
0.166 1.673 0.441
-1.437 2.865 0.620
-1.626 0.889 0.356
2.432 1.431 0.675
-1.675 0.405 0.413
-1.589 1.218 0.420
4.330 0.052 0.596
12.139 1.020 0.884
4.244 -0.868 0.535
4.279 -0.574 0.661
4.343 1.256 0.570
-0.839 -2.729 0.238
0.391 -2.767 0.127
4.300 -0.419 0.154
-1.361 2.354 0.090
-1.131 -3.079 0.317
4.292 -0.446 0.196
-1.389 3.312 0.459
5.643 -3.812 1.417
5.750 -2.201 1.230
3.766 -5.581 2.223
3.885 -4.396 1.928
5.713 -3.058 2.084
6.012 0.149 2.133
6.033 0.403 1.993
4.376 1.129 1.820
3.773 1.304 1.391
1.963 4.782 2.081
-1.113 -4.864 2.220
-0.027 -4.815 2.208
-0.224 -4.455 2.199
0.102 -4.429 2.198
2.433 -3.566 2.181
2.627 -3.325 2.177
2.858 -3.168 2.181
3.259 -2.692 2.170
3.752 -0.442 2.159
4.066 -1.493 2.168
4.005 0.140 2.152
4.280 0.121 2.054
4.257 0.229 2.168
4.222 0.537 2.172
2.129 3.136 1.901
2.123 3.137 2.131
0.910 3.493 2.162
2.027 1.871 1.411
-1.346 3.561 2.210
-1.397 3.069 1.994
-3.046 0.946 2.139
-1.563 -3.158 2.168
2.471 -1.298 2.124
2.220 1.874 2.112
-1.722 -0.321 1.584
-1.675 -0.634 2.004
-1.396 0.964 2.217
1.358 -1.466 2.127
-1.403 1.777 2.195
-1.311 1.437 2.178
-1.308 3.030 2.377
-1.385 2.653 2.390
-2.686 1.097 2.139
-2.971 0.356 2.133
1.511 -3.303 2.175
3.016 -1.379 2.130
3.671 -0.056 2.140
0.941 3.586 2.162
-1.963 -3.342 1.881
-1.937 -3.008 1.818
-1.737 -4.117 2.220
-1.136 -4.341 2.213
-0.511 -4.600 2.207
0.568 -4.953 2.212
2.739 -4.558 2.201
2.882 -3.685 2.188
3.970 -2.166 2.176
4.117 -1.582 2.121
4.280 -0.406 1.654
0.467 4.837 1.785
-1.360 3.483 1.584
-1.673 0.044 0.683
3.836 -4.968 2.044
5.566 -4.635 1.882
5.726 -2.354 1.966
6.021 -2.189 1.667
5.665 -3.542 1.726
5.951 -0.461 1.354
-1.572 1.215 0.458
-1.717 0.173 0.456
5.727 -2.231 0.576
-1.411 3.203 0.333
-1.377 -2.106 0.257
1.972 1.669 0.089
-1.334 2.453 0.009
4.460 1.193 0.179
1.229 -10.654 1.328
12.165 1.637 2.239
5.990 -0.186 1.011
5.996 -0.040 1.142
1.991 1.461 0.509
3.791 -5.323 1.817
5.495 -5.540 2.192
5.651 -3.820 2.035
5.693 -3.297 1.988
5.991 0.013 1.955
6.055 0.808 2.029
1.158 4.821 1.635
-1.795 -1.480 1.096
-1.934 -3.162 1.608
0.828 -5.058 2.220
1.754 -4.914 2.195
-0.173 -5.169 2.217
0.392 -5.502 2.224
2.353 -4.493 2.202
0.561 -5.106 2.217
3.064 -4.083 2.196
3.371 -3.560 2.193
3.374 -3.915 2.201
3.525 -3.584 2.204
3.120 -3.804 2.196
3.933 -3.119 2.193
3.140 -3.797 2.197
4.077 -2.138 2.115
4.131 -1.359 1.839
4.175 0.386 2.158
4.039 0.894 2.151
2.101 2.811 1.554
2.120 2.917 1.923
2.142 3.386 1.883
0.947 4.000 2.175
-1.437 2.911 1.706
-1.993 -3.689 2.297
0.154 -3.392 2.156
1.383 -3.188 2.174
2.613 -2.219 2.147
2.904 -0.767 2.123
2.991 0.678 2.141
1.925 2.124 2.147
-1.672 -0.733 1.627
-0.524 -1.936 2.125
-1.395 1.603 2.276
1.210 1.506 2.126
-0.329 1.673 1.941
-1.354 1.678 2.234
-1.710 -0.102 1.587
-1.675 -0.718 1.632
-1.584 1.207 1.877
-2.853 -0.736 2.136
-1.493 -2.294 2.137
1.814 -2.515 2.132
2.994 0.843 2.126
1.930 1.474 1.705
-0.333 3.606 2.171
-1.422 2.837 2.121
-3.404 -1.252 2.147
-1.992 -3.671 2.277
-1.433 -3.689 2.187
-1.383 -3.695 2.187
0.957 -4.422 2.202
4.110 -0.406 2.167
3.843 -2.449 2.184
4.166 -0.133 2.162
2.481 -4.025 2.191
2.448 -3.654 2.187
1.407 4.635 2.184
1.066 4.768 2.186
2.076 2.351 1.440
3.377 -3.432 2.192
3.204 -3.168 2.186
-1.373 3.447 1.651
-1.424 2.963 1.499
-1.734 -1.453 0.963
-1.995 -3.797 1.588
-2.144 -5.428 2.212
-1.816 -5.629 2.239
-1.748 -5.788 2.232
3.883 -4.332 2.126
-1.315 -6.345 2.229
3.479 -5.878 2.221
4.223 -0.283 1.389
1.127 1.623 0.652
-1.422 2.687 0.899
-0.877 1.773 0.544
-2.064 -4.259 1.093
-0.520 -10.203 2.206
0.223 -10.263 2.217
5.697 -3.230 1.436
4.413 1.237 0.703
4.434 1.236 0.795
1.852 4.796 0.729
0.732 4.857 0.719
-1.389 3.335 0.399
-1.386 2.344 0.252
-0.191 -2.173 0.079
0.548 3.336 -0.100
-1.700 0.314 -0.000
-1.920 -3.038 0.264
0.201 -2.257 0.154
-1.714 1.791 0.152
4.256 -0.807 0.589
2.324 1.433 0.426
0.148 1.672 0.377
5.540 -4.919 1.863
5.513 -5.197 1.752
5.668 -3.816 1.762
-1.615 -5.629 2.227
0.736 -5.564 2.228
-0.479 -5.811 2.227
2.409 -5.312 2.197
2.505 -5.117 2.202
2.775 -4.934 2.204
3.953 -3.561 2.146
5.624 -2.032 2.204
3.996 -3.087 2.069
5.978 -0.000 2.180
4.150 1.301 2.022
2.261 4.438 2.100
1.639 4.779 2.139
0.665 4.548 2.182
-0.471 -3.714 2.179
3.213 -1.914 2.156
3.677 0.061 2.149
2.044 -3.205 2.171
3.237 -1.400 2.140
2.249 -3.043 2.166
2.504 -2.623 2.153
3.025 0.720 2.120
0.497 -3.765 2.171
-1.089 -3.533 2.178
3.441 1.033 2.141
3.175 1.061 2.121
-0.876 -3.613 2.189
2.026 1.850 1.918
-1.651 0.463 1.275
-1.208 3.162 2.267
2.853 0.284 2.118
-0.391 2.303 2.153
0.928 -2.373 2.133
1.799 1.532 1.668
-0.669 3.211 2.166
2.755 0.651 2.126
-3.060 0.440 2.144
-1.394 3.115 2.182
-0.480 -3.543 2.167
-1.598 -3.127 2.172
-0.018 -3.761 2.176
-1.376 -3.271 2.170
0.248 -3.730 2.180
1.221 -3.853 2.178
-1.396 -3.304 2.182
-1.177 -3.346 2.160
0.740 -3.722 2.172
2.771 -2.496 2.155
2.259 -3.242 2.168
0.388 4.368 2.180
-1.475 2.442 1.532
0.725 4.301 2.183
-1.370 3.359 1.754
-1.956 -3.284 1.656
-1.186 -5.066 2.225
0.087 -5.898 2.227
0.372 -5.672 2.221
0.618 -5.347 2.222
1.131 -5.618 2.219
2.965 -4.259 2.196
3.573 -5.415 2.222
1.666 -5.169 2.198
3.674 -4.259 2.200
2.246 -5.805 2.203
3.910 -3.936 2.179
3.931 -3.850 1.835
3.989 -3.114 1.949
4.118 -2.074 1.735
5.711 -2.522 1.989
4.194 -1.113 1.751
5.857 -1.092 2.215
5.945 -0.315 2.172
3.410 1.340 1.204
-1.766 -1.287 0.723
-0.545 -8.267 2.236
2.143 -7.999 2.238
3.612 -7.255 2.203
3.693 -6.070 1.355
3.762 -5.671 1.510
3.791 -5.335 1.247
5.446 -5.773 1.894
5.952 -0.445 1.131
5.992 -0.009 1.390
4.431 1.241 0.912
-1.413 2.834 0.435
-1.308 1.778 0.571
-1.379 3.412 0.567
-1.752 -0.799 0.382
4.305 -0.183 0.549
-1.621 0.721 0.211
-1.234 -2.648 0.184
-1.059 -2.770 0.193
-0.816 -2.595 0.182
5.657 -3.871 0.408
-1.919 -3.149 0.328
-1.662 -3.126 0.359
1.403 -1.102 0.261
5.977 -0.161 0.317
3.002 1.375 0.479
2.057 1.452 0.325
2.667 -10.693 1.892
2.836 -10.759 2.056
5.537 -4.885 1.544
5.598 -4.337 1.482
5.691 -2.661 1.352
-2.115 -4.934 1.804
-2.149 -5.347 2.064
-1.371 -2.028 0.846
-1.128 -7.021 2.238
1.323 -6.323 2.219
5.711 -2.447 1.994
4.327 0.516 1.778
5.989 -0.705 2.198
5.954 0.100 2.196
2.006 1.671 1.140
0.950 4.706 2.007
-1.766 1.785 1.140
-1.597 0.547 0.816
-0.711 -4.104 2.187
1.920 -3.793 2.191
2.131 -3.627 2.188
2.327 -3.525 2.181
-0.149 -4.222 2.190
0.064 -4.304 2.196
-2.007 -3.893 2.068
2.535 -3.312 2.183
2.376 -3.476 2.177
3.803 -1.770 2.158
3.903 -1.482 2.163
0.831 -4.320 2.201
2.861 -3.149 2.173
1.137 -4.186 2.188
1.422 -4.173 2.191
3.642 -0.684 2.148
1.137 -4.158 2.190
3.667 -0.486 2.157
4.164 -0.076 2.160
2.445 1.423 1.571
4.285 0.990 2.169
2.135 3.053 2.040
1.517 1.552 1.251
1.655 3.302 2.155
1.193 3.446 2.162
0.948 3.412 2.158
0.690 3.462 2.171
0.433 3.481 2.166
0.275 3.532 2.170
-0.287 3.660 2.174
-0.789 3.565 2.183
-1.328 3.689 2.303
-1.026 3.490 2.176
-3.401 -0.220 2.152
2.519 -0.948 2.125
2.525 -0.784 2.121
-1.710 1.450 1.886
-1.623 1.015 1.772
-1.577 -1.208 2.210
-1.371 -0.813 2.139
-1.374 1.015 2.200
-1.622 -0.080 2.134
-1.685 -0.198 1.558
-1.673 -0.691 1.751
1.023 -2.204 2.160
2.519 -0.504 2.126
2.541 -0.003 2.128
0.626 1.603 1.432
-1.415 2.824 2.216
-1.465 1.781 1.698
-1.923 -2.946 2.300
-0.027 -3.454 2.161
2.654 -2.742 2.154
2.865 -2.612 2.160
3.265 -2.136 2.154
3.416 -1.936 2.149
3.951 -0.638 2.152
0.939 3.681 2.162
-1.342 3.641 2.219
-1.357 -2.100 1.227
-1.560 -4.365 2.219
-1.508 -4.595 2.219
-1.212 -4.612 2.216
2.746 -4.404 2.197
3.702 -3.808 2.198
3.933 -3.546 2.198
3.526 -2.973 2.185
3.978 -3.230 1.931
4.284 0.096 1.792
4.084 -2.002 1.849
4.110 -1.658 1.921
4.199 1.293 1.780
1.931 4.773 1.972
-1.397 3.156 1.252
-2.057 -4.307 1.513
-2.146 -5.381 1.808
3.799 -5.309 1.521
5.457 -5.669 1.767
5.717 -2.472 1.686
5.989 -0.021 1.540
3.812 1.305 1.019
4.167 -1.525 0.629
2.532 1.440 0.072
12.219 1.543 0.589
-1.432 -1.499 0.199
-0.794 -2.597 0.257
4.219 -0.314 0.330
5.945 1.181 0.226
5.440 -5.640 1.161
5.947 -0.455 1.208
5.704 -2.453 1.207
1.346 4.838 0.812
0.643 4.576 0.843
-2.242 -6.421 1.968
-2.477 -9.823 2.393
3.824 -5.106 1.906
5.590 -4.339 2.219
5.685 -3.530 1.962
5.742 -2.301 1.908
-1.313 -4.547 2.215
1.635 -4.719 2.196
3.453 -2.888 2.185
3.591 -2.651 2.178
1.620 4.797 1.848
2.079 2.323 1.018
1.119 4.809 1.603
1.964 -4.473 2.199
2.142 3.320 2.052
3.746 -2.424 2.182
-0.027 -5.314 2.225
2.471 -4.085 2.193
3.827 -2.125 2.170
1.127 1.634 0.666
2.254 -4.268 2.196
-1.673 -0.105 0.699
4.049 -2.357 2.073
-2.060 -4.583 2.003
0.954 1.630 0.680
-2.064 -4.518 2.187
0.177 -4.768 2.206
2.900 -3.671 2.189
4.086 -1.998 2.025
4.129 -1.540 2.128
3.144 -3.428 2.191
4.150 1.052 2.160
3.378 -3.224 2.189
-1.975 -3.535 2.278
-1.155 -3.375 2.172
-1.101 -3.555 2.170
-1.934 -2.984 2.001
-1.929 -3.081 2.316
0.156 -3.560 2.169
1.111 -3.202 2.175
-1.507 1.772 1.866
0.195 -2.063 2.123
2.299 -0.522 2.127
3.464 -0.936 2.148
3.354 -0.232 2.139
1.993 1.719 1.799
-1.349 3.352 2.348
-1.356 3.498 2.152
-0.811 3.500 2.178
-1.051 3.142 2.178
-3.463 1.566 2.140
-1.988 -3.632 2.274
-1.505 -3.826 2.198
-0.698 -4.299 2.199
-1.272 -3.973 2.200
-0.752 -4.036 2.188
0.764 -3.970 2.183
0.554 -4.547 2.210
0.906 -4.101 2.194
1.400 -3.977 2.180
1.917 -4.409 2.195
1.895 -4.060 2.185
1.960 -3.528 2.176
2.545 -4.169 2.198
2.685 -3.365 2.184
3.605 -1.962 2.156
2.116 4.721 2.194
-2.044 -4.208 1.707
3.869 -4.401 2.113
5.573 -4.640 2.163
5.368 -4.317 2.225
5.940 -0.406 1.572
5.951 -0.421 1.707
4.236 -0.284 1.353
-11.189 7.067 3.275
-1.931 -3.118 0.817
2.578 -10.715 1.908
5.675 -3.304 1.388
5.500 -5.489 1.659
5.705 -2.476 1.102
5.611 -4.285 1.489
5.649 -3.800 1.449
-1.355 -1.768 0.291
0.379 -2.826 0.213
1.975 1.478 0.159
-1.578 1.114 0.028
1.796 -2.756 0.198
-1.585 0.972 -0.081
3.895 1.318 0.102
-1.396 3.384 0.237
-1.520 1.779 0.195
0.980 -2.646 0.381
4.191 -1.112 0.656
3.786 -5.308 1.610
5.600 -4.330 1.873
3.371 1.336 1.177
1.919 4.770 1.637
-1.376 3.454 1.175
-1.302 1.780 0.745
-1.739 -5.115 2.228
4.240 1.280 2.110
1.004 4.364 2.176
-0.794 -6.205 2.218
3.617 1.321 1.857
3.922 -3.906 2.126
-2.004 -3.794 1.723
2.329 -4.951 2.199
-0.378 -5.389 2.216
-2.151 -5.839 2.434
2.092 3.900 2.174
4.058 -2.337 1.912
1.648 4.686 2.186
1.272 -5.746 2.216
3.527 -4.156 2.205
-1.887 -3.429 2.370
-1.145 -3.447 2.170
0.095 -3.829 2.174
0.873 -3.641 2.175
0.840 -3.577 2.164
1.534 -3.336 2.167
2.456 -2.886 2.158
3.393 -1.215 2.146
3.308 -0.951 2.143
3.624 0.019 2.145
3.408 0.994 2.136
3.085 0.985 2.130
1.586 2.810 2.160
1.193 3.134 2.158
0.495 3.287 2.161
-1.375 -1.958 1.767
2.020 -1.862 2.123
2.467 -0.256 2.130
-2.269 1.112 2.123
-1.590 -0.707 2.279
-0.542 -1.783 2.125
2.564 -0.144 2.130
0.835 1.598 1.688
2.941 1.287 2.118
2.842 0.441 2.126
-0.857 3.141 2.176
-1.309 1.777 1.389
-3.095 -0.372 2.129
-1.485 -3.420 2.171
-1.284 -3.438 2.174
-1.240 -3.490 2.170
-1.069 -3.525 2.173
0.043 -3.983 2.186
-0.622 -3.700 2.173
0.294 -4.040 2.183
2.428 -2.956 2.163
3.421 -2.911 2.183
4.135 -1.476 2.083
4.180 1.245 2.157
3.786 1.319 2.096
3.811 1.224 2.142
0.857 4.528 2.177
-1.490 2.551 1.300
-1.239 1.796 1.184
-1.435 2.966 1.434
-2.051 -4.400 1.986
-2.125 -5.569 2.387
-2.103 -4.914 2.112
1.135 -5.258 2.214
6.043 0.476 2.092
5.994 0.434 2.188
3.560 1.338 1.266
0.957 1.582 0.686
2.287 4.730 1.590
-1.987 -3.371 0.993
-1.930 -3.002 0.947
-1.436 2.743 0.987
-1.441 2.808 0.970
-1.317 1.778 0.873
5.963 -0.420 1.179
3.753 1.311 0.756
1.325 4.817 0.746
-0.448 -2.857 0.209
0.473 -2.677 0.070
5.643 -3.792 0.349
-1.419 -2.431 0.073
0.296 -3.162 0.327
5.931 1.174 0.358
4.171 -1.230 0.596
4.231 1.273 0.560
2.975 1.374 0.563
2.726 1.400 0.253
2.010 1.461 0.463
5.646 -3.802 1.567
5.402 -6.262 1.773
5.709 -2.393 1.486
1.982 1.669 0.529
-1.438 2.399 0.825
-2.000 -3.658 1.349
1.623 -5.970 2.206
2.693 -5.711 2.212
2.379 -5.681 2.208
2.737 -5.605 2.213
3.086 -5.425 2.218
3.179 -5.471 2.210
3.915 -4.051 2.033
3.974 -3.166 1.921
5.698 -2.498 2.115
5.625 -1.448 2.198
5.930 -0.540 2.149
5.691 0.077 2.209
6.012 0.306 2.161
0.788 4.737 1.811
0.896 4.673 2.009
1.969 4.779 1.853
2.023 4.772 2.093
0.535 4.717 1.993
-1.758 -0.424 0.916
-1.578 -3.914 2.197
0.436 -4.361 2.199
-0.813 -4.519 2.207
-0.940 -3.924 2.194
1.287 -4.064 2.187
1.331 -3.880 2.190
1.733 -3.723 2.179
3.416 -2.493 2.166
3.567 -2.268 2.167
3.748 -2.015 2.166
2.479 -3.272 2.172
3.627 -0.951 2.152
3.014 -2.332 2.153
3.064 -2.935 2.169
3.915 -0.961 2.158
3.117 -2.419 2.156
0.500 3.375 2.171
-0.737 3.410 2.175
-1.379 3.232 2.225
-1.445 1.776 1.438
3.034 -0.021 2.136
2.956 0.649 2.125
-1.353 1.062 2.186
2.455 -0.124 2.130
2.648 0.166 2.126
-1.168 2.992 2.200
-1.217 2.481 2.188
-0.615 -3.448 2.167
-1.041 -3.224 2.153
0.814 -3.494 2.172
0.953 -3.658 2.177
1.191 -3.612 2.167
1.484 -3.312 2.167
3.133 -2.567 2.163
3.080 -2.084 2.148
3.252 -1.889 2.146
3.574 -1.462 2.156
2.789 -2.499 2.152
4.113 -0.677 2.171
3.072 1.367 1.898
2.123 3.005 2.042
1.748 3.644 2.161
1.477 3.742 2.164
0.979 3.854 2.167
1.029 4.069 2.175
0.638 4.068 2.167
0.392 4.147 2.175
-1.092 3.729 2.185
-1.375 -2.018 1.141
-1.378 -2.074 1.217
-1.967 -3.298 1.772
-2.011 -4.011 2.043
2.775 -3.920 2.195
5.724 -2.377 2.166
-1.645 -4.580 2.221
1.660 -4.448 2.190
-0.697 -4.851 2.211
-0.458 -4.788 2.215
1.974 4.754 1.835
2.569 -4.820 2.201
1.262 4.829 1.822
-1.659 -0.013 0.586
5.644 -3.939 1.816
5.708 -3.070 1.440
-1.441 2.884 0.532
-1.723 -0.009 0.398
-1.964 -3.283 0.666
4.387 0.646 0.595
2.697 1.406 0.348
2.328 1.437 0.358
-1.278 -2.763 0.262
5.637 -3.826 0.502
-1.077 -2.570 0.060
-1.414 2.984 0.042
5.981 -0.144 0.183
0.110 -3.133 0.502
5.647 -3.286 1.278
5.725 -2.386 1.306
1.339 4.832 0.996
-1.957 -7.068 2.235
5.925 -0.416 2.198
5.945 -0.450 1.924
6.004 0.134 2.052
1.243 4.829 1.956
0.423 4.905 1.726
-2.104 -4.987 2.410
-1.617 -4.635 2.220
-0.814 -4.547 2.208
-0.668 -4.418 2.201
-0.061 -4.962 2.219
1.068 -4.386 2.194
1.536 -4.276 2.195
2.065 -4.024 2.192
2.304 -3.827 2.187
2.514 -3.655 2.177
2.934 -3.228 2.184
2.938 -3.557 2.192
3.837 -0.176 2.152
3.190 -3.334 2.183
4.109 -0.090 2.158
3.776 -1.189 2.154
4.123 0.157 2.159
3.842 -0.945 2.160
4.027 0.431 2.159
4.230 0.904 2.163
3.899 0.939 2.150
4.130 1.198 2.156
1.686 3.510 2.163
1.499 3.802 2.151
0.885 4.109 2.174
0.338 3.979 2.166
2.646 -0.743 2.120
-1.556 -3.266 2.173
2.709 -0.262 2.124
-1.443 2.536 2.261
-1.713 0.456 1.623
0.984 -2.165 2.113
-0.961 -1.610 2.124
2.296 -0.679 2.126
2.342 -0.528 2.129
-2.637 1.047 2.130
-1.379 -2.015 1.754
3.521 -0.503 2.147
3.556 -0.257 2.145
3.542 0.210 2.151
-0.349 3.655 2.179
-1.348 3.440 2.286
-1.343 3.535 2.033
-1.710 -4.051 2.211
-1.408 -4.169 2.211
-0.489 -4.492 2.204
-0.444 -4.708 2.208
0.058 -4.435 2.197
0.443 -4.656 2.203
3.343 -4.122 2.207
3.117 -3.443 2.188
3.732 1.311 1.541
1.675 -4.813 2.203
3.731 -2.732 2.181
5.688 -0.122 2.191
3.949 -2.565 2.177
4.060 -2.287 2.001
1.978 4.767 2.048
-1.828 -0.906 0.836
9.028 1.406 2.233
-1.629 -6.414 2.232
3.585 1.325 1.023
0.013 -10.243 2.001
0.190 -10.262 1.826
5.732 -2.290 1.142
4.333 -0.023 0.653
4.380 1.244 0.755
3.698 1.311 0.653
0.892 -2.611 0.223
-1.392 -2.106 0.038
-1.644 0.825 -0.065
5.485 -5.443 0.247
4.890 1.207 0.923
-2.044 -4.131 1.241
-2.067 -4.427 1.459
5.563 -4.852 2.115
5.659 -3.320 1.684
6.093 1.056 1.879
4.348 1.266 1.313
2.081 2.367 0.906
4.268 -0.303 1.387
1.899 4.786 1.823
0.224 1.672 0.612
0.445 4.885 1.586
-1.450 2.331 0.976
-1.649 1.068 0.748
-1.917 -2.965 1.420
-0.358 -4.969 2.217
-0.080 -5.169 2.223
1.848 -4.783 2.200
2.106 -4.706 2.200
2.711 -4.268 2.198
2.952 -4.028 2.194
3.938 -2.751 2.188
3.949 -2.474 2.185
3.992 -2.987 2.105
3.590 1.337 1.983
2.034 1.871 1.501
2.226 4.272 2.165
2.144 4.047 2.170
0.919 4.224 2.177
0.553 4.660 2.176
-1.147 -3.496 2.174
-1.914 -2.960 1.984
0.997 -3.327 2.166
1.617 -3.049 2.154
1.229 -3.231 2.174
-2.052 1.824 1.968
-1.660 0.462 1.244
1.960 -1.872 2.124
-1.730 1.414 2.030
-0.801 -1.786 2.124
1.754 0.152 2.124
-1.775 -1.444 2.331
-0.983 -1.533 2.124
-0.818 -1.635 2.124
-0.626 -1.788 2.124
0.219 -1.920 2.125
-1.673 -0.645 1.881
-0.449 -2.177 2.123
2.083 -0.860 2.128
1.962 -0.823 2.127
3.030 1.200 2.127
2.941 0.871 2.126
0.369 3.423 2.179
0.048 3.341 2.160
0.155 3.515 2.170
-1.425 2.793 2.030
-0.642 3.160 2.173
-1.064 3.050 2.177
-1.376 3.235 2.304
-1.570 1.166 1.393
-3.669 1.469 2.149
-1.638 -3.607 2.175
-0.009 -4.345 2.201
0.491 -4.224 2.189
3.145 -3.582 2.190
3.669 -3.127 2.191
4.034 -2.162 2.180
4.078 -0.368 2.157
1.463 4.643 2.189
2.242 4.163 2.078
1.826 -5.858 2.207
3.626 1.332 1.264
2.154 3.377 1.221
1.204 -10.647 2.103
5.964 -0.293 2.036
5.466 -5.680 1.601
-1.612 0.535 0.613
-1.615 0.374 0.537
6.039 0.506 1.905
5.588 -4.418 1.384
3.795 -5.027 2.225
-1.361 -1.908 0.603
0.983 -6.775 2.183
5.744 -2.289 1.343
4.180 1.280 1.301
1.505 -5.936 2.203
5.927 -2.190 1.040
-1.737 1.765 0.327
-1.361 2.383 0.052
-1.665 0.712 -0.076
0.949 -2.731 0.152
-1.371 2.316 0.152
0.699 -2.803 0.388
4.309 -0.184 0.575
12.095 0.807 1.778
-1.395 2.777 0.516
-1.210 1.775 0.377
6.001 -0.116 1.270
4.876 1.222 1.349
4.458 1.225 0.997
0.632 1.625 0.632
-1.229 -5.784 2.230
-0.615 -6.132 2.237
-2.126 -5.160 1.816
1.457 -5.737 2.208
1.769 -5.749 2.204
3.210 -4.786 2.210
6.056 0.948 2.187
2.382 1.430 1.242
4.039 1.305 2.011
4.271 1.275 1.636
1.893 4.537 2.187
0.668 4.642 2.185
-1.505 2.495 1.394
1.940 -3.328 2.170
0.675 -3.984 2.186
3.131 0.551 2.130
1.888 1.527 1.686
0.960 3.483 2.170
0.965 -3.922 2.184
3.081 0.740 2.124
-1.369 3.292 2.331
2.876 -2.274 2.151
3.080 1.346 2.127
2.860 1.282 2.130
1.835 -3.349 2.172
-1.971 -3.420 1.948
2.067 -3.159 2.172
3.257 0.134 2.134
-0.024 -3.923 2.186
1.876 -3.369 2.175
-1.374 -2.031 2.118
-1.398 1.426 2.257
-1.630 -0.714 2.321
1.602 -1.334 2.128
2.747 0.094 2.129
-2.896 0.822 2.137
-1.950 -3.322 2.328
-3.323 -0.353 2.138
1.744 -3.633 2.176
3.640 0.427 2.148
3.796 -1.303 2.156
2.812 -3.118 2.176
1.220 -3.806 2.178
1.475 -3.680 2.175
3.781 -0.510 2.150
3.548 -0.518 2.145
3.071 -2.058 2.147
-0.731 -5.130 2.216
0.225 -5.233 2.219
1.467 -4.820 2.198
2.050 -4.593 2.197
2.336 -4.434 2.195
3.895 -4.344 1.986
3.886 -4.163 2.105
2.578 -4.319 2.197
5.723 -2.337 2.181
6.203 -1.146 2.207
4.981 1.204 1.780
4.120 1.286 1.490
3.433 1.344 1.320
0.435 4.871 1.614
-1.407 3.130 1.220
-1.399 3.190 1.162
-1.432 2.720 0.979
3.705 -6.067 1.414
5.693 -3.085 1.339
5.989 -0.015 1.188
12.107 0.910 2.022
0.727 4.590 0.914
0.844 4.818 0.834
-1.572 1.188 0.360
-1.996 -3.414 0.583
5.712 -3.071 0.566
4.270 -0.564 0.507
4.353 1.257 0.469
3.625 1.320 0.401
3.102 1.374 0.339
1.257 4.544 0.342
-1.562 1.141 0.248
-1.041 -2.698 0.189
-0.306 1.771 0.002
-1.666 0.476 0.110
0.698 -2.782 0.288
1.424 -1.079 0.176
5.721 -2.615 0.425
5.969 1.131 0.228
4.253 1.263 0.499
3.799 1.316 0.177
3.178 1.371 0.184
2.733 1.410 0.179
5.696 -3.135 1.282
5.756 -2.182 1.311
4.239 -0.304 1.048
2.932 1.374 0.782
4.025 1.288 1.360
-1.183 -6.369 2.234
2.623 -3.282 2.182
3.840 -1.750 2.168
-2.904 -1.265 2.150
-1.570 -4.461 2.218
-1.589 1.764 1.060
2.996 -2.913 2.169
-1.346 3.453 2.175
0.693 3.525 2.171
5.979 0.551 2.191
4.090 -0.949 2.170
1.935 4.770 2.018
-0.759 -4.739 2.207
1.720 -4.045 2.185
5.722 -2.623 2.079
-1.566 -3.087 2.166
1.547 4.807 1.872
1.578 4.808 1.938
3.869 -4.489 2.008
0.956 -6.435 2.204
5.744 -2.168 2.041
5.968 -1.962 2.208
3.453 -2.477 2.174
-0.285 -4.560 2.210
1.771 -3.961 2.185
2.214 -3.686 2.186
-1.371 -1.975 1.947
2.902 -0.824 2.124
2.738 0.115 2.124
2.656 -1.403 2.124
1.897 1.473 2.064
-0.457 -1.743 2.123
-1.729 -1.070 2.326
2.962 0.147 2.120
1.908 1.473 1.918
1.939 2.121 2.148
1.753 -3.298 2.171
-3.042 -0.032 2.155
-2.674 0.798 2.134
-2.759 0.470 2.128
2.540 -2.156 2.133
2.888 1.375 1.964
1.521 3.519 2.157
0.639 3.956 2.171
-0.873 3.614 2.183
-1.357 3.566 2.271
-1.974 -3.412 1.878
-2.038 -4.203 2.271
-0.873 -4.863 2.220
0.217 -5.159 2.215
3.878 -4.140 2.197
2.434 -4.856 2.199
3.503 -3.433 2.188
3.746 -2.704 2.179
5.669 -0.144 2.193
2.962 1.369 1.355
0.894 -7.906 2.235
5.676 -3.417 1.838
-1.493 1.774 0.524
0.481 1.639 0.281
-1.371 -1.995 0.117
-0.552 -2.558 0.062
0.591 -7.908 2.244
3.703 -6.365 2.120
3.654 -6.869 2.175
3.744 -6.001 2.020
5.598 -4.312 2.136
0.568 4.888 1.779
0.957 1.599 0.743
2.232 4.739 1.798
1.853 4.771 1.750
-1.828 -0.897 0.894
-1.526 -1.477 0.825
-2.021 -4.091 2.140
0.780 -4.989 2.222
1.389 -4.906 2.203
-0.644 -4.707 2.206
2.575 -4.100 2.194
2.862 -3.912 2.197
1.172 -3.184 2.169
4.097 -1.264 2.169
0.880 4.028 2.176
-1.771 -0.991 1.389
0.589 4.247 2.179
0.646 4.082 2.176
3.635 1.323 2.121
3.672 -2.646 2.183
3.986 -3.041 2.180
2.149 3.335 1.960
2.123 3.363 2.157
-1.305 -3.561 2.184
-1.658 -1.126 2.303
-1.625 -0.095 2.213
-1.662 -1.480 2.284
-1.675 -0.680 1.870
0.778 1.574 1.935
-1.622 -0.142 1.888
1.923 -1.306 2.127
1.995 -1.136 2.130
-1.512 -2.303 2.098
0.385 3.427 2.183
0.110 3.420 2.165
-0.848 3.675 2.185
-1.360 3.425 2.319
-3.426 -1.225 2.163
-1.910 -3.937 2.363
-0.503 -3.979 2.181
-0.663 -4.258 2.196
0.279 -3.984 2.177
0.433 -4.243 2.193
0.898 -4.499 2.204
2.414 -3.211 2.173
2.733 -2.854 2.167
2.206 -3.600 2.181
2.071 2.367 1.445
2.247 4.307 2.083
1.348 4.822 2.142
2.232 4.051 1.976
-1.940 -3.148 1.420
-1.021 -6.086 2.234
3.931 -3.856 2.000
2.031 1.896 0.850
0.185 1.674 0.490
-2.001 -3.495 0.944
5.342 -6.884 1.878
5.539 -4.855 1.579
5.543 -4.490 1.331
5.652 -3.730 1.431
1.950 4.785 0.691
-1.369 2.672 0.399
-1.373 2.700 0.364
-1.645 1.079 0.414
-1.692 -1.463 0.281
-1.359 -1.807 0.308
-1.379 3.460 0.256
5.647 -3.718 0.264
-1.306 -1.500 0.114
-1.179 -2.676 0.227
-0.467 -2.906 0.220
0.241 1.671 0.327
-1.749 -1.154 0.450
1.900 -9.718 2.242
4.225 -0.286 1.287
2.079 2.361 1.035
6.082 1.031 1.692
2.236 4.760 1.653
1.126 4.821 1.558
-1.867 -1.088 0.838
-2.023 -4.008 1.509
-2.048 -4.348 1.743
0.892 -5.967 2.218
2.389 -5.004 2.196
1.046 -5.379 2.221
1.697 -5.419 2.199
3.481 -4.141 2.196
4.075 -2.052 1.972
5.782 0.385 2.187
4.337 0.474 1.780
4.326 0.616 1.935
4.226 -0.412 1.942
1.603 4.804 2.078
2.092 2.952 1.591
2.126 2.980 1.681
1.535 4.184 2.176
2.129 3.015 1.785
0.969 4.416 2.179
0.601 4.633 2.185
-0.183 -4.037 2.188
-1.729 -0.262 1.019
0.923 -3.722 2.174
2.762 -2.473 2.153
2.169 -2.931 2.161
2.323 -2.740 2.155
3.598 0.298 2.145
3.071 1.268 2.130
2.993 1.375 2.017
-1.075 3.022 2.178
2.469 0.099 2.126
-1.683 0.581 1.672
-1.559 1.160 1.734
1.349 -1.038 2.125
1.385 -1.015 2.126
-0.950 1.593 2.125
-1.575 0.918 2.271
2.522 0.403 2.125
0.935 -2.416 2.125
-1.315 1.778 1.484
2.961 0.741 2.127
2.810 0.670 2.130
-1.121 3.120 2.180
-3.043 -0.011 2.139
-0.817 -3.583 2.177
2.845 -2.226 2.150
3.862 -2.384 2.181
2.389 1.425 1.495
1.259 4.476 2.179
0.688 4.474 2.190
-1.374 3.330 1.680
0.947 4.600 2.183
0.582 4.697 2.179
1.889 4.026 2.165
-1.951 -3.198 1.565
-2.063 -4.496 2.048
-2.138 -5.622 2.439
0.260 -5.576 2.223
-1.606 -5.211 2.224
1.854 -6.094 2.205
1.404 -6.181 2.213
5.637 -2.306 2.206
5.780 -1.912 2.205
5.609 -1.471 2.197
5.318 1.178 1.839
3.620 1.325 1.328
2.279 4.554 1.527
-2.056 -4.289 1.230
-2.149 -5.165 1.469
-2.264 -6.634 1.793
2.355 -8.387 2.243
5.468 -5.712 1.820
5.618 -4.231 1.756
5.651 -3.754 1.699
1.340 4.826 0.892
-1.477 -1.480 0.331
0.493 -2.675 0.349
2.308 1.439 0.238
5.556 -4.791 1.651
12.102 0.860 2.128
-1.439 2.364 0.814
1.614 -5.984 2.198
3.774 -4.854 2.219
3.376 1.346 1.290
2.403 1.422 1.117
2.281 4.725 1.919
2.276 4.661 2.162
1.318 4.831 2.190
0.714 4.715 1.820
0.519 -4.307 2.199
1.548 -3.761 2.174
0.547 -4.152 2.188
1.786 -3.646 2.174
2.235 -3.325 2.175
3.394 -2.426 2.165
3.372 -1.893 2.154
3.945 -0.098 2.160
3.848 0.706 2.152
3.478 1.339 1.968
2.121 3.008 1.982
2.816 0.344 2.120
0.005 3.422 2.171
3.006 0.468 2.119
-3.123 1.197 2.142
-1.619 1.800 1.574
-3.171 0.959 2.142
1.164 3.283 2.159
-0.817 3.419 2.177
-1.832 -0.690 1.642
2.674 0.352 2.128
2.714 0.826 2.128
-3.024 0.847 2.143
-3.123 0.453 2.145
-2.876 -0.865 2.149
3.469 -1.655 2.151
3.839 -1.574 2.161
3.861 -0.644 2.156
3.732 1.317 2.059
1.349 3.778 2.166
1.489 3.687 2.163
2.075 2.502 1.798
0.412 4.228 2.180
-1.995 -3.887 1.981
-0.085 -4.818 2.212
1.764 -5.368 2.195
2.271 -4.209 2.188
2.537 -4.054 2.194
1.126 -4.636 2.194
0.931 -5.484 2.219
3.950 -3.530 2.086
2.797 -3.889 2.193
3.980 -3.247 1.846
3.585 -4.234 2.203
6.045 -2.009 2.204
6.011 0.637 2.198
0.777 4.870 1.658
-11.270 6.253 3.516
-2.142 -5.478 1.744
-1.395 -7.413 2.225
0.609 -7.438 2.240
2.825 -8.436 2.242
5.554 -4.759 2.120
5.542 -4.906 1.476
5.964 -0.415 1.159
0.556 4.830 0.913
5.443 -5.898 1.322
-1.833 1.810 0.323
4.308 1.267 0.625
-1.372 -2.012 0.221
-0.458 -2.981 0.302
0.962 -2.571 0.271
5.732 -2.560 0.347
4.224 1.283 0.382
-2.105 -4.818 0.807
0.929 4.870 0.993
-1.917 -2.952 1.111
3.871 -4.422 1.904
6.059 -0.738 2.201
1.215 4.833 1.964
-2.074 -4.684 2.126
-2.055 -4.604 2.366
-1.728 -4.966 2.229
-1.410 -4.990 2.221
-1.197 -4.765 2.213
0.693 -4.822 2.210
-0.431 -4.622 2.208
-0.212 -4.807 2.207
-0.340 -4.474 2.209
0.364 -4.911 2.210
0.173 -4.624 2.207
2.937 -3.183 2.181
3.093 -2.962 2.170
3.360 -2.767 2.171
3.441 -3.098 2.186
3.963 -1.444 2.167
4.142 -1.437 2.128
4.048 -1.221 2.168
1.196 4.093 2.172
3.912 1.307 1.897
1.476 4.072 2.171
-3.353 1.471 2.152
3.144 0.892 2.117
-1.783 -1.485 2.180
1.992 3.064 2.153
-1.080 -4.275 2.213
-1.032 -4.311 2.205
-0.688 -4.658 2.212
0.393 -4.472 2.199
1.852 -4.151 2.190
3.746 -3.863 2.201
2.030 -4.721 2.197
2.765 -4.427 2.202
4.177 -0.945 1.953
3.295 -3.767 2.201
4.030 -1.777 2.175
4.127 -1.533 2.015
3.657 1.327 1.482
4.373 1.247 1.737
-0.534 1.824 0.732
-2.041 -4.358 1.586
0.527 -6.494 2.218
3.749 -5.817 1.753
-2.149 -5.517 1.930
5.643 -3.958 1.860
-1.928 -3.097 1.237
0.709 -10.600 1.515
3.586 1.320 0.604
-1.391 2.248 0.192
5.984 -0.054 0.176
-2.046 -3.907 0.560
4.347 0.072 0.673
12.161 1.505 1.876
5.952 -0.539 1.003
-1.997 -3.539 1.098
5.530 -5.112 2.075
3.698 -6.326 1.958
5.521 -5.238 2.121
4.230 -0.290 1.191
2.172 3.327 1.276
-1.622 0.528 0.714
-1.827 -1.076 0.923
-1.641 -5.330 2.215
-0.639 -4.972 2.218
0.106 -5.675 2.225
-0.017 -5.074 2.217
1.244 -4.998 2.209
3.650 -3.278 2.189
3.734 -3.645 2.199
1.171 4.138 2.170
1.972 4.540 2.183
-0.001 3.165 2.167
-1.391 3.034 2.331
-1.770 0.248 1.522
0.962 -2.452 2.124
-1.772 -1.486 2.224
-0.978 -1.692 2.123
0.713 -1.647 2.124
-0.523 1.624 2.123
0.808 1.573 1.922
0.173 1.624 1.788
-2.253 1.851 1.897
-1.368 -3.731 2.181
1.118 -4.088 2.183
3.460 -2.853 2.187
3.735 1.317 1.928
-0.544 -4.129 2.183
2.163 -3.199 2.170
0.037 -4.255 2.188
3.827 -1.724 2.160
0.371 -4.298 2.198
2.771 -3.441 2.190
1.016 4.625 2.182
2.714 -5.097 2.202
5.995 0.113 2.030
3.461 -5.185 2.209
-2.064 -4.518 1.904
6.048 0.492 2.072
6.069 0.989 1.974
0.836 -6.362 2.227
1.096 -5.951 2.223
6.034 -1.525 2.223
4.377 1.255 1.483
1.770 -6.252 2.191
1.920 -5.801 2.199
-1.663 -6.078 2.231
-1.206 -6.228 2.225
0.290 -10.246 2.233
1.383 4.824 0.763
-0.580 -3.281 0.463
3.509 1.342 0.085
-1.372 2.276 0.181
0.153 -2.293 0.127
-1.355 2.632 0.155
0.212 -3.268 0.423
0.711 -2.794 0.361
0.921 -2.653 0.423
5.751 -2.189 0.512
12.149 1.189 1.166
0.307 -9.510 2.246
5.942 -0.497 1.272
-1.458 2.369 0.829
-1.621 0.438 0.615
1.473 -5.993 2.204
3.708 -4.324 2.212
3.916 -3.875 2.106
6.048 1.019 2.193
5.086 1.222 1.890
1.894 4.785 2.020
1.272 4.809 2.189
-1.957 -3.241 2.205
1.497 -3.604 2.171
2.473 -3.089 2.163
1.554 2.946 2.160
-1.353 3.401 2.390
2.569 0.201 2.126
-2.108 1.831 1.851
-2.012 1.825 2.088
-1.922 -3.296 2.331
2.604 -3.226 2.176
3.457 -2.015 2.156
3.196 -1.843 2.145
3.795 -0.451 2.148
3.846 0.364 2.163
3.804 0.848 2.148
3.966 1.247 2.163
2.117 2.997 1.955
1.638 3.877 2.171
-1.382 3.259 1.681
-1.981 -3.412 1.677
-2.019 -3.941 1.933
-2.107 -4.914 2.304
-1.356 -5.280 2.225
2.125 -4.602 2.204
2.385 -4.427 2.200
1.487 -4.807 2.206
2.658 -4.300 2.197
1.825 -4.709 2.197
3.564 -5.178 2.218
5.720 -2.406 2.010
3.919 1.307 1.354
2.442 1.425 0.989
-1.442 -8.266 2.234
4.343 1.272 0.919
1.920 1.475 0.585
0.139 1.788 0.455
0.551 4.903 0.808
-1.444 -1.486 0.375
4.229 -1.055 0.657
4.274 -0.462 0.623
-3.296 0.672 0.080
-1.788 -1.346 0.116
-1.714 -2.646 0.214
0.392 -2.792 0.077
3.968 1.291 0.118
0.953 -1.011 0.198
4.048 -2.161 0.346
4.113 -1.340 0.258
2.695 1.409 0.196
3.734 1.320 0.192
4.224 1.273 0.867
-1.534 -1.477 0.699
-2.003 -3.679 1.507
-2.151 -5.389 1.592
3.038 -6.163 2.225
2.686 -6.088 2.206
3.790 -5.469 2.207
3.828 -4.974 2.116
3.878 -4.351 1.958
3.849 -4.696 1.947
5.679 -3.539 2.214
6.735 -2.263 2.181
1.842 4.772 1.868
0.836 4.681 1.954
-1.971 -3.416 1.791
-2.025 -4.055 2.084
-2.023 -4.835 2.443
-1.026 -4.814 2.208
0.310 -4.702 2.209
0.098 -4.394 2.192
1.247 -4.224 2.191
1.999 -3.902 2.190
3.065 -2.902 2.175
3.224 -2.649 2.164
2.427 -3.491 2.184
4.015 -1.446 2.162
3.698 -0.689 2.153
3.020 -0.134 2.122
0.409 3.681 2.169
1.870 -2.224 2.120
3.896 0.162 2.156
3.602 0.504 2.142
1.464 3.660 2.166
2.751 -0.594 2.125
1.196 3.966 2.170
1.075 -2.093 2.191
-1.622 -0.943 2.280
2.476 0.054 2.129
-3.215 -0.427 2.153
2.841 -2.499 2.157
3.358 -0.565 2.141
0.964 3.639 2.160
0.882 3.823 2.169
-1.251 4.058 2.403
-1.350 3.516 2.228
-0.830 3.559 2.179
-1.834 -0.901 1.053
-1.975 -3.528 1.981
-1.698 -4.212 2.215
2.129 -4.184 2.191
1.152 -4.732 2.196
1.573 -4.386 2.192
3.377 -3.884 2.194
3.234 -3.545 2.189
3.957 -3.455 2.178
3.715 -3.077 2.193
4.050 -2.368 1.811
5.916 0.808 2.185
4.268 1.294 1.942
-2.140 -5.419 1.831
5.535 -4.941 2.163
5.663 -3.648 1.481
5.708 -3.095 1.442
1.573 1.561 0.593
5.688 -2.698 1.096
5.748 -2.692 0.570
3.095 1.369 0.435
-1.022 0.344 0.079
-0.739 -2.539 0.272
1.169 4.808 0.442
-1.422 3.039 0.292
-1.921 -2.931 1.015
-2.010 -3.755 1.307
-2.140 -5.238 1.621
3.590 -7.364 2.219
2.686 -8.080 2.239
5.675 -3.433 1.885
5.670 -3.230 1.731
6.043 0.429 2.046
2.214 4.745 1.748
2.111 2.797 1.018
-1.256 -4.661 2.214
-0.677 -5.481 2.222
-1.670 0.107 0.778
-0.565 -5.257 2.219
-1.983 -3.540 1.661
0.142 -5.203 2.213
2.607 -4.077 2.194
3.820 -3.285 2.195
3.867 -2.353 2.183
0.789 -5.254 2.224
4.028 -2.662 2.097
4.223 -0.139 2.170
4.083 -1.960 1.973
2.929 1.372 1.574
2.076 2.460 1.699
2.079 3.947 2.169
1.520 4.163 2.172
-1.526 -3.497 2.189
2.834 -0.704 2.122
-1.425 2.699 2.228
2.225 -1.474 2.122
1.526 -0.947 2.126
-1.671 0.272 1.581
2.480 0.243 2.125
-1.371 2.743 2.383
3.149 0.973 2.130
2.870 0.723 2.131
2.877 1.258 2.130
-0.615 3.609 2.177
-0.862 3.280 2.179
0.429 3.303 2.178
-1.432 2.839 2.028
-0.334 3.504 2.171
1.231 -3.698 2.175
1.974 -3.446 2.175
2.162 -3.285 2.177
2.361 -3.138 2.172
2.242 4.363 2.168
1.999 4.583 2.184
1.665 4.781 2.189
0.665 -6.178 2.229
5.587 -4.532 2.196
5.723 -2.311 2.139
6.033 0.459 2.005
-0.295 -10.203 2.008
-0.925 1.772 0.618
5.487 -5.401 1.715
4.232 -0.298 0.793
-1.240 1.708 0.262
-1.653 -1.458 0.292
-1.357 2.677 0.229
-1.381 1.757 0.166
-1.176 -2.472 0.127
-0.497 1.859 0.003
0.730 -2.678 0.141
0.390 -2.887 0.132
-1.366 2.235 0.215
4.314 -0.169 0.629
5.986 -0.098 0.493
12.088 0.814 1.900
3.443 1.330 0.614
2.303 1.435 0.295
3.636 -6.927 1.894
1.406 -9.503 2.246
5.508 -5.440 1.954
5.550 -4.870 1.870
5.557 -4.690 1.808
4.224 -0.285 1.065
4.042 1.291 1.193
3.841 1.305 1.260
-1.395 3.149 1.081
-2.017 -3.975 1.720
-0.730 -6.281 2.228
3.281 -4.438 2.206
3.528 1.336 1.457
2.130 3.054 1.823
-1.680 0.483 0.917
-1.369 -4.060 2.204
2.238 -3.000 2.162
3.091 -2.355 2.158
3.285 -1.645 2.140
0.751 1.622 1.271
0.449 3.335 2.172
0.241 3.261 2.159
-1.991 1.825 1.888
0.810 2.216 2.142
-1.762 -0.743 1.602
1.967 1.693 1.791
-3.263 0.795 2.147
-3.026 0.656 2.132
-3.148 0.233 2.143
0.967 -3.975 2.189
1.043 -3.768 2.178
3.163 -3.029 2.179
2.400 -3.552 2.183
2.960 1.381 1.663
1.782 3.966 2.173
0.642 4.406 2.180
-1.941 -3.161 1.565
-2.114 -5.116 2.213
-1.798 -5.190 2.231
1.205 -5.113 2.212
5.711 -2.858 2.206
4.123 -2.000 1.733
6.101 1.076 1.876
-1.691 0.840 0.534
-11.300 5.844 3.713
-2.012 -3.624 1.079
-2.006 -3.744 1.132
-2.138 -5.202 1.500
3.503 -8.503 2.020
5.693 -3.201 1.640
5.766 -2.181 1.003
2.665 1.410 0.600
3.195 -10.841 1.567
1.996 1.475 0.201
-1.180 -2.628 0.181
-1.687 -1.461 0.572
5.767 -2.325 1.482
4.340 1.272 0.839
3.930 1.303 1.068
-11.146 7.484 3.422
-2.134 -5.373 1.714
-2.147 -5.552 2.182
2.034 -6.338 2.207
3.938 -3.824 1.883
6.053 0.615 1.993
1.270 4.823 2.137
-1.334 3.557 1.661
1.599 -3.892 2.181
2.139 -3.538 2.183
3.193 -2.089 2.153
3.296 -2.391 2.160
4.142 0.976 2.150
2.115 3.055 2.002
-0.027 3.445 2.165
-0.675 3.527 2.172
0.361 3.832 2.174
-0.598 3.506 2.174
0.933 1.637 1.690
-1.550 1.288 1.872
1.508 -1.586 2.127
-0.483 1.729 1.691
-1.365 2.681 2.382
-1.615 1.284 1.492
-2.727 1.422 2.141
3.092 -2.038 2.143
3.650 -1.767 2.151
3.782 -1.430 2.158
3.844 -0.121 2.155
2.118 3.301 2.159
1.809 3.573 2.164
0.948 3.868 2.174
-2.010 -4.872 2.412
-1.561 -4.559 2.213
-1.239 -4.616 2.208
-0.953 -4.629 2.217
-0.908 -4.893 2.221
2.615 -4.682 2.202
3.248 -3.458 2.189
3.980 -3.176 1.874
5.725 -2.292 2.200
3.381 1.343 1.465
1.879 4.779 1.852
-2.014 -3.804 1.301
-1.728 -0.220 0.673
-1.801 -1.490 0.753
1.257 1.571 0.523
4.189 -1.404 0.618
4.192 -1.110 0.577
3.038 1.370 0.471
-0.103 -2.131 0.199
-1.694 1.764 0.100
5.529 -4.816 1.172
12.160 1.602 2.235
0.579 4.882 0.969
-2.048 -4.244 1.464
-1.872 -7.187 2.228
5.464 -4.566 2.230
5.963 0.870 2.190
6.065 0.923 1.887
4.394 1.220 1.709
0.737 4.784 1.821
-1.427 1.771 0.935
-0.278 -5.111 2.210
-1.394 -5.105 2.225
0.159 -4.865 2.217
0.259 -4.552 2.206
0.822 -4.617 2.205
2.389 -3.904 2.185
2.847 -3.450 2.181
3.718 -1.972 2.160
3.747 -1.702 2.152
4.045 -1.442 2.169
4.145 0.259 2.155
2.989 1.373 1.644
3.780 0.584 2.146
2.148 3.363 2.137
2.021 3.711 2.169
-1.692 -1.476 2.018
-1.633 0.510 2.295
-1.813 -0.408 1.631
-1.437 2.574 2.279
-1.668 1.317 1.851
0.740 3.507 2.181
0.466 3.639 2.181
-1.119 3.292 2.188
-1.326 -4.090 2.198
-1.056 -4.177 2.196
-1.561 -4.214 2.215
3.561 -3.431 2.198
5.401 -6.098 2.066
5.582 -4.500 1.941
5.676 -3.418 1.776
5.960 -0.300 1.827
-0.948 1.761 0.494
-1.660 -0.073 0.500
4.302 0.041 0.675
-1.623 0.609 0.041
12.102 0.744 1.851
4.122 1.284 0.613
1.063 4.859 1.007
-2.143 -5.375 1.567
0.827 -8.169 2.238
3.783 -5.424 1.813
5.405 -5.988 2.197
5.467 -5.844 2.174
5.526 -5.212 2.055
5.532 -5.062 2.017
1.993 1.490 0.781
-1.775 -1.340 1.001
-0.924 -5.478 2.217
-0.478 -5.479 2.224
-0.130 -5.502 2.223
0.970 -5.321 2.217
2.539 -4.459 2.199
3.302 -3.833 2.199
3.760 -3.290 2.192
3.821 -2.982 2.190
3.553 -3.596 2.199
4.084 -2.102 2.152
4.030 1.296 2.134
2.981 1.374 1.405
1.919 4.595 2.183
-1.397 -3.283 2.168
-0.326 -3.682 2.171
-0.216 -3.790 2.180
2.151 -2.923 2.155
3.275 -1.173 2.136
-1.665 0.580 1.325
-1.682 -1.480 1.618
3.257 0.919 2.126
0.519 3.317 2.176
1.618 -4.159 2.186
2.221 -3.946 2.188
2.937 -3.128 2.178
4.051 0.177 2.154
2.178 4.208 2.178
1.588 4.617 2.185
0.964 4.555 2.183
5.643 -3.852 2.215
4.023 -2.582 1.848
5.915 -1.474 2.213
5.692 -3.333 2.086
5.712 -2.860 2.068
6.014 0.210 1.828
6.008 0.132 1.989
4.096 1.277 1.333
4.197 1.278 1.432
6.040 0.587 1.859
3.463 1.336 1.163
6.032 0.559 2.090
-0.650 1.826 0.534
-2.019 -3.659 1.044
5.666 -3.638 1.582
-2.074 -4.419 1.187
5.734 -2.318 1.408
5.551 -4.723 1.733
3.621 1.320 0.745
3.667 1.322 0.805
0.973 4.870 0.856
1.059 -2.367 0.199
-1.361 2.680 0.279
-1.380 -2.085 0.129
-1.411 -2.674 0.193
-1.582 1.214 0.182
4.051 1.281 0.586
4.281 -0.467 0.527
4.319 -0.032 0.691
-1.678 0.428 0.556
12.131 1.753 2.317
1.832 1.560 0.534
5.720 -2.404 1.369
5.500 -5.395 1.726
1.383 1.561 0.522
4.016 1.294 1.086
-1.049 -5.758 2.224
3.991 -3.055 1.957
4.013 -2.734 1.954
3.683 -4.683 2.210
5.702 -2.464 2.150
3.871 1.313 1.588
0.611 4.856 2.195
2.136 3.133 1.570
2.919 1.374 1.521
2.280 4.727 1.927
2.000 -3.377 2.169
0.329 -3.924 2.182
-1.262 -3.868 2.191
-1.436 -1.473 0.985
0.849 -3.871 2.188
0.364 3.653 2.172
-1.396 3.163 2.202
-0.708 -4.353 2.198
2.953 -0.578 2.125
-0.996 -1.382 2.123
-0.964 -1.769 2.125
-1.100 -1.265 2.125
-0.978 -1.761 2.124
0.411 -1.772 2.138
1.116 1.593 1.809
2.698 0.346 2.126
-1.351 2.786 2.381
-3.044 -1.236 2.146
0.701 -3.737 2.176
0.986 -3.767 2.180
2.714 -2.744 2.157
3.932 -0.699 2.155
2.027 1.867 1.556
1.770 3.796 2.167
1.143 4.003 2.172
0.647 4.214 2.177
-1.349 -4.889 2.217
0.857 -4.901 2.211
-0.412 -4.964 2.219
5.784 -1.834 2.204
2.292 4.740 1.734
5.725 -2.319 1.642
4.374 1.253 0.998
1.916 1.616 0.555
-1.690 0.582 0.291
5.492 -4.870 0.969
3.529 1.326 0.377
5.723 -2.791 0.417
4.254 -0.329 0.126
-1.115 -3.085 0.310
3.707 1.327 0.142
5.495 -5.400 1.499
4.426 1.239 1.126
0.891 4.869 0.914
0.340 1.675 0.447
-1.925 -2.972 0.928
-1.940 -3.190 1.103
-1.363 -6.960 2.232
3.785 -5.503 2.146
5.719 -2.346 1.897
5.684 -3.487 2.165
5.705 -3.341 2.041
6.015 0.241 1.816
6.051 1.059 2.197
-1.474 2.559 1.189
-1.733 -0.096 0.828
-1.974 -3.441 1.802
-0.158 -4.485 2.196
0.288 -4.771 2.210
2.292 -3.738 2.184
2.868 -3.083 2.179
3.841 -2.000 2.169
3.721 0.308 2.151
4.031 1.197 2.155
2.144 3.227 1.960
-0.070 1.778 1.153
0.594 3.727 2.162
2.762 -1.338 2.124
-0.248 1.677 1.774
-1.422 0.894 2.226
-1.475 -0.876 2.147
2.063 -1.306 2.128
3.296 -1.205 2.139
-0.659 3.551 2.179
-1.670 -4.181 2.216
-1.347 -4.280 2.209
0.605 -4.933 2.210
0.798 -4.690 2.207
1.117 -4.629 2.203
3.463 -4.132 2.202
2.054 -4.749 2.205
5.721 -0.914 2.196
5.730 -0.040 2.187
5.728 0.374 2.186
2.075 2.321 1.315
2.291 4.614 2.022
1.963 4.773 2.045
-1.357 3.540 1.443
-1.417 3.018 1.355
3.888 -4.304 1.903
0.561 1.617 0.499
3.089 -10.840 2.175
3.669 1.318 0.588
0.649 3.329 0.054
-1.614 0.614 -0.054
-1.554 -2.366 0.071
-1.415 1.773 0.019
5.708 -2.598 0.992
4.149 1.273 0.661
-2.070 -4.538 1.476
5.479 -5.586 2.103
5.585 -4.498 1.982
5.604 -4.346 1.894
3.711 -6.234 2.021
5.718 -2.309 1.946
3.797 1.310 1.402
2.233 4.099 1.425
2.236 4.026 1.552
-2.038 -4.308 1.961
-0.001 -4.930 2.214
-1.089 -5.020 2.224
2.107 -4.632 2.202
0.545 -5.068 2.220
0.893 -5.012 2.211
2.400 -4.390 2.195
2.639 -4.198 2.194
3.488 -3.530 2.190
4.287 1.181 2.168
1.507 4.266 2.174
1.160 4.093 2.174
0.581 4.208 2.181
-2.842 1.898 1.866
-1.106 -3.480 2.171
1.218 -3.251 2.173
-2.209 1.853 2.086
-1.679 0.466 1.488
-2.781 0.584 2.147
2.547 -0.928 2.123
0.253 -2.059 2.124
-1.530 1.526 2.281
1.314 3.037 2.156
-0.372 3.605 2.176
-0.664 3.310 2.176
-1.611 -3.669 2.190
0.657 -4.420 2.197
2.155 -3.248 2.175
3.260 -3.121 2.181
3.514 -2.910 2.184
3.953 -2.974 2.193
3.714 -2.664 2.175
3.469 -2.474 2.172
2.133 3.376 1.804
-1.380 -5.752 2.227
2.112 -6.840 2.221
3.826 -5.040 1.839
5.557 -4.681 2.050
5.972 -0.278 1.586
5.974 -0.286 1.739
5.723 -2.406 1.853
6.081 0.925 2.069
-0.274 -10.226 2.048
3.810 -5.204 1.342
5.529 -5.001 1.503
1.885 4.799 0.744
5.742 -2.770 0.573
5.750 -2.468 0.300
-1.398 3.331 0.300
11.888 -1.163 0.244
1.997 1.666 0.067
-1.081 -3.171 0.433
3.378 1.343 0.532
5.981 -0.014 0.992
5.489 -5.395 1.883
5.517 -5.259 1.855
5.627 -3.717 1.734
-1.916 -2.962 0.845
3.980 1.298 1.179
-1.742 -0.479 0.667
-2.131 -5.474 2.371
2.162 -5.286 2.193
2.139 -5.221 2.193
2.445 -5.088 2.202
4.020 -2.640 1.956
3.878 -4.273 2.183
2.025 1.814 1.089
3.900 0.240 2.147
3.732 1.069 2.140
0.424 3.512 2.172
-1.085 3.057 2.181
-0.458 3.197 2.177
1.244 -2.477 2.112
-1.589 -0.737 2.272
-0.514 1.681 2.127
1.061 1.611 1.810
-2.686 0.456 2.126
1.678 2.554 2.137
-3.126 0.213 2.134
-1.611 -3.212 2.182
0.072 -3.736 2.177
0.288 -3.814 2.179
4.380 1.168 2.163
1.782 4.001 2.172
-2.012 -3.858 1.833
-2.023 -4.100 1.878
1.036 -6.032 2.215
-2.037 -4.186 1.921
1.251 -5.693 2.223
2.037 -5.488 2.200
3.752 -5.450 2.224
3.455 -4.451 2.205
4.726 1.236 1.520
5.262 1.181 1.934
1.910 4.778 1.596
5.582 -4.221 1.182
5.730 -2.720 1.606
3.598 1.325 0.816
-1.409 3.259 0.508
-2.013 -3.611 0.593
12.162 1.396 0.965
4.246 -0.640 0.313
5.508 -5.272 1.644
5.660 -3.621 1.541
4.210 -0.320 0.798
-1.619 0.407 0.525
-1.928 -2.984 1.112
-2.070 -4.595 1.911
0.848 -6.388 2.219
1.273 -6.492 2.194
3.488 -5.097 2.212
3.926 -3.727 1.988
5.715 -2.285 2.086
2.154 3.297 1.765
-1.688 -4.090 2.218
-0.951 -4.026 2.202
-0.644 -4.519 2.206
0.022 -4.471 2.200
-0.854 3.407 2.177
1.630 -3.808 2.178
4.092 0.992 2.162
2.944 -2.765 2.163
-0.538 1.739 1.710
-1.592 1.476 1.915
1.010 -2.445 2.134
2.266 1.852 2.117
-3.091 0.424 2.131
1.855 -3.424 2.167
0.885 -3.434 2.162
3.205 -2.445 2.164
3.138 1.360 1.893
1.685 3.669 2.171
1.198 3.817 2.165
0.633 3.893 2.163
0.926 4.061 2.164
-1.276 4.109 2.400
-2.039 -4.257 2.152
-0.320 -4.764 2.212
-0.207 -5.090 2.215
-0.084 -5.356 2.224
0.283 -5.387 2.219
0.754 -4.910 2.213
1.039 -4.856 2.205
1.262 -5.092 2.202
1.718 -4.713 2.198
3.567 -3.250 2.192
2.860 -3.824 2.191
5.433 -3.077 2.208
5.913 -0.500 2.193
4.262 -0.395 1.727
6.000 -0.053 2.030
2.013 1.663 0.989
2.077 2.340 1.219
-2.060 -4.417 1.454
-1.281 -7.289 2.231
2.292 -8.442 2.246
5.683 -3.237 1.714
5.722 -3.043 1.287
3.782 -5.407 1.591
0.677 4.611 0.944
5.553 -4.855 1.932
4.224 -1.068 0.609
4.277 -0.464 0.630
4.324 0.112 0.554
3.013 1.378 0.399
-1.426 3.011 0.366
0.131 1.740 0.263
0.480 1.655 0.463
3.836 -4.878 1.898
5.680 -3.561 2.098
3.810 1.303 1.498
2.964 1.378 1.143
-1.344 -4.627 2.213
-1.071 -4.695 2.209
0.735 -4.927 2.212
1.091 -4.678 2.201
3.668 -3.195 2.185
3.633 -2.535 2.171
3.767 1.322 1.778
2.028 1.842 1.606
-3.225 -0.388 2.135
2.469 1.426 1.963
2.102 -1.049 2.132
2.696 -0.708 2.124
-2.788 1.163 2.129
1.421 3.265 2.162
4.123 -1.518 1.974
-1.301 -4.054 2.195
3.668 -3.661 2.196
4.374 1.248 1.957
-0.667 -4.292 2.200
3.789 1.316 1.870
-1.981 -3.588 2.120
2.537 -5.740 2.206
5.963 -0.290 1.439
-0.227 -6.374 2.224
6.040 0.488 1.862
6.098 1.061 1.514
1.380 -6.909 2.195
5.504 -5.327 2.023
5.565 -4.713 1.859
-1.646 1.071 0.626
5.435 -5.900 1.669
1.118 -10.645 1.983
5.730 -2.327 1.055
5.744 -2.228 1.223
12.140 1.216 1.765
-1.409 3.104 0.409
-1.622 0.847 0.416
-1.393 3.295 0.130
0.363 1.612 0.167
0.545 -2.953 0.449
4.438 1.219 0.881
5.603 -4.220 1.897
5.641 -3.715 1.631
5.667 -3.345 1.698
5.720 -2.411 1.579
5.959 -0.285 1.784
-1.568 1.151 0.740
-2.062 -4.500 1.854
0.630 -5.391 2.221
3.742 -3.395 2.196
1.840 4.451 2.183
1.203 4.642 2.185
1.220 4.397 2.179
0.845 4.455 2.180
-0.068 -3.649 2.165
3.495 -1.381 2.149
1.844 2.570 2.152
0.325 3.019 2.156
1.372 1.524 1.895
-1.116 -1.927 2.124
2.918 0.279 2.126
0.104 -4.086 2.189
0.557 -3.931 2.180
-1.112 2.980 2.182
1.024 -4.171 2.187
-3.092 0.179 2.135
1.324 -4.113 2.190
1.899 -3.666 2.179
3.293 -2.647 2.168
4.001 -1.710 2.173
0.922 4.436 2.172
2.116 2.961 1.775
2.891 -4.660 2.197
3.846 -4.891 1.971
3.920 -3.900 2.051
-1.376 -2.001 0.666
-1.944 -3.161 0.965
-2.043 -3.947 1.036
-2.521 -9.740 2.444
3.555 1.327 0.655
3.041 1.374 0.640
5.693 -3.151 1.547
5.703 -3.127 0.977
-1.362 3.566 0.731
-1.828 1.808 0.574
-2.016 -3.586 0.568
5.502 -5.375 0.291
5.732 -2.413 0.376
2.533 1.432 0.163
-1.372 2.759 0.261
-1.632 0.801 -0.016
5.749 -2.764 0.321
-1.354 2.204 0.158
0.346 -2.956 0.370
12.165 1.262 0.988
2.602 1.419 0.248
-1.766 -1.238 0.487
5.614 -4.185 1.665
5.690 -2.553 1.471
-1.426 2.683 0.906
-2.014 -3.820 1.446
-0.252 -5.887 2.230
2.718 -5.566 2.208
0.854 -6.036 2.221
1.269 -5.940 2.215
3.856 -4.421 2.216
4.291 0.125 1.766
6.040 -2.040 2.209
5.811 0.822 2.185
2.146 3.222 1.739
-1.776 -1.270 1.229
-1.256 -3.910 2.198
2.742 -2.946 2.163
1.315 -3.795 2.174
-3.195 0.278 2.138
1.548 -3.639 2.172
1.791 -3.562 2.173
-0.186 -3.992 2.180
-0.197 3.585 2.169
-1.728 -3.723 2.225
-3.145 -0.393 2.125
2.216 -3.274 2.176
0.104 -3.885 2.180
2.091 -3.451 2.178
-0.718 3.456 2.174
0.926 1.581 1.757
-1.525 1.662 2.024
-1.789 -0.175 1.519
1.448 1.528 1.975
1.624 -1.307 2.127
-1.436 2.506 2.239
-1.224 1.797 1.727
1.003 -3.721 2.179
1.300 -3.638 2.177
1.800 3.732 2.171
-1.477 2.768 1.492
-3.658 1.987 1.827
-0.930 -4.928 2.218
-0.899 -5.310 2.224
-2.044 -4.360 2.116
-0.533 -5.460 2.221
0.239 -4.950 2.214
1.258 -5.346 2.219
1.433 -5.598 2.206
1.719 -4.884 2.198
1.859 -5.480 2.195
2.112 -4.440 2.190
3.953 -3.523 1.997
2.724 -5.330 2.209
3.060 -4.747 2.205
2.885 -4.008 2.199
3.845 -4.759 2.125
-0.361 -7.783 2.234
5.677 -3.450 1.465
1.025 4.856 0.996
4.264 -0.481 0.505
4.315 -0.176 0.511
-1.569 0.827 0.016
-1.164 -2.489 0.135
-1.395 -2.782 0.295
1.539 -1.083 0.228
5.702 -2.573 1.233
12.193 1.881 1.747
-1.177 -3.195 0.503
3.766 -5.619 2.136
5.905 0.051 2.189
6.021 0.273 2.090
6.044 0.637 2.166
2.234 4.091 1.514
2.227 4.032 1.605
1.874 4.785 1.987
0.423 4.736 1.811
-1.973 -3.492 1.781
-0.040 -4.391 2.204
0.245 -4.444 2.204
2.748 -3.644 2.188
1.897 -4.093 2.187
0.856 4.076 2.172
-3.194 -1.438 2.151
0.154 1.661 1.423
-1.630 0.500 1.998
-1.619 0.569 1.872
-1.292 1.159 2.125
-1.278 0.930 2.123
-1.576 1.159 2.182
-0.964 -1.780 2.124
-1.624 -0.865 2.308
-1.695 1.740 2.025
-3.107 0.157 2.141
-2.889 -0.693 2.137
3.096 0.738 2.127
1.046 3.498 2.167
-0.628 3.493 2.178
-1.556 -1.477 1.166
-1.613 -4.240 2.217
-0.267 -4.300 2.194
-0.460 -4.555 2.205
-2.032 -4.305 2.407
-0.419 -4.724 2.207
-2.024 -4.401 2.418
0.216 -4.668 2.210
0.321 -4.850 2.210
1.126 -4.603 2.202
1.343 -4.869 2.206
1.554 -4.265 2.187
2.403 -4.555 2.198
4.032 -2.660 1.947
3.755 -2.311 2.170
4.081 -2.173 2.143
2.076 2.356 1.351
2.114 2.930 1.517
0.688 4.821 1.786
-2.060 -4.567 1.695
-2.183 -5.805 2.055
0.771 -6.764 2.184
3.401 -5.662 2.219
3.755 -5.726 2.138
2.614 -6.546 2.222
5.569 -4.757 1.790
7.206 -1.315 2.227
5.548 -4.673 1.419
5.593 -4.119 1.352
3.151 -10.833 2.193
4.286 -0.537 0.687
5.981 -0.262 1.047
4.284 1.267 0.695
1.999 1.478 0.366
2.188 4.759 0.608
0.821 4.847 0.444
4.306 -0.497 0.094
-1.456 1.772 0.001
-0.902 -2.742 0.095
-0.585 -2.564 0.210
4.112 -1.118 0.293
3.698 1.321 0.157
5.505 -5.040 1.048
5.541 -4.808 0.940
4.300 0.059 0.653
3.645 -7.074 2.127
-2.070 -4.595 1.481
5.714 -3.054 1.868
5.711 -2.298 1.922
5.722 -2.383 1.689
5.958 -0.310 1.931
3.546 1.335 1.125
3.984 1.289 1.331
2.156 3.396 1.283
-2.018 -4.045 1.679
-1.997 -3.642 1.654
-0.304 -5.006 2.218
0.945 -5.036 2.215
1.594 -4.849 2.198
2.215 -4.587 2.198
2.198 -4.566 2.202
2.240 -4.559 2.199
3.245 -3.791 2.198
3.353 -3.514 2.194
1.804 4.235 2.172
1.550 4.611 2.180
0.921 4.043 2.173
-0.277 -3.475 2.173
-1.337 -3.431 2.173
2.974 -0.084 2.121
3.092 1.107 2.120
-1.384 2.990 2.392
-1.230 1.826 1.701
-1.755 -0.464 1.594
2.392 -1.264 2.125
2.376 -0.913 2.125
2.526 -0.907 2.122
2.080 -1.708 2.124
-1.320 -1.551 2.124
0.778 3.281 2.176
-0.440 3.325 2.179
-0.907 3.114 2.178
-1.254 3.675 2.377
-1.475 1.781 1.565
-1.593 1.227 1.280
-1.976 -3.715 2.355
-0.641 -3.860 2.183
-0.576 -3.878 2.184
-1.961 -3.828 2.389
2.986 -3.264 2.178
3.732 -1.883 2.160
3.435 1.336 1.644
1.849 4.512 2.185
1.570 4.700 2.183
1.703 4.718 2.184
-2.004 -3.829 1.627
-0.368 -6.538 2.222
0.002 -6.306 2.224
0.962 -5.725 2.220
1.517 -5.890 2.209
1.631 -5.503 2.201
3.053 -4.937 2.208
3.552 -5.790 2.222
2.305 -5.698 2.204
2.580 -6.642 2.211
2.649 -6.123 2.211
5.516 -5.316 2.203
5.472 -3.590 2.223
5.968 -0.260 2.063
6.032 0.568 1.895
-1.402 3.085 0.994
-1.306 -1.517 0.550
-1.936 -3.031 0.922
-2.326 -9.844 2.213
-2.051 -3.964 0.993
0.570 -10.570 2.112
5.528 -4.962 1.520
5.709 -3.133 1.448
1.093 1.606 0.387
-1.388 3.382 0.196
-1.365 3.537 0.706
0.739 3.338 -0.065
0.755 -2.771 0.387
1.938 1.461 0.505
0.696 4.586 0.781
-2.024 -3.813 1.081
5.498 -5.445 1.681
3.804 -5.241 1.491
5.406 -6.376 1.933
-2.116 -5.086 2.046
-1.799 -6.052 2.237
3.136 -4.796 2.210
2.655 -5.089 2.206
3.343 -4.739 2.205
2.129 3.106 1.511
1.196 4.740 2.192
0.387 4.732 1.968
-0.050 1.775 0.925
-1.698 0.177 0.895
-0.419 -4.192 2.193
1.244 -3.672 2.174
1.518 -3.564 2.171
2.062 2.454 1.862
2.078 2.532 2.145
-0.676 3.185 2.175
-1.099 3.136 2.170
-1.318 1.779 1.555
-1.280 1.647 2.151
1.293 -1.107 2.125
-1.418 -2.171 2.116
2.511 -1.801 2.124
2.685 0.678 2.127
-3.103 -0.874 2.152
3.635 -1.184 2.157
-0.639 -3.600 2.176
-0.601 -3.684 2.175
0.903 4.271 2.180
0.616 4.281 2.177
0.711 4.405 2.179
1.549 4.038 2.172
-2.110 -5.054 2.322
-1.699 -4.991 2.224
2.160 -4.633 2.202
2.231 4.127 1.531
-0.187 -5.776 2.222
5.744 -2.265 2.157
3.848 -3.542 2.197
-2.015 -8.095 2.243
-1.948 -3.187 1.053
-2.055 -4.314 1.288
-2.022 -3.856 1.183
3.214 -10.816 2.234
4.229 -0.259 0.852
5.989 -0.322 1.286
1.595 1.553 0.521
-1.410 2.235 0.375
-1.384 -2.705 0.176
-1.643 -2.734 0.072
-1.720 -2.796 0.180
0.942 -2.736 0.098
4.334 -0.014 0.597
4.369 0.571 0.648
-1.757 -1.392 0.351
5.722 -2.436 1.349
5.986 0.004 1.343
1.073 -6.180 2.214
3.881 -4.286 2.097
5.727 -2.283 2.059
3.582 1.338 1.419
-2.088 -4.761 2.331
-0.517 -4.424 2.204
1.252 -4.022 2.189
2.558 -3.143 2.172
3.847 1.124 2.147
-1.375 3.315 2.219
-0.619 3.456 2.173
-1.779 0.289 1.553
2.277 -3.025 2.170
0.916 3.947 2.171
2.129 3.172 2.120
3.360 -2.144 2.162
3.563 -0.027 2.152
1.887 3.408 2.156
1.208 3.697 2.156
-2.043 -4.288 2.255
-0.280 -4.672 2.202
-0.731 -4.991 2.220
-0.888 -4.547 2.207
0.281 -5.253 2.221
2.247 4.031 1.756
-1.427 3.031 1.115
-2.111 -4.855 1.588
1.330 -8.823 2.266
0.646 -6.945 2.200
5.592 -4.496 1.733
5.680 -3.578 1.987
5.733 -2.397 1.511
3.663 1.332 1.065
-1.451 -2.749 0.258
-1.023 -2.822 0.068
5.739 -2.765 0.430
4.235 1.271 0.258
-1.418 3.131 0.335
-1.376 2.574 0.310
6.433 -0.689 2.205
2.167 3.378 1.411
-1.389 -5.241 2.224
-1.974 -3.580 1.938
-0.506 -5.040 2.224
-2.113 -4.975 2.126
-0.133 -5.063 2.223
0.211 -5.024 2.216
3.194 -3.307 2.183
3.350 -3.337 2.188
3.681 -2.254 2.173
3.894 -2.878 2.187
3.853 -2.298 2.168
4.056 -0.914 2.156
4.069 -0.341 2.157
2.137 4.123 2.170
1.885 3.620 2.153
1.078 3.920 2.169
-1.227 -3.470 2.166
3.043 0.776 2.118
-1.684 0.181 1.586
-1.221 2.432 2.190
1.719 -2.541 2.123
0.677 3.583 2.175
-1.682 -3.796 2.202
-1.211 -4.074 2.199
-0.970 -4.098 2.201
-0.892 -4.328 2.208
0.071 -4.577 2.206
2.698 -4.185 2.196
1.081 -3.952 2.188
-1.379 3.432 1.405
-1.839 -6.103 2.229
0.663 -6.238 2.229
0.523 -6.900 2.209
0.930 -6.815 2.184
1.696 -6.418 2.204
3.763 -5.662 1.826
3.831 -5.021 2.062
3.881 -4.388 1.891
6.542 -2.258 1.711
5.420 -5.999 2.081
5.686 -3.351 1.873
0.631 -10.598 1.837
5.692 -2.617 1.242
-1.393 2.185 0.193
4.272 -0.534 0.227
5.991 -0.001 0.133
-1.347 2.447 0.238
5.737 -2.375 1.002
1.378 4.808 0.965
2.591 -9.519 2.252
3.074 1.369 0.856
3.909 1.298 1.241
-0.590 -6.074 2.232
-2.025 -4.123 1.865
-0.434 -5.719 2.233
1.438 -5.107 2.208
0.334 -5.440 2.221
3.440 -3.927 2.198
2.665 -4.657 2.200
0.481 4.693 2.184
0.533 4.496 2.187
-1.382 -2.084 1.348
0.154 -3.891 2.188
-3.032 0.835 2.127
-1.672 -1.059 2.340
1.488 -0.811 2.125
3.040 1.157 2.122
-1.414 2.602 2.040
-0.485 -3.711 2.176
-0.685 -3.857 2.182
-0.269 -3.774 2.176
-0.089 -3.699 2.179
-1.641 -3.280 2.179
0.472 -3.754 2.176
-1.266 -3.489 2.175
0.578 -3.893 2.183
-1.202 -3.571 2.184
2.726 -3.500 2.189
3.058 -3.293 2.183
4.012 -1.643 2.162
4.080 -0.211 2.153
4.115 1.303 2.094
3.397 1.339 1.791
1.866 4.130 2.169
1.273 4.361 2.168
0.533 4.437 2.174
-1.508 -5.376 2.216
-0.778 -5.383 2.224
3.934 -3.831 2.072
1.613 -5.174 2.193
5.587 -4.495 2.210
5.688 -3.395 1.983
2.934 -5.522 2.208
5.981 -0.211 1.771
1.893 4.769 1.605
5.602 -4.281 1.535
5.665 -3.653 1.041
5.687 -3.231 1.385
5.680 -2.647 1.507
5.756 -2.336 1.294
1.858 4.785 0.838
-1.930 -2.940 0.516
-1.373 -1.984 0.156
-1.236 -2.589 0.152
-1.656 -2.741 0.207
-1.303 -3.162 0.420
5.963 0.007 0.352
4.217 -0.978 0.548
4.005 1.295 0.528
3.551 1.340 0.252
1.940 1.460 0.446
3.036 1.385 0.234
1.351 4.832 0.653
5.561 -4.695 1.671
5.618 -4.161 1.577
12.180 1.887 2.128
-2.052 -4.369 1.452
3.873 -4.404 2.143
5.574 -1.712 2.202
4.162 1.282 1.730
3.175 -5.364 2.215
-1.581 1.730 1.096
0.797 4.690 1.988
-0.231 -4.229 2.186
-0.374 -4.023 2.186
0.373 -4.110 2.186
1.863 -3.666 2.178
2.628 -3.216 2.182
2.045 2.164 1.639
2.840 -2.993 2.172
-3.227 0.274 2.141
-1.483 1.779 2.276
2.811 -0.488 2.143
2.801 -2.915 2.169
3.932 -0.035 2.152
3.660 1.331 1.980
0.399 3.998 2.175
-1.636 1.833 1.225
-1.600 1.236 1.259
-1.973 -3.432 1.847
0.406 -5.014 2.220
0.268 -5.454 2.220
2.634 -5.212 2.203
-0.342 -4.811 2.208
1.854 -5.416 2.198
3.353 -4.444 2.199
-1.922 -3.101 1.085
-2.025 -3.906 1.310
5.564 -4.658 2.106
5.555 -4.736 1.512
5.625 -4.082 2.002
5.643 -3.547 1.343
4.149 1.276 0.861
1.085 4.852 0.979
4.281 -0.520 0.547
-1.216 -2.813 0.285
4.237 -0.268 0.325
4.238 -0.108 0.497
5.993 -0.034 0.141
3.639 1.337 0.156
4.951 1.214 0.917
1.349 1.587 0.576
-1.704 -0.312 0.490
3.364 -6.317 2.221
3.858 -4.715 1.922
5.640 -3.961 2.162
5.683 -3.561 2.153
6.083 -1.551 2.215
2.081 2.372 1.124
2.168 3.373 1.381
2.231 4.089 1.584
-0.661 -5.043 2.224
-2.042 -4.207 2.308
-0.614 -4.471 2.200
0.402 -4.891 2.212
0.479 -4.585 2.205
3.072 -3.194 2.180
3.140 -2.962 2.176
3.780 1.302 2.135
0.841 4.185 2.174
0.557 4.018 2.177
-1.257 4.133 2.400
2.872 -0.551 2.124
-1.426 2.637 2.326
-1.361 1.460 2.230
2.371 -1.433 2.125
1.478 -3.127 2.177
-1.573 1.180 1.275
0.358 3.589 2.175
0.436 3.657 2.173
-1.421 2.916 1.832
-1.421 2.899 1.757
-0.190 3.561 2.181
-0.470 3.499 2.180
1.838 -3.791 2.186
2.388 -4.516 2.202
0.680 -4.352 2.197
2.996 -3.869 2.189
3.380 -3.984 2.200
3.226 -3.653 2.192
1.228 -4.233 2.190
3.625 1.330 1.532
1.326 -4.757 2.194
4.175 -0.956 2.077
3.728 -3.177 2.184
0.819 4.673 1.927
0.668 4.706 1.812
-1.223 1.793 0.973
-2.064 -4.474 1.691
-2.017 -3.888 1.483
3.756 -5.740 1.816
5.465 -5.797 2.210
5.497 -5.375 1.940
4.225 1.268 1.266
4.364 1.263 1.343
5.638 -3.942 1.904
5.953 -0.301 1.575
5.729 -2.339 1.830
-1.784 -1.345 0.587
5.508 -5.229 1.517
5.558 -4.603 0.997
5.635 -3.602 1.290
4.258 1.268 0.760
0.785 4.837 0.508
-1.827 1.819 0.401
1.004 -2.360 0.191
-1.695 0.299 0.055
5.756 -2.865 0.364
-0.691 -2.532 0.382
-1.455 -10.091 1.173
4.316 0.095 0.613
12.178 1.870 2.205
4.364 0.720 0.631
-1.923 -3.017 0.974
-2.205 -5.906 1.813
-2.321 -7.124 1.967
-2.250 -9.847 2.218
-1.545 -10.096 2.244
-1.548 -8.520 2.235
3.713 -6.308 1.916
5.565 -4.758 2.039
7.147 -1.276 2.242
5.541 -4.858 1.886
5.603 -4.252 1.809
-2.011 -3.998 1.864
-1.799 -5.054 2.226
-1.483 -5.778 2.229
-0.649 -5.784 2.225
0.616 -5.378 2.217
1.633 -4.914 2.195
1.723 -4.842 2.200
1.319 -5.153 2.207
2.563 -4.492 2.202
2.986 -4.096 2.200
3.930 -3.029 2.192
3.247 -3.851 2.200
4.379 1.098 2.014
1.449 4.155 2.171
0.838 4.784 2.182
-1.573 1.163 1.127
-1.220 2.881 2.247
0.327 1.676 1.700
1.214 1.075 2.111
-1.593 -0.648 2.273
1.947 -0.741 2.125
2.741 1.300 2.129
-1.102 2.973 2.181
-1.477 2.378 1.848
-1.720 -0.179 1.020
-1.985 -3.771 2.377
3.460 -2.767 2.172
3.777 -2.290 2.164
4.273 0.104 2.007
2.074 2.415 1.502
1.906 4.402 2.176
1.884 4.468 2.181
1.570 -5.787 2.214
2.722 -5.425 2.209
-2.112 -4.866 2.071
-1.834 -1.435 0.599
2.116 -9.244 2.259
5.708 -3.084 1.499
3.616 1.330 0.730
2.005 1.943 0.497
-1.080 -2.770 0.136
-1.665 0.460 0.191
-1.320 -3.175 0.430
2.601 1.416 0.316
-1.307 1.778 0.394
5.490 -5.293 1.778
5.528 -5.155 1.771
5.981 -0.244 1.632
2.009 1.786 0.718
-1.433 2.725 0.924
-1.398 3.214 1.057
-1.689 0.708 0.653
1.496 -6.023 2.210
2.929 -5.056 2.206
2.977 -5.023 2.204
3.475 -4.580 2.205
3.533 -4.560 2.206
3.867 -4.303 2.192
3.363 1.350 1.354
1.842 4.673 2.191
-0.420 1.826 0.887
1.188 4.829 2.194
-1.621 -4.154 2.212
0.304 -3.950 2.181
1.284 -3.677 2.170
1.990 -1.701 2.124
2.927 -0.187 2.123
2.927 0.014 2.124
2.932 0.209 2.123
-1.930 -0.596 1.697
-1.417 2.901 2.206
1.776 3.834 2.172
-2.011 -3.972 1.879
-0.682 -5.070 2.219
0.379 -5.320 2.221
0.487 -5.533 2.216
0.651 4.862 1.566
-1.378 3.447 1.346
5.386 -6.163 2.023
5.970 -0.247 1.323
4.090 1.282 0.755
3.611 1.329 0.893
1.796 4.805 0.898
-1.677 0.563 0.309
-1.397 -10.106 1.194
4.009 1.285 0.509
4.837 1.215 0.451
-1.795 -1.485 0.147
-1.618 1.784 -0.087
-0.474 -2.928 0.169
-1.392 3.300 0.119
-1.366 2.217 0.084
5.726 -2.378 0.485
3.961 1.296 0.506
-1.447 -10.096 1.551
5.556 -4.666 1.559
3.661 1.324 1.025
-2.176 -5.795 1.771
-2.143 -5.394 1.935
-1.189 -6.624 2.227
2.258 -6.099 2.202
3.039 -5.857 2.214
5.873 0.676 2.190
1.850 4.783 2.131
1.020 4.815 1.853
0.595 4.881 1.780
-1.578 -4.593 2.215
1.807 -3.837 2.187
-0.100 -4.317 2.196
0.662 -4.466 2.205
2.111 -3.738 2.190
-0.112 3.526 2.168
2.658 -3.208 2.171
0.782 3.543 2.177
0.538 3.738 2.164
3.285 -2.317 2.165
2.926 0.028 2.122
-1.377 -1.955 2.051
-0.131 1.682 1.785
-0.575 -1.759 2.125
2.467 1.425 1.685
3.239 -4.163 2.203
1.373 -4.595 2.198
4.174 -0.911 1.854
-1.091 -4.628 2.206
-0.545 -4.561 2.203
2.236 4.088 1.744
1.907 -4.723 2.196
3.824 -2.637 2.181
-0.738 -4.931 2.216
5.722 0.388 2.212
-0.113 -7.387 2.232
-2.296 -7.474 2.465
2.033 -6.716 2.223
5.676 -3.476 1.464
4.179 -1.350 0.671
1.845 -1.123 0.250
-1.781 1.747 0.241
-0.265 -3.143 0.432
3.350 1.343 0.593
1.259 4.840 0.898
0.575 4.896 0.999
1.753 -7.602 2.248
5.688 -3.483 2.053
5.661 -3.668 1.857
-2.018 -3.988 1.998
-0.841 -4.656 2.215
-0.689 -4.881 2.215
-0.716 -3.600 2.174
1.073 -3.230 2.183
0.526 -1.922 2.125
0.400 3.415 2.175
-0.864 -4.145 2.195
-0.672 -4.103 2.192
-0.406 -4.026 2.186
1.550 -3.963 2.188
2.984 -3.088 2.175
3.610 -2.490 2.178
2.399 -6.607 2.209
1.197 -7.076 2.189
5.706 -3.200 2.088
5.737 -2.352 1.815
6.089 0.985 1.948
4.086 1.281 1.315
-1.941 -3.098 0.872
-0.974 -10.156 2.071
5.636 -3.684 1.254
-1.375 3.424 0.575
-1.714 -0.001 0.311
0.929 3.660 0.119
-1.124 -2.717 0.227
3.673 1.314 0.095
-0.565 -2.705 0.369
12.113 1.053 1.985
3.305 1.344 0.619
0.587 4.780 0.799
-1.787 -0.694 0.742
0.356 -5.757 2.228
0.754 -5.495 2.228
2.993 -4.501 2.200
3.500 -4.315 2.200
3.883 -3.387 2.201
2.287 4.730 2.132
1.931 3.967 2.169
0.461 4.848 2.191
-1.344 -3.711 2.185
0.393 -3.854 2.180
2.497 -2.525 2.149
2.029 1.826 1.827
-0.990 3.015 2.170
-1.948 1.824 1.819
-1.645 1.329 1.950
2.808 0.736 2.126
1.991 1.807 1.936
-0.492 3.213 2.166
-2.147 1.844 1.870
-1.591 -3.300 2.171
0.593 -3.829 2.179
2.415 -3.305 2.177
3.802 1.025 2.141
3.553 1.342 1.997
1.418 4.176 2.174
-1.743 -5.305 2.226
5.613 -1.307 2.197
1.842 -5.292 2.196
5.633 -3.922 2.174
2.244 4.208 1.493
0.425 -5.567 2.223
1.773 4.808 1.570
-2.085 -4.830 2.151
5.964 0.580 2.189
6.084 1.114 2.124
-2.142 -5.270 2.296
3.791 -5.396 1.369
7.105 -2.304 1.608
4.186 1.285 0.909
5.981 -0.248 1.366
3.043 1.376 0.713
1.721 4.808 0.915
2.479 1.433 0.182
6.076 1.094 0.494
-0.988 -2.824 0.183
0.177 -2.216 0.169
5.996 0.044 0.139
-1.358 2.582 0.117
5.721 -2.406 0.545
4.262 -0.677 0.524
12.165 1.316 0.923
-1.301 1.779 0.331
8.855 0.856 2.244
5.392 -6.522 1.743
5.410 -6.325 1.688
5.560 -4.661 1.605
3.626 1.320 1.090
5.624 -4.094 1.585
-2.018 -3.930 1.427
-1.022 -5.979 2.230
-2.061 -4.640 1.880
-2.191 -5.826 2.301
-0.197 -6.120 2.232
1.008 -6.096 2.220
3.525 -5.167 2.212
3.841 -4.775 2.192
3.887 -4.254 2.096
3.969 -3.407 1.933
5.665 -1.299 2.207
3.629 1.334 1.458
6.052 0.724 2.013
5.925 1.146 1.993
1.572 4.788 2.195
-1.930 -2.964 1.960
0.305 -4.414 2.202
-1.392 -4.204 2.208
-0.791 -4.284 2.199
1.406 -3.895 2.182
1.892 -3.587 2.172
2.310 -3.295 2.174
2.153 -3.521 2.187
-1.397 3.382 2.254
0.139 1.679 1.446
-1.167 1.768 1.772
-1.411 1.775 1.938
-1.846 -0.697 1.598
-0.884 -1.574 2.123
-1.773 -1.343 2.119
2.790 0.091 2.120
-3.132 0.167 2.150
-0.249 -3.550 2.177
1.033 -3.601 2.176
1.397 -3.170 2.183
4.146 -0.294 2.172
4.167 0.008 2.157
2.128 3.249 2.144
0.874 3.992 2.172
-1.788 -4.616 2.225
-1.496 -4.629 2.222
-1.726 -4.698 2.227
1.588 -5.045 2.199
-0.839 -4.961 2.222
1.969 -4.945 2.194
2.069 -4.256 2.192
-0.778 -5.158 2.219
2.271 -5.196 2.197
0.013 -4.766 2.210
2.648 -4.725 2.201
3.006 -4.533 2.199
0.599 -4.706 2.206
0.531 -5.206 2.217
3.086 -3.642 2.188
4.077 -2.248 1.790
5.972 -0.044 2.179
4.285 -0.099 1.734
4.313 0.460 1.799
-1.380 3.371 1.401
-2.065 -4.434 1.521
-1.761 -7.271 2.238
3.434 -6.552 2.216
3.795 -5.361 1.944
5.452 -5.784 1.883
5.509 -5.207 2.213
5.493 -5.407 1.597
5.721 -2.381 1.411
5.629 -4.113 2.012
4.201 1.290 1.030
-2.018 -3.559 0.693
-1.779 -10.079 1.706
3.792 -5.281 1.105
5.719 -2.562 0.442
4.317 0.141 0.665
-1.622 0.432 0.302
-1.777 -1.367 0.210
-1.926 -3.122 0.271
-1.634 0.830 -0.020
-0.529 -2.635 0.245
4.032 1.297 0.422
3.376 1.354 0.331
12.100 0.843 2.258
-2.081 -4.700 1.710
-1.957 -6.719 2.228
6.219 -1.094 2.218
0.162 -7.379 2.225
5.716 -2.848 1.930
5.892 1.139 2.040
-2.113 -4.943 2.240
-2.040 -4.282 2.368
-1.775 -5.060 2.227
-1.173 -4.827 2.213
-0.978 -5.136 2.223
-0.007 -4.565 2.204
2.639 -3.657 2.185
1.457 -4.362 2.191
2.188 -4.065 2.190
4.205 -0.001 2.161
1.739 4.065 2.170
1.157 4.211 2.169
2.757 -0.363 2.123
0.424 -2.015 2.122
2.021 1.394 2.129
-2.099 1.784 2.146
-2.631 0.314 2.137
-2.850 -0.343 2.143
-1.843 -0.439 1.605
2.964 1.373 2.004
0.629 3.591 2.177
-1.372 3.242 2.247
-1.419 2.847 1.974
-2.015 -3.864 2.235
0.843 -4.497 2.208
-0.939 -4.247 2.207
2.071 -4.526 2.199
-0.287 -4.586 2.212
-0.002 -4.645 2.209
2.736 -4.314 2.200
3.719 -3.696 2.198
-1.931 -3.101 1.321
0.674 -6.374 2.233
0.817 -6.536 2.196
3.731 -6.049 2.102
5.701 -2.354 1.704
-1.656 -1.431 0.568
3.712 -6.056 1.460
2.109 4.752 0.674
-1.396 2.766 0.587
5.617 -4.098 1.941
-1.450 2.358 0.943
-1.474 -5.874 2.229
-1.067 -5.880 2.227
-0.714 -5.277 2.224
1.070 -5.210 2.216
1.942 -5.018 2.194
2.373 -4.703 2.198
2.008 -4.777 2.193
2.631 -4.508 2.201
3.409 -3.830 2.200
3.703 -3.276 2.184
3.858 -3.020 2.189
4.296 0.806 2.167
4.375 1.142 1.949
2.237 4.602 2.186
2.002 4.021 2.167
0.544 4.397 2.182
3.007 0.089 2.119
-1.415 2.767 2.196
-1.640 -2.521 2.170
-1.625 -0.062 2.158
-2.674 0.230 2.136
1.227 2.985 2.146
1.739 -3.532 2.174
3.967 1.298 1.848
1.217 4.479 2.174
-2.088 -4.732 2.013
-1.907 -5.586 2.226
0.254 -5.628 2.223
5.939 -0.584 1.818
5.965 -0.137 1.823
2.720 -4.951 2.206
5.961 -0.161 1.964
5.680 -3.364 1.923
5.731 -2.654 2.147
-2.016 -3.661 0.976
-2.023 -3.793 1.041
3.739 -5.982 1.678
5.451 -5.856 1.856
5.596 -4.250 1.435
4.172 1.278 0.819
5.692 -2.610 1.403
5.955 -0.051 0.603
-0.109 1.774 0.161
-0.009 -10.238 1.974
3.500 -8.512 2.082
2.026 1.864 0.885
-1.834 -5.731 2.235
-0.277 -5.937 2.226
2.330 -5.294 2.202
0.507 -5.916 2.228
3.243 -4.819 2.207
1.307 -5.517 2.209
1.996 -5.453 2.196
3.852 -4.241 2.208
3.920 -3.834 2.153
6.096 -1.099 2.207
6.142 -0.667 2.209
2.173 4.569 2.183
0.824 4.862 2.179
-0.496 -4.041 2.184
0.833 -3.783 2.181
0.849 3.605 2.176
-1.429 2.799 2.099
-2.794 1.197 2.139
-3.035 0.890 2.138
1.301 -1.040 2.126
-0.360 -2.109 2.125
-0.965 1.721 2.023
-0.064 -3.787 2.180
1.270 4.026 2.166
4.073 0.814 2.151
-1.268 -3.367 2.179
-0.572 -3.656 2.179
2.158 3.385 2.115
1.914 -3.607 2.179
-1.003 -5.008 2.219
-0.953 -5.106 2.216
3.968 -3.292 2.070
1.933 -5.690 2.196
-0.851 -5.466 2.222
5.537 -3.705 2.218
2.450 -4.411 2.203
2.875 -5.483 2.211
-0.083 -5.688 2.227
6.069 0.799 2.124
-2.045 -4.367 2.049
0.928 -4.963 2.213
5.735 -2.231 1.444
5.462 -5.769 1.719
-1.676 0.582 0.414
-1.362 -10.114 1.233
4.251 -0.409 0.507
3.977 1.292 0.451
-1.402 -2.763 0.158
3.191 1.377 0.086
-1.410 3.234 0.114
12.152 1.358 0.680
5.433 -5.924 1.608
5.505 -5.194 1.549
-1.780 -6.209 2.232
0.579 -6.645 2.191
5.664 -3.724 2.147
6.004 0.756 2.207
2.236 4.147 1.952
-2.108 -4.944 2.367
-1.267 -4.747 2.209
1.085 -4.181 2.194
1.906 -3.931 2.191
3.942 1.177 2.144
-1.263 3.847 2.404
2.960 -0.287 2.121
2.865 -0.900 2.124
0.923 -1.463 2.124
-1.463 0.949 2.289
-0.742 1.731 1.785
-1.597 1.434 1.917
-1.586 -1.474 1.942
2.534 0.305 2.130
-2.868 0.881 2.136
-1.787 -2.960 2.319
2.080 2.468 1.794
0.363 3.779 2.175
3.313 -2.033 2.155
-1.378 -2.002 1.263
-1.637 -4.302 2.216
1.124 -5.120 2.213
1.326 -4.491 2.202
-0.727 -4.690 2.206
3.918 -3.926 2.128
0.327 -5.110 2.221
0.908 -4.828 2.211
4.063 -2.061 2.171
5.842 -1.229 2.203
1.838 4.772 1.931
-2.023 -3.924 1.407
5.424 -5.944 1.832
3.660 -6.861 2.049
3.700 -6.352 2.173
5.668 -3.320 1.656
-1.200 1.841 0.490
-1.685 1.066 0.529
4.131 -1.128 0.225
3.453 1.345 0.175
-1.466 1.776 0.289
4.237 1.271 1.016
3.721 -6.088 2.055
5.722 -2.291 1.821
-2.025 -4.121 2.045
-1.376 -1.956 1.043
-1.983 -3.431 1.529
-1.980 -3.436 1.785
0.914 -4.913 2.209
-0.085 -5.094 2.220
0.708 -4.730 2.200
2.858 -3.738 2.190
1.750 4.291 2.171
-0.683 -3.605 2.176
-1.466 1.776 1.760
-1.808 -0.051 1.524
-1.675 -0.548 1.614
-1.579 -1.102 2.221
-0.732 -1.589 2.123
-1.739 0.479 1.564
-3.018 1.927 1.952
-2.009 -3.858 2.303
1.333 -3.774 2.176
1.831 -3.559 2.180
2.395 -4.197 2.190
3.646 -2.896 2.184
3.414 -2.247 2.163
3.982 1.304 1.810
0.539 4.697 1.941
-1.987 -3.461 1.435
-2.031 -4.167 1.645
-2.142 -5.345 1.987
-0.095 -6.042 2.227
0.284 -6.040 2.222
0.532 -6.625 2.206
3.298 -5.626 2.217
3.746 -5.875 2.138
3.802 -5.197 1.991
5.667 -3.341 1.737
5.703 -3.165 2.097
5.982 -0.204 1.987
4.217 1.282 1.400
5.378 -6.531 1.394
-1.579 1.201 0.029
-1.262 -2.580 0.119
-1.726 -2.872 0.013
-1.571 0.908 -0.019
-0.395 -3.099 0.377
12.192 1.951 2.013
4.384 1.251 0.871
5.566 -4.609 1.849
5.661 -3.565 1.805
3.610 1.324 1.260
-2.159 -5.572 2.013
-1.934 -2.960 1.398
-0.296 -5.629 2.220
1.104 -5.834 2.218
1.815 -5.460 2.194
3.536 -4.007 2.202
3.648 -4.051 2.210
-1.175 2.906 2.193
-1.356 -3.401 2.179
-0.484 -3.620 2.179
0.769 -3.647 2.170
0.894 -3.783 2.176
1.348 -3.934 2.182
4.223 -0.410 1.982
3.796 0.065 2.150
0.532 4.433 2.180
-1.752 1.785 1.271
2.479 -5.957 2.213
-0.240 -5.770 2.224
0.790 -5.554 2.227
-2.164 -5.545 2.341
1.168 -6.145 2.216
5.420 -3.500 2.220
5.828 -1.734 2.207
-2.187 -5.650 1.588
1.996 -3.099 0.736
5.385 -6.500 2.169
-1.706 -0.602 0.338
-1.730 1.768 0.076
5.623 -3.867 0.558
5.368 -6.640 1.734
5.952 -0.405 1.331
-2.024 -4.003 1.393
-2.056 -4.346 1.641
-1.761 -5.969 2.229
-1.576 -6.402 2.230
-1.138 -6.452 2.230
-1.004 -6.159 2.227
-0.441 -6.833 2.239
-0.585 -6.222 2.228
0.251 -6.237 2.226
1.333 -6.469 2.211
2.210 -6.131 2.184
2.208 -5.989 2.201
2.623 -5.941 2.195
2.967 -5.836 2.224
2.234 -5.876 2.205
2.604 -5.848 2.209
2.708 -5.806 2.207
2.984 -5.657 2.221
3.120 -5.652 2.218
3.338 -5.471 2.215
3.512 -5.462 2.216
3.853 -4.656 2.090
3.941 -3.749 1.936
3.965 -3.325 1.835
5.978 -0.129 1.932
5.655 -2.125 2.207
4.323 0.600 1.804
6.080 0.930 2.169
4.358 1.087 1.741
5.837 -0.879 2.214
2.149 4.650 2.190
-1.707 1.739 1.114
-2.044 -4.266 2.244
-1.514 -3.993 2.204
0.667 -4.262 2.195
1.942 3.044 2.153
0.290 3.712 2.172
-0.583 3.689 2.175
-1.334 3.475 2.305
-0.728 3.557 2.172
2.454 -0.919 2.124
-1.716 1.392 2.001
-1.774 -1.480 1.874
-3.116 -0.080 2.143
3.187 -2.338 2.155
4.061 -0.535 2.157
3.702 -2.963 2.184
-11.536 2.942 3.982
-1.981 -3.362 1.210
0.686 -7.098 2.199
3.641 -6.960 1.979
3.792 -5.305 1.971
5.658 -3.224 1.704
5.721 -2.352 1.453
4.967 1.198 1.233
4.279 -0.387 0.690
-0.052 -2.124 0.119
-0.474 -2.945 0.111
-0.263 -2.286 0.086
0.867 -10.598 1.620
5.648 -3.110 1.258
12.181 1.817 2.260
-2.112 -4.861 1.694
2.170 -7.044 2.233
5.605 -4.188 2.040
5.724 -2.183 2.095
6.282 -1.037 2.213
2.126 2.909 1.102
0.726 4.689 1.819
-1.648 -0.376 0.829
-1.091 -4.379 2.208
0.617 -4.566 2.211
-0.613 -5.146 2.216
1.206 -4.469 2.199
0.263 -4.681 2.211
1.780 -4.321 2.194
2.679 -3.670 2.185
4.323 0.610 1.930
1.595 3.675 2.168
-1.849 -3.353 2.357
2.351 -0.320 2.125
2.400 0.011 2.128
-1.361 2.643 2.355
-1.584 1.393 1.907
-1.257 3.482 2.349
0.577 3.566 2.182
-2.894 1.918 1.842
-1.837 -3.996 2.289
-2.019 -3.952 2.321
-1.470 -3.958 2.200
-1.231 -4.004 2.195
-0.967 -4.150 2.196
-0.461 -4.173 2.195
-0.901 -4.378 2.211
0.570 -4.469 2.205
1.416 -4.617 2.196
3.964 -2.800 2.192
3.682 -2.562 2.180
3.822 -1.914 2.170
4.047 -1.422 2.164
-1.795 -0.413 0.677
-1.399 -6.188 2.228
1.041 -6.131 2.221
3.808 -5.254 1.924
1.450 -6.066 2.210
5.511 -5.252 1.958
2.623 -5.718 2.210
3.456 1.340 1.115
5.977 -0.194 1.447
5.641 -3.431 1.698
3.331 -5.348 2.212
4.387 0.677 0.607
1.218 -10.658 2.058
4.106 1.280 0.692
5.502 -5.119 1.155
5.559 -4.440 1.034
0.848 -2.772 0.177
1.941 1.567 0.134
-0.786 -2.436 0.115
-1.980 -3.325 0.471
-1.345 -10.105 1.125
4.251 -0.929 0.701
-2.038 -4.022 1.267
-2.119 -4.831 1.490
3.564 -7.898 2.189
3.666 -6.854 1.955
5.675 -3.416 1.810
5.657 -3.622 1.652
3.784 1.310 1.234
2.252 4.350 1.487
-1.426 3.029 1.170
-1.001 -5.938 2.230
1.169 -5.151 2.209
3.181 -4.085 2.200
4.173 -0.968 1.806
-2.903 0.755 2.152
2.746 -0.426 2.123
0.952 1.544 1.702
0.987 3.062 2.153
-1.141 2.854 2.167
-1.925 -2.957 2.035
0.390 -3.728 2.178
0.753 -3.840 2.178
3.380 -2.657 2.174
3.810 -2.213 2.172
4.169 -0.439 2.164
3.937 1.077 2.152
4.115 1.253 2.163
1.488 4.598 2.177
-2.151 -5.318 2.223
0.650 -5.551 2.221
-0.605 -6.235 2.230
1.862 -5.987 2.202
5.650 -3.833 2.016
5.734 -2.274 1.970
6.353 -1.426 2.215
5.941 -0.543 2.002
-0.280 1.766 0.612
-1.687 0.871 0.590
5.393 -6.520 1.978
0.565 4.837 0.814
0.529 -2.741 0.363
0.804 -2.887 0.372
0.935 -2.631 0.361
4.288 -0.243 0.688
4.233 -0.265 0.352
4.353 1.267 0.732
4.052 1.298 0.342
-1.559 1.216 0.414
5.409 -6.338 1.919
-1.924 -3.034 1.141
-0.245 -6.045 2.232
0.166 -6.067 2.228
3.474 -4.815 2.209
3.692 -4.542 2.214
1.320 -5.807 2.216
5.947 -1.921 2.201
3.610 1.336 1.519
-1.696 -3.449 2.182
-0.547 -3.860 2.179
0.838 -3.939 2.189
0.967 -3.874 2.181
2.097 -3.346 2.175
-1.530 1.768 1.530
-1.078 -1.553 2.124
-1.133 1.683 2.124
-1.577 0.885 2.280
-1.576 1.147 2.125
2.691 0.035 2.133
-1.026 3.097 2.171
-1.417 2.736 2.361
-1.020 -3.428 2.179
-1.710 -3.089 2.205
1.305 -3.167 2.178
0.422 -3.636 2.170
2.130 -3.394 2.178
3.820 -0.086 2.153
0.537 4.243 2.181
-1.776 -1.259 1.003
-2.066 -5.193 2.444
-1.577 -4.785 2.220
-1.543 -4.830 2.220
-1.238 -4.985 2.223
-0.169 -5.406 2.216
0.120 -5.194 2.222
3.002 -4.019 2.197
0.770 -5.748 2.223
4.121 -1.512 1.869
3.858 -4.610 2.078
3.923 -3.827 2.030
2.105 -5.220 2.200
6.068 0.916 2.023
3.997 1.296 1.627
-1.725 -0.060 0.659
-2.091 -4.607 1.400
4.060 1.292 0.937
-1.425 3.033 0.574
-1.930 -3.084 0.591
4.360 0.535 0.604
5.993 -0.083 0.630
-1.579 -1.482 0.253
1.777 -1.111 0.241
-1.207 1.760 0.301
-2.043 -4.019 0.661
2.540 -10.733 1.925
5.586 -3.968 1.209
12.133 1.315 1.828
-2.213 -6.055 1.764
-1.611 -6.730 2.228
-0.121 -6.554 2.225
-0.663 -6.858 2.232
1.116 -6.587 2.183
-0.511 -6.487 2.234
3.791 -5.335 2.177
3.897 -4.010 1.831
5.607 -2.125 2.207
5.770 -1.362 2.186
5.702 1.150 2.152
5.951 -0.379 2.142
5.991 0.188 2.016
0.920 4.769 1.785
0.536 3.570 2.177
-1.378 3.283 2.119
-0.778 -4.192 2.189
-1.673 0.200 0.789
-0.178 -4.766 2.211
-0.479 -4.271 2.200
1.856 3.477 2.164
0.109 -4.775 2.204
2.138 -3.777 2.191
-0.471 3.598 2.179
-1.689 -4.455 2.213
0.545 -4.303 2.201
-1.176 -4.280 2.214
-1.828 -0.923 1.335
1.253 -1.246 2.127
2.101 -1.256 2.126
1.547 2.170 2.147
-3.138 0.374 2.135
0.317 3.823 2.171
-1.006 3.676 2.179
-1.316 3.864 2.324
0.590 -4.851 2.206
1.253 -4.285 2.194
2.491 -3.687 2.183
1.921 -4.944 2.196
4.115 1.288 1.620
0.933 4.811 1.776
2.232 4.073 1.775
-1.925 -2.943 1.164
1.931 -7.172 2.225
3.419 -6.665 2.218
5.673 -3.598 1.906
5.705 -2.270 1.564
1.249 4.795 0.464
-1.193 -2.846 0.299
5.985 -0.190 1.181
5.654 -3.461 0.917
4.189 1.265 1.209
0.953 1.518 0.649
1.901 -4.672 2.205
3.654 -3.464 2.202
3.882 -3.202 2.199
3.925 -2.848 2.194
0.242 -5.355 2.222
0.026 -4.991 2.216
2.879 -3.819 2.188
0.765 4.284 2.129
-1.831 -0.203 1.552
-0.630 1.730 1.793
-1.675 -0.566 1.695
0.598 -1.970 2.124
-1.625 -0.062 1.997
-1.040 -1.451 2.124
-0.491 -1.827 2.122
-0.457 -4.239 2.195
1.596 -3.622 2.178
0.766 -3.986 2.182
0.749 -4.429 2.199
2.935 -3.022 2.171
3.605 -2.853 2.184
4.134 -0.238 2.168
-1.479 2.783 1.367
1.073 -5.824 2.217
2.476 -5.804 2.209
5.970 -0.117 1.730
0.072 1.707 0.579
-2.134 -9.873 2.143
0.247 1.593 0.287
-1.376 -1.910 0.118
-1.595 0.934 0.219
-2.018 -3.591 0.509
1.928 1.522 0.311
3.754 -5.757 1.610
5.695 -2.605 1.658
5.358 -6.621 2.003
5.394 -5.981 1.779
3.613 1.323 1.217
-11.157 7.433 3.649
-11.237 6.378 3.522
-1.755 -0.553 0.674
1.549 -5.650 2.205
2.275 -5.276 2.201
2.558 -5.184 2.196
1.190 -5.809 2.208
3.936 -3.809 2.147
4.023 -2.548 1.965
2.188 4.754 2.177
0.794 4.788 2.185
2.094 -3.108 2.161
0.368 3.424 2.168
-0.686 3.277 2.171
-1.311 3.340 2.387
-1.611 -1.471 1.754
2.727 0.545 2.127
2.012 1.916 2.040
-0.623 -3.633 2.176
3.881 -0.375 2.152
-0.622 -3.763 2.183
3.871 1.265 2.157
-0.865 -3.568 2.171
-1.332 -5.036 2.217
5.725 -2.240 1.960
5.680 -1.699 2.194
0.735 4.879 1.653
5.356 -6.849 2.027
5.546 -4.655 1.280
-0.530 -2.639 0.214
-1.826 1.816 0.149
5.746 -2.347 0.515
12.160 1.394 0.802
-1.615 1.243 0.357
-0.995 -6.256 2.231
1.509 -6.197 2.206
2.265 -6.272 2.213
0.589 -6.491 2.192
5.934 -0.922 2.204
2.074 2.377 1.209
2.137 3.388 1.702
-1.748 -4.008 2.202
-1.519 -4.082 2.212
-0.308 -4.173 2.190
1.055 -4.077 2.189
3.938 -1.880 2.166
-1.084 3.444 2.183
2.738 -1.094 2.125
2.735 -0.213 2.122
3.948 0.663 2.151
1.661 3.439 2.161
0.641 3.809 2.171
0.769 3.859 2.168
-1.415 1.775 1.344
-1.437 -4.395 2.212
-1.628 -4.404 2.214
-0.808 -4.598 2.206
-0.093 -4.920 2.213
2.250 -3.929 2.190
2.624 -4.874 2.198
3.423 -3.603 2.204
4.029 -2.643 1.821
4.175 -0.882 1.960
4.221 -0.359 1.893
3.636 1.322 1.530
-1.113 -7.251 2.234
-0.598 -7.312 2.221
0.239 -7.003 2.221
0.714 -6.831 2.185
1.174 -6.797 2.183
3.721 -6.058 1.847
2.407 -7.206 2.239
3.797 -5.287 1.709
5.458 -5.722 2.001
5.495 -5.415 2.145
5.511 -5.312 1.708
5.568 -4.784 2.038
5.673 -3.505 1.474
5.684 -3.329 1.616
5.720 -2.372 1.501
1.152 1.556 0.503
6.007 -2.190 1.090
0.994 4.806 0.448
1.207 4.806 0.526
-0.493 -2.677 0.067
-1.355 2.634 0.060
12.168 1.430 0.794
0.261 -7.757 2.229
3.757 -5.630 1.970
3.659 -6.669 2.221
5.608 -4.198 1.960
3.871 1.298 1.377
2.033 1.806 1.000
2.241 4.208 1.743
-0.441 -5.108 2.222
-2.028 -4.081 1.821
0.632 -4.700 2.207
1.502 -4.661 2.200
-0.788 -5.122 2.219
2.363 -4.167 2.191
3.644 -2.494 2.167
3.784 -2.553 2.179
4.026 -1.139 2.165
3.531 1.340 1.701
2.137 3.002 1.849
1.879 3.656 2.163
1.723 3.987 2.173
0.509 4.261 2.183
0.550 3.911 2.169
-1.693 -3.373 2.184
2.433 1.428 1.788
-1.700 -0.199 1.577
-2.973 -0.795 2.158
1.342 -2.523 2.126
-0.703 3.526 2.181
-0.932 3.392 2.184
0.550 3.505 2.175
-1.636 -3.812 2.197
0.753 -4.157 2.192
2.496 -3.218 2.176
1.617 -3.956 2.187
1.651 -3.704 2.177
2.238 4.632 2.178
-2.034 -4.260 1.662
5.596 -4.343 2.057
-1.686 0.824 0.442
-1.713 -0.013 0.462
1.321 -10.648 2.086
0.966 4.868 0.650
5.662 -3.706 0.313
3.278 -8.642 2.256
0.857 1.625 0.596
1.055 -5.640 2.223
1.805 -5.162 2.197
2.978 -4.400 2.196
2.809 -4.589 2.204
3.324 -4.139 2.204
3.207 -4.421 2.203
5.677 0.203 2.188
1.042 4.140 2.165
-0.796 -3.754 2.182
0.026 -3.665 2.171
-2.927 1.235 2.151
-1.823 -0.922 1.462
-1.776 -1.209 1.513
-1.631 0.519 2.185
2.747 -0.102 2.129
1.179 2.968 2.158
-1.930 -3.011 2.116
0.923 -3.618 2.176
3.159 -3.311 2.185
3.424 -3.095 2.184
3.727 -1.499 2.154
3.926 0.063 2.155
2.026 4.188 2.171
2.121 3.010 1.741
1.109 4.438 2.179
0.776 4.442 2.172
1.991 4.167 2.166
-1.015 -5.778 2.220
5.702 -2.556 2.195
3.791 1.299 1.309
3.893 1.308 1.404
3.734 -5.917 1.774
2.695 -8.691 2.247
5.389 -6.016 1.769
1.940 1.499 0.455
5.414 -6.261 1.859
5.453 -5.693 1.867
5.444 -5.868 1.714
5.598 -4.304 1.627
-0.173 1.778 0.578
-1.383 -6.707 2.228
-1.414 -5.896 2.231
-1.187 -6.315 2.225
-2.014 -3.977 1.728
1.761 -5.631 2.200
5.727 0.172 2.191
5.737 0.542 2.186
2.031 1.812 1.311
1.098 4.685 2.185
-1.417 3.005 1.505
-0.528 -4.278 2.197
1.389 -3.682 2.175
1.192 -3.756 2.181
3.900 -1.256 2.156
1.368 2.972 2.158
-1.579 1.788 1.601
-0.954 -3.442 2.182
-0.718 -3.571 2.178
0.281 -3.727 2.176
1.680 3.793 2.165
-1.985 -3.527 1.782
-2.049 -4.300 2.117
-2.061 -4.450 2.158
0.111 -4.957 2.215
1.844 -4.864 2.200
2.112 -5.085 2.198
4.045 -2.503 1.811
6.075 0.894 2.167
2.120 2.885 1.237
0.800 4.880 1.696
0.892 4.878 0.987
-1.377 3.504 0.682
-0.733 1.867 0.385
5.593 -4.430 2.017
5.500 -5.186 0.993
4.277 -0.604 0.657
4.325 -0.111 0.511
5.694 -2.577 0.404
5.711 -2.388 1.219
1.928 1.530 0.547
1.164 -7.155 2.185
3.819 -5.233 2.045
6.832 -1.679 2.226
6.951 -1.205 2.240
5.709 -2.589 1.905
3.063 1.378 1.035
1.302 4.827 1.757
1.719 -4.280 2.195
1.426 -4.304 2.195
2.227 -3.882 2.188
1.752 -4.155 2.187
2.019 -4.036 2.194
3.046 -3.107 2.186
3.160 -2.837 2.178
3.968 0.861 2.154
3.581 1.328 1.810
1.981 3.893 2.174
-3.320 -1.345 2.163
-0.676 -3.415 2.166
1.722 -0.069 2.127
-0.448 -4.326 2.199
-0.156 -4.365 2.201
1.254 -4.605 2.201
1.835 -4.757 2.200
3.242 -4.248 2.202
3.168 -3.835 2.205
3.417 -3.647 2.203
4.328 0.614 1.913
-0.890 -6.849 2.239
1.197 -6.446 2.204
3.776 -5.492 2.038
5.728 -2.260 1.585
5.981 -0.156 1.820
-11.256 6.534 3.197
5.484 -5.362 0.274
1.646 -2.764 0.208
3.779 1.314 0.617
3.732 -5.991 1.937
3.700 -6.525 2.029
5.592 -4.263 1.933
5.660 -3.852 1.962
5.688 -3.206 1.805
4.813 1.231 1.397
5.691 -3.046 1.676
5.738 -2.688 1.737
-0.253 -5.162 2.221
0.014 -5.332 2.221
0.706 -5.219 2.224
-1.414 -4.693 2.216
-1.306 -4.977 2.221
1.081 -4.870 2.204
1.396 -4.798 2.198
1.689 -4.731 2.191
-0.340 -5.332 2.222
3.436 -3.402 2.190
1.684 4.212 2.172
0.297 -3.392 2.167
2.926 0.803 2.128
-2.710 0.262 2.144
-0.687 -1.645 2.123
-0.915 -1.691 2.125
3.041 1.079 2.127
0.604 3.238 2.156
-0.738 3.243 2.176
-1.944 -3.907 2.402
1.505 -3.977 2.193
1.728 -4.224 2.193
2.962 -3.677 2.190
3.310 -2.531 2.171
3.768 -2.528 2.178
3.975 -2.318 2.177
0.900 4.693 2.186
2.027 4.376 2.178
-2.144 -5.360 2.140
-1.154 -5.922 2.229
3.779 -4.514 2.207
3.937 -3.761 1.912
-2.047 -4.103 1.065
4.068 -2.142 0.665
1.132 1.639 0.140
-0.617 1.822 0.020
-0.416 -2.935 0.138
-0.246 -2.181 0.305
4.248 -0.530 0.409
5.979 -0.233 0.958
2.511 1.423 0.316
4.378 0.530 0.634
1.298 4.823 0.860
-0.622 -10.178 1.932
5.703 -2.549 1.650
-2.189 -5.854 2.012
1.928 -5.514 2.198
2.298 -5.465 2.197
4.024 -2.615 2.019
3.052 -4.898 2.204
3.168 -4.887 2.206
4.124 -1.545 1.811
3.837 -4.134 2.208
1.962 4.185 2.170
-1.536 -3.826 2.194
1.079 -3.734 2.174
1.739 -3.422 2.168
1.582 -3.557 2.172
-0.933 3.251 2.175
2.930 -0.171 2.123
2.841 -0.743 2.123
-1.698 -1.399 2.320
-1.272 1.307 2.123
-1.521 -3.213 2.177
3.195 -2.404 2.162
-0.423 1.828 1.010
-2.098 -5.373 2.459
2.212 -4.960 2.199
4.908 1.209 1.054
0.891 4.876 0.903
-1.932 -3.113 0.527
5.952 1.188 0.550
0.944 3.290 -0.029
-1.358 2.515 0.110
12.177 1.246 0.414
1.973 1.480 0.333
5.566 -4.557 1.494
5.717 -3.014 1.452
-2.021 -3.813 1.188
-2.096 -4.745 1.444
-2.011 -3.996 1.599
-2.217 -6.090 1.852
-1.096 -6.658 2.241
3.814 -5.129 2.159
5.695 -3.293 2.191
5.826 -2.053 2.215
5.582 -1.689 2.215
5.997 -1.242 2.219
5.640 -0.928 2.209
6.042 -0.867 2.209
-1.425 2.981 1.384
-2.064 -4.468 2.313
2.936 1.380 1.774
-1.463 0.909 2.284
0.930 1.576 1.877
-1.731 -0.583 1.580
-1.579 -1.471 1.875
0.629 1.625 1.451
-2.776 1.059 2.130
1.809 3.378 2.160
0.477 3.963 2.169
-1.676 0.478 1.029
-2.059 -4.524 2.409
-1.583 -4.345 2.214
-1.348 -4.412 2.209
-1.585 -4.442 2.210
-0.782 -4.456 2.203
-1.303 -4.608 2.214
-0.995 -4.611 2.209
-1.017 -4.767 2.213
-0.194 -4.499 2.200
1.098 -4.604 2.199
3.811 -3.642 2.196
1.506 -4.236 2.191
1.622 -4.727 2.202
1.866 -5.009 2.198
3.601 -2.789 2.179
5.985 0.118 2.185
2.611 -4.415 2.202
2.990 -4.596 2.198
2.891 -4.274 2.201
4.181 1.281 1.636
2.125 2.906 1.391
-1.460 -1.473 0.730
5.321 -4.899 2.226
5.633 -3.807 1.702
8.153 0.888 2.213
1.111 -10.638 1.963
1.997 -3.174 0.770
-1.374 -1.462 0.184
-0.491 1.801 0.029
-1.345 2.592 0.014
-1.376 2.159 0.094
5.963 0.010 0.611
-2.072 -4.177 0.660
-1.401 -10.107 1.146
2.619 -10.633 1.643
5.598 -4.019 0.926
-2.005 -7.096 2.227
3.760 -5.599 1.944
5.574 -4.555 2.217
5.545 -5.012 2.188
5.651 -3.752 1.941
5.681 -3.258 1.902
6.052 0.858 1.965
4.239 1.273 1.606
1.388 4.827 1.838
0.687 4.867 1.780
-0.543 -5.392 2.222
1.228 -4.881 2.206
0.980 -4.776 2.209
-0.066 -5.076 2.218
3.829 -2.827 2.183
4.158 -0.853 2.179
1.329 4.156 2.170
-1.921 -2.918 2.194
1.655 4.031 2.167
-0.227 -1.861 2.124
-0.688 -1.686 2.124
-0.143 -1.895 2.125
1.521 -0.514 2.116
1.507 -0.903 2.126
-1.691 1.354 1.898
-1.644 0.411 1.576
3.070 0.969 2.125
-0.497 3.413 2.175
-1.367 -2.043 1.398
2.734 -4.035 2.190
3.528 -2.002 2.162
3.935 -1.948 2.176
2.148 3.204 1.722
1.853 4.776 2.184
-1.975 -3.481 1.441
3.822 -5.142 1.956
3.940 -3.623 1.949
6.010 0.291 1.821
6.065 1.139 1.853
6.081 1.077 1.939
-1.368 -2.107 0.608
0.619 -10.588 2.160
1.352 -10.661 2.174
-1.707 -0.060 0.314
-1.553 -1.473 0.274
-1.416 3.141 0.136
0.878 -2.935 0.165
-1.644 0.416 0.255
0.255 -3.249 0.451
11.858 -1.129 1.879
5.980 -0.232 0.983
0.300 1.676 0.346
3.760 -5.697 1.714
3.817 -5.203 1.596
4.738 1.241 1.241
2.214 -5.005 2.196
3.092 -4.454 2.205
3.950 -3.578 2.078
5.601 -1.401 2.216
0.761 4.885 2.184
-1.424 1.775 2.114
-1.404 1.776 2.002
-1.636 -1.322 2.262
-0.393 -1.938 2.123
-0.420 -1.775 2.125
0.512 -1.903 2.124
2.680 0.323 2.129
-3.220 0.335 2.137
-3.232 -0.074 2.136
0.644 -3.825 2.177
-1.568 -1.470 1.383
-1.929 -2.973 2.069
-1.934 -3.049 2.164
2.206 -3.174 2.173
-1.421 -3.409 2.174
4.172 -0.952 2.050
4.060 0.126 2.160
1.374 4.234 2.167
1.125 4.567 2.180
-1.474 2.688 1.481
-2.043 -4.261 1.915
-2.073 -4.514 1.974
-1.416 -5.191 2.224
1.656 -6.153 2.209
5.952 -0.461 1.936
5.855 -0.483 2.213
6.019 0.424 1.938
6.016 0.339 2.090
0.407 4.882 1.609
-2.025 -3.758 1.096
-0.052 -9.323 2.248
5.492 -5.362 1.700
5.532 -5.033 1.924
5.939 -0.534 1.270
-1.423 -1.485 0.371
-1.337 -1.628 0.330
3.253 1.381 0.137
-1.232 -2.564 0.205
4.042 -2.854 0.560
4.897 1.222 1.386
0.056 -6.853 2.229
0.155 -6.514 2.228
-0.278 -6.522 2.226
2.206 -5.784 2.200
2.274 -5.603 2.200
5.947 -0.427 2.051
4.124 1.288 1.639
3.434 -2.320 2.168
-0.906 3.279 2.165
-0.799 3.283 2.168
-3.009 0.306 2.117
-1.037 -1.404 2.125
1.472 -1.670 2.131
2.801 0.562 2.131
-1.412 2.642 2.257
-2.660 1.168 2.148
1.385 -3.612 2.169
2.655 -2.979 2.165
3.810 -1.670 2.155
-2.056 -4.416 2.190
-1.408 -4.956 2.224
-0.812 -4.920 2.223
2.782 -4.716 2.206
3.183 -4.989 2.207
4.066 -2.145 1.770
4.175 -0.874 1.738
4.243 -0.606 1.721
2.250 4.257 1.676
-1.728 -1.461 0.714
0.554 -7.934 2.256
4.197 -1.243 0.606
-1.920 -2.949 0.262
5.772 -2.292 0.332
3.843 1.311 0.399
-0.692 1.777 0.562
3.728 -5.990 2.215
5.866 0.987 2.177
2.254 4.450 1.688
-1.596 -4.982 2.228
0.909 -4.598 2.203
3.446 -2.644 2.168
-1.660 -3.010 2.157
-1.425 1.425 2.292
1.645 1.528 1.779
-2.752 0.747 2.140
-0.915 -4.240 2.192
3.856 -3.689 2.206
3.870 -2.610 2.179
3.591 -2.365 2.167
0.556 4.765 1.798
0.966 -6.660 2.187
3.816 -5.086 2.158
-1.975 -3.416 1.368
-1.920 -3.017 1.239
5.712 -3.064 1.956
0.980 -2.855 0.136
4.132 -2.119 0.316
5.446 -5.886 1.019
-2.260 -6.471 1.439
2.065 -8.755 2.248
5.622 -4.037 1.727
5.981 -0.143 1.886
1.068 -5.442 2.214
0.462 -5.272 2.224
2.043 -4.779 2.204
2.579 -4.497 2.203
3.483 -3.805 2.201
3.979 -2.954 2.185
1.067 4.087 2.157
-3.150 1.948 1.944
-0.226 -3.693 2.172
2.643 -0.836 2.122
-1.375 -1.936 1.930
-1.777 -1.222 1.604
-1.572 1.185 1.812
-1.044 3.385 2.173
1.752 -3.822 2.179
0.782 4.610 2.186
-0.660 -6.048 2.226
1.245 -6.546 2.187
1.749 -6.605 2.222
5.820 -1.724 2.215
-1.962 -3.237 0.962
-1.729 -0.654 0.350
4.153 -1.348 0.195
12.151 1.267 1.731
5.537 -4.907 1.699
5.669 -3.466 1.642
-0.541 -4.260 2.200
3.642 -4.461 2.203
3.547 -4.794 2.207
0.937 4.689 1.884
3.934 -3.745 2.127
4.370 1.266 2.061
1.629 -3.567 2.175
2.059 -5.757 2.202
0.772 4.698 2.180
1.915 -3.461 2.175
-0.954 -6.716 2.232
2.230 -3.124 2.164
-1.211 -5.603 2.231
0.443 4.754 2.186
3.686 0.574 2.149
2.136 -5.455 2.198
0.435 -3.839 2.177
2.525 -5.314 2.204
0.721 -3.819 2.182
1.134 -3.804 2.171
2.675 -0.915 2.122
-0.915 -1.735 2.122
-1.626 -1.208 2.267
-1.382 1.359 2.229
-0.755 -3.526 2.179
-0.321 -3.593 2.180
0.044 -3.434 2.159
1.490 -3.105 2.177
0.443 4.221 2.184
1.932 3.749 2.169
-2.110 -5.209 2.445
-1.499 -4.985 2.224
0.522 -5.209 2.214
2.899 -5.378 2.213
2.892 -4.971 2.199
5.675 -1.180 2.202
4.360 1.271 1.623
-1.373 -2.049 0.743
0.347 -7.969 2.237
0.733 -9.159 2.257
1.105 -8.444 2.241
2.382 -7.557 2.234
5.975 -0.164 1.203
5.982 -0.146 1.485
4.899 1.216 1.201
-2.030 -3.802 0.708
12.120 0.817 1.108
-1.338 -1.515 0.129
4.052 1.286 0.192
-1.380 3.521 0.456
5.542 -4.509 1.268
-0.581 1.796 0.563
-1.610 0.751 0.561
0.803 -6.512 2.201
5.755 -1.676 2.205
6.068 1.039 2.027
4.383 1.017 1.786
-0.505 -7.771 2.227
5.973 -0.002 2.161
-0.124 -4.579 2.205
3.640 1.333 1.902
2.006 -3.943 2.184
-0.713 3.591 2.175
4.323 0.620 2.101
-1.228 -1.645 2.125
2.495 -0.149 2.128
0.324 3.761 2.175
-0.256 3.634 2.179
-1.378 3.298 1.997
-0.611 -4.755 2.212
0.406 -4.948 2.213
2.608 -4.642 2.199
4.047 -2.024 2.179
4.238 1.287 1.824
-1.778 -7.235 2.234
3.748 -5.902 1.949
5.707 -2.635 1.814
4.812 1.237 1.264
5.745 -2.474 0.607
-1.370 -1.983 0.271
5.499 -5.386 0.234
3.734 1.328 0.110
-1.570 -2.397 0.098
5.618 -3.869 0.525
4.120 1.281 0.184
-1.724 1.763 0.306
-2.013 -3.540 0.548
-0.593 -3.265 0.479
4.215 1.263 0.956
-2.203 -5.910 1.699
-0.748 -8.163 2.227
5.546 -5.018 2.159
4.242 1.267 1.132
2.250 4.429 1.648
0.469 -4.947 2.214
1.969 -4.584 2.192
2.252 -4.513 2.204
1.371 4.045 2.168
-1.319 1.778 1.247
-2.530 1.307 2.147
-1.828 -0.740 1.636
1.460 1.522 1.768
-0.623 -1.962 2.124
0.173 -2.068 2.124
0.506 -2.008 2.123
-1.486 1.041 2.321
0.607 -1.815 2.125
3.115 1.104 2.128
1.772 2.786 2.145
0.678 3.369 2.178
-1.969 -3.955 2.408
-1.502 -3.770 2.198
3.284 -3.613 2.196
0.948 -4.218 2.192
2.856 -2.763 2.160
3.612 -3.347 2.190
3.217 -2.784 2.168
1.385 -3.721 2.177
2.094 4.496 2.175
1.815 4.706 2.190
1.926 4.709 2.190
-2.057 -4.385 1.774
-0.437 -5.968 2.237
-0.374 -6.133 2.222
-0.045 -5.972 2.230
2.886 -5.200 2.209
5.543 -5.030 2.109
3.256 -4.979 2.214
7.464 -2.340 2.055
7.385 -2.264 2.240
6.134 -1.804 2.215
5.968 -0.124 1.680
-2.022 -3.735 0.989
-1.474 -10.104 2.128
1.774 -9.852 2.247
3.452 -8.851 2.136
3.811 -5.190 1.453
3.805 -5.259 1.154
-1.705 0.206 0.317
-1.364 -1.771 0.055
-1.326 2.687 -0.044
-0.409 -2.925 0.162
-1.921 -3.027 0.428
5.728 -2.212 0.928
4.178 -1.505 0.647
5.974 -0.265 0.511
-1.216 1.735 0.453
4.132 1.286 1.344
0.807 -6.047 2.215
0.270 -5.522 2.225
3.162 -4.530 2.205
3.687 -4.359 2.202
3.976 -3.313 2.093
5.970 0.279 2.203
-1.965 -3.380 2.092
-0.874 -4.120 2.198
1.501 -3.446 2.174
2.960 1.379 2.085
-0.154 3.305 2.170
2.917 -0.139 2.123
-1.666 0.328 1.579
-1.562 1.152 1.580
-0.815 3.229 2.179
1.041 -3.592 2.170
1.482 -3.645 2.174
1.993 -3.756 2.186
2.840 -3.292 2.190
2.925 -2.833 2.164
0.494 4.454 2.183
-1.359 3.438 1.922
-1.234 -5.645 2.227
-1.988 -3.662 1.751
-0.476 -5.650 2.225
1.265 -6.112 2.216
1.699 -4.962 2.198
5.716 -3.156 2.055
3.371 -4.659 2.205
5.957 -0.393 2.121
6.016 0.412 2.079
-0.616 1.828 0.618
-1.050 -10.149 2.225
-0.502 -9.763 2.246
2.125 -8.363 2.245
4.750 1.226 0.911
4.778 1.244 1.024
5.964 1.180 0.200
-0.927 -2.868 0.223
-0.408 -2.939 0.119
3.347 1.357 0.262
-0.596 -6.327 2.232
1.532 -5.936 2.211
5.571 -1.970 2.200
-1.477 2.676 1.358
2.258 4.389 1.804
2.245 4.303 1.998
0.030 -4.051 2.179
0.983 -4.049 2.186
1.308 -3.899 2.178
2.022 -3.565 2.185
2.094 -3.602 2.187
3.720 -2.034 2.163
3.856 -1.810 2.162
2.073 2.509 1.965
0.727 3.441 2.172
1.486 1.530 1.929
-3.027 0.504 2.123
-3.079 0.285 2.128
-1.374 -2.064 1.635
-1.371 3.293 1.973
-1.939 -3.127 1.751
-1.994 -3.734 1.957
0.305 -5.145 2.216
-0.439 -4.871 2.208
2.626 -3.922 2.188
-0.401 -5.046 2.221
5.710 -2.508 2.186
-2.052 -4.219 1.405
0.060 -7.739 2.238
5.601 -4.420 2.076
5.627 -4.064 1.849
5.514 -5.226 2.056
12.191 1.603 0.993
-1.490 1.770 0.293
-0.987 -2.966 0.258
5.966 -0.272 0.177
-1.267 -2.666 0.263
3.195 -10.832 1.625
1.821 -7.542 2.234
6.290 -1.394 2.215
5.027 1.220 1.916
-1.720 -0.281 0.792
-0.032 -4.908 2.214
0.612 -4.787 2.208
0.416 -4.612 2.205
2.120 -4.135 2.192
3.695 -2.446 2.170
3.396 -2.969 2.184
3.496 -3.295 2.194
3.531 -2.696 2.174
0.460 3.940 2.166
3.068 0.658 2.120
-2.418 0.945 2.123
-1.118 -1.224 2.131
1.416 -1.088 2.126
1.367 1.499 2.127
-1.625 -0.206 1.870
2.646 -0.795 2.123
-0.495 3.649 2.174
0.549 3.602 2.170
2.511 -4.361 2.195
0.634 -4.508 2.202
2.941 -3.372 2.184
4.124 -1.366 2.176
3.334 -3.440 2.192
-1.087 -4.214 2.211
3.823 -3.581 2.203
-2.108 -4.974 1.918
-2.269 -6.926 2.440
2.514 1.426 0.842
-1.530 -10.116 2.106
5.651 -3.413 1.288
5.701 -2.620 1.026
-0.523 -2.574 0.304
-0.416 -3.043 0.356
-1.418 3.022 0.222
-0.433 -2.961 0.057
0.158 -2.244 0.215
-1.378 3.454 0.676
-2.201 -5.982 1.668
3.727 -6.231 1.910
3.777 -5.499 1.685
5.454 -5.913 2.020
3.619 -7.413 2.090
3.690 -6.441 1.898
2.701 -4.572 2.206
1.506 -5.059 2.204
1.696 4.468 2.175
1.374 4.310 2.167
0.749 4.256 2.168
-1.430 2.926 1.645
3.044 0.876 2.125
-1.393 3.108 2.381
1.063 -1.994 2.184
-1.532 -0.711 2.216
-0.848 -1.751 2.125
1.899 -1.103 2.129
0.746 1.619 1.286
2.725 0.454 2.127
-0.979 3.197 2.169
-0.428 -3.794 2.180
0.058 -3.874 2.178
2.309 -3.777 2.182
0.795 -4.147 2.195
2.143 3.212 1.842
1.726 4.384 2.174
0.906 4.566 2.179
-1.338 3.541 1.785
-1.392 -5.483 2.223
1.429 -5.947 2.209
-0.560 -6.198 2.233
3.086 -5.042 2.209
1.258 -5.676 2.226
5.619 -4.332 2.126
2.074 2.382 1.050
-1.936 -2.972 0.898
3.308 -8.379 2.247
5.498 -5.282 1.669
5.596 -4.458 1.727
12.145 1.503 2.202
0.888 4.883 0.812
-1.425 3.026 0.430
5.749 -2.187 0.388
-1.393 3.331 0.046
-0.785 -2.434 0.132
-1.917 -3.020 0.423
1.580 -1.099 0.258
5.586 -4.494 1.673
-1.978 -3.404 1.525
2.527 -5.513 2.207
5.941 0.130 2.208
3.592 -4.870 2.214
-1.308 -4.081 2.206
-0.564 -4.384 2.203
1.907 -3.503 2.176
2.136 -3.352 2.169
3.157 0.969 2.124
-1.033 3.271 2.172
-3.175 0.861 2.142
-2.842 0.043 2.136
2.425 -1.177 2.124
2.809 -0.133 2.125
-2.624 -0.239 2.136
-1.395 3.133 2.299
-1.609 1.817 1.655
1.947 3.628 2.168
-1.938 -3.127 1.715
4.125 -1.460 1.906
-1.450 -4.872 2.223
-0.924 -4.777 2.210
1.722 -5.088 2.199
-0.435 -5.166 2.222
5.669 -0.010 2.197
2.451 -4.212 2.197
5.848 -2.167 2.166
5.484 -4.968 1.195
4.257 -0.506 0.286
1.947 1.527 0.235
0.943 1.551 0.225
5.988 -0.247 0.163
1.017 -2.454 0.241
3.773 1.310 0.486
2.455 1.426 0.388
-1.097 -3.223 0.510
-1.308 -10.118 1.374
3.170 -10.812 1.770
4.195 -1.304 0.811
-2.023 -4.074 1.533
3.583 1.334 1.195
5.929 -0.564 2.190
2.264 4.400 1.705
0.276 -4.551 2.207
-2.105 -5.245 2.386
0.920 -4.467 2.202
1.204 -4.331 2.193
-0.806 -4.368 2.204
-1.379 -2.097 1.125
-0.214 -4.949 2.218
3.564 -3.006 2.188
2.074 2.445 1.585
0.403 4.166 2.173
0.437 4.004 2.167
-2.590 0.600 2.142
-2.622 0.420 2.142
-0.333 1.672 1.795
-0.499 -1.724 2.124
-0.014 1.623 1.734
-1.676 0.498 1.262
-1.326 3.858 2.304
-1.205 -4.179 2.210
-0.969 -4.297 2.203
-1.132 -4.472 2.213
2.201 -4.309 2.199
0.844 -7.909 2.235
2.005 -6.186 2.191
5.543 -4.925 1.992
5.628 -4.093 2.041
4.821 1.227 1.333
-1.756 -1.240 0.470
-0.896 -10.171 2.022
5.584 -4.332 0.974
5.395 -6.352 1.601
5.718 -2.439 1.175
4.803 1.225 0.814
1.136 -2.421 0.209
-1.416 3.051 0.111
-1.921 -2.941 0.432
-2.066 -4.248 0.594
5.602 -4.204 0.994
5.713 -2.377 1.023
12.139 1.342 2.245
5.590 -4.498 2.076
-1.561 -7.663 2.229
5.709 -2.864 1.855
6.072 0.882 1.871
5.711 -2.514 1.598
1.455 -8.602 2.254
4.164 1.288 1.519
1.271 4.821 1.660
-0.923 -5.689 2.232
2.609 -4.339 2.197
2.801 -4.126 2.197
4.039 -2.413 2.017
3.876 -2.569 2.183
1.729 4.531 2.189
-1.759 -0.971 1.164
-0.770 -3.586 2.165
2.224 -0.610 2.126
2.868 0.241 2.124
3.022 1.320 2.130
-0.976 3.198 2.178
-1.307 3.318 2.379
-0.761 -3.911 2.176
0.799 -4.350 2.195
1.245 -4.112 2.187
1.383 4.808 2.178
0.507 4.804 2.191
0.719 4.872 2.142
-0.990 -6.428 2.220
3.881 -4.388 1.828
1.281 -6.011 2.212
1.994 -6.298 2.220
6.571 -1.901 2.220
4.707 1.236 1.486
4.862 1.229 1.673
3.579 -7.544 1.923
0.731 4.627 0.739
0.181 -2.295 0.100
0.430 -2.893 0.384
5.454 -5.785 1.849
5.646 -3.882 1.820
-1.677 0.646 0.692
-2.022 -4.073 1.844
-0.474 -6.328 2.230
1.341 -5.412 2.203
2.238 4.214 1.984
2.931 -4.764 2.200
3.223 -4.568 2.199
3.738 -3.987 2.198
3.903 -4.063 2.195
4.327 1.275 2.076
-1.647 1.067 0.994
3.983 -3.157 2.015
0.673 -3.734 2.173
-0.541 -4.077 2.186
-0.942 3.167 2.171
-1.654 -0.770 2.321
0.122 -2.233 2.123
-1.668 0.578 1.463
-1.952 -3.158 2.255
-1.477 -3.283 2.172
2.079 2.390 1.598
-1.472 2.591 1.483
-2.063 -4.446 2.068
-2.059 -4.565 2.116
0.770 -5.167 2.216
3.979 -3.192 1.961
3.294 -4.573 2.200
3.909 -3.972 1.872
5.731 -1.580 2.207
-1.729 0.044 0.578
-2.049 -4.194 1.246
-2.029 -3.902 1.201
-0.353 -10.218 2.200
5.724 -2.347 1.058
11.868 -1.107 1.832
5.939 -0.572 1.172
0.841 4.812 0.904
4.380 1.200 0.421
-0.507 -2.781 0.205
-1.582 -2.406 0.125
0.941 -0.966 0.149
-1.622 1.794 0.112
0.791 -2.736 0.321
0.607 -2.667 0.319
0.291 1.675 0.296
5.589 -4.450 1.540
1.205 -6.201 2.212
1.607 -6.102 2.206
5.803 0.032 2.194
-1.668 0.296 0.826
-1.915 -2.891 1.806
-2.063 -4.556 2.406
-1.174 -4.565 2.209
0.184 -4.332 2.199
2.263 -3.429 2.188
-1.774 -1.350 2.174
-1.526 1.354 2.332
-1.511 1.427 2.269
-0.805 1.725 2.011
-1.623 -0.127 2.050
3.432 -2.066 2.164
1.532 3.644 2.167
-1.702 1.736 1.231
-2.076 -4.619 2.333
-0.234 -5.180 2.221
0.254 -4.874 2.212
1.799 -4.532 2.192
2.449 -4.697 2.202
2.748 -4.177 2.195
3.977 -3.193 2.073
3.788 -2.840 2.184
-2.041 -4.169 1.433
5.526 -5.031 1.620
12.106 0.785 1.050
4.372 0.579 0.675
-0.506 -2.874 0.072
-0.667 -2.573 0.258
-1.572 1.227 0.491
6.421 -0.972 2.215
-2.041 -4.361 1.949
0.635 -4.844 2.207
5.697 -3.445 2.157
-1.190 -5.260 2.223
1.543 -4.485 2.194
3.704 -6.227 2.154
-1.054 -4.476 2.207
-0.375 -5.004 2.220
3.119 -3.418 2.190
-0.019 -4.980 2.213
3.951 -2.515 2.180
2.084 2.627 1.702
1.821 1.493 1.674
-1.801 -0.622 1.635
-0.219 1.678 2.033
-1.628 1.281 1.814
-2.811 -0.638 2.134
0.524 3.538 2.172
-1.318 3.518 2.396
-1.471 2.341 1.862
4.375 1.113 1.975
-2.130 -5.236 1.984
-1.115 -6.919 2.225
3.754 -5.690 2.039
-0.797 -2.565 0.367
-1.719 1.763 0.237
5.540 -4.917 1.914
5.937 -0.520 1.519
2.005 1.665 0.903
0.139 -5.496 2.228
-0.287 -5.752 2.225
2.182 -4.902 2.196
2.823 -4.564 2.201
1.725 4.619 2.185
0.460 4.401 2.181
-0.395 -3.708 2.168
0.379 1.627 1.941
3.088 1.066 2.132
-3.191 0.559 2.134
-1.569 -1.470 1.349
-0.049 -4.056 2.186
1.749 -3.647 2.171
3.628 1.326 1.806
0.725 4.407 2.167
-1.704 -0.282 0.827
-1.743 -5.237 2.229
-1.705 -5.308 2.220
1.991 -5.372 2.197
3.813 -5.195 2.067
5.638 -2.469 2.216
5.762 -2.169 1.829
6.596 -1.878 2.218
6.061 -1.686 2.203
4.746 1.246 1.744
3.687 -6.616 1.883
4.300 -0.001 0.523
-1.624 -1.474 0.110
-1.664 1.750 -0.076
-1.437 -2.554 0.194
0.995 -2.419 0.110
5.747 -2.250 0.570
5.408 -5.983 1.680
5.942 -0.499 1.567
2.148 3.131 1.105
-2.017 -3.847 1.284
0.038 -6.955 2.236
-2.065 -4.612 1.744
-2.106 -4.976 2.053
-0.871 -5.929 2.231
0.989 4.781 2.055
2.256 4.374 1.803
-1.518 -4.395 2.223
1.568 -3.776 2.183
2.204 -3.405 2.174
-1.065 3.322 2.172
-1.383 3.388 2.311
-1.541 -2.347 2.136
2.734 -0.715 2.124
-2.308 0.969 2.116
1.821 -1.010 2.125
2.661 0.443 2.128
-1.320 2.902 2.355
-2.938 -0.773 2.152
4.134 0.684 2.155
4.043 1.011 2.156
2.020 2.059 1.639
-1.441 -4.633 2.222
-2.083 -4.846 2.371
-1.689 -4.686 2.220
-0.142 -5.013 2.220
-0.062 -5.194 2.218
0.279 -5.177 2.218
-1.110 -4.961 2.223
1.296 -4.613 2.204
1.220 -5.523 2.218
1.517 -4.858 2.199
1.575 -5.473 2.195
1.865 -4.701 2.196
2.170 -4.575 2.202
2.416 -5.273 2.200
2.797 -5.136 2.200
6.002 0.504 2.209
6.014 0.950 2.204
5.949 -0.739 2.193
2.263 4.280 1.688
1.280 4.830 1.686
1.829 -7.284 2.238
-1.029 -7.812 2.235
5.391 -5.548 2.238
0.759 -8.724 2.260
1.084 -7.978 2.248
4.692 1.239 1.028
-1.807 -0.902 0.432
5.443 -5.503 1.226
4.229 -0.932 0.558
5.973 -0.201 0.382
0.991 -2.913 0.137
-0.380 1.829 0.015
1.024 -2.992 0.109
12.122 0.892 0.876
6.113 1.045 0.163
-1.228 -10.119 1.333
-1.609 0.910 0.518
-1.766 -0.389 0.481
5.624 -4.050 2.119
5.730 -2.379 2.057
5.962 -0.164 1.910
2.258 4.392 1.948
-1.721 0.705 0.809
-1.712 -0.404 0.745
-2.116 -5.286 2.390
0.842 -4.771 2.206
4.041 -1.011 2.167
0.723 3.803 2.170
1.809 -4.197 2.192
3.462 -2.624 2.172
3.091 0.989 2.123
-3.666 1.486 2.149
0.685 -4.208 2.191
1.307 -4.507 2.187
2.995 -3.446 2.187
4.312 1.277 1.972
3.753 1.307 1.859
1.731 4.774 2.043
0.486 4.707 1.824
-1.483 2.377 1.122
-2.054 -4.400 1.605
-2.158 -5.560 1.926
-1.335 -6.424 2.235
0.672 -7.065 2.178
1.454 -7.790 2.239
5.490 -5.499 2.175
3.546 -5.456 2.217
1.209 -10.661 2.170
3.763 -5.799 1.380
-1.366 -2.431 0.107
5.479 -5.522 0.218
-1.777 -1.304 0.115
-0.252 -2.196 0.188
0.781 4.607 0.865
-2.106 -4.814 1.376
2.284 4.603 1.667
-1.594 -5.085 2.226
-0.601 -5.244 2.221
-1.977 -3.360 1.558
3.351 -3.722 2.201
3.978 -2.887 2.191
1.769 4.644 2.176
0.990 4.069 2.173
-2.694 0.533 2.133
-1.737 -1.017 1.659
2.364 -1.130 2.125
2.116 -1.750 2.123
-1.719 -0.401 1.582
-1.775 -1.321 2.065
-0.823 3.196 2.178
1.825 -4.131 2.187
2.050 -3.269 2.174
2.376 -3.935 2.194
3.730 -2.448 2.174
2.233 4.141 2.141
1.458 4.565 2.182
-1.342 3.544 1.736
-1.033 -5.864 2.229
-1.391 -6.137 2.236
3.280 -5.229 2.210
3.772 -5.660 2.208
5.714 -3.031 1.986
5.971 -0.065 1.911
3.677 1.332 1.215
5.496 -5.567 1.804
12.100 0.814 1.995
12.178 1.608 1.758
-1.378 3.491 0.411
-1.425 0.324 0.129
-1.302 -1.609 0.460
5.404 -6.373 1.931
5.711 -2.416 1.290
3.534 -4.378 2.197
2.145 -5.354 2.193
2.797 -5.046 2.202
3.288 -4.647 2.211
5.590 -1.026 2.224
5.674 -0.244 2.223
1.047 4.846 2.185
2.250 4.268 2.102
1.039 4.579 2.182
2.000 4.564 2.183
0.711 4.627 2.179
1.645 -3.486 2.173
-1.975 -3.560 2.088
-2.011 -3.921 2.158
0.190 -3.823 2.172
0.441 -3.777 2.170
-1.480 -1.475 1.261
3.732 -0.273 2.152
-0.282 3.445 2.172
-0.546 3.384 2.166
2.008 1.478 1.981
-1.121 -2.165 2.124
-0.951 -2.215 2.125
0.604 1.636 1.802
-0.907 -1.517 2.121
-1.424 2.713 2.312
1.987 -3.373 2.175
2.784 -3.151 2.184
1.454 4.007 2.160
-1.949 -3.180 1.640
0.208 -5.285 2.224
1.381 -4.837 2.196
-0.839 -5.203 2.216
5.643 -1.568 2.205
5.980 0.054 2.191
-0.066 1.776 0.665
5.713 -3.056 1.483
0.524 -2.915 0.704
5.488 -5.573 2.111
-1.376 3.481 0.559
4.273 -0.549 0.589
-1.377 2.541 0.257
-1.391 2.985 0.085
3.357 -10.682 1.941
5.600 -4.391 1.476
-0.093 -6.641 2.227
0.374 -6.582 2.230
1.717 -6.202 2.211
5.381 -3.092 2.210
-1.668 1.681 1.097
3.649 -1.522 2.152
3.995 0.746 2.149
3.975 0.994 2.153
-0.072 3.629 2.157
-1.321 1.787 1.802
-1.743 -0.626 1.591
-2.240 1.842 2.106
3.604 1.129 2.141
-0.613 -5.016 2.221
2.406 -4.961 2.200
3.052 -4.254 2.203
5.693 -1.895 2.197
3.333 -4.066 2.205
3.708 -3.837 2.203
1.262 -5.202 2.212
1.608 -5.101 2.203
3.981 -3.293 1.950
-0.404 -4.612 2.207
3.602 -7.498 2.190
3.573 -6.151 2.213
5.595 -4.370 1.552
3.859 -4.459 1.862
-1.617 0.455 0.510
12.115 0.918 1.102
0.790 -2.941 0.107
0.926 -2.793 0.124
5.734 -2.289 1.082
4.161 1.274 0.832
3.736 -5.861 2.053
3.799 -5.158 1.901
5.649 -3.772 2.095
-1.319 -4.516 2.209
-1.013 -5.074 2.222
1.601 -4.529 2.203
1.914 -4.517 2.196
3.617 -3.300 2.187
-0.630 -5.118 2.225
0.059 -5.072 2.221
0.641 -5.132 2.217
4.073 -2.061 2.003
3.021 -3.697 2.193
3.106 -3.726 2.194
-1.369 3.333 1.942
-3.009 1.935 1.886
1.056 -3.193 2.174
-1.323 1.790 1.678
-0.416 -1.984 2.125
-0.845 -1.576 2.123
1.269 1.520 2.127
2.513 0.370 2.127
-1.925 -2.944 1.886
1.717 -3.636 2.177
3.084 -3.062 2.179
-1.602 0.521 0.701
-1.574 -6.088 2.224
1.816 -6.185 2.203
5.957 -0.437 1.850
-1.396 3.254 1.053
0.051 -10.262 2.053
-1.360 -10.125 2.025
-1.383 2.699 0.473
-1.728 -0.026 0.315
5.754 -2.415 0.439
0.578 -2.713 0.069
-1.254 -2.679 0.271
0.350 1.622 0.211
-4.059 2.100 0.191
-0.326 -3.145 0.389
2.116 1.458 0.286
5.414 -6.391 2.068
5.388 -5.981 1.949
6.058 0.680 1.807
-1.666 -0.107 0.668
-2.031 -4.169 1.696
-0.462 -6.217 2.225
-0.809 -5.363 2.216
1.623 -5.231 2.197
2.150 3.388 1.825
2.230 4.092 2.153
3.168 -4.457 2.201
5.770 0.676 2.175
3.569 -4.200 2.196
-1.715 -3.890 2.209
-1.918 -2.912 1.905
0.622 -3.675 2.172
-0.733 -1.666 2.123
-0.786 3.157 2.176
-3.455 -0.258 2.154
1.788 -3.328 2.170
2.008 -3.255 2.172
3.948 -2.211 2.172
4.288 1.278 2.107
-1.925 -3.036 1.501
-1.650 -5.148 2.223
1.092 -5.811 2.216
1.393 -5.090 2.212
1.985 -5.261 2.199
5.932 -1.653 2.219
5.999 -0.003 2.107
3.641 1.329 1.307
1.602 4.800 1.560
5.717 -2.658 0.426
4.215 -0.273 0.565
-0.503 -2.740 0.204
2.823 1.403 0.249
-1.396 2.776 0.445
5.634 -3.901 1.549
2.018 1.951 0.766
-0.704 1.712 0.594
-1.596 0.709 0.584
2.632 -5.950 2.209
5.682 -1.567 2.207
4.122 -2.093 1.697
5.608 -1.938 2.197
4.059 1.292 1.555
2.093 2.934 1.299
2.256 4.458 1.753
1.727 4.800 2.176
-0.281 -4.224 2.193
1.990 -3.580 2.179
2.383 -3.255 2.174
0.261 -4.221 2.195
0.572 -4.064 2.189
0.786 -4.036 2.182
3.258 -2.729 2.166
3.142 1.204 2.123
3.711 1.328 1.999
-0.661 3.619 2.175
-1.428 2.872 1.996
3.036 0.398 2.124
-1.523 1.470 1.884
-1.623 -0.176 1.681
1.726 2.117 2.139
2.694 -1.197 2.125
-3.032 -0.792 2.153
4.094 -0.462 2.164
4.088 -0.138 2.161
1.000 3.914 2.170
0.550 -4.783 2.197
0.995 -4.525 2.203
3.815 -3.377 2.195
5.709 -1.096 2.203
5.753 -0.722 2.195
-0.559 -7.257 2.227
-1.957 -7.549 2.229
5.663 -3.707 1.581
5.400 -6.183 2.022
12.095 0.701 2.256
5.555 -4.871 1.741
4.848 1.221 1.300
2.000 -3.052 0.696
0.031 -2.124 0.226
3.671 1.323 0.494
-1.208 -10.080 1.301
5.480 -5.044 1.155
5.700 -2.849 0.927
-0.102 -7.450 2.237
3.706 -6.258 2.225
5.983 -0.080 2.143
1.622 -4.338 2.193
3.702 -2.400 2.170
1.907 -4.244 2.192
1.960 4.043 2.167
1.305 4.196 2.171
-2.090 -4.796 2.313
-1.513 -4.536 2.216
0.953 -4.618 2.205
1.482 -4.545 2.195
3.446 -2.606 2.175
-1.063 -4.438 2.210
-0.703 -4.974 2.218
1.530 2.734 2.155
-1.233 2.528 2.211
-1.765 -0.795 1.609
-1.571 0.439 1.783
-1.589 -0.610 2.273
-1.658 -1.118 2.325
1.825 -1.217 2.127
-1.777 0.340 1.614
1.145 -3.194 2.178
-1.146 -4.115 2.209
-1.101 -4.124 2.193
-0.863 -4.212 2.199
1.323 -4.469 2.196
2.208 -4.429 2.195
2.902 -4.189 2.198
3.808 -2.495 2.175
3.563 -2.316 2.175
4.000 -2.228 2.175
-1.307 1.775 0.970
1.982 -5.993 2.206
2.764 -6.260 2.205
-2.049 -4.224 1.671
5.491 -5.462 2.185
7.016 -0.992 2.229
5.949 -0.497 1.464
5.957 1.176 1.680
5.634 -3.365 1.311
5.717 -3.038 1.078
-1.520 -1.472 0.239
0.756 3.337 0.102
0.994 -2.855 0.104
12.163 0.965 0.886
-0.016 1.776 0.177
-1.455 2.896 0.634
-1.324 -1.587 0.558
5.472 -5.644 2.077
0.500 -5.305 2.220
0.853 -5.230 2.229
2.161 -4.780 2.203
2.198 -4.757 2.194
2.474 -4.633 2.197
2.976 -4.264 2.195
3.211 -3.988 2.202
4.346 1.278 1.945
2.227 4.035 2.092
2.003 4.350 2.175
1.540 3.944 2.156
0.672 4.890 2.191
0.752 4.236 2.179
-1.385 3.274 1.795
-1.511 -3.324 2.181
-1.311 -3.390 2.172
-0.213 -3.683 2.168
3.079 0.697 2.116
2.799 -0.221 2.125
0.668 2.219 2.140
-0.474 1.734 1.702
1.862 -0.891 2.126
-1.778 -1.252 1.311
4.067 -1.847 2.170
0.445 -4.072 2.184
-1.142 -3.660 2.187
0.688 -4.027 2.184
3.313 -2.838 2.174
-1.992 -3.725 1.665
-2.056 -4.398 1.894
-1.773 -5.539 2.231
-1.371 -5.805 2.230
6.146 -0.852 2.206
5.951 -0.395 1.815
6.337 -1.742 2.220
-2.143 -5.139 1.341
3.607 -7.390 1.972
5.728 -2.448 1.384
-1.570 1.212 0.275
-1.164 -3.170 0.437
4.292 -0.446 0.325
3.805 1.319 0.347
3.223 1.363 0.310
-1.318 -5.782 2.235
-0.808 -6.536 2.243
-2.140 -5.458 2.054
-0.012 -5.716 2.228
1.064 -5.737 2.213
1.742 -5.812 2.203
2.486 -5.217 2.203
2.825 -5.033 2.203
3.915 -3.931 2.090
6.028 0.921 2.203
2.123 3.013 1.656
-1.379 3.378 1.681
-0.709 -3.687 2.182
1.220 -3.698 2.171
3.976 -0.089 2.147
0.427 3.541 2.178
-1.309 1.696 2.178
-0.922 3.133 2.173
-1.321 1.784 1.632
-1.574 1.153 1.364
-1.474 -3.235 2.176
0.769 -3.678 2.175
1.474 -3.735 2.180
4.084 0.663 2.159
1.063 4.187 2.162
2.029 3.677 2.172
-2.055 -4.486 2.151
-1.962 -3.289 1.696
-2.006 -3.912 1.896
5.732 -1.103 2.202
5.948 -0.310 2.177
4.182 1.281 1.523
-2.065 -4.326 1.329
12.099 0.822 1.970
2.457 1.425 0.637
-0.968 1.767 0.470
-1.983 -3.309 0.580
0.392 -2.805 0.137
4.140 1.292 0.088
0.457 -2.678 0.305
12.144 1.043 1.047
5.471 -5.672 1.568
-2.248 -6.657 2.395
1.266 -6.649 2.181
3.819 -5.115 2.096
3.873 -4.491 1.962
2.301 4.650 1.683
2.283 4.524 1.887
2.262 4.442 1.977
3.918 -1.785 2.166
4.071 -1.544 2.175
3.847 -1.254 2.159
3.978 -0.448 2.158
-1.345 3.700 2.237
-1.112 3.666 2.204
1.614 -2.547 2.128
-0.343 -1.938 2.124
-1.347 1.654 2.217
2.323 -0.361 2.125
-1.608 1.275 1.565
1.748 -2.521 2.126
-1.845 -0.901 0.721
-0.878 -6.790 2.236
1.299 -7.699 2.243
3.757 -5.721 1.874
5.613 -4.161 1.806
5.695 -3.234 1.487
5.946 -0.487 1.298
3.774 1.302 0.984
4.155 -1.324 0.138
12.218 1.578 0.350
-0.336 -3.108 0.386
1.097 1.626 0.520
5.553 -4.620 1.073
0.600 4.846 0.760
2.532 -8.178 2.240
3.048 -7.835 2.230
2.544 -7.533 2.231
6.037 0.370 2.044
0.794 4.858 1.564
-1.967 -3.399 1.600
-0.088 -4.847 2.210
3.692 -2.697 2.180
3.794 -2.471 2.182
4.133 0.345 2.166
1.619 4.129 2.171
1.280 4.477 2.174
0.944 4.301 2.169
-1.326 -3.603 2.184
2.500 1.429 1.914
1.929 1.520 1.646
-2.614 -0.128 2.136
1.618 3.022 2.148
-1.711 -3.677 2.188
3.452 -2.528 2.172
1.857 -4.312 2.191
-1.967 -3.476 2.179
-2.038 -4.353 1.796
5.947 -0.405 1.998
5.979 -0.021 1.855
-0.619 -10.196 2.134
2.013 1.945 0.473
-1.702 0.037 0.309
0.822 4.680 0.832
3.257 -4.430 2.207
0.871 -6.022 2.220
3.464 -4.249 2.203
-1.077 -5.346 2.218
5.910 0.368 2.197
1.294 4.835 2.065
0.896 4.681 1.997
0.412 4.545 2.179
-0.942 -3.531 2.173
-0.510 -3.670 2.170
0.860 -3.701 2.174
0.911 -3.629 2.175
0.156 -3.791 2.167
-1.467 1.779 1.592
-1.606 -1.474 1.810
2.260 -1.525 2.124
-1.775 -0.077 1.633
-3.268 0.855 2.140
-0.341 -3.626 2.178
1.268 -3.708 2.174
2.830 -3.255 2.182
3.661 1.337 1.973
1.070 4.274 2.185
0.666 4.622 2.183
-0.270 -5.236 2.224
0.091 -5.249 2.218
0.969 -5.449 2.220
2.190 -5.901 2.205
2.351 -5.044 2.196
5.584 -4.168 2.222
5.520 -2.286 2.203
6.013 -2.193 1.991
6.138 -2.171 2.190
3.037 1.381 1.160
5.983 -0.085 1.098
1.963 1.608 0.262
-1.368 3.584 0.371
3.658 1.325 0.426
3.138 1.377 0.335
4.126 -2.090 0.356
4.194 1.271 0.628
3.916 1.305 0.236
5.977 1.119 0.315
-1.799 -1.317 0.551
3.711 1.319 0.843
2.391 -5.963 2.204
0.255 -6.859 2.228
1.968 4.778 1.808
3.832 -4.988 2.148
0.786 -6.297 2.225
1.547 -6.461 2.209
3.909 -3.978 1.980
4.146 1.293 1.824
-1.439 -7.424 2.231
3.913 -3.896 1.918
3.981 1.306 1.511
5.828 -1.169 2.202
-0.779 -4.635 2.199
-0.943 -4.025 2.191
1.526 -3.985 2.192
1.639 -3.899 2.189
2.476 -3.310 2.179
2.029 1.839 1.659
-1.534 1.767 1.488
-0.625 -2.139 2.125
2.539 0.348 2.126
-1.720 -0.289 1.358
-1.609 -1.473 1.571
-1.338 3.727 2.298
-2.013 -3.966 2.084
2.387 -4.612 2.196
1.057 -4.943 2.205
3.882 -4.300 2.207
5.764 -2.012 2.202
3.796 -5.326 1.825
5.773 -2.178 1.451
-2.185 -5.644 1.726
4.692 1.242 1.211
5.597 -4.218 1.707
5.648 -3.853 1.495
3.692 -6.615 1.947
2.493 1.429 0.732
-1.131 -10.109 1.492
5.581 -3.741 1.145
5.977 -0.138 0.429
12.179 1.638 1.084
4.404 0.570 0.558
0.826 4.834 0.466
-0.424 -2.948 0.054
-1.094 -2.758 0.227
1.051 -2.361 0.242
0.320 -3.167 0.266
1.974 4.756 0.467
-1.231 -3.195 0.526
4.853 1.218 1.100
-2.108 -4.883 1.543
3.690 -6.563 2.210
5.590 -4.295 2.220
6.028 0.719 2.187
1.923 4.795 1.565
-1.793 -0.861 0.852
-1.799 -4.546 2.210
-0.733 -4.593 2.208
-0.108 -5.198 2.223
1.287 -4.634 2.195
1.315 -4.574 2.196
2.191 -4.190 2.194
2.385 -4.048 2.189
2.429 -4.057 2.191
2.839 -3.630 2.189
2.505 -4.058 2.193
3.790 -3.061 2.183
3.981 -2.804 2.188
4.083 -2.082 2.045
-1.333 3.610 2.118
2.717 0.429 2.126
-1.851 -0.579 1.539
2.701 0.576 2.126
-0.286 3.485 2.177
-0.562 3.478 2.178
0.176 -4.084 2.187
2.533 -4.239 2.193
3.823 -2.955 2.186
3.131 -5.460 2.221
3.873 -4.455 2.027
6.007 0.328 1.882
1.094 1.530 0.622
-1.938 -3.059 0.790
4.416 1.197 0.645
0.368 -2.758 0.210
0.936 -2.803 0.187
1.222 -1.046 0.164
0.104 -3.170 0.461
-1.380 3.439 0.648
-0.980 -8.259 2.240
3.746 -5.651 1.734
5.407 -6.301 2.134
5.713 -2.381 1.793
-1.792 -0.581 0.768
-1.853 -5.547 2.233
-0.114 -5.247 2.221
0.545 -5.423 2.219
-1.053 -5.103 2.221
1.864 -5.165 2.191
1.303 -5.109 2.204
3.232 -4.314 2.201
4.317 0.952 2.172
1.267 4.161 2.172
2.115 4.744 2.184
2.812 0.003 2.123
1.849 1.911 2.112
-0.166 1.655 2.026
1.393 1.954 2.127
1.706 2.692 2.138
-0.604 3.424 2.165
-1.375 3.372 2.187
-1.093 -3.653 2.180
2.592 -3.350 2.180
4.009 0.384 2.154
1.648 4.374 2.175
-2.050 -4.444 1.937
5.549 -4.788 2.219
3.989 -3.133 1.838
5.994 -0.006 2.159
6.003 -0.778 2.202
5.688 1.166 2.022
-2.578 -9.792 2.346
5.667 -3.432 1.399
2.444 1.429 0.542
2.504 1.425 0.582
-1.254 1.871 0.268
-1.643 0.533 0.079
-3.190 0.688 -0.241
5.677 -3.284 1.635
5.383 -6.140 1.923
-1.727 0.012 0.594
3.553 -4.585 2.198
3.961 -3.506 2.069
4.001 -2.884 1.822
3.694 1.320 1.697
2.282 4.609 1.960
-1.573 1.169 1.056
-1.971 -3.430 2.154
0.308 -3.869 2.177
-0.370 3.428 2.172
2.928 -0.059 2.121
-1.790 -1.481 2.087
4.112 0.091 2.167
1.306 4.038 2.167
-0.511 -5.024 2.223
2.014 -4.558 2.199
-0.408 -5.139 2.220
2.220 -5.597 2.200
0.396 -5.453 2.218
1.856 -5.244 2.195
5.777 -0.269 2.195
5.852 0.953 2.188
-2.143 -5.325 1.621
5.634 -3.954 1.712
5.693 -2.587 1.365
4.434 1.228 0.952
-1.440 2.911 0.514
-1.991 -3.361 0.646
-1.591 1.236 -0.046
-1.466 1.777 -0.078
3.648 1.319 0.422
3.056 1.370 0.485
5.667 -3.359 1.349
5.685 -2.686 1.238
12.102 0.690 1.733
-2.137 -5.210 1.565
-2.152 -5.372 1.929
0.863 -6.748 2.189
2.163 -7.012 2.234
3.823 -5.007 2.029
5.699 -2.377 2.200
5.530 -4.565 2.226
5.808 1.148 1.945
-1.993 -3.619 1.751
1.795 -4.062 2.187
3.817 -2.036 2.162
4.250 0.569 2.159
4.171 0.857 2.150
0.397 3.902 2.175
-1.349 3.595 2.222
-1.418 1.776 1.382
-1.686 -0.708 2.328
1.270 -1.549 2.126
-1.192 2.765 2.202
-2.357 1.296 2.143
3.853 0.481 2.145
-1.689 -4.130 2.213
2.608 -3.857 2.192
3.350 -3.320 2.188
4.182 -1.028 1.800
3.640 1.330 1.765
-1.666 -6.967 2.231
-1.227 -6.828 2.240
-0.873 -6.662 2.230
5.946 -0.421 1.663
3.374 -5.811 2.219
0.826 1.627 0.537
8.448 1.189 2.227
2.426 1.427 0.469
-1.401 1.777 -0.005
0.979 -2.938 0.140
1.616 -2.802 0.171
-1.930 -3.127 0.326
-1.373 2.772 0.282
-1.615 0.575 0.292
-1.189 -3.200 0.469
-1.993 -3.694 0.545
4.370 1.256 0.672
4.159 1.268 0.779
-1.696 -8.239 2.244
1.018 -8.786 2.248
3.595 -7.593 2.186
3.834 -5.139 1.777
5.484 -5.596 2.184
5.654 -3.422 1.714
5.892 1.130 1.976
-1.686 0.328 0.761
3.049 -4.151 2.198
0.089 -5.359 2.222
0.172 -5.135 2.217
3.941 -3.154 2.198
0.954 4.653 2.184
2.091 3.794 2.171
-1.375 3.389 1.888
-1.589 1.808 1.353
-1.936 -2.952 2.246
-1.384 -3.429 2.181
2.930 1.379 2.002
2.413 -1.296 2.125
-1.234 1.092 2.122
1.677 -0.113 2.128
-0.543 3.549 2.168
-0.800 3.085 2.177
-1.052 3.351 2.179
-0.330 3.381 2.175
-1.996 -3.619 2.285
3.674 1.325 1.712
-1.370 3.377 1.730
-2.063 -4.555 1.862
-1.925 -2.941 1.348
-1.921 -3.053 1.399
3.879 -4.425 2.183
5.706 -2.500 1.883
-1.928 -3.020 0.855
-0.406 -10.209 2.070
5.655 -3.817 1.481
1.111 -2.634 0.421
-1.380 -2.058 0.329
4.398 1.199 0.701
4.238 -0.549 0.104
5.478 -5.550 0.296
4.293 -0.244 0.603
3.551 1.332 0.566
-2.052 -4.060 1.090
5.420 -6.269 1.931
5.643 -3.665 1.632
-1.072 -6.087 2.241
-0.626 -6.161 2.233
-0.328 -6.427 2.230
3.748 -4.313 2.204
4.376 1.042 1.804
2.739 -5.123 2.206
0.648 4.837 2.194
0.949 -3.738 2.179
-1.775 -1.285 1.684
-0.850 1.735 1.764
-1.672 -0.692 2.163
0.152 1.747 1.707
-1.425 2.707 2.202
-1.405 -3.228 2.175
0.021 -3.721 2.175
4.113 0.915 2.154
0.417 4.288 2.182
-1.844 -5.010 2.228
-1.078 -5.507 2.229
1.081 -4.984 2.209
1.756 -4.780 2.199
3.878 -4.410 1.999
-2.044 -4.194 1.309
1.634 -9.593 2.260
5.381 -6.128 2.189
4.724 1.247 1.125
4.392 0.655 0.560
2.478 1.440 0.068
-1.572 -2.766 0.178
-0.779 -2.418 0.127
0.673 -2.729 0.314
5.704 -2.620 0.476
3.875 1.324 0.178
3.121 1.370 0.382
-1.081 -10.117 1.537
5.660 -3.843 1.437
-1.873 -1.087 0.772
6.216 -2.195 2.092
0.789 4.866 1.768
4.224 -0.291 1.338
-0.779 -4.676 2.212
-2.003 -3.846 2.039
0.494 -4.548 2.202
2.143 -3.697 2.186
3.267 -2.185 2.155
3.541 -2.281 2.160
3.910 -2.112 2.173
3.738 -1.268 2.152
2.829 -0.837 2.124
-1.447 1.778 1.641
-2.872 -1.223 2.160
3.881 0.760 2.143
0.708 3.894 2.166
-3.141 1.938 2.045
2.687 -4.359 2.199
-1.474 2.416 1.670
4.027 -2.269 2.183
1.468 3.545 2.168
3.192 -3.657 2.194
-0.560 3.653 2.178
1.204 3.616 2.161
3.587 -3.811 2.197
5.582 -1.898 2.208
-1.377 -2.022 1.224
2.045 -4.654 2.193
4.237 1.290 1.836
-2.030 -4.072 1.456
-2.051 -4.190 1.494
-2.253 -6.484 2.181
5.707 -2.466 1.859
5.955 -0.437 1.717
1.436 1.581 0.581
5.397 -6.095 1.510
1.618 -2.774 0.167
4.288 -0.532 0.079
5.985 -0.156 0.234
2.479 -10.758 1.445
0.043 -3.103 0.455
3.283 -10.812 1.497
-1.598 -7.747 2.233
-0.570 -7.842 2.232
-1.351 3.546 1.423
-1.469 2.324 1.032
3.497 -2.930 2.185
3.972 -1.834 2.168
4.114 -1.316 2.163
1.856 3.926 2.169
1.655 4.310 2.172
1.312 4.412 2.170
0.952 4.207 2.179
0.969 3.985 2.179
0.641 4.226 2.177
1.357 -3.154 2.172
1.601 -0.803 2.126
2.951 1.380 1.970
2.858 -3.976 2.192
0.727 -4.355 2.202
0.894 -4.131 2.198
3.327 -2.791 2.177
1.226 -6.017 2.211
-2.070 -4.656 1.755
3.709 1.325 1.101
5.992 -0.004 1.521
3.126 -5.866 2.221
-0.553 -10.202 2.065
2.550 -10.723 1.908
-1.018 -0.645 0.140
3.553 1.322 0.617
-1.387 2.738 0.562
-1.231 -5.487 2.225
-2.041 -4.200 1.756
-2.154 -5.786 2.387
0.870 -5.875 2.218
0.564 -5.561 2.214
1.996 -5.052 2.197
2.954 -4.614 2.201
3.587 -3.845 2.198
0.986 4.570 2.187
0.579 -3.746 2.175
1.155 -2.476 2.116
-0.495 -2.125 2.124
2.951 0.953 2.131
2.822 0.823 2.130
-1.964 -3.198 2.242
2.540 -3.265 2.173
4.049 -2.198 2.175
4.210 1.283 2.036
3.666 1.322 1.892
2.141 3.982 2.163
-2.131 -5.688 2.451
3.870 -4.430 1.924
6.357 -2.209 2.181
5.667 -3.437 2.216
6.050 -1.625 2.214
5.578 -1.496 2.214
-2.040 -3.995 1.157
-2.008 -3.588 1.041
5.379 -6.558 1.922
-1.226 1.721 0.414
-1.925 -3.159 0.421
0.396 -10.286 1.871
12.083 0.716 2.147
1.480 -6.326 2.216
1.151 -6.043 2.220
-0.061 -6.244 2.229
3.050 -5.276 2.215
6.437 -0.867 2.216
1.633 4.629 2.189
0.887 4.719 2.040
0.747 -4.034 2.181
3.900 -1.430 2.157
3.598 0.259 2.145
-1.431 2.797 2.017
-1.830 -0.220 1.579
-0.719 -1.617 2.125
-1.921 -0.714 1.517
2.072 2.455 1.734
1.336 3.878 2.168
-1.054 -4.839 2.215
0.481 -4.751 2.179
1.714 -4.479 2.193
3.273 -4.512 2.206
2.277 4.557 1.769
-1.994 -3.534 1.196
3.767 -5.668 1.645
3.803 -5.303 1.746
5.383 -6.032 1.910
4.372 0.282 0.524
3.906 1.317 0.145
3.167 1.371 0.326
2.037 2.226 0.425
5.942 -0.453 1.287
1.326 -6.984 2.193
5.678 -2.428 1.777
6.481 -2.243 1.986
0.900 4.687 1.853
2.685 -3.812 2.190
0.989 -4.514 2.199
1.277 -4.401 2.193
4.033 0.718 2.156
1.587 4.069 2.170
0.639 3.996 2.174
0.470 3.771 2.174
-3.339 1.476 2.164
2.679 -0.798 2.124
2.896 -0.038 2.123
-0.917 1.499 2.126
-1.570 -1.434 2.186
1.006 -2.146 2.125
-2.029 -4.132 2.353
-0.817 -4.422 2.211
2.637 -4.406 2.201
3.651 -2.282 2.171
-1.471 2.647 1.283
-2.182 -5.712 1.996
2.336 -7.163 2.235
3.759 -5.949 2.176
1.320 -6.343 2.213
5.592 -4.310 1.727
3.874 -4.401 2.007
5.694 -3.187 1.555
5.945 -0.424 1.835
-1.660 0.088 0.467
12.194 1.778 1.896
-0.032 -2.142 0.245
0.918 -2.624 0.373
0.419 1.615 0.162
0.610 4.904 0.711
-0.349 -5.771 2.231
5.541 -4.919 2.035
3.941 1.308 1.419
5.514 -5.266 2.019
-2.043 -4.222 1.872
1.162 -5.412 2.214
0.952 1.627 0.646
3.457 -3.654 2.201
3.628 -7.162 2.104
4.183 1.296 1.944
2.078 2.362 1.376
-1.900 -2.877 2.011
-1.443 -3.309 2.173
1.400 -3.319 2.175
3.234 0.841 2.125
-2.479 1.274 2.131
-2.667 -0.071 2.118
2.309 -1.231 2.122
2.179 -0.412 2.126
1.109 1.600 1.703
2.776 0.317 2.123
-1.947 -3.153 2.140
3.980 -1.196 2.158
4.305 1.292 1.992
1.646 4.401 2.182
0.622 4.897 2.186
1.407 -5.799 2.211
3.918 -3.923 2.076
6.028 0.418 2.120
-2.045 -4.197 1.157
-2.063 -4.364 1.157
-2.470 -9.831 2.222
2.422 -9.066 2.245
5.550 -4.380 1.045
4.416 1.208 0.735
1.923 4.791 0.825
5.732 -2.825 0.569
5.461 -5.517 0.367
-1.373 3.478 0.278
-1.391 3.156 0.056
-1.382 2.464 0.221
-1.367 -2.477 0.197
-0.782 -2.574 0.224
-1.366 2.332 0.139
4.218 -1.108 0.545
4.220 1.261 0.599
3.018 1.373 0.580
2.729 1.410 0.319
2.356 1.432 0.242
1.857 4.790 0.710
5.443 -5.921 1.792
5.945 -0.443 1.595
2.862 -5.186 2.208
0.707 4.760 2.186
-1.977 -3.696 2.377
1.992 -3.467 2.171
0.243 -3.968 2.176
2.271 4.471 1.917
2.204 -3.287 2.174
2.260 4.409 2.127
-1.808 -1.497 1.185
2.003 4.754 2.015
1.190 -3.737 2.173
1.276 4.824 2.195
1.292 4.621 2.185
0.844 4.685 1.880
1.428 -3.673 2.175
3.141 0.731 2.121
1.905 -3.391 2.172
3.224 1.329 2.133
2.027 -1.589 2.121
-1.798 -1.062 2.225
2.605 -1.633 2.121
-1.363 -2.101 1.580
-1.975 1.825 2.083
3.404 -3.742 2.202
0.902 -5.751 2.220
0.718 4.881 1.673
5.548 -1.463 2.208
1.393 -4.765 2.196
6.144 -1.157 2.198
5.655 -1.060 2.194
1.970 -4.921 2.199
2.231 4.156 1.597
5.829 0.115 2.193
5.835 -2.011 2.206
-1.680 0.565 0.716
3.762 -5.655 1.913
3.759 -5.710 1.553
-2.051 -4.224 1.369
3.795 -5.336 1.656
5.394 -6.529 2.087
5.637 -3.815 1.829
5.645 -3.261 1.180
2.693 1.408 0.227
-1.086 -2.761 0.224
4.436 1.228 0.871
0.392 -2.834 0.155
-0.896 -2.749 0.207
-2.026 -4.046 0.682
0.308 1.614 0.055
-0.458 1.847 0.003
5.728 -2.663 0.427
5.971 1.164 0.191
2.757 -10.691 1.882
5.969 -0.141 0.959
12.187 1.617 1.818
-1.634 -6.335 2.232
1.349 -6.478 2.209
0.747 -7.040 2.204
1.183 -6.890 2.186
1.709 -7.209 2.239
0.909 -6.482 2.197
6.256 -0.741 2.210
5.730 -0.096 2.194
6.090 1.021 1.853
2.278 4.743 1.714
1.905 4.775 1.715
-1.674 -0.071 0.792
-1.774 -0.845 0.832
0.662 -4.286 2.201
2.388 -3.608 2.190
4.206 0.504 2.171
2.126 3.107 2.139
-1.925 -3.034 2.315
2.745 -1.603 2.122
2.986 0.186 2.119
0.774 -1.665 2.122
-1.725 1.386 2.006
-1.351 2.664 2.382
2.078 2.511 1.919
1.658 3.372 2.157
-1.343 3.628 2.246
-2.040 -4.146 2.230
0.512 -4.998 2.219
0.212 -4.419 2.204
1.233 -4.960 2.208
3.536 -3.714 2.201
2.342 -4.327 2.188
3.591 -3.151 2.183
3.937 -2.215 2.181
4.278 -0.427 1.657
4.205 1.297 1.842
3.716 1.322 1.768
5.670 -3.610 1.751
3.703 -6.489 2.050
5.989 -0.015 1.595
1.941 4.776 1.975
5.487 -5.401 2.012
-11.525 3.509 3.668
-1.328 -6.720 2.233
5.554 -4.732 1.904
1.413 1.580 0.582
5.528 -4.766 0.950
5.637 -3.762 1.249
4.421 1.177 0.591
-1.359 -1.794 0.240
-0.919 -2.902 0.250
3.256 1.367 0.213
-1.922 -3.035 0.510
2.878 -10.637 1.589
12.086 0.798 2.289
12.145 1.581 2.300
0.605 -7.712 2.234
2.175 -7.529 2.230
5.607 -4.270 2.041
2.287 4.627 1.848
1.849 4.789 1.590
-2.064 -4.577 1.932
1.052 -5.170 2.220
1.692 -4.818 2.195
1.488 -4.717 2.192
2.323 -4.391 2.199
3.529 -3.660 2.196
3.675 -2.997 2.183
3.826 -3.045 2.189
4.100 0.601 2.150
3.843 1.314 1.759
2.190 3.965 2.173
0.966 3.962 2.172
-1.674 0.253 1.054
-1.372 -2.044 1.476
-1.920 -2.908 2.306
-0.931 -3.524 2.173
2.881 -0.397 2.125
2.893 -0.185 2.122
-2.322 1.099 2.120
2.304 -1.355 2.122
-1.411 -2.129 1.948
-1.496 -2.263 2.082
0.127 -4.238 2.191
3.257 -3.198 2.183
3.300 -2.751 2.170
3.713 -2.755 2.176
-2.064 -4.560 1.798
2.162 -6.442 2.209
3.687 -4.737 2.208
3.971 -3.598 1.800
5.700 -3.024 1.892
-2.050 -3.988 1.040
5.459 -5.762 1.503
-1.492 -1.484 0.319
-1.603 1.772 0.170
-1.422 2.835 0.537
-1.736 -10.086 2.003
5.552 -4.987 1.735
5.581 -4.538 1.743
5.654 -3.807 1.810
0.782 1.628 0.633
-1.688 0.474 0.705
-1.920 -3.007 1.279
-2.152 -5.473 2.172
-1.723 -6.207 2.229
2.648 -4.915 2.204
3.972 -3.206 2.166
5.862 -0.465 2.203
1.645 4.763 2.194
-1.426 2.927 1.577
-0.814 -3.679 2.175
-0.419 3.214 2.176
-1.712 -3.242 2.193
2.992 -2.834 2.166
1.593 4.225 2.171
-1.375 3.287 1.759
0.580 4.770 2.193
-1.221 -5.342 2.217
3.035 -4.384 2.198
5.664 -3.335 2.210
6.371 -2.131 2.224
2.489 1.428 0.941
-1.996 -3.564 1.073
-2.053 -4.237 1.255
5.384 -6.493 1.915
5.592 -4.443 1.581
3.771 -5.528 1.775
-1.738 -0.309 0.349
4.326 0.079 0.560
-1.186 1.777 0.208
-0.523 -3.013 0.306
5.994 -0.102 0.344
2.061 2.366 0.459
3.833 1.308 1.140
-1.752 -0.597 0.673
-1.928 -3.058 1.346
-2.121 -4.960 1.848
-1.876 -5.755 2.229
1.538 -6.245 2.213
2.284 4.706 1.916
2.233 4.438 2.180
1.608 -3.728 2.179
3.719 -1.983 2.158
0.409 3.657 2.177
0.432 3.389 2.177
1.977 1.352 2.128
1.851 -0.850 2.126
1.265 -2.516 2.133
2.619 0.362 2.126
-3.277 0.821 2.154
2.505 -3.045 2.168
1.215 3.913 2.168
-1.997 -3.840 1.996
-2.095 -4.913 2.379
-0.699 -4.731 2.210
-0.185 -5.329 2.223
1.156 -5.084 2.214
5.560 -1.814 2.213
2.284 4.695 1.806
5.701 -2.372 1.734
5.551 -4.777 2.134
5.988 -0.012 1.166
-0.287 -2.363 0.076
-1.269 -2.772 0.280
-0.207 -2.121 0.255
5.730 -2.848 0.491
5.708 -2.333 0.487
5.951 -0.405 1.278
6.254 -0.871 2.210
5.570 -4.664 2.215
3.261 -6.864 2.229
2.280 4.717 2.012
3.817 -5.047 1.965
1.942 4.783 1.937
3.830 -4.934 1.940
6.064 0.985 2.102
2.837 -3.529 2.190
3.005 -3.301 2.185
-1.085 -4.597 2.205
1.871 -4.239 2.186
3.539 -2.615 2.174
-0.476 -4.684 2.207
2.466 -3.960 2.191
3.956 -0.934 2.158
2.448 1.429 1.346
0.908 4.219 2.170
1.683 3.579 2.166
1.512 3.974 2.173
-1.354 1.777 1.289
2.737 -0.394 2.121
1.769 1.547 1.705
0.929 1.580 1.975
1.369 -1.161 2.125
1.637 -0.978 2.125
-1.685 0.026 1.573
1.691 3.059 2.159
-0.624 3.419 2.178
-0.848 3.364 2.181
-1.977 -3.522 2.091
-2.143 -5.287 2.023
-2.245 -6.716 2.447
5.477 -5.573 2.005
5.504 -5.300 2.165
5.943 -0.395 1.429
5.737 -2.346 1.189
-1.382 -2.079 0.320
-1.590 0.802 0.033
-0.699 1.852 0.030
4.090 -1.307 0.174
-2.035 -4.090 1.199
5.397 -6.037 2.135
-2.079 -4.666 2.087
0.568 -5.307 2.218
0.936 -5.166 2.217
-12.086 -2.789 3.830
3.288 -3.967 2.200
3.781 -3.775 2.203
1.539 4.212 2.167
2.240 4.234 2.071
0.369 4.290 2.179
-1.383 3.293 1.787
-1.680 0.579 1.071
-1.082 -3.276 2.155
-0.371 -3.612 2.174
2.021 1.926 1.841
-1.427 2.767 2.211
-1.676 0.560 1.366
1.047 -1.806 2.129
-0.646 3.460 2.169
-3.236 1.391 2.142
-1.519 -1.472 1.324
-0.656 -3.740 2.182
-1.947 -3.212 2.165
-1.967 -3.676 2.382
3.566 -2.561 2.170
2.132 3.003 1.754
2.225 4.126 2.167
1.284 4.429 2.160
-0.872 -6.221 2.223
3.776 -4.188 2.205
5.623 -3.931 2.192
5.671 -3.622 1.954
5.823 -1.475 2.216
2.394 -8.882 2.242
12.108 0.922 1.872
-1.722 -0.548 0.349
-1.471 -1.473 0.278
-2.058 -4.097 0.596
-1.995 -3.399 0.517
5.972 0.053 0.313
5.654 -3.736 0.323
-1.689 -1.420 0.107
-0.472 1.816 0.154
4.271 -0.496 0.568
-1.389 2.117 0.437
5.649 -3.798 1.653
5.953 -0.414 1.620
-1.794 -0.515 0.692
-2.040 -4.258 1.811
-1.687 -5.949 2.226
-0.517 -6.114 2.227
1.552 -5.718 2.201
4.175 -0.909 1.792
-3.216 -0.081 2.141
1.698 -3.532 2.169
-1.730 -0.966 0.927
1.944 -3.403 2.174
2.083 -3.233 2.175
2.789 -0.290 2.119
-1.393 1.775 1.915
-1.490 -0.834 2.169
-0.172 1.675 1.977
-0.451 1.677 2.125
-1.694 0.475 1.498
-1.210 2.589 2.191
-1.631 1.133 1.352
-3.255 -0.173 2.131
-1.777 -1.213 1.567
0.704 4.155 2.175
0.493 -5.576 2.223
1.608 -4.886 2.206
1.693 -4.551 2.194
2.560 -4.211 2.198
2.807 -3.999 2.193
3.776 -4.916 2.217
4.129 -1.693 1.805
-1.677 0.572 0.603
-2.259 -6.565 1.993
5.506 -5.440 2.171
3.591 -7.465 1.956
-1.729 -0.927 0.455
5.519 -5.008 0.974
5.707 -3.043 0.611
5.744 -2.324 0.921
4.323 0.050 0.614
4.243 -0.259 0.482
-1.907 -3.114 0.263
-1.075 -2.769 0.227
0.314 1.645 0.064
-0.407 -2.924 0.097
-1.217 1.819 0.120
12.156 1.126 1.018
3.111 1.376 0.420
-2.155 -5.229 1.566
-2.134 -5.434 1.983
0.905 -6.799 2.193
5.440 -3.201 2.210
3.908 -3.920 1.840
5.834 -1.597 2.203
5.609 -4.071 2.222
1.920 4.769 1.790
1.959 4.775 2.053
0.817 4.830 1.791
0.886 4.686 1.902
-1.347 3.579 2.232
2.550 -1.102 2.122
-1.627 0.508 1.920
1.911 -1.211 2.127
2.793 -0.381 2.118
-1.376 -1.951 1.701
2.058 2.412 1.917
-2.009 -3.989 2.181
-0.126 -4.864 2.213
0.116 -4.706 2.210
0.907 -4.967 2.211
4.024 -2.647 2.071
5.808 0.323 2.193
5.620 -1.335 2.195
5.717 -0.925 2.190
-1.476 2.659 1.267
0.476 -8.066 2.247
3.927 -3.884 1.804
5.543 -4.921 1.771
3.649 -6.893 2.017
5.945 -0.401 1.487
5.970 0.006 1.739
9.284 1.414 2.225
1.647 -1.064 0.189
-1.124 -8.196 2.244
-2.403 -9.831 2.265
5.639 -3.842 1.821
1.142 4.837 1.668
0.514 -5.071 2.214
1.433 -5.011 2.204
3.442 -3.230 2.186
3.905 -2.756 2.187
2.405 -4.366 2.196
3.041 -3.743 2.194
0.888 4.161 2.175
2.066 3.752 2.169
0.368 4.215 2.168
1.767 3.888 2.169
1.257 4.565 2.173
1.249 4.323 2.172
-2.929 1.921 1.934
-1.927 -2.975 2.309
-1.323 2.974 2.363
-2.058 1.688 2.153
2.495 1.428 2.011
-0.350 3.660 2.175
-3.760 -1.527 2.173
-1.975 -3.544 2.193
1.265 -3.740 2.175
3.912 -2.504 2.181
2.228 4.110 2.063
1.701 4.780 2.185
-1.683 0.480 0.847
0.962 4.822 2.103
-1.347 3.537 1.487
-2.077 -4.705 1.838
-1.862 -5.801 2.227
3.674 -6.714 2.215
-2.059 -4.286 1.058
0.227 -10.272 2.114
5.605 -4.222 1.513
4.233 -0.300 0.744
5.540 -4.767 1.590
0.637 4.854 0.738
-1.763 -0.114 0.306
1.043 -2.410 0.110
5.970 -0.003 0.303
-0.432 -2.963 0.389
-1.369 -10.104 1.180
-0.212 -2.136 0.311
0.844 -8.779 2.247
5.471 -5.532 1.830
-1.380 3.354 1.121
-0.996 -5.239 2.223
0.935 -5.875 2.223
1.370 -5.650 2.208
0.734 -5.386 2.219
3.159 -4.578 2.204
2.045 -5.133 2.193
3.947 -3.482 2.187
2.690 -4.823 2.202
-1.384 3.371 1.729
-0.442 -4.027 2.191
0.946 -3.577 2.173
-1.379 3.212 2.342
-1.682 -3.293 2.182
1.089 -3.799 2.182
3.224 -3.026 2.185
-4.839 -1.805 2.186
1.191 -5.137 2.210
6.619 -2.243 2.091
5.747 -0.664 2.194
4.224 1.283 1.547
5.597 -4.404 1.618
-2.016 -3.486 0.530
-0.474 -2.938 0.301
1.688 -1.132 0.272
5.988 -0.064 0.348
-1.721 -1.148 0.531
3.589 -5.189 2.211
3.884 -4.293 2.068
5.762 -1.000 2.205
2.806 -5.788 2.207
2.798 -5.718 2.209
5.982 -0.038 2.119
3.443 -5.315 2.211
-1.729 -0.031 0.824
4.275 0.668 2.164
3.032 0.489 2.125
-1.061 2.366 2.152
-1.323 3.185 2.388
-2.020 -3.936 2.033
-2.059 -4.802 2.437
-2.043 -4.298 2.196
-1.841 -4.636 2.260
1.844 -4.896 2.201
2.869 -4.487 2.200
4.033 -2.787 1.806
5.395 -5.250 2.245
-1.345 -7.243 2.232
3.562 -7.952 2.021
1.987 1.476 0.591
6.153 -2.209 1.520
5.738 -2.187 0.447
0.791 -2.848 0.151
-0.315 -3.156 0.484
1.190 -10.640 1.490
12.154 1.531 2.258
-2.056 -4.501 1.585
1.103 -6.949 2.194
2.078 2.290 1.057
-1.992 -3.818 1.741
2.209 -4.082 2.187
-1.530 -1.320 2.168
1.876 1.920 2.133
2.076 2.439 1.947
2.082 2.530 2.039
2.024 1.974 1.775
0.467 3.622 2.184
-0.616 3.499 2.179
-0.203 -4.278 2.196
-1.980 -3.569 2.116
4.008 -2.135 2.184
0.831 4.670 1.986
-1.048 -4.120 2.202
1.082 -4.469 2.198
3.925 -3.484 2.204
1.566 -3.831 2.188
-2.066 -4.520 1.770
-2.192 -5.950 2.143
1.298 -6.157 2.210
2.307 -6.837 2.214
-1.154 -10.142 2.022
12.120 1.012 1.798
5.711 -2.466 1.062
12.198 1.870 1.763
-1.625 0.886 0.383
-1.389 3.327 0.240
-1.213 1.763 0.058
4.255 -0.749 0.691
-2.422 -9.831 2.009
3.019 -8.871 2.240
5.480 -5.477 2.034
6.032 1.175 1.883
-2.087 -4.693 2.031
0.480 -5.895 2.225
1.975 -5.098 2.195
3.856 -3.513 2.200
3.404 -4.026 2.204
2.127 2.941 1.726
2.028 1.861 1.469
1.929 4.482 2.178
0.926 4.501 2.176
0.640 4.365 2.176
-1.349 3.193 1.702
-1.656 1.073 1.110
3.683 -0.960 2.154
-2.799 0.283 2.132
0.338 3.035 2.153
-2.708 1.390 2.150
-1.759 -0.860 1.583
-3.255 0.309 2.142
-0.833 3.074 2.176
-1.377 -1.965 1.399
-0.370 -3.725 2.174
2.800 -3.032 2.168
3.550 -1.820 2.158
1.592 4.396 2.179
3.393 -4.324 2.197
0.513 -6.288 2.220
1.754 -5.441 2.193
6.271 -1.191 2.210
5.625 -4.116 2.081
4.024 -2.743 1.790
-2.043 -4.090 1.141
-2.135 -5.100 1.400
3.798 -5.304 1.154
-2.258 -6.572 1.727
4.333 0.120 0.515
2.633 1.426 0.128
-1.239 -2.760 0.173
-1.504 -2.278 0.050
-1.379 3.446 0.148
0.804 -2.664 0.340
5.944 1.222 0.335
4.391 1.195 0.314
3.772 1.309 0.290
-1.707 -1.464 0.577
1.133 -10.640 1.922
5.384 -6.621 1.784
-2.133 -5.209 1.707
-2.041 -4.312 1.800
1.896 -6.183 2.208
3.924 -3.833 1.996
3.672 1.324 1.609
2.322 -6.017 2.191
-0.586 -6.622 2.221
6.530 -0.836 2.216
2.329 -5.705 2.207
2.984 -5.520 2.214
0.671 -6.631 2.189
1.895 4.785 1.914
5.978 0.297 2.206
0.679 -6.412 2.211
1.071 -6.494 2.191
3.873 -4.463 2.128
-1.722 -0.950 0.906
2.022 -3.483 2.185
2.362 -3.381 2.178
2.810 -3.118 2.172
0.470 3.426 2.178
-1.883 -2.844 2.359
-1.732 1.428 2.012
-3.019 -1.257 2.155
-1.662 -4.647 2.220
0.778 -4.760 2.205
-0.934 -5.131 2.223
3.365 -4.964 2.213
1.984 -4.335 2.194
6.105 -2.070 2.217
5.905 -1.035 2.210
5.636 -3.733 1.362
3.739 -5.932 1.911
3.773 -5.537 2.003
5.600 -4.428 1.870
-1.428 2.850 0.574
-1.313 1.779 0.593
-1.728 -0.019 0.383
5.402 -5.941 1.300
5.479 -5.287 1.271
4.259 -0.574 0.528
5.689 -2.713 0.993
5.706 -2.553 0.590
-1.723 -1.269 0.201
6.013 -0.084 0.164
-0.216 -2.183 0.266
5.640 -3.794 0.563
3.575 1.330 0.406
1.135 -10.649 1.533
3.551 1.328 0.718
-2.005 -3.698 1.388
6.014 -1.199 2.198
3.930 1.306 1.268
0.958 1.630 0.745
0.147 -4.533 2.203
1.256 -4.512 2.199
2.485 -1.281 2.125
2.325 -1.021 2.117
2.162 -0.684 2.125
-1.344 3.550 2.124
0.941 -4.459 2.196
3.358 -3.248 2.185
-1.353 3.594 1.471
0.709 -6.820 2.191
3.714 -6.287 2.045
5.970 -0.519 0.182
1.291 -10.640 1.331
0.403 4.923 0.987
3.604 -7.414 2.129
3.703 -6.454 1.997
3.714 -6.316 2.021
5.612 -4.127 1.995
6.266 -2.221 1.834
2.242 4.029 1.409
-2.047 -4.325 1.879
-2.038 -4.189 2.084
-0.045 -4.978 2.213
0.259 -5.138 2.219
0.282 -4.987 2.217
0.956 -4.890 2.205
4.029 -2.649 2.019
4.079 -2.103 2.082
2.991 0.713 2.119
1.752 -6.417 2.212
4.140 1.287 1.278
-11.176 7.021 3.754
-2.004 -3.598 0.973
-1.104 -10.140 2.163
-0.421 -10.206 2.173
-1.921 -2.970 0.391
5.392 -6.454 1.984
-0.773 -5.658 2.225
-0.191 -6.251 2.229
-0.386 -5.668 2.226
0.611 -6.051 2.225
0.343 -5.631 2.227
1.760 -5.554 2.195
2.560 -4.951 2.198
3.351 -4.374 2.201
3.556 -4.110 2.202
3.768 -3.787 2.203
2.276 4.719 2.118
-1.047 -3.513 2.177
-0.683 -4.054 2.193
-1.004 3.067 2.177
-0.553 1.722 1.693
-1.095 2.907 2.177
-1.644 -3.241 2.177
-1.563 -3.257 2.176
0.030 -3.799 2.180
3.887 1.318 1.968
1.061 4.390 2.176
2.056 3.868 2.173
3.991 -3.171 1.795
3.519 -4.509 2.206
5.704 -3.404 2.109
2.136 3.121 1.253
2.225 4.764 0.879
1.853 4.793 0.923
-2.066 -4.230 0.706
3.262 -10.836 1.587
3.155 1.388 0.211
5.493 -5.447 1.608
5.549 -4.784 1.549
1.339 1.573 0.540
-1.754 -0.740 0.734
2.155 -6.661 2.221
3.952 1.305 1.716
2.999 -5.888 2.209
0.453 -6.669 2.226
3.830 -4.967 2.160
1.867 4.765 1.903
1.250 4.826 2.040
1.682 -4.017 2.180
2.543 -3.545 2.186
1.590 -0.917 2.127
-2.631 1.326 2.141
-2.792 -0.856 2.139
0.796 -4.917 2.209
1.823 -4.770 2.196
0.340 4.057 2.170
5.574 -2.223 2.203
-2.150 -5.279 1.820
5.530 -4.825 1.627
-0.792 -6.976 2.233
-1.308 1.782 0.500
0.337 1.678 0.270
-2.253 -6.684 1.976
0.653 -10.590 1.509
1.221 -10.650 1.340
-1.233 -7.249 2.230
5.688 -3.463 1.944
5.649 1.163 2.059
0.479 4.872 1.795
-1.377 3.452 1.313
-1.700 0.420 0.699
0.407 -5.203 2.219
2.742 -3.841 2.194
1.903 4.233 2.170
1.698 -4.639 2.197
3.911 1.314 2.091
3.506 -2.842 2.182
3.457 -3.478 2.189
0.881 4.382 2.172
2.002 -4.387 2.193
1.179 -3.164 2.179
2.926 0.439 2.132
2.400 -1.079 2.125
2.468 -0.957 2.125
1.521 1.526 2.075
2.154 -0.498 2.125
-1.528 -2.338 2.107
1.003 -3.148 2.179
-0.262 -4.097 2.183
2.973 -3.998 2.197
3.850 -3.382 2.196
4.083 1.300 2.050
-1.377 3.380 1.640
-2.240 -6.407 2.245
1.166 -6.379 2.218
5.653 -3.935 1.980
5.701 -3.292 2.088
3.632 1.321 1.167
0.278 -10.276 2.023
-1.718 -0.071 0.209
-0.290 -2.235 0.153
5.492 -5.344 1.003
-1.645 -10.100 2.039
5.383 -6.091 2.101
3.545 -8.010 2.154
5.668 -3.425 1.652
4.466 1.222 1.119
2.238 4.117 1.394
1.874 4.771 1.626
-0.634 -5.234 2.223
0.616 -5.664 2.218
1.655 -5.247 2.199
2.372 -4.871 2.199
1.213 4.215 2.173
-1.387 3.367 1.812
2.968 1.205 2.132
2.826 1.192 2.130
-1.148 3.143 2.192
1.858 -3.899 2.191
4.048 1.304 1.963
1.175 4.510 2.179
1.259 4.533 2.180
-1.551 -5.331 2.215
5.631 -4.056 2.078
-2.161 -5.507 1.461
5.626 -3.679 1.090
6.171 -2.205 1.206
1.883 4.793 0.842
5.761 -2.267 0.453
2.665 1.411 0.246
0.768 4.846 0.739
1.669 -5.869 2.207
3.379 -5.192 2.207
6.614 -0.821 2.220
6.185 -2.168 2.201
2.299 4.682 2.128
1.907 4.768 1.977
1.608 4.770 2.193
-1.678 0.318 0.846
-1.284 -3.966 2.190
-0.713 -4.518 2.208
2.245 -3.360 2.180
-3.045 -0.177 2.123
-3.309 -0.166 2.141
2.603 0.537 2.131
1.012 -3.633 2.177
1.327 -3.190 2.172
1.925 3.476 2.162
-1.317 -4.629 2.217
2.554 -5.151 2.199
5.877 1.092 2.177
5.698 -1.385 2.200
5.478 -5.340 2.216
5.676 -3.484 1.531
5.725 -2.381 1.589
5.699 -2.636 0.994
5.745 -2.228 0.945
4.240 1.273 0.584
3.580 1.325 0.450
4.392 1.197 0.171
4.313 -0.172 0.518
5.668 -3.234 1.306
-1.921 -3.093 1.272
-2.056 -5.113 2.443
-0.062 -4.490 2.202
0.422 -4.744 2.207
1.827 -4.224 2.194
0.367 3.913 2.177
2.534 1.429 2.029
0.947 -4.782 2.206
1.112 -4.556 2.198
0.236 -4.810 2.209
0.819 -4.217 2.197
2.374 -4.529 2.199
2.583 -3.764 2.190
5.522 -5.184 2.090
3.038 1.379 0.890
5.691 -2.675 1.197
-1.627 0.920 0.325
0.815 -2.744 0.185
12.155 1.324 0.928
-1.925 -3.162 0.445
12.117 0.939 2.128
5.467 -5.575 1.976
3.695 -6.417 1.966
7.154 -1.860 2.227
4.217 -0.285 1.187
-2.163 -5.517 2.286
0.607 -5.216 2.224
1.543 -5.161 2.200
3.900 -3.058 2.198
1.961 4.578 2.186
-0.633 -3.635 2.172
-0.855 -3.602 2.169
2.466 -1.271 2.124
-0.969 -2.037 2.124
1.913 1.607 1.719
-0.155 3.481 2.178
-0.628 3.240 2.178
-1.097 -3.737 2.187
4.122 0.742 2.156
-2.101 -4.890 1.981
-2.193 -6.001 2.396
3.345 -4.710 2.204
6.296 -0.677 2.211
1.733 4.805 0.756
4.444 1.225 0.816
-1.296 1.778 0.467
4.348 1.263 1.405
5.538 -4.950 1.728
3.027 1.385 0.801
-2.054 -4.322 1.609
-1.991 -3.741 1.744
3.596 -4.083 2.200
1.786 -5.619 2.200
1.194 -5.431 2.220
1.550 -5.330 2.208
2.212 -5.134 2.196
-0.620 -5.512 2.225
0.521 4.773 2.192
-0.840 3.200 2.169
-1.772 0.042 1.637
-1.624 -0.142 1.957
1.804 -0.852 2.126
1.372 1.954 2.131
-1.261 3.152 2.323
0.339 -3.758 2.172
1.437 4.040 2.168
2.281 4.714 1.767
-0.643 -5.384 2.225
3.196 -5.490 2.222
0.610 -5.084 2.221
3.006 -4.172 2.200
5.711 0.557 2.202
0.722 -5.318 2.215
3.405 -4.330 2.202
3.259 -3.968 2.198
-2.015 -3.714 1.202
4.365 1.257 1.040
4.126 -1.314 0.641
4.141 1.285 0.494
-1.380 3.523 0.291
2.756 1.442 0.057
-1.621 0.967 0.545
-1.924 -2.956 1.182
2.775 -6.028 2.213
5.718 -2.864 1.994
5.580 -1.855 2.206
-1.973 -3.418 1.868
1.985 -3.796 2.179
-1.084 3.588 2.179
-0.907 3.655 2.179
-0.738 -4.905 2.214
-1.214 -4.439 2.211
2.130 -4.964 2.191
5.976 -0.038 2.169
5.713 0.342 2.192
6.050 0.829 2.191
2.143 3.122 1.444
-2.026 -3.988 1.404
1.035 -6.801 2.193
1.035 -8.002 2.242
-0.578 -7.681 2.221
5.615 -4.138 1.554
4.339 1.259 1.250
-1.330 -1.526 0.102
-1.380 -1.783 0.098
12.137 1.271 0.728
1.352 4.825 0.979
1.090 -8.166 2.243
2.174 -8.220 2.249
-1.448 -7.763 2.234
5.714 -2.321 2.014
5.719 -2.252 1.695
2.232 4.135 1.512
0.433 4.894 1.785
-1.743 -4.361 2.220
-1.026 -5.374 2.220
-0.163 -5.080 2.221
1.772 -4.671 2.194
0.133 -5.062 2.216
0.814 -5.122 2.219
2.309 -4.197 2.190
2.776 -3.778 2.188
3.361 -3.381 2.187
4.027 -2.604 2.115
4.185 0.827 2.165
1.774 3.981 2.172
0.337 3.931 2.154
1.984 1.476 2.057
2.107 1.403 2.126
-0.628 2.323 2.138
-1.376 3.228 2.356
-3.715 -1.304 2.151
-1.779 -1.269 1.204
4.061 1.300 2.032
2.008 4.743 2.184
0.611 -7.062 2.190
-2.097 -4.839 1.886
3.848 -4.768 1.849
-1.730 -0.019 0.714
4.231 -0.261 0.741
-2.012 -3.632 0.939
5.686 -2.685 1.286
5.472 -5.595 1.524
0.120 -2.191 0.323
0.343 -3.055 0.394
0.556 -2.966 0.421
-1.319 -10.114 1.211
4.219 -0.316 0.774
-2.081 -4.666 1.346
-2.198 -5.847 1.673
3.552 -7.914 2.118
5.400 -6.058 2.053
5.731 -2.276 1.768
2.977 1.373 0.882
1.394 -5.351 2.210
2.047 -5.306 2.201
3.514 -4.112 2.202
3.521 -4.416 2.198
2.760 -4.732 2.200
3.242 -4.339 2.197
2.235 4.561 2.188
0.883 4.414 2.178
0.579 4.434 2.181
-1.936 -3.131 1.995
-1.700 -3.179 2.172
-0.245 -3.738 2.173
1.172 -3.673 2.172
-1.434 2.783 2.128
-1.667 1.118 1.927
0.993 -2.382 2.126
2.776 0.688 2.127
0.116 -4.016 2.183
-1.226 -3.428 2.177
2.428 1.429 1.388
4.250 1.043 2.159
2.141 3.399 1.943
1.757 4.141 2.173
2.040 3.985 2.168
1.478 4.325 2.172
0.654 4.445 2.175
-0.027 -5.546 2.226
1.483 -6.088 2.208
3.842 -4.857 1.997
5.643 -3.255 2.217
2.452 1.426 0.899
-0.677 1.834 0.622
2.684 -10.162 2.253
3.626 1.327 0.815
-1.742 -0.838 0.380
-1.924 -2.916 0.521
2.482 -10.751 1.484
1.007 1.533 0.199
0.047 1.777 0.028
4.324 -0.358 0.161
0.917 3.750 0.132
0.527 -2.676 0.328
4.251 -0.751 0.521
5.680 -2.714 1.489
5.994 -0.012 1.108
-1.302 1.777 0.625
-1.197 -7.201 2.230
0.532 -6.171 2.228
3.764 -4.915 2.214
5.712 -2.856 2.129
5.592 -1.733 2.208
2.865 -5.549 2.210
2.134 3.105 1.986
-0.133 -5.246 2.224
-1.495 -4.801 2.222
2.232 -4.783 2.204
0.899 4.783 1.779
5.435 -5.253 2.227
-1.984 -3.456 0.688
-1.776 -1.401 0.198
-0.800 -2.461 0.058
-1.100 -2.788 0.125
-1.391 -2.707 0.233
0.170 -3.114 0.497
-2.280 -7.386 2.445
-1.924 -7.239 2.234
0.384 -8.291 2.256
3.747 -5.929 2.108
6.266 -1.149 2.213
6.193 -0.771 2.211
6.003 0.845 2.200
-1.663 0.643 0.784
-1.053 -5.170 2.224
-0.688 -5.153 2.220
-0.567 -4.919 2.218
-1.756 -4.182 2.210
1.658 -4.336 2.192
2.852 -3.511 2.185
3.624 -2.571 2.177
3.812 -2.908 2.183
3.565 1.334 1.860
-1.677 -0.631 2.327
1.437 -1.084 2.126
-2.467 1.336 2.130
-1.573 1.177 1.364
0.324 -4.223 2.200
-0.405 3.566 2.178
0.816 -4.575 2.205
3.279 -3.123 2.180
4.112 1.295 2.010
-1.264 3.825 2.406
3.761 -5.754 2.202
6.603 -2.265 1.850
1.036 -1.045 0.156
-1.965 -3.209 0.462
0.575 -5.440 2.223
2.832 -4.365 2.196
4.313 0.733 2.155
-2.951 1.916 1.842
1.819 1.918 2.125
2.914 0.893 2.130
-0.917 3.055 2.180
3.846 -2.800 2.187
3.623 -2.547 2.167
1.566 4.440 2.176
2.994 1.376 1.555
0.609 4.868 2.116
-1.969 -3.323 1.509
1.658 -5.397 2.194
0.370 -5.952 2.219
2.363 -5.155 2.200
3.444 -5.099 2.202
-0.934 -10.145 2.247
2.697 -9.106 2.240
5.598 -4.306 1.468
-1.965 -3.283 1.010
5.957 -0.423 1.262
4.168 1.286 1.886
0.858 4.581 2.185
0.620 -3.787 2.178
-0.780 -3.642 2.172
2.905 0.213 2.121
-0.868 1.512 2.126
-1.619 -1.287 2.260
-1.215 1.784 1.718
-1.276 -3.312 2.181
-0.172 -3.690 2.175
0.924 -3.687 2.178
0.730 4.151 2.181
0.772 4.468 2.177
-1.919 -2.929 1.557
3.705 -4.103 2.202
6.003 0.676 2.205
1.833 4.771 1.715
-2.060 -4.380 1.354
-2.156 -5.511 1.650
5.636 -4.106 1.874
5.643 -3.727 1.615
12.128 1.188 1.944
-1.653 -2.685 0.201
5.978 -0.284 1.420
5.949 -0.401 0.950
-1.919 -2.951 1.149
-1.230 -7.848 2.230
1.882 -6.511 2.212
3.924 -3.858 1.877
4.232 -0.287 1.425
-1.016 -4.351 2.203
-1.088 3.564 2.193
-1.674 0.170 1.102
3.116 0.587 2.122
2.960 0.247 2.124
2.169 1.883 2.119
0.619 1.609 1.441
1.803 3.356 2.165
-2.074 -4.593 1.629
5.555 -4.900 2.139
4.222 -0.256 0.941
0.780 -10.606 1.399
0.048 1.716 -0.002
4.369 1.268 0.213
-1.387 2.622 0.300
-2.054 -4.284 1.354
0.780 -7.723 2.243
-1.687 -0.613 0.733
-1.836 -5.436 2.236
1.830 4.351 2.165
-1.702 -0.017 1.017
-1.920 -2.994 2.118
-0.885 -1.599 2.125
-1.698 1.062 1.739
2.518 0.122 2.127
0.669 3.474 2.176
-1.424 2.771 2.089
4.209 0.821 2.166
4.334 1.279 2.044
1.792 4.599 2.181
1.355 4.716 2.188
-1.376 -1.939 0.935
-0.606 -5.915 2.229
-0.352 -6.644 2.223
5.671 -3.510 1.827
-1.380 -2.018 0.617
-0.366 -10.208 2.161
-0.726 -10.164 1.832
5.689 -2.694 1.362
5.537 -4.958 1.450
5.557 -4.703 1.619
5.578 -4.375 1.371
4.318 0.008 0.689
1.987 1.476 0.421
0.283 -3.198 0.429
0.894 -2.714 0.194
1.618 -2.774 0.176
-1.981 -3.278 0.266
-0.420 -2.855 0.205
-1.560 1.137 0.211
0.541 -2.888 0.387
5.348 -6.807 2.117
3.747 -5.785 1.629
3.798 -5.262 1.557
5.492 -5.364 1.910
5.467 -5.524 1.799
5.572 -4.595 1.784
-1.373 3.472 1.130
-0.522 -6.022 2.227
2.084 -5.347 2.198
2.204 -5.097 2.195
2.784 -4.839 2.201
3.328 -4.410 2.204
3.790 -3.857 2.204
2.878 1.371 1.596
0.892 4.441 2.179
-1.698 -3.237 2.169
0.679 -3.773 2.171
1.144 -3.674 2.176
1.382 -3.565 2.175
-1.038 3.069 2.174
-1.767 -1.020 1.478
-1.817 -2.847 2.349
-0.593 1.730 1.697
-1.569 -0.935 2.227
0.379 1.625 1.923
1.284 -1.529 2.127
1.433 -1.425 2.128
-1.673 0.314 1.583
-1.935 -3.404 2.379
-1.645 1.001 1.693
-1.204 -3.409 2.176
1.649 -3.340 2.176
2.364 -3.268 2.176
3.459 -2.733 2.179
0.510 4.648 2.183
2.117 2.982 1.844
2.059 3.905 2.161
-2.084 -4.752 2.203
-1.736 -5.326 2.230
1.633 -5.623 2.205
2.125 -5.119 2.192
2.481 -4.590 2.199
2.841 -5.289 2.206
3.148 -4.642 2.202
5.543 -2.171 2.211
0.859 -5.728 2.224
5.755 -1.796 2.209
-1.421 2.620 0.865
-5.139 2.139 1.719
-2.041 -3.946 1.158
-0.134 -9.584 2.239
1.251 -8.339 2.243
1.770 4.822 0.920
1.307 4.819 0.944
-1.387 1.778 0.262
1.162 4.567 0.360
-1.920 -2.926 1.058
-2.096 -4.811 1.658
1.311 -6.474 2.207
6.001 0.243 1.931
-1.671 -4.570 2.223
-1.352 -4.535 2.215
0.381 -4.206 2.197
2.514 -3.461 2.183
-0.574 3.702 2.180
3.058 0.560 2.123
-1.674 -0.743 1.697
1.482 -1.662 2.132
-0.739 1.547 2.126
-1.919 -0.625 1.553
0.659 4.049 2.178
-2.055 -4.385 2.273
-1.980 -3.587 1.960
1.210 -4.975 2.211
2.574 -4.595 2.205
3.122 -3.872 2.194
3.678 1.330 1.427
2.274 4.537 1.881
3.784 -5.412 2.054
5.380 -6.206 1.793
5.444 -5.859 1.996
5.500 -5.178 1.294
3.707 -6.061 1.240
3.035 1.377 0.510
0.358 -2.969 0.071
-1.671 -2.599 0.166
-0.314 -2.382 0.087
5.638 -3.729 0.426
-1.777 1.757 0.311
-1.304 -1.628 0.462
4.235 -0.272 0.892
5.857 -2.173 1.079
12.084 0.760 2.171
0.931 4.878 0.917
-1.679 0.574 0.435
6.379 -1.204 2.208
5.696 -2.593 1.948
-2.036 -4.276 1.988
-0.185 -5.071 2.221
0.198 -4.804 2.210
3.996 -2.044 2.173
1.217 4.351 2.168
-1.557 -0.752 2.237
-3.075 -0.101 2.132
-0.387 3.522 2.176
0.755 3.586 2.181
-0.685 -4.217 2.194
1.802 -6.024 2.211
3.657 1.323 1.182
1.256 4.837 0.669
-0.446 -2.815 0.198
-1.324 -1.678 0.534
3.630 1.334 0.975
0.975 4.834 1.573
1.903 4.698 2.182
1.489 4.430 2.166
-0.543 -3.697 2.174
-0.311 -3.701 2.175
-0.794 1.721 1.768
-1.623 -0.083 2.229
-3.253 -1.316 2.159
3.856 -2.269 2.172
1.197 4.541 2.182
1.589 4.655 2.188
2.220 4.257 2.183
0.537 4.847 2.110
0.655 -6.553 2.196
1.158 -5.866 2.209
1.370 -5.438 2.205
1.809 -6.113 2.200
3.783 -4.856 2.211
0.127 1.731 0.621
-2.039 -3.820 1.075
3.628 -6.850 1.833
5.542 -4.856 1.564
-1.205 -2.556 0.155
12.094 1.053 2.309
-0.745 -6.016 2.232
2.349 -5.449 2.200
1.292 -5.693 2.213
3.044 -5.066 2.212
2.298 -5.633 2.206
3.416 -4.848 2.209
0.954 1.629 0.895
1.823 4.474 2.177
-2.046 -4.408 2.368
2.047 -3.342 2.170
3.145 0.870 2.121
-0.944 1.739 1.765
-1.677 1.357 1.981
1.464 3.958 2.167
0.025 -5.178 2.223
0.268 -5.722 2.225
3.221 -5.322 2.214
6.640 -1.537 2.227
3.198 -9.049 2.267
5.627 -4.072 1.916
-1.376 -10.104 1.278
2.747 -10.592 1.442
0.176 -2.208 0.187
0.272 -2.997 0.082
5.995 -0.013 0.263
6.087 1.096 0.623
1.109 -6.502 2.187
3.924 -3.781 1.852
4.237 -0.263 1.389
0.637 4.838 1.787
-2.006 -4.160 2.369
3.843 -1.391 2.162
1.798 -4.079 2.191
-1.976 -3.517 2.041
-1.391 1.563 2.279
-1.089 -4.296 2.205
2.513 -4.300 2.196
3.092 -3.937 2.199
0.833 -4.683 2.209
4.222 -0.366 1.832
5.821 0.469 2.192
-1.525 -6.578 2.219
3.533 -5.774 2.222
3.729 -6.112 1.932
5.976 -0.242 1.772
5.716 -2.583 0.578
12.153 1.940 2.304
3.782 -5.475 1.841
3.721 1.326 1.059
-1.811 -0.805 0.800
0.906 -5.295 2.223
-0.869 -5.284 2.222
-0.321 -4.902 2.217
1.296 -4.771 2.201
2.154 -4.515 2.198
2.258 -4.440 2.198
3.210 -3.699 2.194
4.016 -2.597 2.161
4.284 1.287 1.920
2.990 1.377 1.458
1.441 4.265 2.172
2.034 4.052 2.172
0.458 4.578 2.182
-1.926 -3.575 2.385
-1.388 1.030 2.206
2.259 -0.412 2.126
1.428 -4.123 2.184
4.023 -0.842 2.171
4.043 1.288 1.836
-2.181 -5.898 2.374
-1.637 -5.861 2.226
-0.729 -6.610 2.218
5.583 -4.605 2.005
6.359 -1.053 2.208
-0.131 1.778 0.541
5.666 -3.597 1.485
0.992 3.753 0.156
4.728 1.234 0.439
-1.348 2.737 0.057
0.935 -0.995 0.143
3.168 1.374 0.107
-1.574 1.157 0.133
12.199 1.831 1.901
3.890 1.303 0.595
5.617 -4.138 1.764
5.717 -2.723 1.707
6.098 -2.183 1.640
1.472 4.368 2.176
-1.678 -3.284 2.169
0.781 -3.714 2.170
-0.519 3.248 2.176
-1.757 -2.850 2.294
-1.673 -1.200 2.327
-3.203 0.949 2.137
-1.302 -3.410 2.177
-1.122 -3.430 2.181
0.327 -3.759 2.182
2.499 1.425 1.512
2.071 2.498 1.652
2.177 -4.664 2.204
2.515 -4.514 2.201
0.617 -5.146 2.221
-2.035 -4.215 1.960
0.914 -5.634 2.236
3.746 -4.156 2.202
1.885 -4.794 2.199
-1.284 -5.463 2.219
-11.256 6.609 3.903
-2.190 -5.793 1.657
5.583 -4.501 1.501
-1.383 2.783 0.296
5.987 -0.261 1.436
2.971 1.387 0.317
5.708 -2.320 1.412
-1.776 -0.861 0.395
-1.502 -10.093 1.556
12.107 1.086 1.964
0.900 -6.609 2.182
0.997 -6.417 2.212
1.778 -6.379 2.195
2.200 -6.459 2.208
2.218 -6.029 2.207
5.792 0.666 2.187
5.899 -0.948 2.214
3.384 -2.677 2.174
3.793 0.171 2.157
4.272 0.152 2.106
-1.333 3.676 2.342
-0.964 1.769 1.483
-1.478 2.585 1.550
-1.972 -3.476 1.891
-1.970 -3.542 1.943
-2.035 -4.202 2.179
-0.465 -4.886 2.212
0.725 -4.737 2.209
2.606 -4.554 2.195
1.548 -4.866 2.204
4.029 -2.458 2.180
3.830 -3.804 2.204
6.020 -1.339 2.209
3.101 1.376 1.236
1.903 4.763 1.888
-1.479 2.541 1.139
1.605 -6.968 2.218
5.648 -3.765 1.849
-1.828 1.817 0.639
0.451 -2.891 0.594
-1.430 -10.093 1.516
2.455 1.458 0.040
5.666 -3.582 2.141
2.237 4.231 1.460
3.729 -6.105 2.078
-0.831 -4.613 2.202
3.077 -7.032 2.236
0.479 4.213 2.180
1.383 4.039 2.162
-1.183 2.632 2.181
-2.098 1.742 2.140
3.536 0.973 2.134
4.031 -2.026 2.176
1.025 4.827 2.081
-2.254 -6.534 2.347
3.767 -5.602 1.805
3.839 -4.959 2.024
-1.727 -0.049 0.465
-1.066 -10.147 2.083
-1.754 -10.083 2.080
2.798 -10.730 2.043
5.456 -5.785 1.627
-1.416 3.020 0.390
1.384 4.770 0.406
-2.018 -3.462 0.509
-0.894 1.711 0.452
3.763 -5.808 1.784
5.678 -3.238 1.773
-1.334 -5.183 2.226
-0.386 -5.534 2.227
1.139 -5.034 2.212
3.633 -3.552 2.195
3.712 -3.255 2.194
3.877 -2.941 2.187
2.203 4.600 2.193
-1.483 2.330 1.989
-0.381 1.726 1.694
1.057 2.171 2.133
-1.575 0.375 1.564
2.008 -3.437 2.178
-1.924 -3.001 1.405
2.135 4.169 2.170
1.827 4.237 2.169
2.114 4.260 2.176
-1.523 -5.598 2.228
-1.128 -5.540 2.227
4.958 1.204 1.729
-2.039 -3.889 1.097
0.732 -10.604 2.185
3.729 -5.974 1.681
2.479 -10.761 1.932
-1.224 -2.547 0.119
12.130 1.453 0.668
1.800 -10.173 2.248
-1.808 -1.484 0.876
-2.172 -5.963 2.428
-1.698 -6.247 2.239
-1.982 -3.360 1.346
0.189 -5.871 2.231
1.363 -5.704 2.206
2.399 -5.640 2.199
5.802 -0.730 2.203
0.052 -4.105 2.182
0.396 -3.893 2.177
-3.006 0.355 2.124
-1.675 0.821 1.863
-1.017 -1.368 2.125
-1.685 0.561 1.501
-1.755 1.685 1.930
-1.433 2.810 2.181
1.335 -3.694 2.177
0.664 -4.965 2.212
2.779 -5.414 2.211
1.825 -4.908 2.205
4.395 1.225 1.615
4.713 1.242 1.779
-2.043 -4.055 1.234
-2.145 -5.237 1.493
3.296 -8.066 2.245
5.387 -5.998 1.532
-1.673 1.761 0.232
-2.035 -3.969 0.661
5.633 -2.129 2.204
6.549 -1.718 2.228
6.085 1.010 2.070
5.573 -3.337 2.214
1.343 -4.182 2.192
-1.667 0.584 1.200
-3.186 -1.252 2.160
3.709 -3.545 2.196
5.811 0.496 2.182
5.566 -4.625 1.688
3.534 1.319 1.046
-1.635 0.406 0.181
4.778 1.202 0.729
12.182 1.740 1.943
0.852 4.852 0.797
0.558 4.789 0.877
5.457 -5.775 2.185
5.681 -3.097 1.723
5.617 -4.177 1.846
-2.034 -4.140 1.740
-0.586 -5.638 2.231
0.534 -5.445 2.216
0.670 -5.069 2.217
1.232 -5.139 2.216
1.941 -4.634 2.205
3.233 -3.694 2.195
1.165 4.636 2.183
0.790 4.175 2.175
-0.687 3.547 2.175
-1.331 3.655 2.391
3.732 -3.095 2.186
2.444 1.425 1.279
2.218 4.366 2.167
1.975 -5.846 2.198
5.695 -3.252 1.981
5.755 -2.160 2.181
2.495 1.427 0.910
-11.144 7.560 3.523
-2.026 -3.800 0.988
-1.603 -10.092 2.180
-0.044 -10.251 2.045
3.791 -5.370 1.208
12.143 1.305 1.773
4.150 1.283 0.744
-3.280 0.644 0.054
0.361 -2.746 0.357
1.501 -10.668 2.213
-1.113 -5.767 2.236
3.836 -4.205 2.206
4.273 0.149 1.865
2.021 1.884 1.099
1.162 4.741 2.185
0.782 -3.738 2.180
1.092 -3.673 2.178
-0.954 3.155 2.182
2.688 0.752 2.132
-1.358 -3.306 2.180
-1.297 -3.371 2.176
-0.857 -3.500 2.176
-0.423 -3.654 2.175
1.911 -3.423 2.176
4.223 -0.355 2.046
1.934 3.783 2.173
-2.044 -4.248 2.019
-1.336 -5.088 2.223
-1.026 -5.055 2.221
0.273 -5.850 2.222
0.877 -5.621 2.237
3.724 -5.243 2.219
3.861 -4.488 2.150
3.936 -3.666 1.817
-1.426 3.032 1.071
-11.262 6.276 3.534
2.417 -10.717 2.248
3.780 -5.418 1.463
5.531 -4.725 1.306
5.630 -3.405 1.340
12.138 1.269 1.953
12.135 1.241 2.186
2.566 -10.692 1.591
12.174 1.431 1.041
2.706 1.434 0.041
4.194 -1.154 0.571
5.509 -5.274 1.530
2.221 1.446 0.350
5.748 -2.310 1.185
4.808 1.223 0.994
1.865 -6.294 2.205
2.312 -6.155 2.206
3.923 -3.787 1.945
3.861 -4.547 1.945
5.891 -1.754 2.214
5.663 -0.988 2.214
-1.374 3.235 2.131
-1.375 -1.949 2.105
0.528 3.982 2.170
-1.775 -1.269 1.110
-1.728 -4.280 2.217
-1.649 -4.518 2.219
1.243 -4.828 2.204
1.557 -4.784 2.204
2.881 -4.365 2.202
3.519 -3.950 2.204
3.767 -5.690 1.622
5.670 -3.346 1.625
-1.684 1.060 0.505
-0.225 -2.124 0.168
-0.320 1.827 0.091
5.964 -0.244 1.237
5.614 -4.089 2.188
2.242 4.337 1.451
-2.055 -4.389 2.307
0.572 4.067 2.178
3.141 1.239 2.120
1.314 1.461 2.125
-3.310 1.936 2.128
-3.746 -1.408 2.160
-1.991 -3.725 2.263
2.383 -4.323 2.193
-0.288 -4.334 2.198
4.179 1.295 1.880
-1.995 -3.825 1.531
2.976 -5.997 2.216
3.785 -5.572 2.213
5.972 -0.157 1.754
2.084 2.443 0.920
0.330 -10.284 2.164
-1.361 2.080 0.212
0.336 1.689 0.064
-0.956 -5.909 2.229
0.344 1.675 0.629
0.355 -5.479 2.216
3.469 -3.786 2.199
1.758 -5.129 2.202
3.731 -3.269 2.189
2.946 1.369 1.622
2.060 4.318 2.177
1.767 4.428 2.184
4.150 1.299 2.050
2.507 1.426 1.825
-1.152 -1.407 2.124
-1.391 1.577 2.266
1.757 -1.051 2.129
-2.172 1.055 2.127
2.703 1.339 2.130
1.226 2.877 2.144
0.413 3.264 2.176
1.727 -3.524 2.177
2.762 -3.199 2.181
1.180 4.435 2.162
-1.758 -5.721 2.232
5.968 -0.080 1.860
6.063 0.808 1.905
-2.043 -4.192 1.120
5.653 -3.669 1.474
-1.296 -2.594 0.177
0.629 4.890 0.749
3.611 1.331 1.076
-1.973 -3.342 1.232
2.073 -6.064 2.211
3.683 -5.030 2.217
5.600 -3.204 2.224
6.246 -1.992 2.198
2.683 -3.218 2.177
3.929 1.306 2.148
-1.428 2.719 2.087
-3.046 0.797 2.141
1.884 -5.363 2.193
-1.981 -3.698 1.889
-2.064 -4.463 2.215
3.626 1.330 1.366
-1.761 -7.422 2.229
1.488 -7.953 2.239
5.328 -6.907 1.832
5.558 -4.672 1.473
12.166 1.399 0.877
-0.704 -2.574 0.268
5.980 0.063 0.222
4.216 1.277 0.128
-1.240 1.836 0.316
-1.165 -3.220 0.489
2.042 -7.044 2.226
-2.019 -4.018 2.098
-1.657 -4.941 2.226
-1.123 -4.765 2.220
-0.354 -4.615 2.210
1.677 -4.238 2.199
1.690 -4.178 2.196
2.006 -4.087 2.194
4.222 -0.371 1.937
-3.362 -0.173 2.151
-1.180 -4.403 2.212
-0.947 -4.423 2.206
1.053 -4.345 2.193
0.027 -4.792 2.209
0.491 -4.472 2.204
3.922 1.308 1.874
5.967 -0.220 1.371
2.480 1.426 0.776
1.983 1.483 0.679
-1.024 -10.150 1.953
0.933 -10.610 1.516
1.083 -2.357 0.183
1.407 4.777 0.463
5.689 -2.658 1.078
-2.062 -4.144 0.568
-0.455 1.827 0.447
-1.376 2.488 0.266
1.390 -8.712 2.260
5.578 -4.622 2.077
5.643 -3.876 1.961
5.692 -3.238 1.815
5.965 -0.201 1.642
-2.129 -5.185 2.341
0.657 -5.285 2.220
1.650 -5.040 2.202
1.108 -4.885 2.205
3.030 -3.966 2.195
3.152 -3.983 2.202
3.856 -3.266 2.194
3.909 -2.620 2.180
0.396 4.627 2.185
0.426 4.431 2.184
-1.760 -0.973 1.077
-1.587 -0.708 2.258
1.478 -0.855 2.125
0.914 -3.762 2.177
5.537 -5.103 2.143
6.046 0.723 1.925
-11.312 5.735 3.674
-1.941 -3.180 0.895
-1.994 -3.360 0.951
-2.051 -4.209 1.054
12.129 1.412 2.295
0.136 -2.185 0.276
4.100 1.288 0.374
4.152 1.286 0.969
5.659 -3.538 1.685
-1.378 3.562 0.638
-1.222 1.813 0.704
3.669 -4.488 2.200
2.992 1.376 2.060
-1.527 1.626 2.067
-1.805 1.728 1.962
1.895 3.736 2.162
1.815 3.802 2.161
1.097 4.078 2.178
3.682 -5.153 2.210
4.179 -0.971 1.746
2.024 1.894 1.009
-1.382 3.339 1.368
5.977 -0.164 0.598
4.176 1.270 0.187
-0.770 -6.783 2.236
2.735 -6.220 2.220
-1.243 -4.244 2.202
6.029 0.360 1.873
3.082 -3.169 2.179
0.602 3.526 2.175
-1.088 1.749 1.765
-1.839 -0.415 1.479
0.687 -5.150 2.216
4.360 1.260 1.813
1.341 -7.166 2.202
5.962 -0.212 1.470
-1.375 -1.945 0.242
-1.725 -2.761 0.058
0.910 4.871 0.993
5.565 -4.612 2.204
2.640 -3.986 2.190
1.110 4.389 2.174
-0.561 1.823 1.081
-1.383 3.290 1.964
-1.928 -0.625 1.578
1.763 -0.280 2.130
1.612 -1.513 2.126
3.449 -3.140 2.186
3.429 -2.721 2.178
7.257 -1.141 2.232
-0.409 -6.325 2.229
-2.320 -9.844 2.161
3.169 -10.845 1.916
5.645 -3.963 1.466
0.630 -2.944 0.437
1.032 -2.825 0.436
5.517 -5.028 1.003
3.908 -3.672 2.209
1.876 -4.993 2.197
3.969 -3.274 2.081
1.607 4.008 2.171
0.754 4.504 2.187
-1.986 -3.593 2.173
-0.004 -3.735 2.170
2.556 -1.153 2.123
-1.625 0.011 1.840
-1.776 -1.220 1.657
0.766 4.453 2.166
1.489 4.282 2.171
2.681 -5.165 2.202
5.953 -0.090 2.192
6.016 0.331 2.057
3.560 -5.864 2.200
3.803 -5.297 2.110
1.039 -5.278 2.214
1.707 -5.147 2.195
4.044 1.293 1.480
3.960 -3.305 1.889
2.132 -6.178 2.190
-2.112 -4.841 1.332
5.771 -2.251 1.319
5.971 -0.217 1.196
0.559 4.873 0.862
1.271 -10.644 1.396
1.979 1.623 0.160
2.908 1.396 0.233
12.131 1.266 2.107
-0.634 -6.318 2.229
5.663 -3.134 2.214
6.571 -1.037 2.209
5.196 1.205 1.954
-0.975 -3.847 2.187
-0.732 -4.256 2.205
2.351 -3.242 2.174
-0.803 3.359 2.171
2.830 0.064 2.125
-1.050 1.746 1.768
-0.396 -5.363 2.225
-1.735 -4.658 2.224
1.151 -4.893 2.204
1.846 -4.395 2.196
-2.087 -8.243 2.241
5.713 -2.662 1.583
-0.978 1.748 0.454
-1.294 -10.103 1.396
1.208 4.786 0.424
-1.283 1.727 0.042
-0.410 -7.830 2.240
2.118 2.948 1.138
4.088 0.292 2.171
2.960 1.366 1.886
-0.076 -4.384 2.191
-2.000 -3.771 2.145
1.426 -4.736 2.204
1.814 -4.656 2.202
-1.824 -6.293 2.234
5.626 -3.901 1.714
6.042 0.634 1.802
5.719 -2.657 1.855
4.345 0.166 0.675
4.221 -0.292 0.264
12.110 0.990 1.825
1.313 4.830 0.983
-1.104 1.797 0.474
-0.649 -10.163 2.249
3.668 -6.727 2.019
5.624 -4.105 1.737
5.674 -3.176 1.727
5.391 -6.384 2.230
6.086 0.998 1.997
2.044 2.152 0.817
0.624 4.859 1.555
-1.778 -4.771 2.231
-0.989 -5.205 2.214
-0.316 -5.314 2.216
1.401 -5.004 2.200
2.289 -4.699 2.197
2.092 -4.748 2.200
3.486 -3.514 2.198
3.804 -3.246 2.190
3.837 -2.959 2.190
4.252 0.832 2.167
1.429 4.728 2.195
-1.700 0.168 1.023
-0.643 -1.924 2.124
-1.625 -0.063 1.811
-1.211 -1.504 2.124
-1.093 -1.295 2.122
-0.822 -1.697 2.122
-0.659 -1.755 2.124
-0.357 -1.922 2.123
-1.244 -1.621 2.125
-1.345 3.589 2.307
-1.676 0.253 1.015
-1.981 -3.499 2.231
-1.476 2.776 1.378
1.126 4.544 2.173
-1.682 0.573 0.743
0.289 -5.695 2.224
0.288 -6.591 2.221
5.529 -5.073 2.209
2.759 -4.942 2.202
5.982 -0.088 1.640
5.980 -0.134 2.108
-2.110 -4.782 1.265
-2.047 -10.042 2.176
3.769 -5.617 1.468
3.813 -5.234 1.183
5.512 -5.351 1.596
5.670 -3.510 1.532
12.139 1.413 2.102
4.892 1.206 0.780
4.012 1.286 0.690
0.825 4.740 0.819
4.122 -1.320 0.294
0.813 -3.031 0.075
4.269 -0.500 0.695
12.162 1.280 0.812
5.459 -5.753 1.854
-2.123 -5.039 1.898
1.723 -5.582 2.201
2.369 -5.479 2.206
2.770 -5.173 2.206
3.193 -4.928 2.207
2.071 2.398 1.377
2.069 2.441 1.540
-0.966 3.196 2.173
-1.780 -1.046 1.764
-1.277 1.388 2.123
-1.680 0.947 1.722
0.939 4.236 2.163
1.490 3.904 2.174
1.692 3.827 2.172
-0.071 -5.650 2.219
5.739 -2.652 2.078
3.933 -3.681 2.190
6.180 -0.901 2.201
4.050 1.300 1.644
2.218 4.117 1.612
-2.230 -6.501 1.862
3.608 -7.309 2.082
3.739 -5.949 1.988
3.732 -5.991 1.643
3.807 -5.242 1.841
1.848 -7.680 2.246
5.511 -5.323 1.431
5.533 -4.983 1.627
5.552 -4.594 1.365
5.592 -4.380 1.525
7.546 -2.351 1.841
12.138 1.376 2.041
6.093 1.076 1.100
0.597 4.871 0.974
-1.928 -3.038 0.615
5.676 -2.430 0.890
12.188 1.625 1.094
5.588 -3.978 1.224
5.672 -2.829 1.299
6.471 -2.270 1.125
12.172 1.597 2.128
4.193 1.272 1.092
-2.100 -4.707 1.411
-1.332 -7.287 2.226
-1.413 -6.392 2.227
-0.572 -7.743 2.234
-0.553 -6.544 2.225
1.562 -6.826 2.213
1.659 -6.433 2.212
2.475 -6.240 2.203
5.663 -3.641 2.076
2.243 4.263 1.841
-1.493 -4.257 2.207
1.273 -1.074 2.123
-1.989 -3.728 2.060
1.987 -4.310 2.200
5.997 0.157 2.183
0.513 4.812 1.782
-2.088 -4.728 1.626
5.589 -4.465 2.183
8.917 1.119 2.249
4.766 1.229 1.137
-2.099 -4.653 0.933
5.410 -6.312 1.520
12.174 1.534 1.130
3.086 1.379 0.074
-0.979 -2.906 0.252
5.725 -2.576 0.415
5.362 -5.480 2.233
5.710 -2.573 2.019
5.560 -4.672 2.013
-1.388 -4.532 2.207
-0.289 -4.942 2.213
-0.027 -5.141 2.219
-1.592 -4.770 2.214
0.585 -5.260 2.214
0.974 -5.084 2.210
0.723 -4.907 2.212
1.300 -4.804 2.202
2.153 -4.474 2.198
4.072 -2.084 1.983
4.275 0.101 2.105
2.056 2.258 1.680
-1.627 0.508 2.268
0.483 3.480 2.182
0.457 -4.546 2.202
2.744 -4.011 2.195
2.220 4.643 2.185
-1.741 -0.118 0.773
-1.967 -3.343 1.392
5.733 -2.707 1.868
5.969 -0.084 1.809
5.957 1.164 1.812
6.062 1.119 1.958
1.388 -10.662 2.170
2.974 -10.814 2.190
4.721 1.223 0.720
0.336 -2.869 0.194
-0.422 -2.921 0.176
-1.274 -3.123 0.409
6.881 -2.269 1.934
-0.725 1.852 0.713
-0.800 -5.209 2.224
0.860 -5.611 2.236
2.047 4.504 2.183
0.032 -3.799 2.168
-1.697 -1.485 1.933
1.502 1.526 2.072
0.418 -6.231 2.220
1.386 -5.175 2.205
1.775 -5.044 2.197
1.769 -6.221 2.207
2.354 -5.178 2.198
-0.030 -6.163 2.225
0.486 -5.627 2.224
1.007 -8.765 2.263
5.679 -3.625 1.462
0.951 4.876 0.820
0.718 4.874 0.714
-0.875 -2.673 0.172
-0.376 1.745 0.004
-1.728 -6.676 2.231
-0.892 -6.086 2.227
-0.486 -6.156 2.227
6.462 -1.945 2.224
5.680 -1.177 2.191
5.751 -0.776 2.209
3.904 1.315 1.672
0.568 4.811 1.790
3.385 -2.625 2.171
-1.293 3.699 2.398
-1.577 1.091 2.227
2.977 1.380 1.827
-1.234 1.797 1.246
-1.313 3.880 2.348
-0.682 -5.096 2.213
0.385 -4.719 2.210
0.691 -4.642 2.208
4.172 -0.905 1.904
1.341 4.840 1.773
-2.043 -4.130 1.399
-2.116 -4.926 1.616
12.165 1.506 1.052
0.874 3.362 0.103
-1.386 3.292 0.074
5.960 -0.241 0.286
12.102 0.513 0.482
3.789 1.298 0.505
-2.112 -4.945 1.744
2.274 4.502 1.549
-0.599 -4.681 2.209
0.622 -4.633 2.212
1.445 -4.603 2.198
4.203 0.029 2.166
0.744 4.105 2.171
-1.393 1.777 1.813
-1.247 1.644 2.125
-1.675 -0.520 1.648
1.272 -1.108 2.126
-2.882 0.883 2.140
-0.325 -4.313 2.202
-0.300 -4.465 2.204
1.430 -3.932 2.188
-2.092 -4.829 1.835
3.645 -6.669 2.228
5.144 -9.265 2.150
12.097 0.656 1.734
-1.367 3.554 0.352
-1.367 2.123 0.141
12.199 1.650 0.957
4.275 -0.541 0.152
-1.727 0.012 0.177
5.723 -2.452 0.926
5.386 -6.353 2.211
1.533 -8.650 2.243
5.525 -5.110 2.059
4.127 1.273 1.101
-2.041 -10.049 2.145
5.573 -4.555 2.009
5.510 -5.298 1.892
-1.334 -10.114 2.205
4.211 -0.305 1.237
3.660 -6.721 1.926
0.108 -10.190 2.270
2.266 4.407 1.667
-1.547 -5.557 2.223
-0.975 -5.308 2.225
2.032 -4.948 2.198
2.957 -4.280 2.197
3.210 -4.063 2.203
3.557 -3.846 2.196
1.069 4.342 2.177
0.682 4.875 2.196
-3.813 -1.400 2.166
-1.626 -0.003 1.819
1.907 -0.800 2.125
2.083 -0.715 2.126
1.961 -0.709 2.128
2.163 -0.601 2.125
3.018 0.904 2.131
2.942 1.093 2.126
-1.975 -3.464 2.284
3.973 -1.924 2.179
-0.388 -5.602 2.224
0.037 -5.820 2.228
3.828 -2.630 2.179
2.203 4.072 2.162
2.011 -5.552 2.197
6.004 -0.886 2.196
2.358 -5.413 2.205
3.797 -4.763 2.219
5.535 -2.005 2.204
-1.674 -0.007 0.567
-2.000 -3.407 0.982
-1.990 -3.503 1.020
-2.105 -4.819 1.307
5.667 -3.517 0.982
5.964 -0.148 1.133
6.096 1.090 1.268
5.946 1.178 0.471
-1.393 -2.435 0.129
-0.981 -2.453 0.073
-0.784 -2.409 0.074
-0.146 1.731 0.037
5.705 -3.016 1.623
5.520 -5.087 1.774
-0.239 -6.094 2.233
-0.078 -5.840 2.227
1.283 -6.231 2.221
3.979 -3.030 1.825
3.767 -4.548 2.209
-1.481 2.778 1.455
0.820 3.503 2.174
-3.181 0.381 2.139
-0.996 -1.453 2.125
0.569 -3.740 2.169
0.954 -3.542 2.178
-1.152 -5.039 2.222
-0.858 -5.012 2.225
-0.571 -5.043 2.223
-0.110 -5.317 2.217
-0.058 -5.531 2.219
3.877 -4.543 2.129
2.422 -5.387 2.196
3.970 -3.221 2.082
3.142 -4.717 2.210
6.520 -1.413 2.223
5.442 1.195 1.977
-1.928 -3.157 1.082
-2.042 -4.113 1.317
3.743 -5.897 1.978
0.409 -2.751 0.314
12.194 1.669 1.012
-1.310 -1.737 0.519
-1.802 -1.494 0.334
-1.244 -4.937 2.217
2.945 -3.063 2.174
0.817 3.580 2.178
2.086 2.565 1.952
-0.493 3.607 2.175
1.083 -4.497 2.197
3.919 -2.272 2.176
4.230 -0.546 1.727
2.075 2.375 1.306
-1.002 -6.738 2.233
3.827 -5.152 1.725
5.687 -2.835 1.444
0.858 -10.596 1.248
5.483 -5.355 1.165
1.410 -8.243 2.243
3.667 -6.803 2.162
4.959 1.221 1.790
0.353 -5.149 2.220
1.305 -5.007 2.202
2.497 -4.193 2.195
3.185 -3.570 2.191
3.504 -3.019 2.182
0.415 4.318 2.170
-1.693 0.298 1.024
2.834 -0.608 2.125
-1.243 1.746 1.715
-1.774 -1.479 1.941
-0.617 -1.672 2.123
0.666 -1.738 2.123
-0.902 -1.674 2.124
1.844 -4.062 2.190
-0.177 -4.267 2.193
2.025 1.899 1.240
3.817 1.311 1.713
-2.041 -4.231 1.697
-1.116 -6.339 2.221
-0.682 -6.272 2.226
1.125 -6.545 2.193
5.610 -4.370 1.961
3.884 -4.522 2.133
5.535 -5.007 2.026
5.987 -0.078 1.989
-2.530 -9.813 2.011
0.218 -10.273 1.882
5.621 -4.035 1.314
-1.380 2.743 0.519
4.219 -1.313 0.215
-1.025 -3.151 0.397
-1.902 -10.070 1.999
-1.177 -10.138 2.006
2.002 4.779 1.620
-1.971 -3.414 1.456
-2.150 -6.399 2.451
-0.560 -5.654 2.229
0.385 -6.101 2.223
3.049 -4.691 2.203
3.940 -3.643 2.200
1.032 4.344 2.174
-1.972 -3.990 2.405
0.598 -1.874 2.123
2.032 2.118 2.132
-1.575 -3.343 2.174
-1.034 -3.491 2.174
0.463 -3.849 2.171
4.074 -0.094 2.156
3.765 1.326 1.941
0.028 -5.343 2.218
-2.139 -5.502 2.381
0.746 -5.323 2.219
1.890 -5.635 2.200
3.101 -5.797 2.224
5.775 -2.164 1.886
6.579 -1.346 2.222
4.748 1.250 1.782
3.605 -7.490 2.155
-1.370 -2.788 0.169
12.089 0.461 0.514
2.716 -5.868 2.208
0.060 -7.147 2.234
3.118 -5.597 2.218
-2.113 -4.830 1.553
6.033 0.418 1.926
3.968 -3.235 1.886
0.554 -4.114 2.192
2.699 -3.168 2.174
-1.478 0.991 2.309
2.808 -1.013 2.125
-0.516 -4.638 2.205
0.289 -5.067 2.222
3.501 -3.649 2.202
4.372 1.150 1.886
0.383 4.841 1.793
-2.035 -4.062 1.405
3.754 -5.819 2.119
5.586 -4.456 2.097
5.666 -3.326 1.076
-1.572 1.206 0.296
1.065 -10.637 1.573
3.748 -5.979 2.096
-2.369 -7.894 2.396
7.207 -2.266 2.237
1.307 4.824 1.731
-1.204 -4.717 2.216
-0.489 -5.272 2.222
2.373 -4.039 2.190
-1.627 -2.692 2.138
-0.887 -3.499 2.171
-2.334 1.098 2.121
1.471 -0.988 2.127
2.396 -0.267 2.129
-1.479 2.771 1.373
0.696 -10.608 2.073
0.897 -10.620 1.857
5.585 -4.473 1.488
-1.377 3.520 0.327
-0.711 -2.576 0.340
0.468 -2.937 0.421
4.212 -1.174 0.672
2.804 -8.562 2.241
3.328 -8.331 2.242
3.589 -7.462 2.104
3.741 -5.841 1.725
5.550 -4.825 1.837
5.465 -5.741 2.032
5.670 -3.474 1.866
5.715 -3.021 1.563
5.709 -2.187 1.538
0.913 1.510 0.584
-1.611 0.421 0.625
-1.784 -5.987 2.236
-0.770 -5.698 2.214
1.458 -5.442 2.201
3.294 -4.123 2.206
5.657 -0.179 2.193
1.325 4.153 2.165
0.455 4.328 2.178
-3.197 1.938 1.923
3.256 1.083 2.122
-1.731 -0.910 1.557
-1.309 1.591 2.177
0.978 1.578 1.768
-0.630 -3.798 2.180
1.527 -3.552 2.178
2.143 3.231 1.838
1.380 4.507 2.174
0.466 4.496 2.184
1.679 4.338 2.164
-1.983 -3.438 1.594
-1.922 -3.042 1.451
0.760 -5.430 2.218
2.716 -4.757 2.200
3.974 -3.174 1.976
5.665 -1.610 2.197
-2.096 -4.651 1.312
3.818 -5.193 1.318
5.935 -0.500 1.354
5.962 -0.160 1.033
-1.423 0.321 0.116
5.614 -3.956 1.666
5.740 -2.216 1.364
-2.213 -6.101 1.987
5.590 1.167 1.928
1.099 4.817 2.201
2.132 -5.785 2.209
0.704 4.704 2.028
-1.129 -3.974 2.199
1.473 -3.814 2.174
2.144 -3.394 2.171
0.650 -4.081 2.193
4.167 0.159 2.157
4.161 0.452 2.158
3.016 -0.125 2.123
2.998 -0.483 2.123
-1.774 -1.281 1.787
-1.754 -1.475 1.904
0.594 4.244 2.151
-1.464 -4.730 2.213
-1.378 3.370 1.192
-1.158 -7.536 2.231
5.584 -4.452 2.052
1.887 1.597 0.604
5.441 -5.534 1.244
5.651 -3.498 1.332
5.647 -3.470 1.073
-0.522 -6.844 2.227
5.670 -3.607 1.984
5.835 -2.145 2.186
5.960 -0.178 1.882
-0.885 -5.051 2.223
4.324 0.633 1.992
-2.210 0.982 2.116
3.730 -2.914 2.188
3.874 -2.215 2.177
1.676 -6.472 2.213
12.140 1.322 2.056
-1.652 -7.872 2.241
2.546 -7.434 2.227
5.604 -4.259 2.115
-2.049 -4.839 2.441
1.453 -4.649 2.195
-0.059 -5.421 2.223
-0.302 -3.656 2.173
-1.699 -1.476 1.741
2.003 -1.744 2.120
2.076 -1.605 2.124
-1.284 1.259 2.122
-0.952 -1.407 2.124
-1.326 1.353 2.173
0.514 -3.971 2.177
0.548 -4.484 2.198
1.847 -4.370 2.192
3.677 -2.810 2.178
4.272 0.165 2.075
4.372 1.134 1.994
-2.183 -5.883 2.196
1.456 -6.205 2.199
1.608 -5.731 2.202
2.242 -6.009 2.213
-2.009 -3.446 0.882
5.687 -3.287 1.415
1.915 4.792 0.719
-0.369 -2.934 0.140
-1.615 1.246 0.221
-1.932 -3.145 0.496
5.727 -2.372 0.598
-1.079 -5.973 2.225
3.522 -4.178 2.202
3.694 -3.925 2.204
5.846 0.342 2.192
0.697 4.716 2.195
-2.003 -3.858 2.177
-0.096 -3.817 2.169
-1.093 -1.685 2.122
0.925 1.570 1.768
-0.849 -5.507 2.220
1.962 -5.132 2.196
5.825 0.746 2.193
0.725 -9.052 2.252
1.059 -8.436 2.243
5.483 -5.554 2.045
-1.750 1.760 0.267
12.115 0.849 0.847
5.959 -0.222 1.064
1.195 -6.144 2.214
3.564 -5.365 2.213
3.868 -4.564 2.093
1.808 -3.762 2.180
2.753 -3.136 2.171
2.084 2.514 1.802
-1.936 -0.715 1.741
-1.595 -1.468 2.038
-2.069 -4.919 2.434
3.540 -3.061 2.180
3.734 -2.776 2.180
-1.385 -7.354 2.239
5.518 -5.071 1.578
-1.378 -2.038 0.231
2.422 1.423 0.425
-1.397 -3.105 0.369
-0.958 -3.004 0.243
12.125 1.129 2.164
1.934 1.621 0.603
-2.210 -6.048 1.859
2.155 3.125 1.137
-2.096 -4.862 2.257
1.043 -4.575 2.197
0.351 -4.809 2.209
3.215 -3.507 2.192
2.485 -0.865 2.124
1.550 1.533 1.778
-1.435 2.643 2.252
1.047 -2.847 2.176
3.306 -2.451 2.161
-0.009 -4.218 2.188
4.065 -1.948 2.176
3.699 1.325 1.831
-1.934 -3.006 0.820
5.516 -4.888 1.157
2.063 4.772 0.636
12.166 1.607 2.060
-1.377 -1.998 0.282
-1.567 1.165 0.051
0.420 -2.680 0.070
-0.964 -2.552 0.088
-1.679 0.907 0.463
12.171 1.393 1.978
-1.189 -10.143 2.080
2.280 4.724 1.563
-2.023 -4.103 1.709
-1.730 -6.038 2.247
1.532 -5.288 2.199
2.525 -4.862 2.195
0.150 -5.510 2.224
3.306 -4.403 2.196
1.005 4.768 2.189
-1.378 3.385 1.730
-1.914 -3.908 2.401
0.220 1.690 1.281
-1.168 2.934 2.189
2.641 -0.936 2.123
2.844 -0.177 2.124
-1.438 1.147 2.273
2.225 -3.401 2.179
4.325 1.278 2.109
3.333 1.351 1.893
1.951 4.112 2.170
0.708 4.338 2.159
-1.715 -0.390 0.823
-2.146 -5.584 2.379
-1.653 -5.365 2.234
0.905 -5.529 2.230
-0.319 -5.335 2.223
0.424 -5.364 2.220
1.684 -6.097 2.210
2.705 -4.984 2.202
3.679 -4.450 2.207
3.932 -3.827 1.915
6.198 -0.833 2.214
-1.932 -2.940 0.971
12.174 1.478 1.726
5.484 -5.196 1.250
-1.531 -1.475 0.334
5.642 -4.082 1.526
-1.935 -3.146 0.562
5.962 -0.274 0.169
4.231 -0.892 0.510
-1.453 -7.036 2.235
-1.179 -6.649 2.234
2.270 -5.743 2.207
2.635 -5.607 2.207
2.943 -5.467 2.213
3.353 -2.549 2.172
3.309 -2.242 2.164
2.486 -3.287 2.174
-0.598 3.537 2.169
-1.360 3.559 2.338
2.087 -1.630 2.124
3.053 -0.232 2.125
2.836 0.017 2.120
-2.048 -4.446 2.265
-1.355 -4.933 2.221
-1.030 -4.928 2.218
1.068 -4.701 2.196
2.874 -5.161 2.208
-2.028 -3.956 1.329
2.658 -8.592 2.251
5.456 -5.564 2.236
-0.362 -2.968 0.061
-1.187 -2.996 0.307
2.632 -10.672 1.818
1.985 1.641 0.586
3.739 -5.923 2.175
5.727 -2.683 1.993
5.712 -2.333 2.071
6.009 -1.724 2.213
1.339 4.833 1.942
1.103 1.513 0.785
3.046 -3.060 2.176
0.716 4.136 2.171
2.015 1.941 2.028
-1.319 1.780 1.375
-1.457 -4.254 2.204
0.757 -4.305 2.201
2.585 -4.176 2.193
2.243 4.318 1.960
5.508 -5.123 2.237
5.602 -4.338 1.682
6.080 -2.198 1.842
-1.778 -1.404 0.242
5.636 -3.508 0.962
12.153 1.544 2.285
-0.617 -8.265 2.236
5.523 -5.085 1.997
5.703 -2.381 1.928
5.692 -2.548 1.731
3.065 -3.822 2.193
4.015 -2.194 2.183
2.891 -4.069 2.203
3.212 -3.830 2.193
-1.523 1.502 1.876
-1.472 -2.253 2.111
-1.982 -3.562 2.227
-3.746 -1.500 2.170
-1.400 -5.848 2.234
-1.363 -6.323 2.228
1.010 -6.031 2.216
5.647 -3.662 1.894
6.011 0.384 1.916
3.495 -8.534 2.147
12.202 1.649 1.751
12.179 1.461 0.735
1.021 -10.637 2.088
2.289 4.642 1.572
-1.333 -6.605 2.216
2.119 -5.400 2.203
2.431 -5.304 2.201
1.367 4.517 2.180
3.225 1.354 1.891
-0.996 3.265 2.174
-1.719 -0.293 1.165
2.639 -1.312 2.125
-2.028 1.824 1.857
4.141 1.277 2.147
-1.826 -4.969 2.230
1.548 -5.071 2.199
2.259 -4.847 2.194
3.802 -3.964 2.204
-1.154 -8.008 2.230
3.647 -7.044 2.016
3.787 -5.397 1.639
3.756 1.315 0.375
-1.590 -2.430 0.090
2.477 -10.735 1.864
5.645 -3.908 1.471
0.087 -7.544 2.235
1.704 -6.281 2.209
1.096 -7.087 2.181
5.693 -0.855 2.193
5.620 -2.014 2.209
2.687 -3.163 2.181
1.888 -3.859 2.189
2.913 -0.868 2.123
0.856 -2.041 2.121
-1.999 -3.796 2.068
-1.531 -4.397 2.220
-1.259 -4.448 2.211
-0.587 -4.883 2.207
0.153 -4.521 2.197
-0.233 -4.984 2.216
0.102 -5.116 2.223
2.588 -3.720 2.185
2.259 4.500 1.886
3.690 -6.577 1.994
2.576 -6.386 2.211
5.708 -2.417 1.050
-0.993 -2.490 0.070
0.701 -2.670 0.106
6.248 -2.203 2.148
6.920 -2.264 2.223
6.045 1.121 2.166
-0.856 -5.398 2.221
-0.864 -4.912 2.211
1.969 -4.518 2.189
2.319 -4.295 2.194
2.752 -3.937 2.196
2.794 -3.948 2.193
3.310 -3.253 2.184
2.000 4.242 2.168
2.415 -1.166 2.123
-1.287 1.053 2.123
2.895 0.640 2.130
-0.811 3.353 2.180
-1.856 -3.905 2.313
-1.491 -3.911 2.200
1.510 -4.425 2.196
2.869 -3.200 2.178
3.925 -2.578 2.177
4.275 0.178 1.901
2.084 4.639 2.180
-0.088 -6.927 2.224
0.238 -6.649 2.224
0.691 -6.587 2.188
-1.903 -6.079 2.229
2.087 -6.573 2.216
6.643 -0.895 2.218
4.365 1.255 1.194
-2.013 -10.059 2.092
-1.926 -2.956 0.777
-1.997 -3.561 0.892
-2.033 -3.857 0.572
1.230 -10.642 1.273
-0.471 -10.192 2.039
5.404 -6.358 2.053
-1.971 -3.380 1.640
0.535 -5.592 2.222
2.059 -5.084 2.197
2.581 -4.888 2.200
1.328 -5.350 2.209
1.970 -5.237 2.192
1.697 -5.210 2.203
3.363 -4.480 2.200
3.844 -3.950 2.198
5.864 -0.114 2.199
5.561 -1.773 2.203
5.793 -0.937 2.209
1.306 4.825 2.107
-1.706 0.033 1.021
0.326 -3.857 2.174
2.653 -1.123 2.124
-1.688 -1.477 2.112
-1.772 -1.484 1.456
0.581 -3.708 2.176
4.104 -1.225 2.173
1.069 4.311 2.178
2.140 3.908 2.169
-1.287 -5.207 2.221
0.010 -6.037 2.220
1.774 -6.074 2.202
2.322 -5.538 2.201
3.391 -4.670 2.202
3.920 -3.972 1.819
3.975 -3.353 1.803
4.069 -2.060 1.841
6.015 0.435 1.972
5.939 0.729 2.194
-11.339 5.253 3.632
0.401 -10.286 2.104
0.915 -10.008 2.252
1.965 -9.171 2.257
2.155 -8.337 2.252
5.477 -5.620 1.988
5.541 -4.963 1.910
5.635 -4.049 1.571
12.079 0.732 2.033
-1.963 -3.226 0.535
-1.467 -10.114 1.328
2.829 -10.635 1.525
-1.674 0.371 0.026
0.326 -3.167 0.368
12.180 1.474 0.539
5.966 1.118 0.310
-1.388 2.756 0.446
5.401 -6.327 1.747
5.469 -5.666 1.700
-0.804 -6.040 2.230
2.634 -5.902 2.208
2.701 -5.647 2.208
2.294 -5.946 2.191
5.456 -3.054 2.215
5.969 -0.190 2.156
2.001 4.648 2.183
1.676 4.731 2.197
0.381 4.119 2.171
-1.381 3.278 1.873
1.673 -5.286 2.198
1.029 -5.113 2.213
1.178 -4.822 2.197
3.634 1.334 1.536
0.696 4.901 1.782
-2.121 -4.939 1.643
5.937 -2.196 1.643
1.350 4.818 0.957
-1.727 -1.050 0.447
3.210 1.355 0.356
0.224 -8.344 2.239
3.755 -5.902 2.113
2.145 3.091 1.205
0.603 4.710 1.810
4.011 -1.561 2.167
1.265 3.959 2.170
-1.294 0.998 2.123
1.299 1.560 1.700
2.023 1.929 1.810
-0.567 3.563 2.177
-1.370 -4.230 2.199
3.919 -3.002 2.194
8.072 0.567 2.227
4.742 1.236 1.450
-0.732 -10.180 2.053
0.645 -10.601 2.105
3.751 -5.633 1.399
5.551 -4.832 1.463
1.070 -2.510 0.367
5.649 -3.686 1.878
5.726 -2.690 1.819
-4.193 2.044 1.705
-1.362 -4.780 2.214
-0.525 -5.189 2.222
3.635 -3.365 2.191
3.679 -3.041 2.183
4.123 -1.559 2.125
4.245 1.287 2.007
-1.377 3.342 1.865
-1.732 1.444 2.029
-1.708 -3.541 2.187
4.355 1.280 2.002
-1.946 -3.153 1.446
-2.049 -4.437 1.901
-1.815 -5.546 2.230
-1.330 -5.911 2.223
6.038 0.499 1.822
6.075 0.912 1.802
5.490 -5.502 1.796
-0.383 -10.205 2.091
6.159 -2.222 1.232
-1.231 1.831 0.209
-1.369 3.494 0.201
-2.037 -4.162 1.831
-0.097 -5.938 2.228
3.867 -4.463 2.201
2.089 -5.683 2.203
-1.323 -1.488 0.987
4.027 -0.397 2.153
1.916 2.978 2.147
2.500 -1.273 2.122
2.460 -1.793 2.118
-3.238 0.371 2.137
1.347 -3.167 2.175
-1.076 -5.153 2.216
3.976 -3.377 1.817
3.982 -3.226 1.879
6.090 -1.210 2.214
5.649 -1.084 2.196
2.440 1.425 1.110
-2.297 -6.774 1.958
-1.083 -7.832 2.226
-1.591 0.223 0.643
2.209 -9.138 2.255
4.269 -0.585 0.489
-0.356 -2.951 0.110
3.592 1.322 0.570
5.620 -3.908 1.390
-2.247 -6.577 1.897
5.633 -4.035 2.146
5.816 -2.026 2.203
3.036 -3.009 2.165
0.748 3.584 2.168
-1.395 1.507 2.268
-1.398 1.777 1.845
-1.671 -2.610 2.201
-1.759 -4.159 2.211
3.977 -3.237 2.066
-11.347 5.437 3.817
2.235 4.241 1.909
2.612 -3.916 2.194
5.964 1.172 1.708
-0.076 -10.248 1.959
5.722 -2.367 1.108
0.373 -2.867 0.233
4.714 1.228 0.175
-1.703 -10.089 1.239
5.620 -4.070 1.016
4.220 1.262 0.783
-1.707 -0.379 0.505
3.701 -6.523 2.113
3.763 -5.697 1.922
3.787 -5.378 1.860
2.281 4.579 1.779
-1.475 -4.924 2.224
3.984 -3.137 2.177
-0.058 -5.476 2.224
4.073 -1.920 2.181
-0.530 -3.697 2.184
-0.567 3.675 2.173
-1.467 -3.820 2.195
-0.593 -6.472 2.240
1.470 -6.166 2.206
3.100 -5.701 2.221
5.486 -5.556 2.174
3.501 -8.508 2.041
5.620 -4.003 1.308
5.698 -3.325 1.473
5.406 -6.126 1.784
5.491 -5.506 1.681
0.855 3.499 0.121
-1.373 2.389 0.229
0.976 -2.780 0.104
-0.466 -2.909 0.051
0.603 3.461 0.152
-1.222 -3.124 0.401
-0.511 -2.982 0.374
0.333 -10.278 2.082
2.064 2.285 0.868
-1.619 0.270 0.576
1.263 -5.795 2.213
0.968 -5.563 2.222
-0.403 -5.453 2.219
1.993 -5.137 2.200
2.341 -4.994 2.197
2.684 -4.841 2.201
3.211 -4.427 2.199
3.576 -4.217 2.203
5.795 -0.921 2.213
0.994 4.609 2.191
-1.971 -3.539 2.170
-0.641 -2.048 2.123
-0.765 -1.701 2.125
-2.286 0.898 2.100
-1.611 1.243 1.331
3.335 -2.871 2.181
0.512 -3.786 2.172
1.883 3.955 2.170
2.099 3.868 2.166
0.637 4.316 2.177
-1.955 -3.195 1.624
-2.108 -5.500 2.454
-1.596 -5.044 2.220
0.192 -5.435 2.221
-1.176 -5.417 2.214
3.888 -4.265 2.033
2.712 -4.876 2.204
6.101 -2.173 2.196
6.447 -1.298 2.224
6.106 1.399 2.067
5.645 1.171 2.157
1.220 4.807 1.571
3.530 -8.087 2.167
3.652 -6.985 1.915
12.169 1.655 1.867
5.453 -5.857 1.918
3.697 1.319 0.337
3.182 1.381 0.195
5.987 0.027 0.525
4.072 1.304 0.086
1.926 -1.128 0.258
-2.088 -4.732 1.731
5.694 -3.355 1.481
-2.281 -7.314 2.398
5.473 -5.616 1.651
0.589 -6.983 2.205
2.860 -5.749 2.217
5.868 0.032 2.193
-0.580 3.588 2.174
1.988 -1.776 2.125
0.720 -5.055 2.222
2.441 -3.990 2.195
3.125 -4.354 2.195
3.624 -3.069 2.189
0.014 -7.317 2.230
5.392 -6.113 1.988
-2.135 -5.007 0.946
3.172 1.371 0.379
5.966 -0.143 0.212
2.973 1.405 0.068
5.670 -3.655 0.343
-1.624 0.988 0.532
6.321 -1.766 2.218
6.066 0.954 2.044
6.054 1.250 1.902
-1.623 0.422 0.721
-1.662 -0.104 0.773
-1.171 -5.223 2.220
3.304 -3.469 2.189
0.053 -4.954 2.215
3.731 -2.361 2.168
-1.317 -4.922 2.217
3.027 -3.636 2.191
0.940 4.094 2.169
0.660 4.093 2.172
-1.773 -1.307 1.989
-0.846 -1.782 2.124
2.501 -1.082 2.124
-2.673 -0.279 2.125
-2.062 -4.476 1.704
3.720 -5.878 2.220
0.024 -10.253 2.051
3.772 -5.617 1.381
5.958 1.145 0.163
0.659 4.678 0.734
-2.047 -4.174 1.221
0.451 4.888 1.564
2.331 -1.113 2.125
-0.932 -1.973 2.124
-0.414 -2.216 2.122
2.900 0.827 2.126
2.148 -3.974 2.194
1.155 -3.756 2.170
-1.578 1.736 1.147
3.863 -4.568 2.126
6.120 1.360 2.014
-0.072 -6.098 2.223
-2.060 -4.551 1.965
-1.768 -1.363 0.592
-1.383 2.726 0.399
-1.365 3.381 0.174
1.843 -5.725 2.205
4.222 -0.271 1.734
3.050 -5.205 2.204
-1.573 1.573 1.106
1.524 -3.707 2.174
1.502 -3.625 2.177
3.123 -2.661 2.162
0.485 3.250 2.149
-0.863 3.255 2.177
-1.625 -0.070 2.077
-2.098 -4.893 2.336
6.247 -2.174 2.213
5.726 -1.963 2.209
5.211 1.187 1.978
1.418 -4.676 2.195
0.130 -4.938 2.219
4.025 -2.614 2.118
2.578 -4.964 2.196
5.524 -4.974 1.269
1.269 1.568 0.578
0.942 -6.578 2.192
-2.271 -6.918 2.429
-1.651 -6.463 2.231
3.051 -6.299 2.215
-1.675 0.040 0.776
-1.852 -4.781 2.260
4.112 1.093 2.157
-1.625 -0.195 1.992
-1.677 0.487 0.978
1.972 -4.756 2.200
2.315 -4.652 2.201
3.669 -3.935 2.196
5.717 -0.142 2.191
4.277 0.119 1.908
-0.400 -6.615 2.233
5.383 -6.073 2.218
-1.640 0.952 -0.080
11.885 -1.149 0.216
5.514 -5.445 0.492
-1.626 0.767 0.247
-2.058 -4.368 1.388
-2.103 -4.941 1.452
3.619 -7.407 2.215
3.774 -5.498 1.859
5.623 -4.077 1.891
7.031 -1.474 2.230
3.944 1.310 1.081
-0.873 -5.128 2.221
3.121 -4.168 2.199
3.245 -3.921 2.202
1.213 -4.883 2.200
3.642 -3.703 2.197
1.919 4.214 2.170
3.219 0.826 2.120
-1.235 2.489 2.206
-2.859 1.227 2.139
1.891 -3.333 2.175
4.225 -0.404 2.134
1.652 4.624 2.185
2.939 -5.938 2.215
5.952 -1.623 2.208
5.598 -3.341 2.213
3.836 -4.900 2.003
5.821 -1.991 2.213
5.599 -4.367 1.607
5.150 -9.221 1.879
3.703 -6.079 1.479
12.101 0.816 1.752
4.443 1.222 0.733
-1.681 1.765 0.333
-1.739 -1.307 0.319
-1.315 -6.519 2.228
3.610 -4.639 2.205
-1.634 1.126 1.642
-1.379 3.291 1.911
-1.782 -4.932 2.233
2.318 -4.895 2.199
2.634 -4.736 2.203
5.379 1.177 1.987
0.506 -8.259 2.246
-1.784 -0.549 0.395
5.979 -0.195 0.286
12.136 1.139 1.075
-1.620 -6.221 2.235
5.454 -3.166 2.210
0.800 4.876 1.762
-0.809 -4.758 2.216
2.116 3.042 2.045
-1.377 3.290 2.175
-2.376 0.908 2.125
-1.341 1.213 2.170
-1.670 -0.912 2.348
0.927 -3.504 2.176
5.865 -1.506 2.204
3.874 -4.422 1.833
0.601 4.817 0.971
-1.776 -0.946 0.430
0.076 1.712 -0.002
0.997 3.276 0.100
0.116 -3.111 0.497
-1.517 1.773 0.550
3.821 -5.070 1.887
6.059 0.816 2.171
0.743 -4.826 2.207
1.948 -4.339 2.197
3.383 -2.869 2.181
3.526 -2.613 2.179
4.181 -0.934 2.139
0.928 -2.287 2.126
-1.534 -0.617 2.220
-1.974 -3.522 2.085
2.954 -4.104 2.203
-0.308 -6.306 2.221
-2.049 -4.292 1.644
1.279 -6.105 2.218
-0.656 -10.186 2.097
5.562 -4.795 1.513
0.948 -2.906 0.126
-2.158 -5.528 1.654
5.471 -5.625 1.954
-1.797 -1.489 0.853
-0.682 -5.183 2.217
2.254 4.329 2.072
1.265 -5.589 2.217
0.672 -5.240 2.216
1.612 -5.197 2.202
0.935 4.239 2.178
0.660 4.302 2.174
-1.003 -3.541 2.169
-0.765 -2.008 2.125
-0.776 -1.621 2.125
-1.149 -1.249 2.124
-3.343 -0.338 2.139
1.233 4.413 2.171
1.606 4.464 2.186
0.938 4.440 2.174
-0.938 -5.444 2.224
-0.914 -5.615 2.222
-0.493 -5.701 2.220
-0.206 -5.545 2.217
0.873 -5.414 2.222
-2.058 -4.317 1.189
-0.983 -10.139 2.225
1.340 -10.662 2.066
-0.300 -10.223 2.211
5.460 -5.694 1.718
-1.411 3.052 0.061
-1.380 2.416 0.225
1.711 -1.149 0.281
0.780 4.863 0.729
5.686 -2.341 1.531
2.072 2.377 0.949
-11.353 5.267 3.700
2.998 -5.385 2.219
0.359 -6.152 2.220
0.547 4.717 2.027
-1.930 -0.605 1.649
-1.266 -1.543 2.123
-0.206 -1.850 2.124
-1.569 1.164 1.499
-1.605 -1.473 1.522
4.249 0.222 2.171
-0.408 -5.000 2.218
-0.286 -5.189 2.224
-0.063 -5.039 2.219
0.050 -5.262 2.224
3.739 -4.781 2.213
9.143 1.322 2.242
-2.308 -7.147 2.164
-0.793 -8.391 2.236
-1.726 -0.105 0.397
0.923 1.514 0.266
-0.497 -7.244 2.226
6.037 -1.248 2.197
1.875 4.785 1.739
-0.752 -5.053 2.217
1.260 4.102 2.175
0.703 -4.539 2.198
3.718 1.333 1.953
2.174 -4.075 2.191
1.749 3.741 2.170
-0.535 1.825 1.149
-1.334 3.758 2.269
1.336 -1.379 2.126
-1.788 -0.486 1.632
-1.780 -1.204 2.001
-1.342 3.540 1.554
0.657 -6.775 2.190
3.696 -6.424 2.117
5.401 -6.351 2.115
8.898 0.697 2.228
6.057 0.796 1.819
-0.741 1.715 0.602
4.390 1.246 0.589
0.851 -2.567 0.195
5.979 -0.159 0.160
2.647 -10.560 1.331
12.088 0.726 2.093
3.650 -6.884 2.070
5.696 -3.016 1.689
5.984 -2.186 1.721
4.185 1.278 1.346
-2.046 -4.200 1.784
-1.557 -5.116 2.218
3.367 -3.964 2.202
3.901 -3.140 2.198
1.318 4.727 2.185
2.232 4.197 2.040
1.924 4.303 2.174
3.147 1.125 2.123
3.059 1.313 2.122
2.976 0.042 2.122
-3.266 -1.473 2.148
-3.293 1.418 2.154
1.412 -3.765 2.174
2.880 -3.248 2.182
3.555 -3.096 2.183
3.934 -2.125 2.174
4.330 0.617 2.072
1.616 4.541 2.185
6.212 -0.817 2.216
6.031 0.440 2.101
1.126 1.624 0.689
2.866 -10.702 1.875
-2.308 -9.842 2.062
-1.743 -10.088 2.186
3.608 -7.256 1.937
-11.152 7.016 3.512
-2.043 -3.987 1.122
5.543 -4.871 1.724
5.733 -2.381 1.413
1.134 -2.697 0.441
0.882 3.814 0.137
-1.390 3.121 0.067
0.582 3.327 -0.077
5.394 -6.219 1.892
2.265 4.728 1.565
-0.518 -5.975 2.228
-0.019 -5.742 2.229
1.793 -5.904 2.207
2.158 -5.653 2.205
2.173 -5.493 2.200
3.468 -4.656 2.206
2.266 4.514 1.949
1.319 4.570 2.181
0.953 4.848 2.191
-1.060 3.153 2.175
0.392 1.627 1.844
0.665 -3.801 2.176
-0.738 -5.319 2.218
3.830 -4.969 2.175
1.767 -5.703 2.202
5.775 -0.717 2.204
3.788 -5.340 1.294
5.991 -0.022 1.463
4.298 1.268 0.544
3.576 1.319 0.430
3.769 -5.549 2.216
3.825 -4.999 2.111
3.865 -4.459 1.986
5.612 -2.356 2.209
6.441 -2.233 2.089
4.313 1.251 1.642
2.293 4.667 2.005
-0.765 -4.818 2.217
-1.834 1.759 1.995
-0.355 -4.488 2.201
4.138 -1.361 1.773
2.428 1.426 1.127
4.369 1.142 1.743
-2.163 -5.519 1.867
-1.209 -7.457 2.234
3.629 1.326 0.936
-1.426 2.794 0.606
-1.034 -2.470 0.091
-1.233 -7.127 2.231
0.546 4.410 2.175
2.143 3.390 1.992
2.960 -3.609 2.195
1.038 1.576 1.764
3.832 -5.091 1.760
-1.486 -6.059 2.229
1.286 -6.682 2.184
1.704 -5.918 2.202
3.707 -6.199 2.202
-1.101 -10.148 1.995
-1.966 -10.070 2.167
-1.370 2.586 0.297
1.004 3.652 0.115
-2.334 -9.847 2.005
0.629 -5.518 2.225
1.289 -5.675 2.210
2.280 -5.026 2.192
2.417 -4.909 2.199
5.740 0.011 2.189
0.923 4.791 2.189
2.183 -1.565 2.121
-2.066 -4.561 2.036
3.504 -4.641 2.205
3.619 1.328 1.334
5.504 -4.577 2.231
1.797 -8.586 2.252
3.773 -5.541 1.681
2.431 1.428 0.616
3.225 -10.834 1.517
0.978 3.242 -0.026
0.664 -2.733 0.333
5.396 -6.565 1.747
12.087 0.792 2.141
2.980 1.374 0.745
4.842 1.220 1.255
-1.493 -5.836 2.227
1.219 -6.390 2.211
5.898 -1.795 2.205
5.692 -1.041 2.210
5.749 1.135 2.155
4.284 -0.052 1.785
2.485 -5.139 2.198
3.426 -3.275 2.184
1.911 -9.227 2.242
3.724 -6.310 2.183
5.509 -5.283 1.866
5.662 -3.411 1.760
5.705 -2.466 1.619
1.988 1.671 0.641
4.264 -0.423 0.176
0.671 -2.732 0.227
-0.946 -3.310 0.530
6.340 -2.226 1.114
-1.670 -0.032 0.447
-2.156 -5.443 1.834
-1.732 -6.923 2.226
6.027 0.357 2.158
5.622 -4.076 2.088
2.286 4.721 1.961
-1.686 -4.483 2.221
3.484 -2.621 2.182
0.338 4.076 2.173
-0.782 -3.520 2.172
-1.206 2.548 2.190
1.193 -3.219 2.170
2.084 2.508 2.032
-0.356 3.566 2.171
-2.000 -4.101 2.349
2.954 -4.170 2.200
3.615 -3.725 2.200
2.388 -6.296 2.216
2.428 -5.771 2.208
3.833 -4.896 2.146
5.756 -2.170 1.525
5.440 -5.701 1.382
-0.025 1.776 0.023
-1.532 1.771 0.227
-1.931 -3.058 0.471
4.119 -1.988 0.565
6.032 0.423 1.885
1.830 4.770 1.611
-1.312 1.784 0.803
-2.087 -4.694 2.122
-0.199 -5.630 2.225
0.462 -5.726 2.225
3.333 -4.015 2.205
3.814 -3.457 2.201
-1.455 1.773 1.217
-1.447 -3.334 2.171
2.863 1.352 2.127
-1.559 1.146 1.560
-1.980 -3.641 2.361
2.919 1.369 1.695
1.651 4.474 2.178
-2.149 -5.759 2.385
0.959 -6.425 2.201
1.193 -6.048 2.206
2.847 -6.198 2.220
4.227 -0.260 1.361
-2.232 -9.834 2.089
3.751 -5.649 1.340
3.501 -8.414 2.226
3.796 -5.315 1.457
5.482 -5.458 1.826
5.695 -3.233 1.002
5.484 -5.510 0.367
-0.748 -2.436 0.179
-1.566 1.178 0.208
-4.082 2.028 0.284
5.942 1.179 0.414
4.173 1.270 0.598
3.154 1.368 0.304
12.132 1.004 0.978
-2.151 -5.338 2.184
1.839 -6.048 2.206
2.678 -5.398 2.210
3.354 -4.998 2.213
3.452 -5.024 2.203
1.315 4.677 2.186
0.576 4.796 2.078
2.696 -3.053 2.170
-0.583 -1.869 2.122
-1.219 1.008 2.124
-0.664 -1.713 2.125
-1.579 0.835 2.277
2.721 0.492 2.132
2.451 1.250 2.125
-3.130 0.709 2.135
1.200 -3.676 2.177
-1.469 2.424 1.618
4.068 0.119 2.153
0.610 4.163 2.180
1.461 -4.718 2.199
2.051 -4.518 2.200
5.768 -0.267 2.196
2.304 -4.371 2.200
3.798 -5.273 1.663
-2.138 -5.203 1.608
-2.129 -5.414 1.654
5.384 -6.442 2.093
5.828 -1.549 2.206
-0.415 -4.867 2.213
-0.704 -1.729 2.125
-1.329 1.690 2.200
-1.082 -4.523 2.203
0.580 -5.039 2.217
2.148 -4.156 2.194
5.710 -1.375 2.211
-2.139 -5.328 1.835
-1.259 -6.756 2.231
5.456 -5.895 2.095
3.622 1.328 0.950
0.093 -10.252 1.882
4.135 -1.110 0.630
3.595 1.329 0.576
5.467 -5.460 1.121
0.633 -10.605 1.473
4.454 1.226 0.995
0.570 4.761 0.853
0.625 4.616 0.932
-1.439 -7.800 2.241
-0.386 -7.875 2.240
0.259 -7.530 2.242
1.139 -7.801 2.236
-0.649 -5.404 2.223
2.583 -4.035 2.193
1.211 -4.715 2.200
3.693 1.326 1.751
2.805 -0.892 2.124
3.150 0.617 2.120
3.231 0.989 2.122
-1.419 2.829 2.000
-1.983 -3.582 2.190
0.425 -4.145 2.188
2.008 -3.989 2.190
2.449 -3.224 2.172
4.059 -1.824 2.179
4.128 -0.652 2.162
6.211 -2.207 1.690
-2.046 -4.151 1.032
-0.564 -10.176 2.243
2.030 1.935 0.459
0.401 1.624 0.295
-1.380 2.373 0.127
5.627 -3.695 0.412
0.370 -3.003 0.389
1.221 -10.648 2.214
3.011 -4.699 2.206
0.262 -1.916 2.123
-1.408 2.655 2.177
3.137 -3.000 2.180
3.940 -2.064 2.169
1.553 4.124 2.170
0.954 4.290 2.183
-2.069 -4.623 2.085
-1.799 -5.145 2.231
0.996 -5.392 2.220
5.620 -3.987 2.220
6.618 -2.262 2.172
6.481 -1.160 2.209
1.461 4.803 1.564
3.705 -6.241 1.949
6.554 -2.251 1.480
-1.384 -2.100 0.393
5.931 1.181 0.278
12.107 0.834 1.988
2.513 -6.051 2.215
2.357 -3.427 2.187
-1.372 3.395 1.570
-1.793 -0.864 0.881
-1.372 -1.995 1.807
-1.417 1.504 2.292
-2.853 -0.860 2.139
-1.789 -4.476 2.226
-0.926 -4.525 2.215
-0.917 -4.657 2.207
-0.058 -4.636 2.209
0.789 -4.517 2.200
1.154 -4.955 2.206
5.710 0.264 2.182
-0.131 -7.945 2.232
3.666 1.325 0.516
3.091 1.376 0.427
0.816 -2.851 0.184
5.635 -3.858 0.557
-1.213 1.777 0.065
-1.063 -3.123 0.331
1.156 -10.634 1.423
2.673 -10.601 1.512
1.528 -7.477 2.240
-0.429 -7.697 2.226
2.483 -7.383 2.228
1.564 -7.805 2.231
6.045 0.442 1.804
-1.974 -3.429 1.881
-2.024 -4.124 2.212
-1.716 -4.601 2.223
-1.090 -5.275 2.222
3.604 -2.577 2.174
1.478 3.986 2.172
-0.266 -5.053 2.223
-1.781 0.097 1.524
-0.418 -1.767 2.124
2.364 -0.341 2.130
-0.647 3.364 2.177
0.731 3.545 2.184
-1.689 0.216 1.018
-1.064 -3.999 2.190
3.599 -2.588 2.177
3.781 -2.368 2.180
3.829 -4.853 2.213
5.409 -6.195 2.201
3.379 -10.380 1.801
1.147 -10.630 1.839
3.770 -5.552 1.455
5.641 -3.709 1.389
1.056 3.647 0.120
0.124 1.723 0.082
-1.341 2.731 0.126
-1.953 -3.216 0.304
2.052 2.274 0.222
4.202 -1.038 0.686
1.924 -8.880 2.251
2.456 -9.124 2.247
5.522 -4.964 1.778
6.907 -2.276 2.093
2.948 1.370 1.020
4.232 -0.302 1.169
-1.543 -1.477 0.755
-2.122 -5.014 1.922
-2.246 -6.444 2.347
0.374 -5.341 2.217
2.041 -5.015 2.194
3.477 -4.046 2.203
-1.712 -0.280 1.105
-1.986 -3.594 2.235
-0.894 -1.797 2.125
-1.626 0.581 2.074
-1.273 -1.077 2.124
-3.334 0.869 2.146
-1.370 3.407 1.575
-1.882 -5.310 2.230
-1.226 -5.297 2.215
0.510 -5.385 2.216
1.625 -5.777 2.212
3.785 -5.370 1.151
12.176 1.789 1.998
-1.251 1.840 0.400
5.413 -5.928 1.762
3.035 -5.516 2.216
3.047 -5.376 2.216
2.278 4.617 2.162
1.258 4.821 2.100
5.555 -1.424 2.208
-3.724 1.980 1.879
2.809 -0.628 2.123
-1.646 1.309 1.765
-1.581 -0.857 2.245
-2.728 1.426 2.149
-1.919 -2.976 2.319
1.749 -3.501 2.172
1.335 -5.489 2.213
4.022 -2.544 2.145
2.621 -4.785 2.200
2.928 -4.664 2.200
4.916 1.228 1.848
1.315 -4.886 2.203
5.586 -4.313 1.398
5.649 -3.681 1.365
3.717 -6.278 2.156
12.099 1.000 2.201
-1.921 -3.094 0.314
-1.231 -2.817 0.298
0.122 1.720 0.237
4.251 -0.336 0.290
2.811 -6.724 2.217
2.454 -6.602 2.225
0.611 -6.852 2.207
3.791 -5.315 1.998
3.886 -4.374 1.835
6.045 -1.216 2.215
0.894 4.133 2.174
-1.028 1.730 2.128
-1.630 -2.645 2.165
-3.755 -1.312 2.163
0.264 -4.896 2.212
3.743 -3.894 2.196
5.711 -0.058 2.184
2.282 4.586 2.056
5.552 -4.797 1.759
0.710 -10.602 1.380
2.682 -10.564 1.358
5.598 -4.196 0.972
4.062 -1.760 2.173
0.573 -5.144 2.224
2.913 -3.879 2.189
3.166 -3.677 2.190
2.097 -4.477 2.195
2.614 -4.144 2.191
0.207 -5.225 2.223
4.284 1.288 2.061
3.943 -2.405 2.185
2.106 4.468 2.173
5.531 -3.626 2.215
-2.384 -9.838 2.221
5.691 -2.795 1.193
5.750 -2.705 0.623
4.218 1.275 1.078
5.626 -4.033 1.686
-0.884 -10.164 1.963
-2.172 -6.144 2.431
0.741 -5.743 2.226
1.450 -5.690 2.206
3.180 -4.696 2.202
2.799 -4.977 2.203
0.539 4.833 2.188
-0.171 -3.755 2.177
1.925 -1.934 2.124
-1.775 -1.194 2.219
0.984 -5.890 2.224
5.553 -3.900 2.221
2.748 -5.669 2.209
0.753 4.845 1.567
5.509 -5.336 2.072
-2.004 -3.508 0.576
-0.977 -2.711 0.192
-0.440 -2.936 0.223
-1.365 2.301 0.119
-1.214 1.768 0.083
12.143 1.301 1.104
3.479 1.332 0.468
3.413 -5.774 2.221
5.530 -2.284 2.205
0.241 -4.669 2.211
-1.725 0.333 1.502
0.620 -1.673 2.130
0.786 -4.866 2.213
1.162 -4.807 2.201
4.208 -0.676 1.717
-1.479 2.604 1.252
-11.366 5.176 3.668
1.179 -7.133 2.189
0.536 -6.877 2.209
5.496 -5.505 1.730
4.257 -0.266 1.263
3.719 1.327 0.980
0.837 -10.623 1.953
3.779 -5.455 1.239
12.142 1.050 1.155
1.390 4.767 0.515
0.808 -2.819 0.178
-1.082 -2.472 0.079
-1.548 -3.110 0.343
3.132 1.370 0.203
4.824 1.217 0.958
5.749 -2.654 1.952
12.148 1.191 0.759
-2.065 -4.530 1.553
1.154 4.805 0.494
5.528 -5.131 2.213
5.546 -4.951 2.089
0.507 4.908 1.783
-1.921 -2.929 1.508
-0.536 -5.165 2.218
1.197 -3.189 2.175
2.565 -1.632 2.124
2.862 -0.331 2.123
0.817 3.379 2.178
-0.123 3.612 2.176
-1.980 -3.530 2.145
-2.026 -3.999 1.616
3.236 -6.325 2.223
5.522 -5.133 2.214
5.555 -4.749 1.965
5.698 -3.381 1.952
7.957 -1.492 2.235
1.201 -10.644 1.881
5.475 -5.639 1.445
5.547 -4.744 1.538
5.681 -3.223 1.370
4.127 -1.999 0.615
4.373 1.252 0.797
12.150 1.262 0.862
-0.710 -2.495 0.344
3.112 -10.823 1.357
5.430 -5.916 2.044
-1.575 1.154 0.716
3.469 -4.026 2.203
1.410 -5.178 2.199
3.453 -4.326 2.204
2.688 -4.696 2.200
3.201 -4.317 2.204
1.274 4.755 2.187
0.587 4.597 2.178
1.807 2.831 2.159
-1.785 0.003 1.517
1.298 4.320 2.187
0.918 4.349 2.182
1.183 -5.200 2.210
1.860 -4.972 2.200
6.126 -1.105 2.208
6.245 -0.692 2.211
3.728 -5.983 1.309
5.989 -0.021 0.927
5.693 -3.179 1.054
12.193 1.890 2.028
5.383 -6.125 1.736
-1.924 -3.121 1.200
2.382 -6.056 2.216
-1.972 -3.563 1.888
-0.409 -4.510 2.204
2.864 -3.110 2.174
-1.636 1.289 1.897
-2.450 0.989 2.123
-2.371 0.902 2.124
1.018 -2.043 2.128
2.799 -0.100 2.121
-1.982 -3.408 1.776
-2.031 -4.931 2.441
0.810 -7.998 2.244
4.205 1.279 0.525
12.148 1.207 0.964
-2.179 -5.741 1.980
3.668 -6.167 2.224
3.771 -5.596 2.119
-1.722 -0.966 1.018
0.473 -4.588 2.202
1.200 4.142 2.175
-2.097 1.828 2.147
-1.592 -4.034 2.205
-0.729 -4.302 2.202
3.083 -4.249 2.203
4.017 -1.778 2.174
8.167 0.749 2.213
5.970 0.010 0.205
5.661 -3.351 0.923
-0.396 -8.386 2.234
3.758 -5.800 1.834
4.214 1.278 1.235
-1.560 -4.687 2.220
0.994 -4.962 2.211
4.018 1.294 1.903
2.171 -4.714 2.204
-0.403 -5.196 2.221
4.326 0.602 2.088
0.878 -5.182 2.222
0.843 4.468 2.166
-1.101 -3.801 2.186
1.898 4.418 2.171
-0.802 -6.094 2.224
3.878 -4.418 2.057
5.516 -5.242 2.221
-2.057 -4.241 1.172
6.946 -2.300 1.380
0.938 -2.636 0.387
12.153 1.002 0.809
0.623 -10.613 2.047
1.334 -10.662 2.078
-0.981 -5.544 2.225
2.924 -5.003 2.203
1.493 4.407 2.174
-0.924 3.256 2.171
-2.931 1.135 2.150
-1.964 -3.392 1.695
-2.014 -4.062 1.942
-1.360 -5.160 2.223
0.622 -5.854 2.227
-2.064 -4.524 1.347
-2.185 -5.718 1.666
-0.395 -8.088 2.234
5.526 -4.956 1.821
5.562 -4.681 1.933
-0.354 1.767 0.004
-1.496 -2.802 0.168
-1.993 -3.582 1.149
1.819 -6.712 2.212
1.877 -6.351 2.209
2.641 -6.308 2.207
3.064 -6.206 2.228
-1.775 -4.407 2.222
-1.076 3.505 2.181
2.491 1.426 1.731
5.848 0.821 2.193
0.855 4.675 1.826
-1.601 -7.168 2.236
-0.707 -7.095 2.226
0.403 -7.665 2.233
5.504 -5.221 1.945
5.547 -4.822 1.694
4.229 -0.274 1.058
5.589 -4.078 1.252
-0.019 1.775 0.118
0.136 -3.104 0.457
5.549 -4.787 0.979
5.781 -2.166 1.057
12.110 1.025 2.292
-2.154 -5.277 1.620
3.718 -6.349 2.032
3.646 -6.893 2.217
3.762 -5.595 1.910
-1.607 0.526 0.751
-0.656 -4.800 2.214
3.249 -3.417 2.194
3.522 -3.224 2.187
0.490 4.544 2.173
-2.605 0.515 2.134
-2.924 -0.156 2.120
-1.580 -1.473 1.715
-1.375 3.324 1.714
1.111 -6.161 2.216
5.511 -5.331 2.093
3.820 -5.061 2.138
5.653 -3.882 2.073
-1.422 2.641 0.884
-11.209 6.795 3.303
-1.967 -3.257 0.850
-1.586 -10.092 2.000
-0.208 -10.252 1.971
5.615 -4.127 1.488
5.632 -3.784 1.300
4.231 -0.259 0.787
-1.382 2.335 0.203
-1.986 -3.289 0.296
3.710 -5.997 1.705
-2.098 -4.947 2.095
1.742 -5.417 2.198
2.866 -4.789 2.201
3.718 -4.165 2.201
3.871 -3.874 2.203
5.867 0.890 2.183
2.289 4.657 2.064
1.517 4.273 2.180
0.684 -3.798 2.170
3.081 0.527 2.121
-0.018 -3.787 2.174
1.551 4.138 2.173
2.069 2.478 1.678
1.262 4.254 2.172
0.967 4.334 2.181
-1.461 -5.291 2.225
2.169 -4.728 2.203
2.453 -5.011 2.197
-1.926 -2.921 0.516
2.809 -10.716 1.998
5.993 -0.002 1.067
2.496 -6.022 2.205
3.989 -2.984 1.819
2.907 -5.818 2.220
0.315 -7.164 2.229
-2.052 -4.315 1.376
3.307 -5.525 2.205
5.721 -2.852 2.124
1.194 -6.688 2.185
-2.253 -6.717 2.385
5.617 1.153 1.975
2.968 -3.119 2.178
-1.378 1.714 2.269
1.546 -3.504 2.177
-1.213 -4.637 2.216
0.166 -5.094 2.221
2.934 -4.503 2.199
0.655 -7.231 2.204
5.493 -5.237 2.226
1.830 4.780 1.780
5.736 -2.684 0.506
-0.640 -6.914 2.236
0.043 -7.704 2.235
0.129 -7.298 2.233
3.724 -6.102 2.207
5.304 -4.837 2.240
5.715 -2.248 2.173
6.115 -1.945 2.199
-2.098 -4.893 2.238
-0.388 -4.668 2.211
1.821 4.051 2.169
-1.973 1.826 2.029
3.012 1.382 1.360
5.676 -3.332 1.798
0.906 -10.615 1.407
-2.161 -5.466 1.575
-0.754 -8.094 2.228
3.716 -6.232 1.906
5.703 -3.015 1.783
-0.930 -4.991 2.222
3.079 -4.047 2.202
0.800 4.554 2.189
-1.387 3.043 2.386
-2.836 0.750 2.142
2.059 -1.783 2.125
2.537 -1.053 2.125
1.424 0.723 2.113
-2.254 1.856 2.057
1.201 4.555 2.171
-2.088 -4.714 1.980
0.049 -6.175 2.223
0.519 -6.260 2.219
5.212 -8.594 1.842
0.864 -9.404 2.237
0.340 -3.015 0.348
4.274 -0.549 0.696
12.186 1.884 2.289
-1.750 -0.767 0.791
0.183 -3.750 2.176
-1.240 -5.180 2.222
-0.910 -5.347 2.221
6.115 -1.010 2.213
4.264 1.285 1.762
-1.374 3.400 1.393
-2.062 -4.545 1.452
1.706 -7.668 2.236
3.588 -7.536 2.218
-0.179 -8.270 2.250
-1.932 -2.928 0.601
4.273 -0.475 0.640
4.278 -0.494 0.516
4.134 1.287 0.465
-1.186 -2.704 0.187
0.221 1.674 0.080
-1.108 -3.037 0.307
-1.925 -2.976 0.517
5.411 -3.534 2.218
5.913 -1.962 2.214
-1.773 -1.333 1.113
-1.747 -4.867 2.228
2.898 -3.167 2.177
-1.390 -4.883 2.219
0.327 3.786 2.169
-2.121 1.835 2.101
1.729 3.276 2.161
-1.287 4.157 2.383
-1.775 -1.257 1.152
0.585 -4.334 2.198
1.799 -4.514 2.194
0.584 -6.555 2.191
1.429 -6.440 2.203
3.915 -3.819 1.795
-1.800 1.825 0.696
5.562 -4.625 0.962
5.686 -2.808 1.005
4.284 -0.471 0.094
-0.739 -2.337 0.132
-1.990 -3.319 0.475
-2.042 -3.934 0.540
-1.452 -10.104 1.232
0.397 -3.110 0.492
5.448 -5.682 1.167
3.762 -5.810 1.923
6.605 -2.241 1.942
0.725 4.874 1.670
-0.138 -5.357 2.221
1.528 -5.009 2.204
2.854 -4.211 2.202
-0.460 -3.681 2.170
1.440 -3.157 2.175
-1.768 0.021 1.638
-0.751 1.711 1.765
0.429 3.371 2.176
-0.381 3.597 2.174
2.222 4.420 2.183
-1.970 -3.344 1.511
-2.026 -4.105 1.702
-0.082 -6.083 2.221
0.354 -6.080 2.217
3.912 -4.119 1.822
5.567 -4.659 1.646
3.065 1.375 0.609
-1.346 -1.701 0.572
5.683 -3.660 1.520
5.684 -3.135 0.904
5.427 -5.895 1.864
12.106 0.969 1.867
2.239 4.187 1.462
-2.249 -7.041 2.453
2.546 -5.124 2.199
2.279 4.734 2.066
0.568 -3.726 2.180
-1.715 -0.287 1.264
-1.367 -3.353 2.175
-1.140 -3.392 2.178
3.153 -2.971 2.171
1.960 -5.854 2.206
5.138 1.214 1.966
5.206 -8.646 2.169
-0.419 -2.799 0.198
-1.742 1.763 -0.088
1.335 -6.574 2.202
3.882 -4.332 2.026
4.132 -2.005 1.730
5.731 -2.334 1.989
0.616 4.079 2.167
1.634 -4.625 2.197
2.182 3.364 1.514
-1.421 3.023 1.142
-1.222 1.782 0.904
5.613 -3.904 1.640
-1.372 3.511 0.414
-1.675 0.388 0.561
5.564 -4.063 2.235
6.795 -2.241 2.218
5.302 1.192 1.976
2.028 1.796 1.034
-1.431 -4.821 2.219
3.758 1.317 2.093
-0.407 1.830 1.126
0.688 3.492 2.180
3.735 -5.992 2.038
-1.574 1.156 0.642
1.304 4.827 0.609
0.861 -8.748 2.260
5.722 -2.373 1.596
-1.790 -0.656 0.801
0.320 -5.553 2.225
1.361 -5.199 2.201
-2.081 -4.809 2.072
4.248 1.280 1.543
6.404 -1.071 2.215
2.988 -5.088 2.212
5.393 -6.155 1.770
4.197 1.281 0.852
3.080 1.378 0.709
-1.224 -2.596 0.156
-1.693 -5.610 2.228
-0.187 -5.880 2.227
1.368 -5.803 2.219
0.550 4.895 2.200
2.477 1.426 1.570
-1.570 1.157 1.300
-1.930 -3.061 2.330
-0.481 -5.364 2.222
1.678 -7.384 2.242
-1.434 2.899 0.379
-1.207 -2.452 0.069
2.153 1.482 0.033
4.202 -0.277 0.056
-1.681 1.779 0.057
3.257 -10.825 1.917
6.010 -2.189 1.196
3.783 -5.557 2.094
0.256 -6.932 2.227
5.331 -4.430 2.242
-1.566 -6.707 2.226
-0.505 -7.707 2.237
6.064 -1.931 2.220
0.401 4.809 1.787
-1.404 -1.474 0.973
-0.867 -4.796 2.208
1.350 -4.367 2.190
2.384 -3.815 2.189
2.491 1.425 1.607
0.313 3.837 2.173
1.501 4.090 2.165
-1.585 1.752 1.930
-1.562 -1.474 1.981
1.983 -1.351 2.129
-2.769 0.840 2.136
-1.624 0.525 1.128
-0.704 -4.428 2.204
3.999 -2.426 2.183
-1.919 -6.664 2.233
-1.065 -6.700 2.230
-1.387 -7.172 2.232
2.140 -6.582 2.218
2.253 -6.047 2.209
2.576 -6.501 2.211
5.441 -4.016 2.217
6.084 0.940 1.812
-1.426 2.588 0.860
5.643 -3.546 1.297
-0.577 -2.828 0.413
12.122 1.048 2.163
0.694 -10.583 1.306
3.775 -5.487 1.786
5.716 -2.683 1.920
6.078 0.906 1.993
1.372 -4.918 2.204
2.122 3.044 1.848
-1.345 1.775 1.261
1.572 -0.270 2.117
-1.827 -0.480 1.649
-1.912 -3.753 2.386
2.489 1.427 1.353
-1.674 -5.469 2.224
-0.142 -5.644 2.225
3.033 -6.349 2.216
3.033 -5.808 2.219
5.561 -3.143 2.217
7.929 -1.460 2.244
5.729 -2.839 2.015
-2.153 -5.298 1.395
3.085 1.379 0.655
4.222 -0.309 0.723
2.502 1.426 0.437
-1.747 -1.178 0.582
3.438 -9.135 2.193
5.398 -6.405 1.897
5.976 -0.251 1.410
0.848 -5.691 2.230
-0.754 -5.955 2.231
-2.964 -1.267 2.152
1.621 3.973 2.166
-2.036 -4.222 2.006
2.730 -5.479 2.206
3.213 -5.363 2.211
5.661 -3.624 1.261
12.173 1.391 1.088
4.874 1.218 0.534
5.545 -4.696 1.286
5.576 -1.801 2.206
0.184 -6.509 2.236
5.368 1.191 1.832
1.789 -3.889 2.189
-1.616 -1.475 1.580
2.477 -1.064 2.124
1.428 -1.337 2.126
-1.377 -1.962 1.621
5.730 -2.303 1.659
-0.061 1.775 0.320
-7.543 2.342 -0.439
-2.120 -4.871 1.656
2.206 -7.491 2.235
2.246 4.275 1.582
-1.697 -5.217 2.228
1.757 -4.481 2.194
1.444 4.297 2.168
1.084 4.080 2.155
-1.379 3.393 2.000
2.045 -4.375 2.188
-1.370 -2.063 0.925
4.226 1.279 1.381
-0.901 -10.168 2.058
5.749 -2.349 0.957
0.645 -10.584 2.268
6.064 0.572 1.810
-1.438 -5.520 2.229
3.971 1.304 1.975
2.080 4.260 2.169
1.799 4.350 2.175
3.096 0.943 2.130
-0.289 -3.641 2.182
-1.101 -5.402 2.223
3.788 -5.452 2.169
-11.304 5.836 3.978
-11.384 5.019 3.915
12.050 0.381 2.297
3.097 1.376 0.734
3.180 -5.414 2.219
3.540 -5.159 2.210
6.352 -2.097 2.216
3.651 1.310 1.445
4.285 0.021 1.792
-1.571 0.963 1.986
-2.903 -0.884 2.141
-1.976 -3.500 1.861
2.318 -4.471 2.199
-1.420 3.017 1.066
-2.028 -3.937 1.288
1.587 1.580 0.558
5.957 -2.202 1.016
5.683 -2.752 0.468
-1.325 1.792 -0.033
-1.551 -2.363 0.083
-3.202 0.682 -0.182
0.821 -10.620 1.634
-1.800 1.825 0.667
-1.902 -8.470 2.233
2.035 -7.184 2.226
3.387 -6.330 2.203
5.633 -3.996 2.183
3.871 -4.278 1.847
6.167 -0.712 2.194
3.699 1.323 1.522
-2.016 -3.954 1.843
-1.450 2.364 1.095
-1.368 3.276 2.011
2.752 0.484 2.126
1.925 -3.753 2.179
2.779 -4.368 2.195
-0.968 -6.945 2.225
-0.193 -6.497 2.236
0.661 -6.413 2.205
2.453 -7.788 2.233
3.733 -6.044 2.028
5.531 -5.074 2.034
0.988 -10.632 2.162
5.512 -5.167 1.492
5.698 -3.048 1.239
2.057 2.261 0.467
-0.778 -10.136 2.259
2.513 -8.624 2.253
0.259 -8.697 2.249
3.774 -5.444 1.768
5.981 -0.249 1.579
0.668 -5.471 2.219
1.034 -5.048 2.208
3.338 -3.828 2.200
0.566 4.254 2.153
-1.366 3.304 1.786
-1.743 -2.637 2.282
-1.680 0.565 1.288
-1.367 1.778 2.222
6.293 -1.500 2.193
-1.678 0.477 0.357
-1.393 2.907 0.061
-1.418 1.766 -0.076
-1.376 -1.907 0.059
0.360 -2.920 0.348
3.542 1.334 0.313
4.231 1.275 0.349
-0.813 -10.175 1.861
5.393 -6.350 1.831
5.668 -3.452 1.547
0.388 1.677 0.603
-0.273 -5.820 2.226
0.152 -5.870 2.225
2.986 -5.207 2.211
1.553 -6.080 2.213
1.929 -5.881 2.205
3.511 -4.904 2.208
3.843 -4.662 2.201
3.929 -3.779 2.097
5.804 -0.019 2.186
1.061 -3.845 2.174
1.311 -3.759 2.173
-1.095 3.195 2.173
-0.947 3.304 2.173
0.945 1.576 2.078
-1.624 0.530 1.178
0.873 -3.598 2.181
1.504 -5.655 2.204
-1.253 -5.053 2.219
-0.814 -3.485 2.176
1.296 -3.699 2.177
-0.553 -3.616 2.177
-3.239 -0.008 2.136
3.165 -5.259 2.217
-0.006 1.776 1.007
5.844 -1.787 2.206
1.038 -5.717 2.221
6.060 -1.387 2.218
-1.277 -8.138 2.238
-0.002 1.776 0.434
-1.346 1.782 0.575
2.711 -10.594 1.467
-1.378 -1.961 0.194
-0.166 1.777 0.495
-2.080 -4.678 1.755
0.584 -6.824 2.193
-1.651 0.257 1.095
-2.203 1.178 2.129
-1.565 -1.475 1.965
-0.694 -1.889 2.124
-1.281 1.191 2.125
-0.169 1.676 1.929
-1.977 -3.558 1.983
-1.467 2.516 1.137
-0.020 1.780 0.724
0.757 -8.407 2.252
6.101 1.092 1.475
-1.423 1.779 0.310
5.968 0.063 0.261
3.201 -10.838 1.622
0.797 4.662 0.840
0.140 -8.388 2.239
2.122 2.941 1.070
-2.025 -4.150 1.821
1.461 4.395 2.172
-1.674 0.591 1.063
2.867 -0.443 2.122
3.277 -3.694 2.191
4.268 0.078 1.817
-2.229 -6.841 2.451
-1.648 -6.184 2.226
0.854 -6.314 2.227
1.430 -6.539 2.191
3.832 -4.879 2.120
-1.976 -3.292 0.906
-2.088 -9.984 2.019
-0.470 -2.914 0.154
12.117 1.092 1.888
0.689 -10.610 2.195
1.160 -5.718 2.221
-1.629 1.125 1.759
2.625 -1.345 2.124
0.039 -3.706 2.177
3.010 -7.983 2.234
5.627 -4.042 1.756
3.786 -5.353 1.338
-1.365 -10.114 1.170
12.157 1.458 0.624
-0.346 1.828 0.167
-1.410 -6.855 2.234
-1.416 -4.244 2.212
-1.625 0.086 2.250
-1.762 1.761 1.488
-2.153 -5.576 1.854
0.339 -7.612 2.235
5.625 -4.098 2.067
5.716 -3.020 1.360
3.459 1.333 0.557
4.225 -0.296 0.198
12.221 1.575 1.217
0.690 -7.579 2.228
-2.041 -6.965 2.231
3.116 -7.230 2.226
-1.148 -4.935 2.221
1.183 -4.619 2.204
3.699 -2.559 2.171
3.868 -2.243 2.181
4.221 0.611 2.165
-1.142 3.213 2.199
-2.077 -4.649 1.779
2.779 1.405 0.045
-0.988 -2.987 0.264
12.178 1.534 0.902
5.972 1.124 0.512
-1.340 -3.165 0.467
-1.251 -8.154 2.232
2.627 -8.154 2.235
5.417 -5.895 2.156
5.341 -6.915 2.214
0.990 -5.593 2.226
1.984 4.051 2.169
1.639 3.946 2.171
0.798 4.228 2.143
-1.741 -0.967 1.036
2.003 1.475 2.097
-1.776 -1.198 1.676
-2.042 1.826 1.858
2.852 0.746 2.126
0.941 -6.067 2.218
3.045 -5.603 2.221
3.844 -4.073 2.211
5.433 -2.980 2.209
5.529 -4.750 1.128
3.477 -8.709 2.106
5.620 -4.039 1.708
5.967 -0.273 1.204
0.829 -10.621 2.049
0.985 4.877 0.819
-2.084 -4.519 0.644
0.717 -10.590 1.967
0.504 -6.093 2.223
0.554 -5.966 2.228
0.080 -6.137 2.235
2.084 -5.602 2.203
3.581 -4.960 2.209
5.640 -2.010 2.208
6.024 1.149 2.106
5.919 0.444 2.188
2.211 4.701 2.201
-1.025 3.343 2.173
-0.993 -3.378 2.179
-1.699 -3.038 2.201
2.771 -4.888 2.201
-0.092 -5.561 2.224
1.114 -5.635 2.221
1.523 -5.624 2.203
1.655 -5.206 2.199
0.699 4.863 1.574
3.536 -8.073 2.064
1.715 1.556 0.511
-2.186 -5.739 1.767
0.860 -2.622 0.275
3.958 1.299 0.462
-2.089 -4.794 1.824
-2.217 -6.111 2.193
-1.730 -8.068 2.227
1.116 -6.725 2.184
3.847 -4.792 1.982
3.682 1.327 1.903
-1.800 -2.941 2.340
-0.363 1.664 1.749
-1.351 2.840 2.371
3.056 1.253 2.124
2.510 1.426 1.674
-1.368 3.324 2.037
-2.039 -4.419 2.402
2.155 3.121 1.551
-0.155 -6.792 2.235
2.771 -7.448 2.225
5.618 -3.973 1.607
3.225 1.394 0.062
4.160 1.279 0.207
12.104 0.969 1.986
12.140 1.261 2.294
3.698 -6.448 2.054
5.575 -4.602 2.156
-1.933 -2.915 1.345
0.342 -5.030 2.217
3.437 -3.773 2.199
4.078 -1.704 2.179
4.148 1.293 1.863
1.464 -3.112 2.182
2.074 2.455 1.431
1.054 -5.839 2.222
3.882 -4.306 1.970
2.507 -5.844 2.212
12.152 1.414 1.938
-1.827 -0.869 0.726
-0.263 -5.679 2.224
3.728 1.318 1.876
0.807 4.382 2.145
5.839 0.252 2.193
-2.976 0.720 2.140
-1.213 -3.438 2.174
2.864 0.176 2.125
-1.631 -1.332 2.256
3.015 -3.173 2.173
-2.029 -4.087 1.910
1.015 -5.130 2.211
1.371 -5.073 2.206
1.901 -5.219 2.201
0.215 -5.740 2.224
6.609 -0.975 2.225
-0.699 -8.969 2.234
0.823 4.848 0.313
-1.925 -2.932 0.343
12.114 0.813 1.145
0.271 -6.284 2.226
1.460 -6.315 2.215
3.068 -5.679 2.221
5.992 -0.094 1.935
-1.979 -3.528 1.948
-0.957 -8.256 2.237
0.191 -8.669 2.242
3.588 -7.489 1.966
5.567 -4.580 1.565
5.419 -5.008 2.235
4.917 1.211 1.140
-1.236 1.725 0.057
-2.110 -4.759 1.258
6.248 -2.214 2.086
6.338 -1.974 2.226
-0.106 -5.005 2.212
0.603 -4.907 2.214
2.096 -4.251 2.197
0.752 4.363 2.169
-2.386 0.977 2.125
2.502 1.425 1.822
4.008 -1.998 2.177
3.516 -2.722 2.179
4.324 0.661 2.035
-1.348 -6.121 2.229
-2.024 -4.119 1.627
2.964 -6.543 2.224
2.945 -5.409 2.216
-0.691 -10.177 1.892
1.140 -2.630 0.435
5.468 -5.716 2.050
2.962 -4.444 2.203
3.489 -3.898 2.197
3.857 -3.341 2.193
2.051 4.776 1.559
-2.001 -3.873 2.381
3.695 1.329 2.077
2.503 1.425 1.464
-2.110 -4.936 2.141
2.543 -6.090 2.213
1.017 -5.353 2.199
-1.398 -2.790 0.166
-1.418 3.197 0.151
3.439 1.354 0.241
2.046 4.779 0.646
1.743 -6.124 2.201
2.094 -6.032 2.205
1.888 -3.540 2.172
2.116 -3.407 2.173
2.339 -1.046 2.122
2.779 -1.162 2.122
2.906 -0.941 2.124
3.032 -0.324 2.121
3.057 -0.115 2.124
2.989 0.303 2.120
0.007 -3.629 2.180
3.006 1.375 1.686
0.801 4.106 2.172
0.550 4.190 2.173
-1.483 -4.749 2.223
-2.027 -4.244 2.093
-2.044 -4.369 2.133
-0.256 -4.883 2.209
1.529 -5.502 2.200
2.822 -5.269 2.205
5.669 -3.121 2.210
4.141 -1.489 1.766
5.598 -0.785 2.199
5.391 -5.971 1.593
5.724 -2.315 1.342
5.553 -4.595 1.421
0.392 -2.936 0.266
5.449 -5.823 1.480
-0.310 -7.342 2.230
3.243 -6.186 2.233
5.793 -1.765 2.213
5.844 -1.368 2.206
5.781 -0.139 2.184
-1.264 -4.865 2.223
1.131 -4.275 2.197
-1.330 3.789 2.301
-2.036 -4.082 1.491
-2.114 -4.863 1.732
-2.054 -4.371 1.506
-2.157 -5.471 1.820
1.502 -8.353 2.259
3.787 -5.462 1.664
12.117 1.027 1.939
-0.222 -8.201 2.248
3.861 -5.086 1.776
-0.608 -5.120 2.222
-0.649 -2.146 2.125
-1.373 -1.999 1.919
2.077 2.344 1.486
-1.129 -5.980 2.230
1.976 -6.401 2.215
5.704 -3.084 1.251
0.827 -10.616 1.982
-1.375 3.507 0.503
-0.522 -2.912 0.073
4.094 -1.315 0.192
-1.406 2.212 0.489
5.469 -5.760 1.943
-2.060 -4.617 1.717
-0.604 -5.775 2.229
2.915 -4.854 2.202
2.998 -4.746 2.199
-1.176 -3.487 2.173
-1.597 1.805 1.742
0.359 -8.232 2.232
6.089 1.091 1.044
5.445 -5.857 1.588
5.619 -4.040 1.447
5.551 -2.111 2.208
6.013 -1.313 2.208
-1.385 -1.473 0.983
2.066 2.463 1.890
-1.373 3.359 2.072
-2.060 -4.627 2.423
5.148 1.205 1.882
0.814 -2.596 0.191
5.482 -5.381 0.210
-1.448 -1.484 0.374
5.623 -4.040 2.154
5.621 -4.147 1.932
1.781 -7.944 2.248
6.601 -1.557 2.227
4.960 1.208 1.519
-2.037 -4.135 2.045
-1.668 -0.035 0.749
-0.935 -4.904 2.218
4.375 1.130 2.103
0.423 4.439 2.175
-2.541 1.092 2.125
2.308 -3.322 2.177
-1.392 3.215 1.525
1.350 4.812 0.658
-1.671 0.231 0.190
-1.301 1.760 0.160
2.166 1.437 0.020
-0.648 -2.428 0.055
12.184 1.526 0.829
0.384 -2.917 0.398
0.640 -2.972 0.422
0.582 4.627 0.849
-2.058 -10.033 2.033
5.720 -2.843 1.711
1.503 -5.349 2.202
2.164 -5.038 2.194
3.039 -4.446 2.207
3.284 -4.197 2.202
3.328 -4.179 2.202
3.587 -3.930 2.195
0.927 -3.646 2.171
-1.763 0.213 1.521
-1.580 -3.340 2.174
3.681 1.334 1.866
1.144 4.329 2.170
-1.377 -2.079 1.065
0.013 -5.403 2.221
4.071 -2.097 1.817
5.637 -1.248 2.198
5.866 1.152 1.980
0.225 -10.265 2.027
2.619 1.430 0.061
-1.025 -2.570 0.222
5.509 -5.138 1.636
-1.300 1.793 0.719
-2.079 -4.654 1.574
-0.879 -6.005 2.226
-0.530 -6.059 2.228
3.656 -5.013 2.211
2.158 -6.098 2.207
4.025 -2.566 1.847
1.684 -3.708 2.172
2.395 -3.317 2.173
-1.424 2.817 1.999
-1.458 1.047 2.291
2.439 -1.331 2.125
2.788 -0.450 2.124
1.307 -3.104 2.178
-0.238 -4.865 2.211
6.019 0.426 2.171
5.846 -1.211 2.206
-2.027 -4.018 1.345
-1.395 1.777 0.388
-1.773 -0.880 0.438
1.034 -2.470 0.267
0.399 1.677 0.468
0.755 -6.878 2.203
5.959 -1.290 2.215
2.508 -3.838 2.173
-2.343 -7.455 2.412
1.024 -6.855 2.186
-1.610 0.513 0.460
5.724 -2.388 0.617
6.463 -2.243 1.224
0.995 -10.618 1.371
-2.021 -3.895 1.178
5.494 -5.392 2.119
-2.094 -4.770 2.278
-1.691 -5.631 2.225
-1.447 -5.296 2.221
-0.361 -5.402 2.223
2.276 -4.583 2.202
3.356 -3.635 2.198
3.568 -3.379 2.188
4.228 -0.384 2.000
1.917 -1.968 2.133
1.800 4.449 2.174
-0.393 -5.792 2.227
0.809 -6.647 2.197
5.957 -0.521 1.671
-2.097 -4.662 1.183
3.802 -5.217 1.157
4.833 1.223 0.946
1.953 4.814 0.726
-1.493 -10.095 1.130
-0.631 1.861 0.121
3.685 1.321 0.604
-1.220 1.691 0.412
-2.059 -4.436 1.849
0.942 -5.770 2.216
-1.133 -4.182 2.208
-3.002 1.268 2.154
2.196 -3.221 2.176
2.488 -3.333 2.190
-2.041 -4.391 2.098
-0.143 -5.437 2.225
-1.475 -5.198 2.224
-1.200 -5.182 2.222
5.938 0.823 2.180
2.162 3.391 1.347
0.750 -9.234 2.242
5.611 -3.954 1.233
3.696 -6.636 2.105
5.947 -0.525 1.348
4.250 -0.267 0.108
0.285 -3.190 0.321
5.497 -5.602 0.548
6.569 -1.641 2.234
2.258 4.298 1.746
-1.536 1.775 1.448
-1.828 -1.069 1.348
-1.352 2.892 2.373
-2.819 -0.376 2.138
-0.622 -4.833 2.215
-1.371 3.239 2.002
2.009 -7.159 2.225
0.394 3.886 2.177
-1.846 -7.513 2.229
0.942 -7.113 2.194
-1.679 0.567 0.506
4.257 -0.514 0.404
1.093 1.565 0.276
2.478 1.427 0.398
-1.367 2.206 0.023
-0.121 -2.067 0.210
5.481 -5.155 1.055
2.891 -7.492 2.236
6.026 -2.185 1.747
5.941 -0.579 1.732
0.670 4.876 1.783
-0.524 -5.451 2.222
-1.715 -5.407 2.225
-1.660 -4.433 2.223
3.523 -3.357 2.194
3.668 -3.379 2.194
-0.684 -1.830 2.124
-1.476 1.187 2.318
2.997 -2.981 2.175
1.832 4.683 2.183
-1.658 -5.820 2.227
-1.274 -5.897 2.233
-0.180 -6.917 2.233
1.335 -10.656 2.194
2.011 4.785 0.729
-0.964 -2.939 0.227
-0.068 -8.966 2.235
1.159 -8.976 2.248
3.755 -5.702 1.671
-2.010 -4.067 1.667
-1.760 -5.482 2.235
1.892 -5.290 2.198
2.877 -4.768 2.199
3.091 -4.529 2.202
3.615 -4.016 2.205
-1.716 -0.054 1.021
-0.167 -3.808 2.171
0.787 -3.755 2.173
2.976 0.790 2.139
2.212 -1.608 2.125
2.290 -1.448 2.123
0.034 -2.261 2.122
0.803 -2.035 2.124
-1.887 -3.490 2.371
1.634 -6.060 2.212
2.280 -5.112 2.197
2.651 -5.453 2.208
3.503 -5.659 2.217
4.700 1.253 1.687
5.497 -5.279 1.745
5.968 -0.180 0.951
5.974 -0.191 1.120
4.823 1.227 0.880
-2.083 -4.684 0.691
5.520 -5.100 1.636
12.144 1.351 2.122
0.279 -6.171 2.236
2.578 -5.800 2.217
6.536 -1.465 2.213
1.764 -3.675 2.172
1.927 -3.612 2.173
2.131 -1.640 2.123
2.376 -1.383 2.124
2.832 -0.137 2.123
2.075 2.489 1.744
0.426 4.083 2.168
-2.065 -4.417 1.407
-0.517 -7.917 2.241
5.675 -2.822 1.263
3.821 -5.078 1.843
4.108 -1.330 0.313
5.840 -2.124 2.206
5.927 -1.719 2.215
6.829 -1.589 2.233
-1.311 -6.652 2.226
3.200 0.551 2.125
-1.521 1.401 2.274
-0.842 -1.854 2.125
-0.786 3.442 2.172
1.204 -4.856 2.206
2.941 -4.348 2.202
4.030 1.299 1.726
2.325 -6.536 2.204
-2.297 -7.160 2.386
3.705 -6.128 1.835
4.393 0.785 0.547
4.448 1.172 0.542
4.704 1.226 0.782
-1.376 3.438 0.290
-1.045 -3.251 0.469
0.567 4.871 1.570
-1.724 -5.783 2.227
1.112 -5.431 2.218
0.702 4.598 2.177
2.065 4.276 2.170
-2.144 -5.341 2.233
3.528 -4.994 2.215
6.221 -2.212 1.491
4.116 -2.124 0.250
12.184 1.653 1.063
-1.431 2.559 0.866
-2.139 -5.188 1.923
1.393 -5.710 2.210
2.558 -5.347 2.202
5.626 -1.516 2.199
5.654 1.151 1.980
0.741 4.760 2.197
-0.374 -1.814 2.125
-3.151 0.779 2.133
2.489 -5.485 2.209
3.770 -5.029 2.218
-2.209 -6.053 1.824
6.091 -2.206 1.678
5.562 -4.573 0.925
2.453 1.425 0.318
5.970 -0.244 0.930
-11.125 7.458 3.326
-1.991 -6.805 2.237
1.662 -6.601 2.225
-0.043 -6.645 2.227
2.924 -6.288 2.216
3.655 -5.884 2.234
3.683 -5.778 2.228
5.726 0.197 2.189
-1.526 -4.786 2.224
-1.183 -4.867 2.220
1.404 -4.260 2.196
-3.233 0.934 2.139
-1.279 1.467 2.124
-1.809 -2.813 2.341
0.800 -5.055 2.217
5.525 -4.917 0.964
-2.143 -5.125 1.684
-2.419 -8.261 2.339
3.744 -5.948 1.963
3.758 -5.780 1.934
-2.058 -4.387 1.828
-1.657 -5.487 2.225
1.284 -3.178 2.174
0.924 -2.359 2.119
-1.628 0.037 2.206
2.848 0.836 2.125
2.919 1.169 2.125
4.275 0.193 1.847
-1.617 -5.759 2.225
2.433 -6.286 2.216
2.972 -6.147 2.219
1.693 -6.021 2.207
3.971 -3.173 1.853
3.827 -5.054 2.015
7.017 -1.044 2.231
0.170 1.673 0.569
3.816 1.328 0.077
-1.323 -1.510 0.070
-1.389 -1.799 0.059
0.129 -2.166 0.154
12.191 1.651 0.760
3.580 1.317 0.701
-1.700 -10.115 1.149
3.834 -5.150 1.539
8.060 -2.398 1.962
-2.064 -4.637 1.685
-2.111 -4.906 2.141
-1.706 -5.527 2.230
1.595 -5.332 2.200
1.932 -5.344 2.193
2.234 4.081 2.100
0.034 -3.916 2.173
0.273 -2.219 2.125
-0.849 -1.551 2.124
0.043 -1.900 2.124
0.398 -1.919 2.125
2.421 1.422 1.856
-2.034 -3.894 1.134
2.089 -8.276 2.240
3.778 -5.465 1.570
4.799 1.229 1.119
0.950 -10.620 1.824
-1.734 -0.259 0.829
2.261 -1.515 2.123
2.997 -0.335 2.119
-2.075 -4.545 2.310
1.269 -5.411 2.211
-2.141 -5.139 1.672
-1.938 -7.402 2.238
5.446 -5.821 1.689
5.653 -3.642 1.537
-2.038 -3.899 0.744
5.719 -2.361 0.998
-1.573 -7.226 2.244
-1.083 -7.346 2.236
0.852 -7.148 2.177
1.806 -7.389 2.236
2.277 -7.475 2.233
5.603 -3.833 2.228
5.624 -4.135 2.172
2.124 -4.114 2.193
3.802 1.317 2.023
1.371 4.837 2.073
5.491 -3.740 2.223
0.051 -10.254 1.938
0.810 -10.613 1.995
12.178 1.617 1.140
5.730 -2.601 0.356
5.936 -2.191 1.101
1.384 4.824 0.670
0.903 -5.089 2.221
1.488 -5.099 2.206
-0.467 -5.105 2.226
2.468 -4.581 2.200
0.060 -3.719 2.171
-1.962 -3.644 2.370
-1.349 -5.749 2.230
-0.136 -6.071 2.230
6.045 -2.162 2.180
-1.732 -0.011 0.490
0.328 -10.285 1.937
3.589 -7.500 2.072
4.116 -1.321 0.779
4.714 1.242 0.920
1.377 4.837 0.691
-0.559 -3.098 0.346
0.819 -2.680 0.339
5.391 -6.379 1.859
-1.609 0.746 0.582
-0.469 -5.851 2.226
2.601 -5.398 2.200
5.904 -0.274 2.189
0.706 4.858 2.120
3.507 1.328 2.128
-1.532 -1.217 2.174
3.007 -0.637 2.124
1.497 -3.008 2.176
5.415 -3.472 2.216
2.246 4.292 1.654
6.069 0.962 2.171
-0.113 -7.745 2.231
1.757 -9.807 2.240
-2.082 -4.747 0.873
-1.021 -3.139 0.323
5.499 -5.505 0.525
3.630 1.322 0.555
-0.602 -3.190 0.483
5.502 -5.104 1.253
4.229 1.266 0.969
-0.322 -7.463 2.233
0.987 4.777 1.928
-0.569 -4.495 2.208
-0.146 -4.904 2.213
2.940 -0.838 2.123
3.026 0.009 2.123
-1.366 1.777 2.158
2.029 1.837 1.728
-1.361 3.126 2.003
-0.901 -4.478 2.213
-2.019 -3.979 2.271
-0.211 -4.843 2.212
-2.238 -6.428 2.245
-0.035 -6.772 2.225
0.850 -6.589 2.191
3.510 -7.520 2.246
5.634 -4.145 1.929
0.201 -4.874 2.210
1.697 4.426 2.174
2.363 -1.320 2.125
2.472 -1.164 2.125
-1.054 -1.911 2.123
1.775 4.683 2.188
1.772 -5.970 2.203
3.448 -5.993 2.225
3.279 -10.796 2.045
-1.999 -3.483 0.412
3.770 -5.561 1.584
3.345 -4.563 2.198
3.681 -4.011 2.199
3.820 -4.064 2.208
2.027 1.820 1.342
1.329 4.393 2.164
1.051 4.496 2.183
0.764 4.508 2.165
2.068 -1.875 2.125
-0.501 2.321 2.150
-1.366 3.184 2.375
-1.459 -3.298 2.176
-1.230 -3.415 2.176
1.826 -5.572 2.199
3.637 -4.362 2.202
5.975 -1.184 2.206
5.586 -4.370 1.783
-0.628 -8.427 2.245
5.407 -6.184 2.153
4.274 -0.253 0.537
12.163 1.495 2.044
0.659 -6.588 2.186
-1.151 -6.866 2.227
3.746 -5.170 2.216
3.867 -4.418 2.060
2.263 4.400 2.086
1.779 -3.736 2.174
-1.098 -1.413 2.123
-1.610 1.277 1.444
-2.693 1.431 2.154
-2.923 -0.778 2.152
0.511 -5.329 2.221
2.366 -6.891 2.220
3.646 -6.968 2.217
12.211 1.545 0.487
-1.374 -2.027 0.798
-1.986 -4.625 2.427
2.804 -0.259 2.123
3.242 -3.980 2.199
2.435 1.428 1.274
-2.136 -5.403 2.021
0.639 -10.592 2.221
12.186 1.746 1.758
-1.370 2.314 0.249
4.196 1.271 1.346
0.117 -5.552 2.224
0.804 -5.665 2.231
1.518 -5.232 2.199
1.839 -5.123 2.194
1.273 -5.053 2.204
3.028 -4.192 2.200
2.064 4.642 2.178
3.014 0.943 2.139
1.399 4.708 2.187
-2.188 -5.719 2.346
0.001 -6.473 2.221
1.613 -6.066 2.206
6.084 -0.780 2.201
-2.118 -4.960 1.280
5.382 -6.132 1.965
5.630 -4.014 1.428
1.932 1.531 0.454
1.413 4.829 0.845
1.654 -1.137 0.296
12.182 1.559 0.681
3.268 1.354 0.309
0.788 -9.935 2.241
3.821 -5.127 1.448
-0.266 -6.418 2.224
-0.125 -6.113 2.225
0.676 -6.033 2.232
2.918 -5.257 2.212
3.249 -5.033 2.213
3.555 -4.730 2.211
5.635 -1.780 2.206
6.082 -1.750 2.210
5.830 -0.608 2.193
4.297 0.301 1.766
5.776 0.591 2.187
-1.973 -4.288 2.419
0.802 1.574 1.979
-1.731 -3.009 2.244
5.762 0.845 2.201
3.702 -6.467 2.138
3.762 -5.676 1.948
12.100 0.819 2.081
-1.303 -2.813 0.294
0.800 -2.643 0.280
12.148 1.064 0.927
1.240 -7.107 2.193
1.746 -7.086 2.234
-1.055 -7.084 2.226
-0.392 -8.053 2.237
0.720 -7.838 2.237
5.614 -3.774 2.206
5.708 -2.368 2.109
5.931 -0.502 2.189
5.901 0.289 2.197
4.377 1.058 1.752
2.027 1.805 0.905
1.246 4.825 1.830
-0.433 -4.946 2.217
0.551 -4.729 2.198
-1.735 1.767 1.437
3.156 0.789 2.125
3.036 0.186 2.123
-2.885 1.108 2.131
3.700 -6.572 2.138
7.288 -0.978 2.229
-1.687 0.401 0.075
4.843 1.222 0.987
1.123 -8.200 2.246
3.586 -7.389 2.235
3.234 -7.471 2.227
6.026 0.359 2.000
2.283 4.673 1.797
0.119 -5.276 2.225
-2.057 -4.493 2.097
1.398 -5.064 2.203
3.369 -3.610 2.196
-1.710 -1.481 1.864
-3.690 -1.504 2.170
-1.765 -3.678 2.231
2.235 4.204 2.152
-0.485 -6.597 2.227
1.912 -5.446 2.201
5.627 -4.096 2.142
-2.066 -4.372 1.096
-1.955 -10.070 2.202
-1.776 -10.058 1.889
5.398 -6.295 2.010
2.126 2.898 1.468
1.343 4.651 2.184
1.782 3.189 2.157
0.331 -1.933 2.123
1.513 4.194 2.173
0.690 4.302 2.162
-1.529 -5.052 2.224
0.902 -6.001 2.224
-1.520 -5.272 2.215
-0.878 -5.166 2.218
1.782 -5.946 2.202
2.233 -5.828 2.210
-0.785 -5.499 2.217
-2.089 -4.591 1.302
1.314 -10.655 2.181
2.219 -8.086 2.253
6.050 0.574 2.008
5.725 0.459 2.191
6.115 -2.117 2.194
-1.425 3.076 0.297
5.494 -5.548 0.461
5.985 -0.153 0.356
5.393 -6.198 1.721
-1.760 -6.365 2.230
2.005 -6.435 2.213
2.056 -6.013 2.202
2.451 -5.853 2.213
1.674 -0.837 2.126
5.433 -5.711 2.169
2.983 -10.748 1.899
2.005 -2.991 0.722
5.765 -2.211 0.323
1.126 1.627 0.188
3.706 -6.464 2.192
-1.560 1.140 1.817
3.183 -3.916 2.200
-0.529 3.581 2.177
0.464 -6.245 2.217
-0.538 -10.182 1.980
-0.049 -10.250 2.132
0.138 -10.272 2.014
1.385 -10.647 2.239
5.735 -2.333 1.249
-1.409 2.973 0.175
4.126 -1.348 0.142
1.193 4.527 0.359
12.083 0.680 2.037
1.629 4.540 2.179
-0.669 -3.731 2.168
-1.200 -5.840 2.240
-2.076 -4.654 2.055
-1.278 -5.288 2.222
1.329 -6.309 2.219
5.424 -3.867 2.218
5.679 -3.602 2.048
4.231 -0.259 1.289
-1.982 -3.338 0.550
4.363 1.270 0.378
5.978 -0.204 0.355
0.423 -2.652 0.313
-2.244 -6.471 2.061
1.435 -6.488 2.201
4.869 1.234 1.825
-3.270 1.944 1.841
2.446 -5.176 2.201
3.991 -3.180 2.022
3.483 -4.254 2.203
-2.139 -5.273 1.697
0.258 -8.429 2.239
0.109 -7.827 2.230
3.771 -5.642 2.020
3.795 -5.333 1.442
2.014 1.884 0.319
1.013 -2.370 0.226
4.108 -2.118 0.418
5.738 -2.437 0.492
3.934 1.315 0.132
5.694 -3.277 1.008
5.933 -0.404 0.999
-2.143 -5.321 1.869
5.554 -4.239 2.218
6.148 -0.888 2.216
6.112 -1.716 2.212
6.160 -1.283 2.204
5.355 1.194 1.878
2.290 4.599 1.846
2.002 4.778 2.016
-1.554 -5.074 2.230
3.989 -2.165 2.173
4.062 -1.241 2.167
0.973 4.218 2.173
0.632 4.273 2.171
-1.761 -0.970 1.212
1.287 4.831 2.001
2.008 -6.671 2.219
2.354 -7.179 2.228
3.375 -6.892 2.215
5.712 -2.485 1.000
0.788 3.329 0.034
-1.623 0.739 0.267
-2.083 -4.538 0.619
-2.139 -5.429 1.677
0.007 -8.388 2.237
2.197 -8.395 2.245
5.546 -4.911 2.106
5.557 -4.619 1.936
6.975 -1.911 2.243
0.540 -4.990 2.215
1.201 -4.996 2.206
2.934 0.878 2.132
-1.572 1.175 1.449
3.929 -2.126 2.166
0.413 4.691 2.183
-2.172 -5.626 2.325
1.384 -5.860 2.216
3.245 -4.732 2.204
6.062 0.962 1.802
6.067 0.899 1.941
6.156 1.397 1.838
-1.765 -1.278 0.547
-2.268 -6.397 1.597
1.059 -10.632 2.156
2.831 -10.694 1.865
4.445 1.224 0.869
0.787 4.882 0.703
-1.100 -10.142 1.835
2.058 -9.977 2.244
5.720 -2.701 1.558
-1.382 3.426 1.121
2.212 -5.386 2.202
2.532 -5.298 2.207
5.705 0.586 2.197
5.395 1.190 1.931
1.463 -3.631 2.175
-1.356 3.195 1.853
-1.483 -4.944 2.227
1.457 -4.870 2.205
3.484 -5.283 2.219
5.527 -1.850 2.222
5.778 -1.075 2.202
6.387 -0.743 2.210
5.391 -6.497 2.057
5.930 -0.540 1.296
3.242 -5.684 2.223
0.872 -6.435 2.195
2.112 -6.367 2.210
-1.336 -6.548 2.226
2.295 4.727 1.791
-2.005 -4.683 2.434
3.662 1.325 1.673
2.257 4.419 1.825
2.044 -8.063 2.250
0.564 -7.013 2.203
5.633 -3.902 0.551
12.200 1.652 0.570
-1.623 1.028 0.489
0.170 -4.890 2.209
1.827 4.011 2.168
0.361 4.107 2.179
-0.817 -3.598 2.174
3.100 -2.991 2.176
3.703 -2.358 2.180
-1.473 2.613 1.338
-1.372 3.362 1.646
-1.571 1.185 1.024
3.546 -5.587 2.211
-1.810 -1.484 0.595
0.341 -3.223 0.446
3.750 -5.764 1.683
0.844 4.843 1.568
0.899 -5.832 2.221
1.609 -5.515 2.200
3.037 0.459 2.124
1.483 2.646 2.160
-2.021 -3.965 1.795
-1.600 -5.159 2.222
-1.538 -5.259 2.217
-1.560 -5.390 2.224
-0.337 -6.014 2.224
-2.242 -9.839 2.241
-2.116 -5.010 1.381
3.711 -6.385 1.881
3.755 -5.676 1.378
5.446 -5.794 1.798
-1.381 -2.056 0.413
3.724 1.331 0.205
-1.928 -3.097 0.416
1.357 -1.107 0.266
3.240 1.367 0.228
-1.244 1.722 0.369
5.536 -4.929 1.593
-2.052 -4.423 1.575
5.706 -1.487 2.214
6.722 -0.831 2.213
6.081 0.926 2.006
0.895 4.663 1.963
2.070 2.500 1.841
1.601 -2.533 2.116
-1.538 1.468 1.869
-2.082 -4.715 2.367
-0.126 -4.766 2.209
5.855 1.031 2.192
5.865 -0.639 2.191
2.007 4.777 1.870
-1.776 -1.314 0.777
5.529 -5.077 1.997
-1.391 -10.116 1.712
5.976 -0.083 0.389
-1.927 -3.082 0.295
-1.452 -1.472 0.201
-1.568 0.911 -0.055
-0.780 -2.572 0.241
4.309 -0.375 0.249
12.137 1.099 0.877
6.140 -2.108 2.204
-2.022 -7.246 2.227
-1.480 -5.077 2.223
-1.141 -5.151 2.223
3.324 -2.786 2.180
3.725 -2.333 2.175
0.417 3.943 2.172
-1.247 1.784 1.798
2.401 -0.213 2.128
-1.348 3.565 2.291
2.890 -4.148 2.196
3.119 -3.593 2.191
-0.631 -6.776 2.225
0.045 -6.367 2.232
0.868 -6.265 2.219
2.756 -6.819 2.221
3.262 -6.652 2.217
3.734 -6.042 1.910
6.583 -1.789 2.227
-11.363 5.410 3.311
-0.771 -10.184 2.098
0.107 -10.261 1.973
5.709 -2.480 1.058
4.164 -1.721 0.539
3.157 -10.852 2.123
5.440 -5.810 1.404
5.534 -4.865 1.518
-0.226 -2.116 0.191
2.452 1.419 0.134
4.168 1.271 0.735
0.688 4.571 0.802
3.611 -7.331 2.091
5.505 -5.386 2.032
5.519 -5.063 1.886
8.560 0.643 2.234
1.154 -5.462 2.221
2.777 -4.415 2.202
3.201 -4.244 2.201
1.662 -1.215 2.126
2.508 1.426 1.968
4.004 1.000 2.146
1.937 4.280 2.170
-2.080 -4.636 1.958
2.159 -5.535 2.197
2.406 -6.437 2.218
3.203 -4.666 2.204
5.563 -2.258 2.213
6.362 -1.712 2.222
-2.156 -5.306 1.338
3.754 -5.690 1.307
12.186 1.815 1.866
-1.809 -2.864 0.233
-1.432 0.324 0.145
4.297 -0.408 0.355
5.616 -4.164 1.653
1.005 -6.219 2.218
0.708 -5.920 2.227
1.197 -3.817 2.173
1.444 -3.723 2.174
-1.339 3.352 2.323
0.223 1.675 1.287
-1.916 -3.280 2.375
2.044 -3.323 2.177
-1.639 1.678 1.184
-0.749 -5.206 2.218
3.558 -5.242 2.217
5.907 -0.640 2.195
5.732 -2.380 1.456
3.168 -10.840 1.672
-1.431 -2.669 0.194
-1.656 1.743 0.111
4.810 1.218 1.091
-2.047 -4.449 1.769
2.540 -6.194 2.214
5.502 -3.073 2.209
5.494 -2.232 2.204
4.293 1.025 2.174
2.989 1.379 1.899
-1.809 1.773 1.648
-0.666 -7.526 2.233
0.420 -7.773 2.236
0.683 -7.131 2.178
12.196 1.655 0.575
0.161 -7.707 2.229
2.277 4.738 1.875
3.830 -2.405 2.169
1.960 4.336 2.175
1.580 4.453 2.174
0.594 4.343 2.173
2.134 -1.622 2.123
-1.622 -0.999 2.279
-1.623 0.967 1.788
-2.147 -5.386 2.146
1.025 -6.953 2.186
3.728 -6.009 1.418
12.109 1.003 1.907
-1.402 2.885 0.198
-1.623 1.787 0.073
0.047 1.781 0.024
-1.453 -10.111 1.199
5.478 -5.502 1.955
3.824 -3.890 2.204
-1.574 1.180 1.091
-1.367 3.259 2.342
-1.043 -3.456 2.177
-1.491 -5.320 2.228
-1.159 -5.322 2.222
0.142 -5.251 2.225
1.410 -6.033 2.210
3.831 -4.987 2.110
1.315 4.829 1.645
5.343 -6.878 1.820
5.532 -5.084 1.751
12.184 1.790 2.102
3.084 1.377 0.347
-1.594 1.140 0.095
5.490 -5.523 0.431
-1.669 -2.589 0.202
-4.073 2.072 0.263
0.826 -2.675 0.275
4.386 1.193 0.239
4.316 0.085 0.515
12.215 1.627 0.479
5.387 -6.169 1.683
-1.373 -2.067 0.885
-1.925 -3.067 1.348
-2.149 -5.380 2.105
2.848 -5.696 2.212
5.797 -1.037 2.212
6.230 -0.966 2.213
2.142 3.108 1.637
1.227 4.823 2.053
-1.322 -1.545 0.945
3.092 -2.963 2.175
-1.471 -0.640 2.176
2.558 0.555 2.126
0.457 3.913 2.176
-2.089 -4.821 2.388
-0.083 -4.680 2.204
0.201 -4.724 2.209
2.989 -3.670 2.195
3.650 -3.068 2.188
1.953 4.777 1.919
1.919 1.537 0.635
1.801 -7.690 2.235
1.988 -7.059 2.235
3.334 -8.158 2.245
4.162 -1.294 0.368
-1.933 -3.130 0.275
1.154 -10.645 1.464
-2.313 -7.269 2.380
5.597 -4.601 2.174
6.215 -2.116 2.207
6.620 -2.043 2.212
-2.074 -4.585 2.041
2.124 -0.659 2.126
2.379 -0.065 2.126
2.422 0.096 2.125
0.556 3.441 2.176
-1.960 -4.250 2.407
3.686 1.322 1.582
0.808 -6.834 2.189
2.034 -5.897 2.193
1.884 4.795 0.635
1.076 -2.786 0.448
5.413 -6.150 2.143
-2.074 -4.506 1.415
3.640 -7.047 2.073
-1.767 -0.601 0.739
2.252 -4.760 2.203
2.813 -4.447 2.199
3.098 -4.192 2.202
3.127 -4.227 2.201
1.594 4.508 2.180
-3.081 -0.379 2.123
-2.612 0.974 2.130
0.544 3.266 2.183
-0.647 -3.697 2.170
1.296 4.627 2.188
-1.236 -5.611 2.233
1.646 -5.995 2.208
1.156 -10.645 2.219
0.379 -10.280 2.153
5.492 -5.378 1.863
1.094 1.527 0.400
5.400 -6.129 1.838
-1.790 -0.754 0.726
-0.360 -5.851 2.223
-1.946 -6.326 2.217
2.632 -5.409 2.209
3.478 -4.725 2.207
3.635 -4.703 2.213
3.785 -4.806 2.217
5.720 -1.764 2.220
2.292 4.628 1.937
0.972 4.770 2.192
-1.758 1.759 1.758
-1.127 2.881 2.164
2.630 -4.996 2.201
0.469 -5.413 2.220
6.271 -0.669 2.212
5.837 0.598 2.190
5.402 -6.411 2.123
3.062 1.369 0.413
4.186 1.278 0.539
-1.372 -2.537 0.201
5.666 -3.753 1.422
12.099 0.877 1.824
-1.537 -1.476 0.674
-2.154 -5.470 1.582
1.906 -6.406 2.203
2.640 -6.345 2.207
5.710 -3.025 2.129
5.738 -0.743 2.199
-1.978 -3.387 1.875
-2.982 1.923 1.891
4.225 -0.409 1.861
5.624 -4.181 1.600
3.627 -7.217 2.201
5.502 -5.228 0.997
-1.569 -2.396 0.067
1.330 -10.652 1.389
3.184 -7.848 2.232
3.209 -7.565 2.230
2.441 -4.346 2.193
4.026 -2.654 2.048
0.886 4.536 2.173
2.266 -0.437 2.127
3.089 -2.909 2.176
3.094 -5.567 2.220
6.016 -1.957 2.197
5.603 1.202 1.849
-2.439 -9.829 2.130
-2.058 -4.136 1.123
-2.167 -5.416 1.295
5.504 -5.458 0.341
5.392 -6.083 1.934
-1.618 0.295 0.635
2.559 -5.033 2.196
4.378 1.087 1.837
1.389 -5.668 2.208
-0.657 -3.634 2.177
-1.919 -2.899 1.973
-0.854 3.116 2.178
-1.664 -3.176 2.176
-1.105 -5.211 2.224
6.551 -2.232 2.196
5.772 -1.428 2.213
2.275 4.482 1.636
1.286 4.823 0.825
-2.017 -3.470 0.576
3.068 1.379 0.375
1.180 4.520 0.359
-1.597 -2.697 0.187
-1.718 1.760 0.143
-1.479 -2.793 0.180
1.031 -2.540 0.323
4.255 -0.505 0.466
5.382 -6.213 1.651
5.478 -5.501 1.588
5.731 -2.371 1.415
12.186 1.709 1.944
1.969 1.642 0.512
-1.916 -3.094 1.171
0.742 -7.131 2.195
5.824 -2.169 2.098
5.668 -0.752 2.196
6.009 -0.673 2.197
5.966 -0.252 2.176
-1.379 -4.627 2.210
-0.104 3.634 2.175
2.734 -1.201 2.122
2.540 0.402 2.126
2.497 -4.573 2.196
-3.258 1.950 2.125
0.953 -7.992 2.246
3.582 -6.046 2.221
5.609 -4.227 1.560
5.415 -5.989 1.431
5.743 -2.245 0.492
0.430 3.343 0.030
0.332 -2.961 0.259
4.276 -0.643 0.263
5.399 -5.960 1.364
-0.754 -7.131 2.228
2.036 -7.565 2.238
5.584 -4.678 2.201
-1.074 -5.243 2.217
2.056 3.781 2.173
1.555 4.250 2.166
1.860 1.919 2.128
2.983 1.273 2.126
0.506 3.582 2.178
2.264 -4.305 2.193
1.489 -6.295 2.209
2.795 -5.941 2.201
5.548 -4.785 1.948
5.689 -3.477 1.969
2.104 -10.295 2.241
5.615 -4.249 1.497
5.678 -3.244 1.370
5.358 -6.896 1.390
-1.228 1.787 0.155
4.327 0.105 0.692
0.122 -5.976 2.228
-2.021 -3.983 1.549
2.255 4.392 2.062
1.259 4.394 2.178
1.487 -6.400 2.223
3.772 -5.665 2.171
5.504 -5.332 1.854
12.115 1.037 2.225
-1.772 -2.800 0.221
12.202 1.718 1.735
0.537 -10.527 1.926
12.113 0.909 2.235
1.228 4.705 2.184
-3.031 1.216 2.136
-0.639 1.607 2.126
-1.420 1.755 2.326
-0.251 -5.310 2.216
-0.617 -5.189 2.222
2.658 -4.137 2.187
3.979 -3.201 1.818
5.973 -0.136 2.119
4.288 1.288 1.736
3.655 1.332 0.900
-2.013 -3.483 0.637
4.199 1.280 0.439
0.433 -7.474 2.234
0.923 -7.810 2.233
5.985 -0.750 2.202
-1.066 -4.985 2.223
4.057 -1.832 2.177
-1.472 2.614 1.281
-0.588 -7.189 2.221
0.558 -6.563 2.209
1.170 -8.068 2.255
3.722 -6.257 2.039
4.380 0.628 0.626
3.616 1.330 0.550
-1.571 1.147 0.371
3.653 -6.931 2.155
3.721 -6.221 1.935
5.409 -6.289 2.183
2.162 4.750 1.572
-1.743 -4.908 2.227
3.039 -4.006 2.197
1.948 1.584 1.710
1.377 1.461 2.126
-1.740 -5.636 2.227
3.100 -5.504 2.217
3.487 -5.233 2.208
3.693 1.329 1.305
3.369 -9.243 2.264
3.080 1.376 0.822
3.093 -4.755 2.202
2.869 -4.888 2.200
1.067 -3.643 2.178
-1.142 2.974 2.171
-1.596 -3.141 2.176
-1.537 -3.173 2.176
-1.343 -3.247 2.176
-1.174 -3.374 2.178
-0.963 -3.412 2.177
1.840 -3.407 2.176
2.004 3.746 2.174
-2.028 -4.167 1.975
0.560 -5.839 2.222
6.553 -2.187 2.213
0.996 -5.826 2.216
-1.404 -5.148 2.226
2.719 -5.591 2.214
-0.992 -8.105 2.232
-1.533 -8.030 2.237
-0.458 -8.108 2.232
1.750 -9.447 2.248
5.583 -4.245 1.292
3.768 -5.562 1.484
5.953 -0.407 1.056
5.764 -2.173 1.091
5.594 -4.376 1.709
12.210 1.957 1.954
3.678 1.332 0.842
4.243 -0.786 0.513
-1.376 3.426 0.088
0.635 -2.673 0.282
-2.007 -3.649 0.577
-1.646 -10.100 1.503
0.663 -10.595 1.798
2.958 -10.761 2.014
6.424 -1.826 2.211
-0.075 1.776 0.833
-0.402 3.681 2.177
2.846 -0.940 2.124
0.931 1.576 2.075
-0.933 1.524 2.126
-1.877 1.812 1.347
-2.018 -4.032 2.205
0.854 -4.422 2.205
0.532 4.712 1.818
-1.192 -7.102 2.244
-0.248 -7.271 2.232
0.549 -6.846 2.212
3.145 -6.158 2.205
5.474 -5.548 2.222
-1.250 1.723 0.471
-2.156 -5.191 1.045
3.079 1.378 0.492
12.154 1.574 2.055
3.687 -6.736 2.209
1.758 -4.605 2.197
4.150 1.173 2.165
2.293 -0.286 2.125
0.362 3.516 2.181
-0.842 3.210 2.175
2.312 -4.225 2.195
0.844 4.846 2.115
2.740 -6.460 2.208
-1.732 -1.452 0.592
12.092 0.347 2.143
-1.000 -2.775 0.231
1.418 -1.067 0.172
4.142 -1.636 0.653
12.104 0.889 1.925
-2.082 -4.604 1.372
5.328 -6.858 2.142
-1.137 -6.258 2.226
1.697 -5.366 2.197
-2.031 -4.108 2.344
-1.619 -1.381 2.233
-1.103 -5.663 2.234
0.041 -5.884 2.231
3.233 -4.870 2.213
-0.497 1.826 0.590
5.481 -5.603 1.735
5.608 -4.204 1.128
12.156 1.451 0.830
6.072 1.017 0.187
5.412 -5.945 1.801
5.400 -6.330 1.793
5.547 -4.685 1.724
-1.155 -6.086 2.233
-0.759 -6.149 2.238
-0.370 -6.203 2.225
-2.296 -7.383 2.402
3.518 -4.973 2.202
6.333 -1.140 2.210
2.184 -3.263 2.175
-1.133 3.305 2.194
-3.181 0.479 2.129
-2.021 -4.031 2.055
-2.100 -4.957 2.380
-2.068 -5.043 2.442
0.923 -4.747 2.204
1.462 -5.487 2.204
-0.621 -4.958 2.215
2.272 -5.333 2.201
2.644 -4.784 2.202
0.400 -5.033 2.217
12.130 1.208 2.193
4.250 -0.309 0.062
0.879 -2.631 0.270
7.101 -2.306 1.559
3.360 -2.755 2.183
-1.430 2.704 2.361
-1.020 -4.464 2.209
-2.028 -4.009 1.494
-0.129 -6.863 2.231
5.997 0.093 1.800
-2.025 -3.859 1.310
-1.023 -8.503 2.245
3.681 -6.651 2.011
5.677 -3.484 1.907
0.911 -5.437 2.223
3.183 -3.783 2.198
1.594 -4.936 2.207
0.522 4.521 2.167
3.082 1.143 2.125
1.328 -1.102 2.127
2.184 -0.359 2.125
1.235 4.505 2.172
-2.161 -6.010 2.431
6.070 1.006 2.023
-1.576 -5.604 2.227
-1.573 1.769 -0.089
-3.699 0.843 -0.034
2.047 1.480 0.083
0.157 -2.273 0.121
0.263 -2.954 0.153
5.935 -0.475 0.468
5.985 -0.061 0.381
4.206 -1.063 0.541
3.078 1.378 0.302
-2.194 -5.835 2.079
-1.055 -5.733 2.228
-0.789 -6.078 2.237
-0.413 -6.095 2.227
0.218 -6.641 2.220
-0.309 -5.851 2.226
1.997 -5.608 2.201
0.315 -6.347 2.219
1.083 -6.417 2.223
2.729 -5.351 2.214
3.029 -5.127 2.214
1.884 -5.937 2.205
3.615 -4.708 2.212
1.947 -5.663 2.200
2.139 4.310 2.177
0.931 4.824 2.197
-2.300 1.206 2.117
1.441 2.575 2.140
1.995 3.587 2.169
-2.027 -4.123 2.006
0.020 -5.159 2.217
1.330 -4.994 2.203
2.325 -4.323 2.194
3.105 -5.272 2.214
5.621 -0.956 2.201
4.829 1.233 1.741
3.744 -5.958 1.438
3.768 -5.499 1.545
5.327 -5.917 2.239
3.617 -7.234 1.911
1.979 1.475 0.546
-1.268 -2.714 0.176
-1.457 -2.806 0.301
12.147 1.322 1.016
12.104 0.879 1.760
9.901 1.505 2.241
-2.038 -4.155 1.500
-2.219 -6.067 1.906
-2.271 -6.717 2.247
-0.039 -7.399 2.228
-0.319 -6.597 2.217
5.496 -3.156 2.206
0.951 1.632 0.799
4.804 1.234 1.488
-1.685 0.343 0.840
-2.071 -4.601 2.217
-2.009 -4.107 2.079
2.915 -3.129 2.173
-0.004 1.779 1.101
3.681 1.327 1.494
4.235 -0.269 1.106
3.725 -6.204 2.018
5.515 1.162 1.957
-2.113 -4.966 2.072
-1.533 -4.621 2.219
0.440 -5.335 2.218
-0.960 -4.743 2.215
2.929 -3.952 2.190
2.245 4.289 2.160
1.884 3.572 2.168
1.131 4.288 2.168
-0.749 -3.645 2.167
2.523 -1.849 2.122
2.441 -1.100 2.122
-2.077 -4.705 1.891
-2.212 -5.988 2.358
-1.719 -6.019 2.235
-1.966 -3.269 0.259
5.526 -5.062 1.727
3.791 -5.441 1.579
5.396 -6.042 1.968
6.658 -2.263 1.653
-1.410 2.979 0.977
-0.752 1.787 0.641
0.758 -5.716 2.223
2.906 -4.887 2.199
2.114 -5.441 2.198
1.814 -5.349 2.196
2.725 -5.021 2.203
0.878 4.753 2.193
-1.752 -0.970 0.996
-1.393 3.279 2.371
-0.159 1.676 1.860
2.961 0.669 2.130
-1.625 1.125 1.570
-0.271 -3.668 2.179
0.251 -3.720 2.177
6.031 -1.018 2.203
2.494 1.428 1.016
1.129 1.644 0.734
-0.528 1.831 0.622
-2.103 -8.338 2.228
5.400 -6.249 1.887
4.216 -1.167 0.578
12.109 1.031 2.121
-2.074 -4.588 1.875
0.011 -6.688 2.227
0.783 -6.749 2.199
4.165 -0.779 1.749
0.387 3.439 2.165
3.039 -0.534 2.124
1.506 1.526 1.908
-2.027 -4.213 2.146
5.986 -1.832 2.204
-0.783 -7.321 2.241
0.899 3.329 0.098
6.074 0.966 1.843
2.064 -7.809 2.233
6.359 -0.735 2.203
-0.686 -4.704 2.207
3.891 -2.006 2.168
1.177 4.312 2.172
-1.351 1.776 2.096
-1.627 -0.070 1.899
-1.470 1.259 2.331
2.101 -0.606 2.126
0.804 3.463 2.177
3.687 1.326 1.718
-1.792 -6.464 2.246
7.056 -2.295 2.212
3.591 1.332 0.642
5.500 -5.222 2.000
5.557 -4.771 2.006
-2.113 -4.985 2.219
-2.181 -5.741 2.374
-1.574 1.167 1.086
1.688 -5.023 2.200
-1.916 -2.913 2.060
-2.576 1.181 2.133
-1.434 2.676 2.156
3.051 -3.338 2.186
1.034 -6.408 2.223
-0.164 -5.549 2.220
3.545 -8.112 2.206
5.692 -2.334 1.307
-1.342 -3.162 0.410
5.560 -4.745 1.679
5.722 -2.313 1.527
-2.078 -4.666 1.724
2.737 -5.461 2.207
1.607 -3.715 2.173
2.029 -3.457 2.175
2.607 -3.223 2.172
2.611 -1.569 2.125
2.811 -0.068 2.125
3.012 0.245 2.124
-1.545 1.153 1.682
1.811 2.118 2.142
1.003 -3.685 2.173
-2.048 -5.146 2.427
2.341 -4.263 2.194
-2.028 -3.970 1.242
-2.086 -4.719 1.474
5.544 -4.815 1.459
1.442 1.552 0.519
5.498 -5.150 1.217
5.971 0.048 0.341
12.150 1.315 1.127
-0.344 1.834 0.013
0.306 -3.054 0.254
5.671 -3.215 1.367
5.670 -3.660 1.077
-2.187 -5.772 2.031
0.561 -7.062 2.211
0.928 -7.217 2.189
0.984 -6.917 2.192
2.462 -6.478 2.214
3.195 -6.327 2.223
2.904 -6.397 2.215
6.006 -1.167 2.218
0.566 4.143 2.175
-3.504 1.614 2.144
2.224 -0.559 2.126
-1.977 -3.542 2.034
1.458 -4.513 2.197
3.783 -5.469 1.853
4.232 -0.268 1.022
5.404 -6.325 1.398
2.595 -10.692 1.945
5.514 -5.271 1.025
3.714 -6.277 1.935
4.126 -1.968 0.595
-0.959 -4.863 2.218
0.211 -5.372 2.219
4.372 1.276 1.924
1.823 4.178 2.162
0.857 4.669 2.192
-1.696 0.474 0.774
-1.661 -5.946 2.234
2.237 -6.199 2.205
6.096 -1.483 2.218
7.520 -1.350 2.249
-0.987 -10.157 2.217
1.449 -9.639 2.243
5.205 -8.697 1.798
2.032 -3.054 0.712
6.894 -2.300 1.354
2.192 -5.212 2.195
3.489 -4.439 2.197
2.021 1.895 1.193
-0.392 -3.707 2.177
-0.210 -3.660 2.176
1.151 -3.689 2.177
-0.409 -5.267 2.226
0.055 -5.446 2.222
1.093 -6.039 2.216
5.601 -3.164 2.209
4.915 1.229 1.732
2.932 -7.922 2.235
-2.086 -4.449 0.697
0.849 4.840 0.314
-1.560 1.786 0.169
4.253 -0.634 0.272
5.870 -2.171 1.142
-1.613 0.353 0.620
2.949 -5.888 2.219
-0.114 -7.298 2.228
-0.299 -6.533 2.230
-1.777 -1.354 0.725
1.991 1.476 1.911
-0.448 -5.026 2.216
2.531 -4.919 2.202
-2.181 -5.882 1.949
-2.302 -7.702 2.431
2.203 -8.068 2.245
3.778 -5.414 1.680
7.067 -2.304 1.928
4.034 -2.839 0.581
12.145 1.273 1.124
0.854 -2.870 0.176
0.155 -7.735 2.233
6.479 -0.757 2.207
-1.671 -0.125 0.751
-0.314 -4.701 2.211
1.675 3.773 2.167
-0.104 -6.389 2.224
0.623 -6.143 2.232
3.657 -6.821 1.893
5.423 -5.954 2.067
5.712 -2.240 1.754
7.637 -0.834 2.228
-0.365 -5.556 2.227
2.069 -5.044 2.200
2.379 -4.841 2.202
4.319 0.627 1.942
-1.592 1.553 1.919
-3.515 -0.135 2.150
1.829 4.106 2.170
1.170 4.342 2.175
-0.225 -6.111 2.219
1.685 -5.783 2.202
1.841 -5.347 2.195
2.495 -5.576 2.206
6.097 -1.437 2.200
5.986 -0.199 1.807
6.053 1.142 1.787
-1.829 1.821 0.830
-2.154 -5.352 1.512
3.635 -6.986 2.000
3.757 -5.805 1.575
12.116 1.129 2.005
5.719 -2.341 1.368
-1.364 -1.856 0.358
-2.077 -4.366 0.661
4.335 0.178 0.517
4.323 -0.267 0.086
-1.337 1.768 0.154
0.821 -2.855 0.372
-1.775 -5.753 2.240
2.060 -5.855 2.196
0.142 -6.097 2.226
1.273 4.838 2.183
-1.858 -3.970 2.304
0.836 3.387 2.175
3.056 -0.139 2.122
-0.055 -3.626 2.175
1.322 -3.621 2.177
1.808 -3.442 2.177
1.065 -5.565 2.222
1.934 -5.066 2.195
2.324 -4.927 2.198
3.002 -4.660 2.200
6.333 -1.495 2.215
0.149 1.831 0.688
2.987 -8.579 2.251
4.222 -0.267 0.862
-0.763 -7.885 2.232
-1.034 0.338 0.089
12.168 1.466 0.951
-1.477 -10.108 1.359
1.157 -6.737 2.188
5.527 -3.534 2.213
5.870 0.872 2.183
-1.154 -4.727 2.219
0.789 4.162 2.140
2.537 -1.265 2.123
0.673 -7.733 2.237
-1.085 -6.439 2.228
0.218 -10.262 2.046
4.111 -1.316 0.838
5.973 -0.000 0.152
-2.055 -4.008 0.543
2.968 -10.607 1.376
-2.097 -4.757 1.504
7.141 -1.731 2.231
1.990 -4.765 2.197
2.864 -4.248 2.196
0.667 -5.178 2.221
1.252 -5.292 2.219
4.276 -0.014 1.763
6.811 -2.260 1.980
5.391 -6.505 1.953
5.404 -6.040 1.822
1.845 -5.653 2.201
2.374 -5.248 2.201
3.380 -4.753 2.214
5.818 -1.943 2.209
5.972 -1.572 2.218
-1.106 3.104 2.175
-1.430 2.880 2.099
1.354 -3.791 2.180
2.025 1.934 1.431
0.126 -5.604 2.219
1.906 -4.761 2.197
6.015 1.131 2.153
2.491 1.429 1.028
1.863 1.584 0.527
0.753 4.686 0.743
3.659 -6.842 2.103
-1.434 2.192 0.386
4.818 1.227 0.474
1.047 -0.868 0.151
0.395 -3.143 0.317
0.686 -10.595 1.707
3.376 -5.697 2.210
3.725 -5.343 2.218
-1.976 -3.495 2.126
-1.435 2.902 1.939
-1.594 -2.411 2.123
-1.608 1.712 1.964
-1.614 -6.831 2.230
0.395 -7.348 2.229
5.399 -6.060 1.851
5.493 -5.368 1.738
-1.367 3.428 0.386
-0.550 -2.571 0.274
-1.619 -7.249 2.245
3.718 -6.194 2.057
6.085 0.944 2.100
3.277 -3.366 2.195
1.102 4.428 2.165
-2.030 -4.050 1.664
-1.352 -5.984 2.228
6.591 -1.098 2.219
4.908 1.230 1.385
5.380 -6.602 1.363
0.721 -2.732 0.136
5.983 0.004 0.116
5.413 -5.901 2.024
3.606 -4.060 2.199
1.466 -5.345 2.209
3.852 -3.744 2.205
1.709 4.078 2.173
0.779 4.879 2.188
2.758 0.753 2.125
1.626 -3.582 2.175
1.147 4.488 2.169
0.420 4.612 2.185
-0.712 -5.379 2.224
2.852 -4.451 2.198
5.922 1.022 2.187
0.588 4.877 1.571
5.568 -4.641 1.851
3.779 -5.391 1.387
5.624 -3.876 0.593
-2.118 -4.887 1.681
-2.206 -5.872 2.239
-0.782 3.551 2.174
-1.326 3.677 2.390
-1.379 1.236 2.224
1.541 -3.450 2.176
0.003 1.776 1.056
1.775 -5.211 2.201
5.812 0.763 2.183
-1.717 -7.388 2.233
5.576 -4.497 1.707
5.602 -4.109 1.439
3.997 1.293 0.411
1.128 -7.113 2.193
2.091 -6.980 2.232
0.546 4.875 1.625
0.488 4.250 2.171
-0.460 3.472 2.176
-3.798 -1.351 2.156
0.919 -3.022 0.175
-1.358 2.141 0.217
-1.417 -10.121 1.100
2.021 -4.912 2.196
0.826 4.420 2.176
-1.215 2.938 2.240
2.983 1.053 2.125
2.134 4.195 2.177
6.020 -1.000 2.217
12.139 1.274 1.869
0.606 4.770 0.772
-1.394 2.123 0.380
12.162 1.454 1.095
1.748 4.383 2.176
4.146 -1.276 1.765
1.147 4.615 2.179
4.055 1.294 1.790
1.650 -5.671 2.205
-1.110 -5.949 2.225
-0.906 -5.663 2.219
0.839 3.319 2.181
-1.183 -5.287 2.220
-0.896 -5.242 2.224
0.715 -5.753 2.222
2.306 -7.558 2.229
5.978 -0.147 0.543
-1.158 -3.233 0.514
1.480 4.826 2.047
2.247 4.222 1.553
-1.785 -0.514 0.898
0.869 3.556 2.175
-2.264 1.013 2.123
-1.543 -6.664 2.229
-1.120 -6.766 2.227
-2.090 -4.781 1.675
1.567 -6.526 2.214
0.019 -7.530 2.240
-1.343 2.684 0.016
-0.421 -2.951 0.257
5.718 -2.241 1.164
4.370 1.259 0.926
-2.193 -5.663 1.639
-2.221 -6.162 1.949
-1.371 -7.990 2.238
1.302 -8.400 2.253
2.846 -7.449 2.228
5.727 -2.338 1.756
2.245 4.207 1.695
-1.677 0.592 0.725
-0.654 -5.019 2.221
0.182 -5.399 2.216
0.530 -5.364 2.214
2.927 -3.838 2.190
-1.413 2.519 2.087
-1.777 -0.700 1.604
1.619 4.709 2.190
-1.675 0.474 0.884
0.686 -5.962 2.228
1.208 -6.961 2.189
6.435 -1.069 2.212
-1.616 0.431 0.573
-2.027 -3.861 1.018
-1.950 -10.052 1.879
5.616 -4.177 1.358
12.133 1.132 1.937
4.222 1.283 0.991
1.487 -5.482 2.202
-2.168 -5.623 2.050
1.127 -5.637 2.221
3.285 -4.593 2.203
-0.454 -3.738 2.173
1.005 -3.741 2.172
-1.026 -2.008 2.124
-0.540 -1.900 2.125
1.405 4.301 2.170
-2.110 -5.019 2.274
-1.004 -5.433 2.221
-0.059 -5.237 2.221
-0.268 -5.673 2.222
2.516 -5.387 2.201
2.915 -5.767 2.221
5.962 -0.084 1.978
1.786 4.795 1.556
3.732 -6.010 1.922
5.635 -4.054 1.813
5.462 -5.804 2.119
4.234 1.276 1.019
3.332 1.354 0.335
4.270 -0.495 0.078
4.219 -0.301 0.582
-1.670 0.255 0.278
5.501 -5.260 1.600
5.290 1.191 1.883
1.038 -6.226 2.218
-1.622 -6.470 2.246
2.575 -5.980 2.215
-0.428 -6.889 2.238
3.378 -5.471 2.219
3.765 -5.261 2.219
-1.923 -2.959 2.192
-1.676 -0.521 1.707
-1.675 0.570 1.395
3.265 -4.191 2.197
3.714 -4.409 2.206
4.121 -1.480 2.002
-2.202 -6.002 1.938
1.599 -6.880 2.222
2.062 -6.817 2.211
3.450 -8.840 2.243
3.576 -7.599 2.001
3.640 -7.017 2.067
3.836 -4.815 1.892
-1.740 -5.201 2.227
1.140 -4.697 2.200
0.787 4.132 2.177
-1.676 0.578 1.453
1.587 -0.766 2.128
3.907 -2.278 2.179
0.200 -7.357 2.236
3.683 -5.099 2.217
2.024 1.929 0.866
5.447 -5.839 2.087
3.568 -7.872 2.144
3.741 -5.931 1.796
-1.425 3.024 1.100
0.714 -5.514 2.216
5.944 -0.956 2.210
-2.025 -3.830 1.075
-0.676 -10.179 2.223
1.134 -2.409 0.116
0.609 -2.640 0.371
12.135 1.171 1.731
12.113 1.208 2.295
-2.032 -4.052 1.528
2.080 -5.507 2.198
6.191 -1.040 2.197
5.656 -2.719 2.221
-1.586 1.798 1.173
-1.927 -2.922 1.779
-1.532 -4.889 2.224
1.681 -5.251 2.194
2.425 -5.567 2.211
2.848 -5.387 2.206
5.867 -0.069 2.201
-1.681 0.848 0.472
-1.130 -2.683 0.210
-1.582 1.763 -0.075
-1.856 -10.069 1.616
4.140 1.277 1.436
3.642 -2.440 2.171
4.051 -1.660 2.168
-1.703 -3.017 2.203
0.050 -4.890 2.210
-1.847 -6.672 2.233
-1.419 -6.817 2.231
3.786 -5.550 2.032
6.026 -2.194 1.133
-1.404 3.094 0.087
-0.372 -2.671 0.195
1.414 -8.143 2.243
3.471 -7.907 2.252
-3.964 -0.020 2.149
-2.136 -5.246 2.090
2.492 -5.241 2.206
6.202 -1.413 2.218
6.074 1.114 1.907
0.735 -10.613 2.062
5.947 -0.597 1.671
-1.270 -5.431 2.225
0.813 -6.023 2.222
1.573 -5.887 2.210
3.000 -4.895 2.201
3.297 -4.700 2.202
2.290 -5.513 2.200
4.802 1.229 1.822
0.149 1.828 0.915
1.099 -3.704 2.174
0.909 -2.036 2.125
-3.176 0.903 2.144
-1.260 -5.379 2.218
2.007 -5.802 2.204
3.740 -4.114 2.206
5.717 0.673 2.199
12.145 1.322 1.929
-2.011 -3.667 0.666
-2.093 -4.520 0.744
12.158 1.489 1.088
6.031 1.118 0.598
4.839 1.216 0.519
0.941 3.784 0.149
-2.200 -5.908 1.737
-2.097 -4.772 1.834
2.236 4.153 1.855
4.274 1.275 1.546
-1.681 -1.253 2.324
3.275 -4.492 2.206
-2.195 -6.082 2.039
-1.481 -7.790 2.239
1.591 -6.772 2.207
-0.494 -7.664 2.226
3.590 -7.525 1.994
-1.459 -2.773 0.305
-1.304 -4.768 2.217
2.123 3.110 2.103
0.480 4.067 2.177
2.732 -1.017 2.124
-1.752 -1.475 1.742
3.014 1.145 2.126
1.980 4.722 2.190
2.023 1.902 1.275
-1.970 -3.357 1.446
6.275 -1.883 2.209
-1.800 1.759 0.212
1.292 4.820 0.917
-1.376 3.558 0.688
2.766 -4.704 2.201
3.749 -3.679 2.200
-1.738 1.746 1.808
-1.677 -0.471 1.960
-0.575 -5.784 2.225
0.423 4.877 1.568
-2.083 -4.547 1.321
1.959 1.688 0.065
-2.185 -6.002 1.980
0.023 -6.808 2.230
0.182 -6.165 2.226
-3.000 1.286 2.144
-3.226 0.380 2.135
1.983 1.478 1.939
2.510 -1.650 2.124
-1.178 2.716 2.185
-1.776 -1.258 1.061
2.240 4.222 1.671
-2.077 -4.647 1.487
1.642 -9.662 2.247
5.470 -5.653 2.225
5.686 -3.445 1.873
1.328 1.574 0.523
-2.028 -3.740 0.723
0.902 3.267 -0.004
-0.352 -2.901 0.054
0.398 -2.775 0.262
1.105 1.536 0.211
3.283 -2.916 2.178
-1.627 -2.538 2.147
-1.326 3.910 2.317
-1.726 0.047 0.812
1.621 -6.289 2.215
2.167 -7.231 2.226
12.143 1.281 2.197
4.225 1.279 1.115
-2.027 -4.286 1.755
1.070 -5.273 2.212
1.367 -5.271 2.200
-1.630 1.127 1.450
-1.681 0.912 1.719
-0.952 -1.441 2.125
-2.439 0.936 2.120
-0.736 3.500 2.173
-0.998 3.469 2.174
3.877 -2.693 2.189
2.477 1.425 1.418
-1.159 -5.729 2.232
-0.788 -5.645 2.218
2.396 -5.554 2.208
-2.018 -3.708 1.050
-2.039 -3.920 1.045
3.740 -5.903 1.698
3.791 -5.308 1.208
5.975 -0.168 0.287
3.404 1.343 0.300
2.903 1.389 0.281
-2.087 -4.737 2.075
0.776 -6.343 2.229
-1.010 -6.646 2.239
1.694 -5.542 2.195
3.071 -5.018 2.208
5.892 -1.890 2.199
0.809 4.692 2.176
2.109 -3.337 2.178
-2.957 0.145 2.123
-0.098 -5.667 2.225
-1.565 -4.996 2.223
0.302 -5.731 2.223
3.084 -4.383 2.195
2.004 -5.660 2.204
5.957 -1.765 2.207
5.739 -0.826 2.198
-1.362 3.491 1.113
-2.032 -3.893 1.242
-2.118 -4.803 1.440
3.738 -5.981 1.615
3.362 1.341 0.410
2.023 -6.367 2.215
2.802 -6.229 2.210
-1.625 0.652 2.043
-2.886 -0.944 2.149
-1.990 -3.732 2.090
2.582 -8.293 2.258
5.618 -1.599 2.212
1.055 -4.508 2.201
-0.199 -6.821 2.223
4.171 -0.910 1.988
5.435 -4.434 2.234
2.053 2.333 0.422
-0.729 1.860 0.231
0.923 -10.611 1.441
1.084 -10.644 1.625
5.501 -5.222 1.027
3.336 -7.589 2.234
1.119 4.508 2.173
-1.478 -0.696 2.172
4.078 -2.098 1.976
4.150 -0.567 2.167
-2.211 -6.567 2.451
-0.382 -6.213 2.238
-0.681 -6.723 2.215
0.231 -6.942 2.222
3.303 -5.548 2.215
5.444 -4.003 2.228
6.911 -1.603 2.235
-1.523 -10.107 2.160
-0.780 -10.169 2.097
12.162 1.441 2.155
-1.344 -1.670 0.295
-3.655 0.838 -0.041
-1.736 -5.436 2.225
3.966 -3.268 2.066
-1.106 -3.588 2.173
2.777 -0.588 2.125
2.873 -0.387 2.120
1.123 1.584 1.770
0.459 1.626 1.770
-1.484 1.165 2.324
2.284 1.887 2.130
-1.053 -5.306 2.221
-0.696 -5.354 2.220
4.680 1.237 1.662
3.594 -7.594 2.164
1.347 4.822 0.804
5.538 -5.039 1.833
0.394 -2.775 0.322
3.983 1.290 0.248
-0.179 -6.281 2.226
5.577 -1.549 2.207
-1.779 -1.193 1.874
0.685 -4.698 2.201
1.349 -5.105 2.201
0.010 -7.822 2.228
7.300 -2.320 1.718
-2.100 -4.601 0.866
0.844 -7.013 2.190
-0.575 -7.043 2.235
5.456 -5.348 2.236
-1.630 -5.104 2.224
-1.770 -1.489 2.128
-0.730 1.726 2.102
-0.188 1.772 1.143
-3.970 -0.371 2.153
0.454 -6.689 2.229
4.780 1.208 0.547
-1.372 -1.949 0.228
12.196 1.871 1.825
0.506 -8.352 2.261
-0.188 -5.146 2.224
-0.050 -3.746 2.178
0.359 -5.602 2.224
5.593 -4.057 1.057
7.079 -2.303 1.282
1.074 1.488 0.183
4.065 1.284 0.292
1.136 -2.536 0.356
-1.375 3.513 0.620
-1.999 -3.306 0.631
5.568 -4.570 1.693
5.627 -3.981 1.635
-1.834 -5.931 2.225
-1.707 -6.412 2.227
2.045 -5.954 2.204
2.120 -5.729 2.206
2.467 -5.690 2.209
1.805 -5.648 2.206
2.806 -5.444 2.205
3.305 -5.097 2.215
5.852 0.505 2.186
5.822 0.898 2.185
1.084 4.735 2.189
1.649 -3.660 2.175
2.823 -0.330 2.124
-1.797 -0.839 1.633
-1.799 -4.780 2.233
3.181 -4.728 2.209
3.773 -3.362 2.195
4.274 -0.374 1.661
3.687 1.325 1.413
-1.775 -0.920 0.409
5.735 -2.727 0.601
1.160 4.770 0.389
0.506 -2.667 0.077
12.183 1.458 0.647
0.669 -7.225 2.190
5.621 -2.977 2.217
5.923 -1.355 2.211
-0.901 -4.972 2.214
2.964 -3.068 2.177
2.532 1.426 1.951
0.843 -1.977 2.122
-1.360 2.785 2.371
4.371 1.141 2.047
-0.561 -6.700 2.229
0.109 -7.380 2.229
1.585 -6.463 2.218
0.298 -2.879 0.235
-1.603 1.175 -0.081
-2.066 -4.208 0.590
0.958 -10.614 1.359
-0.529 1.824 0.405
1.999 -7.964 2.248
-1.437 1.774 0.892
-1.593 -4.895 2.224
-1.287 -5.612 2.226
-0.507 -5.582 2.220
1.761 4.490 2.177
-0.553 1.823 1.069
3.210 0.755 2.124
-2.886 -0.227 2.124
-1.037 -6.563 2.225
2.926 -5.654 2.204
3.879 -4.470 1.843
-1.920 -6.155 2.228
1.871 -7.017 2.235
-1.625 0.293 0.511
-1.971 -3.279 0.888
4.824 1.220 0.843
5.458 -5.589 0.292
-1.598 1.082 0.195
-1.423 3.020 0.554
1.295 4.815 1.570
-11.287 6.230 3.652
3.632 -4.298 2.201
-0.834 -3.706 2.171
0.296 -3.836 2.174
-0.533 -2.113 2.123
-0.459 -1.891 2.125
0.155 -1.934 2.124
-1.136 -1.786 2.124
-0.918 -5.552 2.217
12.163 1.549 1.809
-1.179 -3.126 0.371
2.460 -10.764 1.945
-1.972 -3.426 1.510
-2.220 -6.370 2.443
-1.231 -6.050 2.225
2.316 -5.903 2.197
6.505 -1.881 2.223
4.324 0.695 1.846
0.712 4.727 2.037
-1.650 1.074 1.295
-3.028 1.922 1.943
-2.103 -4.991 1.653
1.317 -6.973 2.196
2.445 -8.143 2.242
3.827 -5.169 1.596
-1.364 3.579 0.704
4.162 -1.541 0.670
5.905 1.169 0.561
0.721 -2.786 0.098
-1.841 -6.904 2.228
2.123 3.092 1.913
1.853 -4.554 2.196
-1.654 -6.551 2.229
-1.226 -6.441 2.239
0.684 -6.887 2.189
4.885 1.226 1.520
-1.325 -1.627 0.521
1.266 -10.662 2.177
1.024 -2.972 0.104
0.395 -2.777 0.180
-1.923 -3.046 1.310
0.468 4.306 2.170
1.651 4.258 2.178
1.042 -5.337 2.214
1.474 -5.909 2.206
3.381 -4.777 2.211
6.341 -0.971 2.213
5.787 1.137 1.975
2.090 -8.671 2.245
12.145 1.442 2.254
0.604 4.716 0.768
2.089 4.775 0.830
-2.040 -3.841 0.616
-0.896 -2.702 0.073
2.520 1.415 0.246
3.405 1.350 0.243
-2.127 -5.167 1.872
-2.193 -6.091 2.409
-1.655 -5.728 2.228
-1.041 3.356 2.174
1.548 -5.471 2.199
3.485 -8.654 2.038
12.188 1.447 0.623
12.169 1.526 0.918
-2.084 -4.658 1.576
-0.501 -6.785 2.238
-1.689 0.564 0.792
1.956 3.883 2.163
-1.319 3.786 2.297
0.877 4.674 1.804
0.756 -6.461 2.201
5.651 -3.406 1.238
-0.660 1.812 0.035
1.031 -3.010 0.092
-1.827 -8.287 2.242
3.807 -5.229 1.803
8.175 0.992 2.214
0.752 -5.226 2.217
-1.384 3.332 1.899
-1.209 2.786 2.216
1.182 1.583 1.703
-1.374 -2.031 1.906
0.332 3.326 2.177
-2.152 -5.498 2.143
-1.666 0.004 0.431
5.463 -5.611 1.726
4.321 0.143 0.682
3.726 1.320 0.103
-0.506 -10.192 2.015
0.872 -6.097 2.220
0.472 -6.265 2.229
3.076 -4.805 2.202
0.624 -3.832 2.173
1.067 -3.730 2.173
0.814 1.574 2.047
4.322 0.627 2.120
-0.532 -5.349 2.224
3.566 -7.721 1.873
-1.946 -3.201 0.553
5.982 0.009 0.608
5.668 -3.461 1.426
0.677 -6.548 2.205
2.777 -6.070 2.223
2.255 4.332 1.926
-2.021 -4.113 2.058
1.661 -4.775 2.199
4.039 -2.291 2.179
2.245 4.344 1.861
-11.261 6.616 3.791
-1.891 -6.998 2.232
-1.501 -6.907 2.234
3.748 -5.827 1.800
4.721 1.233 1.158
1.056 1.594 0.523
0.986 4.790 1.811
-0.327 -5.166 2.219
3.083 -3.500 2.189
1.685 4.325 2.167
2.809 -0.797 2.123
-0.919 -1.444 2.124
3.081 -3.919 2.197
6.614 -1.403 2.213
0.900 -10.607 1.903
5.408 -6.286 1.738
-0.011 -2.073 0.214
5.493 -5.634 0.394
3.761 -5.611 1.680
5.409 -6.271 2.104
-0.205 -5.507 2.222
-1.320 -1.545 1.132
-1.736 -0.660 1.571
-1.203 -1.159 2.125
-1.367 1.650 2.250
-1.768 0.309 1.521
1.764 -2.535 2.124
3.083 -4.959 2.207
5.745 -2.650 1.912
5.639 1.151 1.973
5.910 1.131 2.153
1.053 4.830 1.570
-11.264 6.188 3.594
-11.341 5.545 3.910
1.059 -8.800 2.258
5.671 -3.380 1.056
12.093 0.703 2.003
2.866 -10.603 1.457
-1.458 -2.769 0.172
5.532 -5.048 1.658
6.173 -2.208 1.595
3.310 -5.203 2.212
5.520 -1.934 2.210
5.671 -1.149 2.203
2.041 4.526 2.188
1.940 -3.564 2.174
2.741 -3.147 2.180
2.643 -1.449 2.124
2.852 -0.322 2.124
-1.225 -1.593 2.125
-1.281 1.278 2.125
1.631 -0.906 2.125
-1.215 -2.087 2.125
3.286 1.339 2.127
-1.153 -4.629 2.213
-1.419 -4.742 2.219
-0.167 -4.970 2.219
0.799 -5.443 2.228
5.967 -2.160 2.186
5.555 -2.961 2.210
3.669 -6.685 1.900
4.280 -0.511 0.348
-1.161 -2.930 0.290
0.428 -7.015 2.225
4.220 1.271 1.302
-1.518 1.357 2.273
2.427 0.225 2.127
-2.838 -0.622 2.148
-1.969 -3.351 1.360
5.526 -4.822 1.983
-1.692 0.409 0.258
6.095 1.093 1.179
-2.043 -7.709 2.228
5.611 -4.142 1.920
-0.712 -8.563 2.248
2.233 4.008 1.990
-1.708 -4.753 2.227
-3.702 -1.380 2.173
3.633 -3.785 2.195
0.629 4.764 2.191
3.817 -3.147 2.194
-1.426 -2.159 2.046
-1.976 -3.559 2.316
3.075 -3.124 2.173
3.893 -2.186 2.171
1.980 -6.138 2.209
-1.329 -10.112 2.241
5.946 -0.544 0.971
-0.503 -10.206 2.089
2.031 1.890 0.433
-1.407 3.267 0.075
4.234 -0.428 0.684
-0.163 -5.902 2.230
-1.744 -4.070 2.213
-1.427 2.858 2.083
-1.685 0.584 1.602
1.101 -5.529 2.218
2.606 -5.664 2.215
1.352 4.827 1.690
-1.131 -8.124 2.227
-0.378 1.820 0.122
2.510 -10.754 1.782
5.516 -5.050 1.525
0.962 1.575 0.755
2.811 -3.178 2.170
0.431 -5.120 2.223
2.012 -4.602 2.203
3.459 -6.070 2.222
-1.777 -7.180 2.235
-2.004 -3.560 0.278
5.497 -4.996 2.236
7.542 -2.237 2.244
-1.745 -4.995 2.224
-1.037 -4.653 2.211
0.976 4.268 2.174
-1.626 1.130 1.516
-2.489 0.945 2.123
3.238 -2.806 2.171
-2.189 -6.391 2.446
1.418 -7.064 2.202
5.744 -2.175 1.816
-1.977 -3.329 0.909
-0.016 -10.236 2.108
5.496 -5.240 1.474
-1.744 -1.461 0.310
-2.029 -3.815 0.528
3.534 1.321 0.692
-2.579 -9.793 1.925
5.519 -5.155 1.773
6.042 1.120 1.870
0.551 -5.634 2.224
1.181 -5.866 2.218
2.844 -4.749 2.199
1.604 -5.323 2.201
1.968 -5.183 2.192
5.835 0.307 2.184
3.715 1.316 1.924
0.643 4.870 2.151
-1.756 -3.918 2.205
1.125 4.279 2.184
-3.186 -1.388 2.157
5.440 -3.392 2.214
5.784 -0.025 2.188
-1.383 2.617 0.265
-1.355 2.057 0.083
0.432 -2.933 0.298
-1.991 -3.334 0.624
-2.059 -4.096 0.708
2.468 -10.755 1.878
4.915 1.216 1.322
-2.117 -5.062 2.025
-1.681 -6.860 2.225
3.055 -5.770 2.217
6.824 -0.945 2.221
5.818 -2.174 2.012
-0.192 -4.597 2.206
2.265 -3.429 2.173
-3.100 0.706 2.133
0.181 -1.947 2.124
2.011 2.067 1.687
2.423 -5.076 2.201
0.074 -5.319 2.223
5.881 -2.186 1.587
5.731 -2.390 0.978
12.223 1.694 1.003
-1.021 -10.161 1.519
-1.738 -6.742 2.230
-2.137 -5.244 1.851
3.526 -2.645 2.175
-1.321 3.868 2.252
-1.537 1.775 1.353
-1.315 1.780 0.914
-2.254 -6.494 2.370
0.879 -7.577 2.233
-0.363 -2.854 0.189
2.179 -8.532 2.246
2.142 3.100 1.305
0.161 -5.407 2.226
5.623 -4.024 1.698
-0.882 -5.931 2.225
2.993 -4.305 2.202
-1.531 1.772 1.732
-1.278 1.117 2.124
3.696 -2.409 2.179
1.046 4.571 2.177
0.072 -5.630 2.220
2.357 -6.452 2.210
5.664 -1.944 2.198
5.395 -6.439 1.838
3.790 -4.378 2.203
1.519 -3.617 2.178
-1.689 -1.479 1.457
-0.298 -3.574 2.176
1.036 4.137 2.175
-1.429 -4.953 2.225
-0.318 -5.641 2.230
-1.385 3.282 1.049
1.923 -1.129 0.274
5.454 -5.665 1.524
-0.861 -6.534 2.225
2.203 -6.396 2.206
3.367 -6.159 2.217
-0.348 1.673 1.829
6.059 -2.203 1.785
-0.558 1.820 0.030
12.209 1.617 0.285
5.532 -5.002 0.977
-1.704 -7.993 2.241
3.635 -7.045 2.186
3.730 -6.156 2.020
-2.063 -4.573 1.915
-1.753 -5.161 2.228
0.345 -5.404 2.219
-1.429 2.934 1.765
1.917 1.471 1.984
-0.609 3.215 2.177
-0.577 -6.288 2.230
0.140 -6.127 2.234
-0.654 -10.185 2.182
5.529 -4.973 1.638
-1.604 1.155 0.063
-1.932 -3.110 0.441
5.757 -2.398 0.538
4.171 -1.444 0.625
-1.217 -10.139 1.936
5.383 -6.194 1.947
-1.800 -0.434 0.726
-2.027 -4.047 1.826
-1.855 -5.240 2.229
-1.566 -5.990 2.243
-1.164 -6.067 2.225
-0.449 -6.382 2.227
-0.083 -5.602 2.228
2.018 -5.412 2.195
3.428 -4.576 2.207
0.739 4.573 2.187
-1.677 0.559 1.458
2.033 2.001 2.075
2.139 -5.874 2.209
3.056 -5.655 2.212
6.079 0.969 1.892
2.616 -7.905 2.236
5.975 -0.588 1.012
12.084 0.706 1.887
12.163 1.603 1.876
5.477 -5.577 2.038
0.297 1.613 0.166
0.645 -6.718 2.192
5.883 -0.749 2.192
-1.738 -0.831 1.567
0.326 -4.935 2.213
5.714 -3.002 1.755
5.956 -2.200 1.693
-1.328 -7.051 2.235
1.894 -7.582 2.243
-1.192 2.540 2.168
-0.820 -1.754 2.124
-0.398 -1.890 2.124
0.565 -6.449 2.203
5.793 -2.166 1.761
-1.319 -10.127 2.014
1.541 -5.213 2.195
3.900 -3.528 2.203
0.010 -5.923 2.225
0.683 4.226 2.180
-1.478 -3.342 2.173
-2.342 0.977 2.124
2.839 -3.218 2.171
1.963 4.262 2.170
0.846 -9.956 2.240
5.340 -6.894 2.099
5.633 -3.969 1.411
5.643 -3.783 0.285
5.597 -4.283 1.700
-11.270 6.481 3.770
1.871 -5.808 2.201
6.182 -1.324 2.209
0.260 -6.304 2.217
4.267 0.032 1.770
3.427 -4.762 2.206
1.455 -3.770 2.174
2.565 -5.419 2.209
4.303 1.282 1.680
2.272 4.482 1.681
5.616 -3.960 1.683
5.788 -2.169 1.288
5.728 -2.659 0.379
-1.622 -10.086 1.586
5.561 -4.422 1.224
-1.268 -6.596 2.227
-1.522 -4.924 2.230
0.742 1.629 1.692
4.300 0.155 1.771
-2.060 -4.442 1.600
-1.742 -6.546 2.239
-1.147 -7.482 2.230
2.411 -7.381 2.230
3.738 -5.980 2.142
6.923 -0.975 2.226
2.000 4.453 2.185
2.232 -0.312 2.127
0.675 3.343 2.175
2.199 -5.739 2.203
2.527 -6.127 2.215
-2.140 -5.286 2.167
5.636 -2.339 2.212
0.807 -10.487 2.268
1.554 -10.542 2.273
6.108 -2.194 1.234
-1.281 -5.753 2.234
-2.059 -4.633 1.926
-1.689 -5.691 2.240
1.066 -5.625 2.222
3.190 -4.830 2.208
-1.793 -5.234 2.225
-2.091 -4.789 2.188
-2.153 -5.307 1.508
3.762 -5.676 1.429
4.443 1.175 0.252
-1.769 -1.457 0.574
-2.212 -6.207 2.211
1.146 -6.903 2.188
-1.721 -0.310 1.293
-1.038 -1.316 2.123
2.397 0.228 2.125
0.330 3.956 2.175
-2.119 -5.065 1.698
-2.266 -6.546 2.173
-12.030 -2.266 4.030
4.151 -1.331 0.272
4.304 1.263 0.512
-2.144 -5.372 1.817
2.962 -7.255 2.227
-1.597 0.254 0.645
-2.067 -4.740 2.425
1.596 4.317 2.182
-1.819 1.764 1.399
2.601 1.360 2.134
2.357 -0.214 2.127
-2.200 -5.996 2.152
1.241 -6.730 2.183
5.396 -6.080 1.715
-1.051 -10.144 2.168
0.174 -5.636 2.224
2.116 -3.318 2.177
0.955 4.422 2.169
0.767 4.624 2.183
-1.287 -5.419 2.218
-0.057 -5.997 2.223
1.218 -5.369 2.213
-1.056 -2.541 0.162
-1.508 1.763 -0.088
3.607 -4.725 2.206
2.277 4.635 1.905
5.076 1.221 1.853
2.062 2.404 1.794
-1.263 2.595 2.248
2.238 -3.280 2.174
0.658 -3.732 2.178
2.155 -5.407 2.198
0.893 -5.559 2.220
-0.919 -7.977 2.237
5.608 -4.317 2.011
-1.142 -3.062 0.311
5.975 -0.213 0.176
12.136 1.080 0.958
-0.398 -6.852 2.226
5.819 0.720 2.183
3.033 -2.983 2.175
0.265 2.638 2.134
1.064 -8.025 2.246
-1.582 -6.909 2.231
3.076 1.376 0.895
5.739 -2.350 1.167
5.466 -5.394 1.162
0.445 -8.868 2.253
3.709 -6.425 1.992
3.754 -5.753 1.856
1.805 -4.811 2.198
0.972 4.431 2.179
2.235 -5.226 2.195
6.282 -2.164 2.209
4.439 1.236 0.755
2.353 1.426 0.314
5.191 -8.658 2.241
-1.681 0.750 0.666
-1.312 -5.865 2.230
0.762 -5.715 2.229
-0.670 -6.247 2.228
1.467 -5.556 2.203
2.438 -5.430 2.206
2.200 -5.360 2.198
6.076 -0.852 2.211
1.643 -3.540 2.175
-3.324 -0.081 2.153
-1.656 -3.138 2.176
2.020 -3.294 2.176
0.360 4.254 2.176
-1.367 3.265 1.885
-1.371 3.284 1.871
-1.213 -4.965 2.223
2.296 -4.807 2.199
2.597 -5.527 2.211
3.439 -5.226 2.218
5.944 0.947 2.196
6.319 -0.749 2.207
2.591 -7.592 2.231
-1.406 2.804 0.570
5.400 -6.274 1.628
12.092 0.754 1.894
2.080 -6.700 2.207
5.664 -0.050 2.212
0.436 3.537 2.168
-1.834 -0.519 1.541
1.094 -7.145 2.177
5.768 -2.694 0.279
-1.564 -7.725 2.236
6.058 0.851 1.824
-0.672 -1.847 2.125
-1.723 -1.029 1.585
-0.577 3.473 2.176
-1.617 1.849 1.661
2.663 -3.164 2.179
-2.143 -5.421 2.069
3.670 -6.771 2.142
8.413 0.731 2.228
5.960 1.103 0.454
2.391 -4.799 2.197
2.352 1.423 1.378
0.600 4.477 2.185
-2.750 1.187 2.134
-1.000 -1.987 2.124
-2.065 -4.334 1.194
5.509 -4.905 1.209
5.652 -3.889 1.523
-1.420 2.877 0.297
-1.341 -2.681 0.172
-2.157 -5.401 2.207
3.062 -5.465 2.215
2.912 1.370 2.074
3.636 1.328 1.607
2.051 -7.236 2.239
5.579 -4.639 1.628
-2.082 -4.423 0.611
-1.225 -6.746 2.239
-2.023 -4.032 2.236
1.582 -0.842 2.127
2.465 0.267 2.129
3.406 -6.218 2.216
4.326 -0.021 0.688
-1.681 0.077 0.181
-0.448 -5.218 2.222
0.667 4.164 2.176
0.367 4.182 2.177
3.020 1.223 2.140
0.808 3.240 2.179
0.528 3.298 2.176
1.333 4.534 2.180
-2.088 -4.759 1.932
-1.630 -6.008 2.224
1.251 -5.531 2.213
-2.054 -4.290 1.138
-2.147 -5.351 1.345
5.586 -4.465 1.473
6.995 -2.312 1.618
12.119 0.933 1.820
5.744 -2.457 0.336
2.598 1.427 0.133
-1.782 -2.894 0.226
4.402 1.198 0.358
5.389 -6.598 1.891
5.490 -5.479 1.875
5.470 -5.596 1.691
2.587 -5.269 2.209
3.210 -4.876 2.212
0.805 -3.790 2.174
2.578 1.068 2.129
1.543 1.548 1.240
2.593 -4.249 2.194
5.725 -2.804 0.595
-2.059 -4.424 1.708
-2.161 -5.505 2.026
-0.332 -6.557 2.227
2.213 -6.551 2.218
5.759 -1.531 2.215
6.671 -2.259 2.148
2.076 2.300 1.364
-0.621 -8.083 2.235
2.199 -7.109 2.236
5.399 -6.302 1.888
-2.145 -5.174 1.067
0.110 -3.110 0.444
3.838 -4.976 1.844
2.153 -7.581 2.235
5.522 -5.177 2.171
3.556 -7.308 2.237
-2.131 -5.346 2.412
-1.645 -5.041 2.221
2.334 1.425 1.258
1.897 4.313 2.176
-1.422 2.959 1.469
1.217 -10.649 1.969
-0.532 -2.673 0.066
3.551 -7.973 2.161
8.102 -2.384 2.234
-1.144 -6.145 2.227
-0.788 -5.557 2.226
-0.655 -5.279 2.219
3.647 -3.752 2.201
-1.670 -0.376 0.887
3.055 1.031 2.133
-1.529 1.680 2.216
1.306 4.341 2.167
1.190 -3.661 2.176
1.885 -5.056 2.195
3.231 -4.904 2.216
1.712 4.799 1.568
3.777 -5.452 1.680
0.829 -2.683 0.342
3.111 1.377 0.231
2.392 -5.851 2.206
-0.275 -6.103 2.231
0.002 -6.335 2.230
0.698 -6.729 2.179
1.133 -6.604 2.195
3.058 -2.915 2.176
2.946 -0.810 2.122
3.071 -0.419 2.125
-1.651 -0.361 2.326
1.861 1.603 1.853
-0.136 -8.419 2.244
0.770 4.681 0.941
-3.101 1.933 1.997
-1.971 -3.509 2.031
0.144 -6.486 2.224
0.537 -6.394 2.216
5.478 -4.870 2.238
2.527 -6.435 2.202
5.506 -5.260 1.093
-0.276 -2.279 0.096
12.162 1.449 1.874
-1.675 0.827 0.519
3.750 -5.665 1.787
3.737 -5.917 1.799
-2.157 -5.556 2.304
0.767 3.202 2.176
1.000 -3.599 2.176
1.295 4.457 2.181
5.563 -4.698 2.153
-0.827 -10.170 2.064
12.099 0.937 1.924
-1.386 -2.114 0.334
1.014 -2.844 0.436
12.154 1.343 1.109
-1.373 3.432 0.302
-1.383 3.419 0.128
4.329 0.197 0.676
1.997 1.479 0.452
-1.785 -1.316 0.716
-1.466 -5.720 2.226
-1.055 -6.473 2.220
6.157 -1.724 2.215
2.490 1.428 1.698
2.070 2.509 1.914
-3.156 0.770 2.139
2.378 -1.513 2.124
2.486 -1.352 2.124
-1.584 -0.824 2.247
1.522 -1.412 2.127
-0.855 -3.457 2.178
1.384 -3.079 2.175
-1.774 -4.748 2.230
2.184 -5.523 2.200
5.990 -1.509 2.208
1.652 -7.710 2.236
3.504 -8.515 2.135
-1.383 -2.598 0.199
1.353 -6.788 2.196
0.486 3.809 2.176
-2.055 -4.260 2.300
2.276 4.538 2.004
-0.771 -6.875 2.234
-1.055 -7.761 2.237
12.161 1.331 1.058
12.097 0.951 2.318
5.542 -4.939 1.989
2.326 -4.393 2.196
-2.511 1.080 2.139
-1.593 1.538 1.925
3.158 -2.903 2.176
1.832 -6.613 2.213
2.106 -5.656 2.204
3.238 -6.298 2.223
6.772 -2.208 2.227
6.069 0.931 1.929
-1.417 -10.098 1.809
1.146 -5.325 2.213
1.506 4.401 2.177
0.839 4.347 2.172
-0.405 -3.620 2.175
2.849 0.150 2.125
-2.088 -4.743 2.131
0.009 -5.552 2.226
-2.143 -5.292 2.241
3.777 -5.440 1.365
0.898 4.800 2.089
3.329 -2.675 2.175
-2.027 -4.167 2.132
2.633 -10.634 1.635
-1.372 3.433 0.460
0.894 -3.027 0.181
5.712 -2.816 0.464
-1.423 -10.104 1.500
1.231 -10.661 1.504
5.671 -3.206 1.275
2.387 1.425 1.623
-1.553 -1.476 0.794
2.910 -6.149 2.216
5.081 -9.841 2.286
-1.381 3.358 0.137
-1.334 2.071 0.225
4.173 -1.628 0.683
12.116 0.896 2.049
-1.368 3.475 0.665
-2.055 -4.258 1.197
3.630 -7.115 2.003
5.533 -5.099 1.912
-2.090 -4.874 2.120
-1.170 -5.358 2.220
-0.968 -5.680 2.217
-0.455 -5.436 2.220
-0.340 -5.236 2.222
3.362 -4.314 2.200
1.986 -4.926 2.202
3.753 -3.770 2.206
4.065 -2.124 2.083
-1.524 -1.052 2.185
2.514 0.575 2.127
0.383 3.148 2.176
-1.822 -3.499 2.296
-2.065 -4.570 1.975
-2.032 -4.043 1.791
-2.111 -5.788 2.434
0.106 -6.323 2.221
-1.900 -5.419 2.220
-1.555 -5.760 2.224
3.373 -5.951 2.223
3.240 -4.931 2.206
2.531 -5.227 2.204
2.895 -5.611 2.213
5.968 -0.712 2.213
-11.340 5.176 3.824
-1.494 -10.107 2.110
-0.270 -10.214 2.190
0.662 -8.936 2.254
0.636 -10.591 2.031
3.204 -10.843 1.456
-1.514 1.778 0.168
1.751 -1.160 0.296
-2.190 -5.922 2.058
1.968 -6.100 2.204
5.937 1.103 2.192
0.864 4.844 1.788
-1.487 2.263 1.085
-1.375 -7.476 2.232
1.600 -7.458 2.240
5.670 -3.636 1.370
4.209 1.265 0.573
3.530 1.323 0.521
-1.404 3.012 0.368
22.004 -2.490 0.942
-1.660 -10.076 1.367
2.330 -6.625 2.225
-3.059 1.927 1.974
-2.122 -4.966 1.705
-2.227 -6.357 2.120
3.425 -5.700 2.213
-0.236 -5.571 2.220
4.021 -2.096 2.178
2.185 4.291 2.175
0.829 4.014 2.177
1.551 4.510 2.179
0.321 3.461 2.177
2.202 4.511 2.187
-2.224 -6.171 2.345
0.478 -6.602 2.217
7.010 -2.316 2.139
-0.850 1.773 0.626
-0.114 -10.232 2.072
5.671 -3.320 1.597
1.811 -5.572 2.200
-0.349 -5.699 2.233
-1.732 -0.738 1.567
1.450 -0.867 2.127
-0.008 2.274 2.144
2.119 3.029 1.901
0.491 -5.691 2.221
0.885 -5.698 2.224
0.054 -10.244 2.196
5.528 -4.794 1.319
6.882 -2.306 1.414
9.169 1.412 2.250
-2.253 -6.816 2.376
-1.254 -6.532 2.236
3.335 -5.637 2.219
-2.272 0.884 2.123
-1.573 -0.884 2.238
3.223 -4.201 2.196
-1.466 -4.528 2.209
2.540 -4.554 2.199
3.707 -6.184 1.857
4.213 1.278 0.604
3.050 -7.103 2.230
3.796 -5.454 1.971
0.793 4.304 2.169
2.310 -0.468 2.126
0.895 -6.773 2.189
1.409 -6.712 2.190
3.278 -5.779 2.218
-1.735 -1.160 0.578
1.705 -1.069 0.185
1.363 4.815 0.829
-1.737 -0.939 0.546
-1.544 -6.077 2.228
3.524 -3.998 2.201
1.554 4.631 2.187
-0.350 -3.813 2.171
-0.791 1.726 1.774
-1.835 -3.537 2.303
1.487 4.321 2.175
1.083 -5.676 2.229
1.826 -5.446 2.200
2.925 -5.121 2.205
3.301 -4.901 2.203
3.874 -4.334 2.175
1.359 -8.884 2.249
5.590 -4.201 1.082
1.859 4.811 0.808
2.005 -6.075 2.212
1.671 -5.905 2.206
3.383 -5.083 2.216
2.024 1.876 1.132
0.780 4.672 2.015
1.351 -3.782 2.173
1.794 -3.576 2.169
-2.067 -5.023 2.437
1.785 -5.425 2.197
-2.080 -4.533 1.436
0.857 -7.975 2.249
-7.543 2.337 -0.506
3.181 1.372 0.074
5.707 -3.095 1.016
2.885 -6.521 2.224
6.041 -1.076 2.211
6.069 -0.679 2.201
-1.716 -1.019 0.908
-0.165 -4.467 2.204
5.679 -3.578 2.157
4.190 1.282 1.193
0.956 -10.625 2.044
5.531 -5.152 2.130
7.963 -1.445 2.222
-0.370 -5.122 2.220
0.239 -5.302 2.218
1.835 4.590 2.185
0.515 4.843 2.099
5.578 -4.544 1.983
3.776 -5.525 1.927
5.655 -3.801 2.118
5.584 -4.239 1.369
5.675 -3.547 1.444
2.269 1.425 0.015
2.247 -5.169 2.195
-0.461 -6.010 2.220
2.910 -4.824 2.204
3.485 -4.354 2.200
0.859 -5.507 2.233
-1.050 -6.354 2.222
1.462 4.825 2.028
-0.729 1.728 2.065
-1.502 -3.270 2.177
2.382 -5.752 2.208
-2.155 -5.499 1.597
5.596 -4.162 1.240
-1.676 1.027 1.900
2.871 0.603 2.128
2.505 0.604 2.126
2.022 2.077 1.694
0.865 -4.928 2.211
3.043 1.377 1.270
-2.063 -4.442 1.571
-2.114 -4.900 1.655
2.034 -6.728 2.221
5.719 -3.022 1.422
-1.619 0.698 0.274
0.999 3.259 0.049
5.717 -3.020 2.007
0.651 4.870 1.634
-1.808 -5.321 2.228
0.197 -5.058 2.223
1.969 1.414 2.126
2.731 1.345 2.126
0.598 3.457 2.177
-0.187 3.456 2.176
1.812 -3.613 2.177
-2.134 -5.128 1.908
3.731 -6.069 2.181
1.671 -6.240 2.210
-1.667 -10.092 2.103
5.629 -4.102 1.488
4.101 -1.900 0.620
5.455 -5.896 1.708
4.224 1.279 0.680
0.998 -2.360 0.165
1.075 -2.396 0.116
-0.412 -3.060 0.385
4.216 -0.963 0.636
-2.208 -5.948 1.714
-2.223 -9.846 1.998
-1.858 -5.344 2.226
-1.454 -5.442 2.228
-0.729 -5.558 2.226
-0.522 -5.868 2.232
0.213 -6.055 2.231
0.999 -5.825 2.216
3.286 -4.259 2.204
0.744 -5.501 2.223
1.473 -5.289 2.203
3.823 -4.081 2.209
0.462 3.181 2.182
-1.630 1.127 1.415
1.268 1.934 2.101
1.826 1.530 1.785
-2.113 -4.972 2.214
-1.830 -5.089 2.234
-0.779 -5.302 2.219
-0.422 -5.533 2.219
2.538 -4.719 2.206
1.087 -6.219 2.216
1.533 -6.173 2.216
3.782 -5.523 2.211
2.002 -6.055 2.197
6.377 -1.981 2.210
6.000 0.977 2.191
-2.029 -3.868 1.157
-0.652 -10.181 2.149
3.504 -7.973 2.247
4.228 1.280 0.899
-1.726 -0.611 0.372
0.540 -6.036 2.226
2.795 -5.666 2.202
-0.664 -4.475 2.202
-1.329 3.597 2.399
-0.491 -5.322 2.221
5.611 -4.156 1.396
-1.235 -10.123 1.252
12.171 1.457 0.892
-0.964 -3.281 0.520
3.275 -6.356 2.224
6.937 -1.822 2.234
-1.711 -4.962 2.231
-1.866 -3.247 2.375
-1.301 4.006 2.327
4.323 0.644 1.800
1.301 -6.726 2.189
3.673 -6.225 2.226
1.892 -8.491 2.247
0.148 1.833 0.742
3.034 -3.218 2.175
2.221 4.337 2.178
2.073 2.455 1.480
-0.877 -10.160 2.229
3.796 -5.277 1.558
-3.220 0.672 0.017
3.464 1.345 0.350
8.120 0.253 2.229
-2.140 -5.713 2.394
1.171 4.543 2.181
-1.359 3.305 1.635
2.654 0.970 2.129
-2.052 -4.408 2.028
0.268 -5.760 2.221
-0.634 -5.186 2.219
-0.908 -5.472 2.225
4.851 1.240 1.784
2.075 2.326 1.173
-2.084 -4.649 1.410
5.494 -5.500 1.905
5.969 -0.135 0.585
1.224 4.784 0.323
-2.202 -5.820 1.702
-1.678 -6.697 2.231
1.092 -6.439 2.206
2.280 -6.248 2.213
2.726 -6.170 2.200
-0.687 -6.924 2.239
2.844 -6.937 2.232
5.669 -3.515 1.483
5.587 -4.068 0.939
-2.170 -5.563 1.696
-2.203 -6.076 1.928
5.536 -5.124 2.195
-2.734 0.608 2.138
-0.131 3.629 2.171
2.041 4.691 2.184
-2.144 -5.216 2.007
-0.318 -6.851 2.231
0.948 -6.511 2.186
5.505 -2.975 2.211
5.704 -2.594 2.202
-1.367 -1.976 0.623
-1.989 -3.385 0.889
-2.036 -4.119 1.020
0.263 -10.200 2.245
3.787 -5.381 1.148
5.428 -5.865 1.773
5.450 -5.080 1.178
5.549 -4.847 1.417
12.130 1.312 2.174
1.002 3.601 0.108
-4.095 2.076 -0.370
-1.673 0.074 0.202
-2.011 -3.543 0.493
-1.224 -10.119 1.135
12.186 1.887 1.948
0.379 -3.018 0.379
4.222 -0.273 0.752
5.719 -2.650 1.772
5.721 -2.823 1.545
-1.500 -10.110 1.989
8.450 0.544 2.240
-1.853 -5.503 2.229
1.782 -5.512 2.197
-0.618 -5.447 2.217
-1.724 -1.022 0.873
0.095 -5.503 2.224
2.477 -4.940 2.200
0.704 -5.792 2.217
1.060 -5.895 2.211
3.645 -4.078 2.202
5.849 -0.691 2.210
2.114 4.304 2.175
-1.617 1.849 1.223
-0.205 -3.805 2.174
-0.550 2.321 2.139
2.052 1.380 2.125
2.470 1.371 2.128
1.489 4.153 2.176
0.933 -5.215 2.220
-0.014 -5.432 2.222
2.441 -5.909 2.205
4.905 1.229 1.788
-2.151 -5.488 1.528
-1.469 -2.785 0.164
12.147 1.312 0.864
-0.178 -6.204 2.229
5.722 -2.296 2.057
4.285 -0.062 1.739
5.390 -6.087 2.204
5.478 -5.455 2.055
4.435 1.209 0.933
0.284 -7.022 2.228
-1.676 -5.074 2.226
-1.786 -2.742 2.337
1.317 -6.589 2.200
2.029 -7.103 2.229
-1.219 1.831 0.559
3.251 1.378 0.087
3.718 -6.125 1.883
5.627 -4.149 1.739
-0.283 -5.268 2.223
2.928 1.301 2.130
4.214 1.291 2.136
1.489 4.487 2.177
-1.841 -5.851 2.244
-0.700 -6.118 2.221
0.035 -5.948 2.227
3.524 -5.046 2.213
1.128 -2.583 0.370
2.252 4.289 1.467
0.502 -6.004 2.225
1.978 -5.883 2.209
2.328 -5.651 2.198
2.443 -5.385 2.204
2.866 -5.237 2.207
-1.678 0.486 0.936
-1.619 1.860 1.308
-0.220 -5.409 2.222
0.669 -5.013 2.218
5.557 -4.653 1.360
4.265 -0.326 0.622
5.725 -1.395 2.210
5.817 -0.987 2.201
0.701 -6.513 2.204
-1.124 -6.801 2.229
5.675 -3.461 1.488
1.377 4.758 0.474
7.936 -1.392 2.235
-1.160 -5.235 2.221
0.635 3.315 2.178
0.518 3.421 2.180
3.984 -2.855 2.185
2.141 4.436 2.179
-0.907 -5.872 2.230
3.243 -6.073 2.219
5.702 -3.134 2.165
0.271 -5.909 2.220
3.701 -6.415 2.190
0.798 -6.105 2.223
5.359 -5.794 2.244
0.457 -10.286 2.193
2.984 -10.791 2.073
5.567 -4.619 1.623
5.599 -4.269 1.422
6.645 -2.260 1.111
5.946 1.186 0.518
4.731 1.236 0.189
6.079 0.986 1.805
6.266 -2.225 1.722
5.529 -5.082 1.833
2.251 4.288 1.520
-0.871 -6.051 2.227
1.151 -5.741 2.224
3.257 -4.613 2.206
3.792 -4.127 2.201
5.927 0.204 2.204
2.095 4.341 2.182
-1.817 -0.818 1.625
-1.627 0.661 2.009
-1.979 -3.425 1.658
1.292 -5.057 2.209
2.840 -4.384 2.203
3.182 -4.606 2.203
6.480 -0.984 2.213
5.500 -5.455 1.777
-1.124 -2.656 0.217
-1.619 0.820 0.561
-2.110 -5.041 1.753
4.290 0.273 1.771
-1.044 -2.513 0.052
6.418 -2.259 1.206
1.211 -3.112 2.177
-1.541 1.771 1.811
-2.130 -5.411 1.919
1.164 -6.237 2.198
0.578 -10.576 2.021
2.086 4.778 0.615
0.286 1.614 0.097
0.843 -2.680 0.189
-0.119 -5.807 2.223
1.497 -4.951 2.206
1.263 1.575 1.789
-0.764 3.140 2.178
1.546 -3.673 2.177
1.744 4.326 2.175
-1.143 -5.550 2.221
-1.097 -5.711 2.228
-1.405 -5.978 2.233
5.924 -1.319 2.209
5.462 -5.828 1.812
2.337 1.424 0.844
1.683 -5.931 2.209
-2.876 -1.296 2.158
3.929 -3.865 2.111
6.340 -1.899 2.213
1.597 -8.227 2.252
-1.423 3.016 0.615
-1.915 -2.892 0.322
0.004 -7.911 2.232
6.322 -1.286 2.209
-1.616 -1.141 2.261
5.404 -5.969 1.995
3.778 -5.581 2.093
5.577 -4.468 0.998
5.621 -3.976 1.339
4.147 -1.837 0.552
2.046 2.161 0.421
-0.859 -8.514 2.236
-2.165 -5.639 1.605
5.572 -4.612 2.032
6.199 -2.197 1.916
2.135 2.936 1.197
-2.049 -4.268 1.767
0.971 -5.375 2.217
3.368 -3.746 2.203
3.929 -2.674 2.178
4.126 -1.547 1.899
4.275 1.284 2.149
1.088 4.273 2.179
0.815 4.092 2.176
2.515 -0.902 2.123
-2.098 -4.819 2.009
0.230 -6.581 2.216
2.314 -6.115 2.191
2.696 -6.505 2.221
2.748 -5.925 2.206
3.924 -4.018 1.807
5.715 -2.658 2.165
3.294 -10.807 1.902
4.694 1.247 1.358
-0.176 -10.215 2.239
0.687 -10.608 2.162
-2.112 -4.828 1.223
5.377 -6.526 1.497
2.143 -9.274 2.248
0.154 -2.166 0.291
-1.772 -0.678 0.749
3.778 -4.572 2.208
-2.167 1.008 2.115
1.215 4.174 2.180
-2.035 -4.106 1.950
-2.107 -4.733 1.391
3.731 -6.039 1.616
12.144 1.365 2.015
4.377 0.508 0.566
-2.213 -6.095 2.289
-1.895 -7.073 2.234
-1.625 -7.629 2.230
3.096 -6.055 2.228
5.879 0.737 2.189
-0.548 -6.385 2.234
3.141 -5.843 2.229
2.029 1.868 1.689
-1.618 0.529 1.045
-2.026 -3.957 1.402
5.979 -0.192 1.685
0.406 4.919 0.959
12.184 1.543 1.715
-5.051 2.161 0.183
-1.709 -0.424 0.715
-2.042 -4.169 2.124
-0.878 -6.245 2.228
-0.399 -6.482 2.229
-0.034 -10.246 1.938
-0.960 -10.163 2.106
12.123 0.863 0.924
-2.101 -4.748 1.324
5.624 -4.019 1.641
-1.015 -5.412 2.223
2.105 -5.056 2.195
-1.749 -3.765 2.191
0.316 -3.818 2.175
0.717 -5.410 2.218
4.760 1.247 1.635
5.703 -1.267 2.205
-0.763 -5.438 2.221
-0.978 -5.717 2.223
-0.665 -5.610 2.222
2.661 -6.146 2.213
-0.598 -10.174 2.232
3.794 -5.248 1.317
6.554 -2.252 1.049
-1.372 -2.361 0.211
-2.207 -5.971 1.958
-0.061 -6.970 2.229
-0.531 -5.978 2.232
-1.729 -4.529 2.222
1.167 -5.492 2.219
5.638 -3.435 1.300
-1.263 1.716 0.304
4.861 1.204 0.730
1.113 -7.840 2.239
2.193 -6.723 2.206
5.898 0.624 2.194
4.074 -1.960 2.168
1.054 -2.807 2.176
1.918 -6.046 2.209
-0.147 -6.425 2.230
5.535 -4.722 2.232
5.685 -3.486 2.211
5.747 -2.251 1.012
5.391 -6.057 1.391
3.467 -8.896 1.974
5.557 -4.475 1.378
-0.989 -10.165 2.029
-0.335 -10.214 2.072
5.680 -3.161 1.084
5.694 -2.672 1.044
0.870 4.888 0.667
2.112 4.773 0.609
-1.168 -3.129 0.350
6.079 1.021 0.157
5.550 -4.828 1.015
5.978 -0.233 1.091
12.131 1.202 2.137
-0.123 -8.200 2.236
1.432 -8.994 2.246
3.723 -6.083 1.865
5.952 -0.575 1.847
5.979 -0.180 1.598
0.398 -5.258 2.221
3.599 -3.556 2.198
-1.929 -3.431 2.376
2.998 -0.237 2.123
3.194 1.001 2.124
-1.769 0.065 1.516
-0.256 3.362 2.176
1.782 -3.368 2.176
3.850 -2.187 2.171
1.785 4.388 2.166
1.890 4.341 2.174
1.196 -6.575 2.186
2.087 -5.250 2.197
-1.426 -6.027 2.237
5.560 -4.192 2.219
-0.091 -2.247 0.516
0.040 -10.246 2.119
3.455 -8.878 2.257
3.562 -7.761 2.046
-1.423 3.019 0.487
5.955 -0.582 2.097
-1.451 1.775 1.103
-1.765 -1.479 1.487
3.240 -5.315 2.218
6.110 -1.328 2.202
1.924 -7.762 2.243
2.910 -10.606 1.461
5.750 -2.310 0.568
1.186 4.744 0.407
12.072 0.398 1.854
-0.713 -6.852 2.238
0.272 -6.878 2.232
5.945 -2.112 2.214
-2.114 -5.008 2.368
-1.679 -0.569 2.151
0.407 4.705 1.814
-1.848 -7.083 2.237
-1.069 -3.072 0.305
-1.921 -2.936 0.492
2.380 -8.122 2.251
-0.266 -4.970 2.220
-0.011 -5.095 2.217
-2.100 -4.815 2.136
-1.478 2.805 1.312
-0.809 -6.239 2.218
-0.340 -6.359 2.220
-1.558 -6.298 2.220
4.379 0.788 0.668
-1.318 -1.748 0.138
3.469 -8.669 2.226
3.591 -7.469 2.005
3.660 -6.676 1.828
-1.917 -2.921 2.102
-0.015 -1.875 2.125
-0.898 -3.563 2.174
6.655 -0.969 2.217
6.019 0.386 1.817
5.489 -2.436 2.221
-1.677 0.568 0.663
3.803 -5.267 1.372
4.441 1.192 0.402
12.114 0.532 0.483
-2.216 -6.194 2.391
-1.307 -6.071 2.225
1.984 -4.862 2.202
-1.442 1.774 0.789
-2.025 -3.843 1.343
5.969 -0.131 1.431
3.539 -6.702 2.226
0.973 4.839 1.792
-1.234 -5.133 2.220
2.029 1.797 1.240
-2.093 -4.804 1.831
0.292 -6.227 2.225
4.734 1.244 1.281
5.968 -0.155 1.608
-1.349 -1.705 0.226
2.037 1.872 0.521
2.143 -4.906 2.194
-0.878 1.390 2.128
1.773 -1.004 2.125
2.051 4.127 2.168
1.445 4.520 2.173
-1.408 -5.808 2.232
6.643 -2.005 2.215
5.742 -1.314 2.204
2.024 1.931 0.912
-2.085 -4.832 2.021
-0.878 -5.804 2.225
3.466 -4.860 2.207
3.762 -4.623 2.208
3.637 -4.908 2.206
4.023 -2.542 1.892
6.100 -1.915 2.202
2.156 3.380 1.506
2.153 3.380 1.615
2.232 4.143 1.988
-2.059 -4.670 2.429
-1.014 1.733 1.765
1.501 -3.064 2.175
-2.068 -4.535 2.208
0.736 -5.668 2.226
-1.098 -8.012 2.234
3.777 -5.543 1.758
5.978 -0.041 0.543
-2.040 -4.012 0.596
-0.939 -6.620 2.228
-1.806 -6.379 2.227
5.481 -4.673 2.237
5.817 0.198 2.191
2.125 2.936 1.206
2.031 2.091 1.716
2.224 4.103 1.843
-2.026 -3.967 1.472
-1.806 -7.029 2.229
2.366 -7.610 2.244
2.639 -10.575 1.287
4.378 0.510 0.601
1.025 -10.625 1.452
2.561 -10.717 1.510
1.101 -4.744 2.203
0.308 -5.337 2.218
-1.929 -0.493 1.562
0.076 -2.069 2.124
-1.841 -3.860 2.306
-2.147 -5.477 2.082
5.283 -5.200 2.243
-0.827 -10.146 2.235
3.809 -5.176 1.112
1.450 -10.669 2.175
-1.654 -10.077 1.162
-1.234 -10.140 1.985
-1.712 0.424 1.511
-1.675 -0.527 2.112
-1.860 -3.387 2.367
0.781 4.373 2.182
5.726 -2.640 1.987
6.008 0.380 2.140
-2.026 -3.856 1.197
3.751 -5.832 1.868
3.806 -5.200 1.400
5.410 -5.937 1.902
5.973 -0.160 0.250
4.201 1.276 0.102
0.492 -2.835 0.640
5.431 -5.727 1.651
0.733 -6.361 2.230
1.570 -6.280 2.214
1.962 -6.190 2.207
3.109 -5.911 2.226
-1.626 0.040 1.721
-1.245 -1.472 2.125
-1.332 3.850 2.353
0.097 -4.663 2.208
3.332 -4.164 2.204
-1.448 2.412 1.036
-1.969 -7.142 2.232
2.451 -8.058 2.242
3.590 -7.727 2.202
5.678 -3.346 1.422
-1.425 3.037 0.579
4.319 -0.584 0.128
-1.429 1.654 2.321
-0.095 1.677 1.782
2.075 2.558 2.033
2.260 4.544 2.172
5.776 -2.162 1.916
2.020 1.936 0.779
-0.031 -10.245 2.018
1.221 -10.609 2.258
4.128 -1.777 0.568
6.200 -2.215 1.296
-1.373 -2.021 0.291
0.855 3.564 0.122
1.812 -1.073 0.178
12.189 1.678 0.851
6.043 -0.601 1.068
0.563 4.733 0.880
-1.974 -10.062 2.059
0.163 -10.253 2.221
5.587 -4.599 1.739
1.028 4.440 2.174
2.073 2.542 2.103
1.475 1.525 1.857
-1.677 0.892 1.867
0.852 4.487 2.175
6.592 -1.962 2.216
1.944 -5.386 2.195
5.811 -0.833 2.203
-0.364 -5.427 2.224
2.053 4.754 1.556
1.065 -10.646 2.089
3.732 -5.937 1.416
1.193 4.761 0.245
1.260 4.800 0.199
-0.107 -5.985 2.230
3.652 -4.928 2.214
4.050 -2.124 1.773
5.538 -1.554 2.216
-1.681 0.564 1.131
-2.372 -8.108 2.433
3.690 -6.596 2.224
0.889 -10.605 1.566
6.017 -0.953 2.213
2.201 -6.596 2.216
5.938 -0.585 1.884
-1.971 -3.361 1.319
3.791 -5.400 1.982
5.646 -3.837 1.616
0.338 1.625 0.348
5.972 -0.098 1.671
2.365 1.423 0.930
0.752 -5.199 2.223
0.698 4.423 2.170
-1.129 -5.801 2.235
-0.753 -5.871 2.233
0.560 -6.117 2.231
3.531 -4.697 2.207
6.899 -0.997 2.223
-2.552 -9.804 2.087
4.715 1.237 0.760
1.992 -5.717 2.205
0.269 -5.708 2.226
6.017 -1.418 2.211
5.646 -0.720 2.200
2.236 4.187 1.849
1.745 4.769 2.094
1.326 4.828 1.993
-0.355 -3.581 2.176
1.507 -3.558 2.176
2.792 -3.212 2.181
0.426 -8.243 2.241
-2.244 -6.530 1.832
2.056 -7.940 2.239
-1.649 -8.875 2.235
4.778 1.232 1.155
5.402 -6.385 1.669
12.144 1.429 1.965
1.271 -6.373 2.219
3.188 -5.787 2.212
1.377 -1.446 2.125
-1.476 2.447 1.743
1.325 4.826 1.972
-1.481 2.799 1.274
-1.355 3.551 0.099
-1.327 2.575 0.023
1.221 -1.076 0.207
6.100 1.120 0.233
0.858 -10.602 1.316
4.102 -2.109 0.656
12.043 1.411 2.334
5.995 1.134 1.800
1.617 -4.821 2.197
3.815 1.326 1.906
2.021 1.926 1.515
2.121 3.094 1.770
0.709 4.111 2.178
-1.639 1.070 1.189
-0.919 -2.014 2.125
-3.407 1.592 2.150
-0.236 3.541 2.181
-0.475 3.686 2.178
3.022 -5.292 2.217
5.467 -5.742 2.143
5.340 -4.422 2.254
5.668 -3.673 2.015
-0.894 -10.161 2.198
-0.526 -10.189 1.951
12.163 1.541 2.125
-1.414 2.831 0.491
-1.953 -10.066 1.991
2.286 4.568 1.600
-0.964 -5.547 2.218
2.117 4.573 2.188
1.603 4.172 2.179
-0.846 -3.643 2.174
0.054 -3.868 2.174
0.761 -3.824 2.174
-0.322 -2.199 2.124
-0.269 -1.882 2.125
-1.375 1.670 2.270
-0.906 1.736 1.765
0.211 1.671 1.265
1.355 4.446 2.173
-0.550 -5.772 2.223
5.971 0.004 2.076
12.174 1.536 1.762
0.410 -2.854 0.288
-1.569 -1.472 0.558
2.280 -5.822 2.211
2.656 -5.634 2.214
3.423 -5.259 2.220
-2.028 -4.011 2.330
-0.773 -1.768 2.125
0.368 4.047 2.179
0.061 -7.850 2.230
-0.238 -9.010 2.245
-2.064 -4.102 0.539
-1.771 -1.337 0.718
7.181 -1.170 2.226
2.292 4.651 1.606
2.266 4.516 1.792
-1.325 -1.569 0.856
-1.650 1.302 1.926
-0.158 -7.651 2.238
-1.708 -6.543 2.228
2.805 -7.097 2.229
5.392 -6.523 2.102
6.026 -2.185 1.835
-1.398 2.862 0.229
6.008 1.130 2.020
1.360 -5.888 2.209
-1.927 -2.913 1.424
-2.049 -4.262 1.625
3.078 -4.979 2.206
3.422 -4.700 2.204
-1.780 -4.829 2.228
-11.312 5.919 3.574
-1.324 -1.524 0.588
-2.207 -6.240 1.855
-2.166 -8.053 2.226
0.121 -8.521 2.246
5.637 -4.045 1.664
5.640 -2.824 1.170
3.700 1.317 0.433
5.967 -0.208 0.986
12.148 1.476 1.849
-0.539 -6.848 2.238
2.524 -6.384 2.218
6.073 0.926 1.889
-1.731 -3.846 2.214
0.425 3.979 2.168
-0.004 3.632 2.165
-1.327 3.802 2.203
3.976 -3.279 2.072
1.993 4.776 1.969
-2.297 -7.089 2.358
-0.956 -6.747 2.238
2.866 -7.377 2.223
5.637 -4.052 1.978
5.633 -3.838 1.272
-1.317 -1.491 0.203
-1.632 0.412 0.078
1.832 -2.786 0.147
0.330 1.678 0.194
1.506 -8.082 2.250
3.776 -5.510 1.803
6.883 -1.040 2.240
-0.855 -5.584 2.228
2.814 -4.118 2.202
-1.925 -2.944 1.929
-1.618 1.830 1.338
-4.015 -0.358 2.144
-1.542 -5.718 2.232
-2.093 -9.994 2.175
5.658 -3.387 0.908
1.657 -2.770 0.150
-0.482 -10.197 2.072
1.818 -9.437 2.245
-1.831 -0.872 0.798
-1.720 -0.949 0.828
1.622 -5.717 2.206
1.697 -5.300 2.200
-1.683 1.786 1.218
0.542 -1.938 2.125
-1.857 -0.552 1.547
-1.195 -5.554 2.225
0.663 -5.696 2.221
6.037 -0.813 2.196
-2.305 -6.945 1.857
5.679 -3.546 1.530
5.971 -0.119 1.099
0.267 -3.205 0.317
0.320 -6.437 2.231
2.758 -5.826 2.223
5.802 -1.152 2.191
2.263 4.500 1.751
0.641 4.720 2.033
-1.678 -1.184 2.320
-1.871 -0.634 1.691
2.131 3.073 2.006
-0.068 -7.252 2.226
0.218 -8.456 2.241
6.183 -1.752 2.206
1.510 2.376 2.134
0.524 3.631 2.190
1.033 -6.614 2.186
1.109 4.776 0.602
-1.934 -3.004 0.441
-1.978 -3.230 2.268
0.694 4.216 2.170
0.397 4.250 2.174
2.133 3.962 2.168
4.320 0.627 1.879
2.528 0.494 2.128
-1.034 -5.538 2.222
5.915 -1.193 2.210
2.240 4.002 1.422
-1.173 -10.140 2.194
3.750 -5.774 1.336
-2.287 -6.679 1.686
-1.966 -9.163 2.242
5.511 -5.189 1.597
-1.829 -10.058 2.253
4.722 1.233 1.014
0.768 -2.799 0.137
1.141 -1.014 0.157
-1.263 1.747 0.706
2.528 -5.642 2.203
3.296 -5.071 2.213
-2.016 -4.018 2.142
-1.379 3.375 2.310
1.495 1.550 0.518
-1.177 -3.042 0.305
6.265 -2.235 1.423
4.837 1.209 1.205
-2.019 -6.967 2.227
3.831 -4.997 2.023
3.438 -6.170 2.217
-1.198 -4.949 2.229
2.898 1.373 1.908
-1.676 0.985 0.529
5.477 -5.555 1.521
5.674 -3.315 1.254
6.007 1.103 0.219
2.053 2.294 0.427
5.451 -5.657 2.220
8.156 0.492 2.218
-1.650 -5.668 2.228
1.398 -4.941 2.207
0.693 4.270 2.173
2.000 -3.087 0.717
0.308 -10.277 2.072
3.516 -8.373 2.077
6.017 -2.198 1.521
-1.692 0.246 0.891
0.517 4.394 2.186
-1.180 -5.157 2.220
-1.157 -5.513 2.221
0.085 -5.151 2.222
0.437 -5.173 2.221
3.472 -5.424 2.214
5.985 -2.110 2.206
4.436 1.193 1.746
-1.750 -8.120 2.240
-0.643 -8.251 2.238
-0.090 -8.228 2.251
0.998 -8.185 2.238
1.542 -8.091 2.259
0.953 3.333 0.101
1.109 3.712 0.133
4.220 -0.309 0.456
12.172 1.628 0.809
1.981 1.613 0.341
0.552 4.913 0.671
0.995 -10.634 1.677
4.793 1.223 1.321
-2.152 -5.515 1.810
1.631 -6.421 2.217
4.103 -2.126 1.748
5.963 0.063 2.185
5.889 -1.533 2.217
5.813 -2.161 1.864
0.946 1.638 1.034
-0.140 1.700 1.124
2.556 -10.697 1.863
5.724 -2.348 0.467
1.829 -2.786 0.202
6.019 0.368 1.830
3.770 -5.660 1.702
1.614 4.312 2.173
-1.767 -0.178 1.548
1.350 -6.265 2.216
0.794 -2.907 0.125
-0.013 1.776 0.174
12.146 1.517 2.143
2.735 -5.528 2.215
6.326 -1.871 2.219
-1.624 0.275 0.599
-0.846 -2.090 2.124
-1.271 -2.044 2.125
-1.676 -0.609 2.267
-3.126 -0.797 2.149
-0.284 -5.414 2.222
-1.540 -7.445 2.226
5.427 -5.497 2.233
6.052 -2.189 1.590
0.383 -2.959 0.180
5.625 -3.892 0.562
-1.741 -6.661 2.244
-0.836 -6.829 2.237
1.358 -6.936 2.193
2.287 4.729 1.646
-1.911 -4.346 2.344
0.653 4.175 2.170
-3.236 -1.381 2.155
1.179 1.570 1.700
3.632 -7.028 2.104
-0.255 -7.027 2.230
3.705 -6.499 2.175
3.818 -5.012 2.173
-2.156 -5.314 1.931
1.254 -6.311 2.220
5.381 -6.472 2.143
3.687 1.327 0.933
4.049 -2.135 0.790
0.696 -2.673 0.186
6.089 -2.211 1.086
5.625 -3.939 1.725
1.820 -5.059 2.194
2.970 -4.206 2.202
4.025 -2.565 2.179
1.414 -1.509 2.128
3.113 -3.049 2.170
-2.028 -3.692 0.977
0.118 1.653 0.146
5.642 -3.836 0.367
3.589 -4.337 2.199
2.550 1.222 2.125
0.764 -4.994 2.217
0.470 -5.788 2.224
6.214 -1.202 2.212
-1.778 -0.823 0.397
-1.443 -2.606 0.183
-2.139 -5.134 1.545
-0.405 -6.427 2.232
-1.857 -6.588 2.236
1.990 4.784 2.172
2.753 -3.086 2.180
-0.790 -7.291 2.215
-1.517 -7.600 2.235
0.996 -8.000 2.230
5.629 -4.071 2.063
-2.040 1.823 2.110
-2.246 1.867 2.126
-1.744 -0.034 1.551
0.990 4.771 1.987
-1.217 -10.131 2.033
5.560 -4.717 1.116
0.592 -5.507 2.221
2.972 -4.575 2.202
2.030 2.235 1.813
6.175 -2.205 1.952
-2.087 -5.706 2.449
1.391 4.809 0.901
1.124 -10.638 1.861
5.652 -2.432 1.312
12.090 0.714 2.101
4.415 1.202 0.828
3.521 -5.212 2.214
3.882 -4.403 2.088
1.236 -6.037 2.214
3.919 -3.858 1.973
-1.425 2.988 1.427
-1.019 -4.905 2.220
2.910 -5.038 2.204
3.855 -3.995 2.199
6.021 -1.994 2.219
2.272 4.553 1.841
5.721 -2.391 0.523
4.112 1.271 0.895
-0.742 -5.108 2.219
-0.842 3.738 2.181
-2.073 1.830 2.142
1.603 -4.631 2.196
-0.280 -6.723 2.223
0.913 -6.368 2.221
1.707 -6.136 2.211
3.249 -5.545 2.212
0.659 -10.608 2.126
5.619 -4.157 1.011
4.334 0.234 0.684
-0.990 -2.823 0.086
5.743 -2.287 0.930
5.794 1.150 1.877
3.610 -3.402 2.198
-0.950 -5.699 2.228
2.832 -6.303 2.224
3.941 -3.743 1.801
6.236 -2.202 2.060
5.973 -1.145 2.198
-2.263 -6.421 1.634
1.263 -10.648 1.943
0.222 -3.243 0.305
-0.818 -6.768 2.237
3.510 -4.723 2.206
3.795 -4.463 2.217
0.962 -5.825 2.219
2.175 -7.735 2.242
5.713 -2.520 0.503
12.155 1.176 1.067
5.539 -2.346 2.210
2.828 -1.004 2.124
-0.690 1.718 1.771
0.529 -6.796 2.219
6.487 -2.241 1.830
7.422 -1.912 2.249
0.452 -2.899 0.561
3.778 -5.502 1.272
-1.144 -3.014 0.303
1.282 -10.657 1.444
5.747 1.163 2.024
0.066 -5.401 2.220
3.791 -2.326 2.167
-2.081 -4.640 1.830
-2.182 -5.724 2.211
-2.193 -5.965 2.255
3.138 -6.312 2.216
5.370 -6.144 2.235
-1.153 -10.133 2.106
-0.700 1.816 0.044
-1.256 -6.347 2.232
2.384 -5.044 2.199
0.967 4.676 2.184
2.839 0.080 2.123
1.011 -2.023 2.125
-1.484 -0.815 2.171
-1.070 2.972 2.179
0.256 -5.545 2.225
0.096 -6.029 2.226
2.025 -5.212 2.192
3.035 -4.348 2.199
5.638 -4.057 2.188
6.070 0.928 2.092
3.721 -6.034 1.275
1.673 -6.096 2.208
0.384 -6.402 2.227
6.272 -2.199 2.194
6.131 -0.936 2.204
1.734 1.928 2.131
-0.937 -4.679 2.217
2.516 -10.743 1.716
0.418 -7.942 2.254
-1.756 -0.141 1.533
2.913 -4.089 2.204
3.776 -2.378 2.178
3.658 -6.829 2.146
5.721 -2.359 1.229
6.321 -2.227 1.143
-0.588 -3.158 0.377
-1.335 3.463 0.145
12.145 1.149 0.881
1.479 -1.168 2.126
5.879 -1.114 2.194
-1.992 -3.536 1.021
1.238 -9.089 2.240
-0.150 -10.226 2.018
-1.375 3.437 0.569
12.166 1.661 2.312
-1.268 -6.807 2.238
1.170 -5.913 2.215
6.283 -0.795 2.210
5.866 -0.555 2.202
-0.891 3.361 2.170
-1.345 -4.981 2.222
-2.030 -4.073 1.978
6.234 -2.124 2.215
5.585 -1.016 2.224
-1.020 -7.712 2.236
12.188 1.860 2.099
-1.275 -2.872 0.308
5.776 0.357 2.187
3.686 -5.978 2.223
-2.589 0.341 2.127
-1.772 -1.393 2.164
0.093 -6.749 2.227
3.754 -5.828 2.107
6.218 -2.205 1.639
-2.065 -4.515 1.507
0.486 -8.628 2.257
6.187 -2.202 1.853
-1.083 -4.995 2.225
-0.692 -5.559 2.229
0.033 -5.511 2.228
1.331 -1.358 2.126
1.346 -1.525 2.126
2.661 0.479 2.126
1.755 -3.527 2.177
0.963 4.841 2.117
3.390 -4.908 2.211
0.853 -6.516 2.198
-1.280 -6.443 2.238
-0.456 -10.204 2.165
0.236 -10.270 2.166
0.751 -9.962 2.241
1.178 -10.654 1.982
6.578 -2.260 1.241
-0.951 -10.149 1.991
0.258 -9.165 2.241
0.574 4.592 2.181
5.678 -1.831 2.191
3.937 -3.790 1.819
5.579 -4.292 1.207
0.905 -6.398 2.222
6.231 -1.330 2.215
2.987 1.378 1.936
-0.366 3.570 2.178
1.166 -3.172 2.177
0.545 -6.972 2.199
0.957 -8.055 2.241
4.158 -1.312 0.380
3.127 1.376 0.467
0.721 3.325 0.082
5.736 1.143 2.102
-2.026 -4.122 2.162
-2.096 -5.736 2.447
-1.895 -2.856 2.317
1.787 -0.755 2.127
4.078 -1.837 2.177
0.374 -6.816 2.212
2.824 -6.014 2.215
3.883 -4.361 2.089
5.406 -6.260 2.217
5.439 -4.287 2.231
6.456 -1.705 2.236
4.101 -2.019 0.623
-2.123 -5.220 2.371
-1.650 -4.939 2.218
-0.473 -5.522 2.222
2.954 1.021 2.129
0.623 4.788 2.193
6.625 -1.727 2.229
2.367 -6.111 2.209
2.489 -4.810 2.197
-0.574 -8.857 2.227
1.957 4.796 0.855
12.176 1.350 1.193
2.277 -5.851 2.199
6.310 -1.714 2.213
12.188 1.906 2.201
-2.008 -3.472 0.660
12.071 0.719 2.277
-1.391 -4.904 2.226
0.315 3.966 2.172
-1.720 0.477 1.604
-11.180 6.957 3.271
2.185 4.749 0.536
12.111 0.963 2.244
1.126 -8.677 2.239
0.357 4.135 2.172
0.544 -6.705 2.218
0.776 -2.820 0.166
5.939 -0.479 0.482
-1.205 -5.804 2.230
3.663 -4.526 2.204
-1.775 -1.033 2.292
-3.278 -0.392 2.141
1.217 4.087 2.176
2.688 -7.705 2.226
12.122 1.087 0.751
5.469 -5.610 0.491
-0.959 -10.116 1.552
3.062 -5.956 2.219
3.350 -5.765 2.216
-0.376 3.671 2.170
0.398 3.561 2.173
-1.429 3.029 1.309
2.333 -6.509 2.219
0.802 -10.613 1.966
5.473 -5.493 1.105
5.640 -3.687 0.932
0.177 -7.494 2.241
5.675 -3.288 1.809
-1.774 -0.616 0.798
4.083 -1.779 2.178
1.859 -6.772 2.211
2.336 -6.675 2.206
3.539 -5.053 2.212
5.333 -6.860 2.189
-1.137 -6.132 2.222
1.334 -5.578 2.210
-1.666 -3.362 2.168
-0.965 -2.016 2.122
-1.581 1.145 2.232
-0.984 -3.601 2.170
1.529 4.351 2.178
-1.575 -5.220 2.215
-1.489 -5.320 2.220
1.643 -5.751 2.210
3.363 -5.840 2.219
6.831 -0.754 2.225
5.799 -0.670 2.210
6.393 -2.076 2.225
-2.070 -4.394 1.243
1.839 -8.591 2.245
0.766 -2.848 0.347
-1.773 -7.066 2.235
2.807 -5.521 2.208
-1.966 -4.204 2.413
-1.679 0.492 1.332
1.564 -3.285 2.176
2.207 -5.307 2.195
5.474 -5.579 2.073
5.560 -4.688 2.093
1.874 1.587 0.600
3.138 1.375 0.053
5.982 -2.197 1.258
3.779 -5.553 2.140
1.943 3.088 2.152
2.996 -0.745 2.125
1.775 -8.681 2.247
-1.544 -4.730 2.216
0.968 -5.663 2.225
-2.064 -4.378 1.174
-2.538 -9.798 2.372
-1.379 3.449 0.206
-1.377 2.820 0.216
5.981 -0.045 0.462
2.659 1.401 0.323
-0.713 -6.638 2.225
-2.181 -5.828 2.161
-2.141 -5.460 2.317
2.271 -5.379 2.199
-1.037 3.190 2.171
-4.852 -1.766 2.195
3.468 -4.683 2.207
6.473 -1.807 2.209
-1.758 -0.425 0.845
-1.975 -3.395 2.028
0.029 -8.224 2.238
1.439 -6.593 2.185
-1.399 3.207 0.691
2.165 3.337 1.169
-3.200 1.242 2.148
2.890 -3.083 2.175
0.710 -6.254 2.227
-0.966 -6.076 2.226
3.223 -6.191 2.203
3.920 -3.825 2.009
5.746 -2.389 0.295
3.761 -5.535 1.675
2.099 -5.290 2.196
0.839 4.293 2.174
5.958 -1.453 2.212
3.136 -10.841 2.157
-1.379 -1.930 0.147
5.712 -2.472 0.573
5.506 -5.355 1.659
-2.137 -5.266 1.949
-1.036 -6.021 2.230
6.586 -1.178 2.224
2.191 4.574 2.184
-2.758 0.249 2.136
0.775 -3.643 2.175
-2.028 -4.124 2.084
-2.076 -4.933 2.435
0.472 1.625 0.461
-2.206 -5.781 1.621
-1.305 -7.222 2.227
-1.480 2.431 1.704
2.275 -1.623 2.124
5.976 -0.243 1.790
2.676 -10.704 1.979
6.063 1.095 0.548
1.831 -2.378 2.118
-0.351 -6.088 2.219
3.378 -5.049 2.206
2.257 -5.512 2.202
6.031 -1.025 2.207
-2.083 -4.487 1.179
-2.197 -5.708 1.456
6.074 1.099 0.446
3.041 1.378 0.296
2.635 -5.342 2.202
3.023 -5.144 2.211
-1.621 0.530 1.239
-3.002 0.193 2.118
-2.649 -0.127 2.125
-0.173 -3.604 2.179
0.092 -5.393 2.224
2.337 -5.084 2.197
3.132 -5.314 2.219
-2.053 -4.254 0.733
-0.172 -7.759 2.233
2.778 -6.174 2.218
5.711 0.444 2.211
3.219 -2.934 2.175
-1.518 -1.471 1.347
-1.168 -6.656 2.239
1.246 -8.226 2.254
-0.304 -6.754 2.230
0.143 -6.713 2.220
3.718 -6.138 2.008
3.783 -5.401 1.278
5.715 -2.658 0.591
5.471 -5.408 1.033
3.822 -5.151 1.771
-1.424 2.606 2.154
1.530 -3.614 2.179
2.221 4.474 2.185
-2.027 -3.987 1.640
-1.805 1.830 0.869
4.145 -1.593 0.653
-2.145 -9.874 1.899
5.998 -0.012 1.291
-1.517 -5.538 2.229
-0.579 -5.395 2.217
2.280 4.752 2.104
1.590 4.205 2.182
-1.051 -5.521 2.219
-2.008 -9.304 2.234
2.461 -8.240 2.238
5.541 -4.742 1.261
12.131 1.197 1.777
-0.024 1.775 0.425
0.974 -2.548 0.092
5.620 -4.114 1.570
3.654 -5.118 2.210
1.566 1.577 0.566
-1.454 -10.100 1.288
12.167 1.515 1.953
-2.157 -5.561 1.808
5.890 0.906 2.192
-2.119 -4.999 1.850
1.501 -8.379 2.245
1.282 -5.410 2.215
-1.530 -5.592 2.230
1.903 -5.615 2.197
2.093 -6.427 2.215
-0.734 -6.000 2.220
3.614 -6.121 2.207
-2.118 -5.005 2.078
0.987 -5.562 2.216
2.239 4.150 1.423
0.756 -2.842 0.104
4.218 -0.956 0.540
3.621 -4.615 2.208
-1.932 -2.916 1.978
-2.872 1.554 2.158
-1.255 1.776 1.725
0.664 -5.634 2.224
1.916 -5.550 2.196
3.790 -4.359 2.208
5.605 -0.893 2.211
4.906 1.215 0.512
-2.114 -4.660 0.678
-1.563 -10.094 1.422
-1.297 -7.023 2.234
5.475 -4.397 2.220
3.051 0.107 2.124
-2.158 1.360 2.138
3.941 -2.028 2.180
-1.926 -6.584 2.236
5.624 -4.064 1.653
5.563 -4.663 1.743
5.691 -3.106 1.225
-0.875 -5.357 2.216
0.554 4.104 2.172
-2.642 -0.260 2.112
-2.195 -5.939 2.344
5.720 -2.270 2.055
-1.973 -3.274 0.884
-0.974 -10.156 2.148
-1.639 -10.094 1.124
-1.630 1.133 1.704
-0.582 -5.562 2.219
1.087 -5.989 2.209
-11.238 6.317 3.454
0.629 -2.910 0.680
6.675 -2.269 1.345
0.881 4.850 0.316
0.716 4.882 0.633
0.841 1.553 0.542
-1.199 -6.568 2.229
3.496 -5.569 2.207
-1.376 -1.968 1.102
5.725 -2.483 0.436
0.626 -7.977 2.244
5.692 -2.633 2.090
-1.801 -4.851 2.221
-1.769 -0.116 1.553
0.404 -6.547 2.220
-1.759 -10.091 2.148
-0.535 -2.572 0.338
1.392 -5.512 2.198
1.523 -5.168 2.200
-1.778 -1.223 1.805
1.735 -5.854 2.209
2.589 -4.761 2.197
-2.029 -3.788 1.105
-1.929 -4.815 2.346
6.212 -1.877 2.217
6.430 -1.001 2.207
5.674 1.154 2.096
3.682 1.331 1.339
5.491 -5.420 1.529
0.706 -7.481 2.231
3.580 1.324 0.958
4.281 -0.570 0.312
-1.732 -2.839 0.042
3.302 1.365 0.072
-1.337 -2.724 0.278
-1.388 2.120 0.310
-1.287 -10.096 1.529
5.609 -3.599 2.228
-1.375 3.348 2.059
-2.612 0.461 2.137
-2.797 -0.931 2.148
1.756 -4.687 2.195
0.820 -6.721 2.192
2.633 -5.861 2.213
5.467 -3.966 2.219
5.379 -6.142 1.412
-1.634 -2.746 0.081
3.495 -8.119 2.238
3.696 -6.476 1.987
5.515 -5.257 2.154
-1.698 -4.977 2.227
5.728 -2.332 1.688
0.325 -5.216 2.220
0.813 4.512 2.180
-0.494 -2.138 2.125
2.852 1.093 2.126
6.759 -1.097 2.223
-2.039 -3.861 1.060
5.478 -5.453 1.529
12.128 1.135 1.826
0.182 -5.578 2.221
5.514 -5.160 1.979
5.575 -4.549 1.892
-2.205 -5.968 1.790
-2.228 -7.098 2.454
-1.850 -6.953 2.237
-0.247 -6.619 2.226
3.116 -5.725 2.221
3.973 -3.262 1.796
-1.476 2.562 1.607
-3.679 1.465 2.150
1.719 -6.891 2.233
5.775 -2.170 1.677
-1.561 -10.105 2.027
12.194 1.488 0.836
0.394 -2.861 0.402
5.505 -5.135 1.002
5.467 -5.872 2.069
-0.379 -5.799 2.219
-1.412 -5.334 2.222
5.377 -6.545 1.695
4.272 -0.069 0.520
-1.586 1.772 0.211
-1.551 -6.270 2.244
-0.874 -6.676 2.241
3.234 -5.350 2.216
5.493 -2.043 2.217
5.591 -1.672 2.203
-1.376 3.498 1.178
5.725 -2.369 0.601
4.147 -1.305 0.582
0.311 -2.907 0.185
4.270 1.275 0.154
3.762 -5.761 2.090
1.665 -7.098 2.233
2.574 -7.230 2.226
3.425 -2.705 2.171
-1.538 1.774 1.410
0.851 1.573 1.815
3.146 -4.158 2.203
1.784 4.772 2.065
5.717 -3.000 2.113
5.972 -0.215 1.526
1.104 -10.635 1.427
0.454 -8.075 2.241
1.986 1.752 1.869
2.224 4.218 2.162
7.207 -1.673 2.235
6.005 1.143 1.852
3.403 -8.884 2.259
5.563 -4.549 1.625
2.156 4.797 0.782
3.538 -4.494 2.198
-1.209 2.828 2.224
-3.053 0.312 2.125
2.119 3.083 1.974
-1.321 -4.942 2.217
3.667 -6.743 2.084
5.505 -5.289 1.399
5.679 -3.298 1.342
5.680 -2.780 1.289
4.085 -1.120 0.271
1.126 1.546 0.199
0.801 -10.619 1.709
5.467 -3.640 2.212
5.651 -3.302 2.218
1.148 -5.184 2.214
0.297 -4.942 2.214
2.019 -4.722 2.198
-0.163 -7.060 2.230
5.479 -5.614 1.972
-1.830 1.823 -0.076
-3.235 0.680 -0.177
-0.338 0.906 0.123
-0.571 -2.918 0.255
-2.067 -4.543 2.367
-3.826 -1.381 2.168
-1.198 1.747 0.678
5.521 -5.212 1.894
-0.669 -5.656 2.221
2.800 -4.817 2.203
-1.054 -5.595 2.224
-1.568 1.645 1.927
1.338 -0.976 2.126
-1.616 -0.078 1.582
0.417 4.809 2.192
-2.108 -4.822 1.356
12.169 1.511 0.889
-1.708 -5.843 2.233
-1.031 -7.218 2.231
1.856 -5.904 2.206
3.317 -5.328 2.213
1.398 -6.342 2.217
-1.484 2.438 1.788
3.032 0.375 2.125
-1.677 0.571 1.191
-0.454 -5.023 2.224
-11.282 6.036 3.906
-0.956 -8.588 2.244
0.770 -10.605 1.469
-2.339 -7.668 2.421
-0.104 -7.050 2.232
6.172 -1.831 2.196
7.255 -0.772 2.232
0.501 4.877 1.613
-1.380 3.381 2.048
1.825 2.119 2.149
-2.659 0.608 2.139
3.401 -5.340 2.211
-1.368 3.495 0.732
2.041 -8.339 2.254
8.497 0.980 2.229
3.665 -3.524 2.201
1.634 4.126 2.177
-1.711 -0.876 0.486
5.387 -6.376 1.987
4.348 0.742 0.658
2.746 -5.249 2.209
6.223 -0.996 2.204
3.953 -3.490 1.799
3.332 -10.246 2.185
4.763 1.217 0.857
4.413 1.205 0.891
1.168 -6.512 2.193
-1.351 3.337 1.511
-2.224 -6.171 2.106
0.709 -7.732 2.243
0.982 -10.617 1.425
12.123 1.333 2.298
5.607 -3.942 0.945
12.191 1.940 2.047
2.504 -7.452 2.229
2.461 -7.865 2.233
0.662 -1.725 2.125
-2.153 -5.366 2.117
1.519 -6.501 2.211
-2.091 -4.614 1.162
5.392 -6.458 1.423
-2.136 -5.252 2.329
-0.969 -5.345 2.224
-11.273 6.052 3.346
1.689 4.807 0.864
-11.225 6.709 3.518
-2.102 -4.784 1.536
5.034 1.223 1.842
-3.038 -0.750 2.151
-1.794 -2.996 2.317
5.172 1.213 1.846
3.052 1.376 1.297
2.123 -7.552 2.237
2.208 -6.826 2.215
6.718 -2.274 1.249
5.389 -4.850 2.227
5.682 -3.538 1.882
-1.686 1.624 2.013
3.781 -5.440 1.796
4.810 1.230 1.469
-1.736 0.020 0.175
2.262 4.528 1.546
0.471 4.277 2.177
-1.786 -5.389 2.227
-0.242 -5.814 2.224
1.426 -5.419 2.205
2.410 -5.447 2.197
5.974 -0.056 1.987
3.261 -10.827 2.196
5.558 -4.532 1.094
0.495 1.619 0.199
5.960 -0.233 0.429
3.956 1.304 0.372
-0.870 -5.765 2.223
3.088 -5.089 2.210
2.525 -1.438 2.124
1.038 -2.421 2.126
0.104 -5.045 2.223
6.520 -1.826 2.224
-2.208 -6.169 1.854
-1.069 -2.590 0.179
3.282 -10.816 1.868
1.666 -6.776 2.218
2.043 -6.903 2.230
1.733 -6.428 2.211
-1.759 -0.827 0.715
-0.586 -6.924 2.226
-1.644 -0.152 0.801
-2.046 -4.627 2.370
2.071 2.530 1.916
-1.376 3.368 2.163
-1.331 3.794 2.366
2.953 -0.462 2.120
0.423 3.933 2.177
5.593 -4.453 1.636
5.974 -0.099 1.579
1.239 -10.647 2.036
2.744 -10.763 2.109
2.677 -10.607 1.542
0.908 -8.687 2.258
0.997 -5.262 2.224
2.986 1.377 1.665
-1.628 0.631 1.968
1.506 -5.701 2.204
-0.013 -10.247 2.158
5.735 -2.404 0.576
-11.350 5.192 3.499
-0.793 -5.471 2.218
0.986 -5.479 2.215
5.847 -0.974 2.204
-1.582 -5.106 2.225
0.404 -6.008 2.220
3.513 -5.522 2.222
3.404 -5.015 2.209
5.615 -3.911 1.208
12.151 1.701 2.311
2.587 -1.440 2.124
2.712 -1.265 2.124
-0.480 -2.219 2.125
2.690 -4.462 2.198
0.822 -6.892 2.201
3.557 -7.748 2.233
5.581 -4.506 1.605
-4.098 2.047 0.177
3.670 -6.813 2.179
5.476 1.206 1.845
-1.634 -5.323 2.220
0.988 4.153 2.167
3.648 -2.429 2.176
3.820 -2.820 2.184
0.909 4.832 2.115
-1.377 -10.105 2.027
0.034 -8.411 2.240
-1.439 -5.588 2.224
-1.079 -5.065 2.222
1.592 4.263 2.176
1.357 4.618 2.182
-0.167 1.678 1.883
-1.303 3.150 2.385
-0.309 -5.550 2.221
2.805 -5.198 2.206
5.950 -0.805 2.200
5.668 -3.415 1.582
-11.312 5.755 3.600
1.003 -6.229 2.206
1.753 -6.148 2.210
2.526 -5.721 2.208
2.354 -1.362 2.123
0.469 4.236 2.166
6.099 -0.770 2.200
0.947 -7.683 2.233
5.395 -6.187 1.866
-2.040 -3.882 0.689
4.116 -1.112 0.217
-2.057 -4.131 0.627
-1.977 -6.828 2.236
2.691 -6.403 2.218
1.529 -1.666 2.125
1.786 -7.514 2.235
3.703 -6.534 2.111
5.477 -5.157 2.228
4.676 1.237 1.312
3.568 -7.701 2.190
3.769 -5.765 1.895
0.500 -4.932 2.217
-1.054 -5.964 2.227
0.398 -5.866 2.221
2.950 -6.110 2.220
5.853 1.145 1.939
-0.964 -5.793 2.229
-1.376 -3.474 2.171
3.017 -5.554 2.218
0.524 4.860 1.570
-1.564 1.072 -0.032
5.400 -6.443 1.667
-1.238 -10.112 1.512
3.824 -5.066 2.080
5.583 -3.681 2.221
5.728 -0.898 2.206
5.611 1.157 2.086
2.733 -1.242 2.124
2.019 1.939 1.691
-2.117 -5.096 1.767
1.005 -7.045 2.198
-0.116 -6.918 2.235
2.937 -6.846 2.218
2.952 -6.193 2.223
3.683 -6.679 2.058
4.611 1.200 0.529
2.641 1.441 0.068
-1.927 -3.096 0.368
4.779 1.234 0.184
3.777 -5.518 1.896
-1.768 -2.956 2.295
-1.690 -1.478 1.660
-2.646 0.633 2.140
-1.179 -6.011 2.230
-0.712 -10.176 2.079
0.769 -10.620 2.132
-2.230 -6.030 1.406
5.513 -5.331 0.332
-1.427 2.985 0.195
4.174 -1.440 0.643
-1.885 -10.066 2.035
2.914 -4.599 2.202
-1.760 1.764 1.830
0.994 4.359 2.167
-2.172 -5.900 2.436
0.693 -5.897 2.222
3.770 -4.509 2.209
4.228 -1.051 0.621
6.278 -1.861 2.216
2.258 4.457 1.959
2.834 -0.122 2.124
2.894 -5.148 2.209
3.300 -4.998 2.203
6.320 -1.668 2.207
-1.441 -8.194 2.231
3.584 -7.545 2.024
4.233 -1.118 0.681
3.718 -6.145 2.178
1.258 -7.771 2.232
-2.113 -5.380 2.436
-1.517 1.661 2.207
3.615 -7.251 2.127
1.701 4.392 2.184
1.175 -5.554 2.216
3.027 1.379 1.002
3.763 -5.737 1.666
-0.850 -2.614 0.177
0.401 -2.718 0.326
3.305 1.356 0.323
-0.465 -5.776 2.228
2.214 -5.436 2.194
1.631 4.511 2.177
-1.735 -0.150 0.887
2.191 -3.346 2.171
4.275 0.087 2.135
0.469 -5.686 2.223
-0.561 -4.989 2.214
6.031 -2.186 2.079
6.018 -1.659 2.209
0.859 -9.077 2.247
5.550 -4.955 2.064
5.689 -2.358 0.917
5.990 0.020 0.640
1.121 1.622 0.237
0.405 -2.824 0.232
0.939 -10.619 1.634
1.139 -10.652 1.789
5.966 -2.206 1.195
-2.248 -6.549 1.889
-0.742 -7.312 2.226
-0.422 -7.749 2.226
0.140 -7.669 2.228
1.219 -6.595 2.190
2.878 -6.190 2.209
2.579 -6.202 2.206
3.352 -5.886 2.217
6.440 -1.995 2.218
4.108 -2.128 1.694
5.616 -2.456 2.216
-1.928 -2.912 1.500
2.191 -6.476 2.208
2.892 -10.651 1.674
-2.134 -5.374 1.751
-1.445 -1.449 0.631
-1.170 -7.887 2.230
-1.972 -3.327 1.123
3.781 -5.525 1.915
3.472 -7.459 2.231
0.952 1.629 0.968
3.664 -4.791 2.201
5.483 -5.590 2.160
0.119 -2.234 0.140
5.671 -3.359 1.797
-1.527 1.759 2.206
-1.626 0.608 2.149
-2.081 -5.607 2.433
-1.561 -5.564 2.233
0.889 -6.137 2.220
0.963 -5.516 2.227
1.015 3.662 0.129
12.162 1.601 2.120
-2.124 -5.027 1.653
3.396 -5.324 2.217
-0.534 1.825 0.900
2.275 -3.425 2.172
2.872 -4.595 2.195
0.017 -7.433 2.231
-1.917 -2.924 0.261
0.055 -7.101 2.227
2.333 -7.532 2.230
-2.050 -4.464 2.020
3.401 -2.855 2.173
-2.250 -6.583 2.420
3.777 -5.391 1.202
6.065 -2.192 1.123
1.822 -8.382 2.247
2.191 -4.794 2.203
2.768 -4.484 2.204
1.591 -4.977 2.196
-2.687 -0.392 2.137
2.317 -3.273 2.176
0.312 -10.282 2.137
1.147 -9.163 2.246
1.825 -6.041 2.195
6.370 -0.887 2.221
-3.191 0.604 2.133
2.021 2.054 1.608
0.067 -5.533 2.226
0.862 -5.661 2.233
1.653 -5.538 2.199
3.156 -10.850 1.561
1.086 4.808 0.390
0.872 3.851 0.132
-1.608 1.766 0.031
3.714 1.320 0.424
2.351 1.425 0.378
-2.145 -5.295 1.885
1.766 -6.995 2.228
2.372 1.418 1.125
-1.774 -6.486 2.235
2.094 -6.231 2.209
8.201 -2.419 2.141
3.513 -8.559 1.782
1.963 1.600 0.330
12.201 1.546 0.322
1.221 4.818 1.660
-1.189 -5.642 2.234
2.659 -4.260 2.200
-1.443 -2.213 2.052
-1.355 1.072 2.174
-1.976 -3.493 2.218
6.052 -2.203 1.882
4.318 0.185 0.689
1.535 4.825 1.562
5.439 1.192 2.033
2.263 4.354 2.091
-0.592 -3.620 2.178
-0.099 -5.503 2.222
1.403 -6.118 2.211
6.309 -2.232 1.447
-1.997 -3.421 0.558
2.642 -10.715 1.956
5.525 -4.903 1.585
-1.684 0.895 0.585
-1.613 0.337 0.515
0.402 -6.463 2.226
-1.657 -1.385 2.299
0.765 -5.026 2.217
2.279 4.577 1.886
2.430 -9.069 2.246
-0.547 -2.480 0.106
0.547 -7.144 2.205
1.439 -7.748 2.237
1.070 -7.110 2.192
1.966 -7.564 2.236
3.666 -2.652 2.173
3.650 -2.374 2.179
3.778 -2.380 2.171
4.083 -1.322 2.181
6.717 -1.343 2.220
-1.383 2.685 0.353
-0.731 -2.521 0.335
-2.156 -5.741 2.425
-1.214 2.998 2.260
-3.190 1.353 2.151
0.350 -10.283 2.185
3.606 -7.262 2.008
5.154 -8.975 2.014
5.339 -6.906 2.131
-11.249 6.472 3.637
1.933 -5.615 2.193
2.252 -5.532 2.195
2.584 -5.511 2.206
2.927 -5.238 2.205
2.562 -1.584 2.122
0.642 -3.720 2.175
0.403 -3.683 2.175
-2.100 -4.814 2.335
3.247 -4.544 2.202
6.458 -1.223 2.211
-0.934 -7.904 2.236
3.347 -6.813 2.214
-2.059 -3.989 0.728
4.201 -0.922 0.568
12.214 1.640 0.473
-1.585 -2.392 0.071
5.628 -3.889 0.513
5.702 -2.425 0.501
-0.334 -3.129 0.525
-1.923 -3.031 1.041
-0.032 -7.181 2.235
5.687 -3.624 2.109
1.891 4.775 1.630
-3.394 0.190 2.143
-0.718 2.638 2.154
3.634 -5.427 2.218
5.464 -5.734 2.087
-0.816 -5.713 2.217
0.248 -5.074 2.217
2.659 -4.348 2.194
2.844 1.263 2.133
5.469 -5.738 1.608
5.672 -3.239 1.716
1.360 -5.929 2.210
0.282 -5.797 2.221
0.926 -6.083 2.217
-0.510 -3.572 2.178
-0.352 -3.538 2.176
4.250 1.282 1.618
-1.593 0.708 0.527
0.386 -9.602 2.239
1.466 -8.943 2.256
3.773 -5.553 1.817
5.475 -5.584 1.423
-0.468 -6.556 2.234
0.274 -7.213 2.225
3.884 -4.295 2.025
3.755 -5.608 1.729
3.689 1.329 0.492
0.879 -8.753 2.266
0.439 -4.889 2.207
2.082 2.412 1.691
0.926 4.045 2.177
0.921 -2.322 2.123
2.269 4.610 2.167
1.543 4.298 2.176
0.154 1.829 0.978
6.120 -1.587 2.217
-2.137 -5.027 1.421
12.108 0.871 1.769
12.194 1.802 2.069
-1.352 -1.762 0.337
5.727 -2.558 0.453
0.832 3.331 -0.050
0.982 -2.580 0.305
12.224 1.584 0.538
-1.028 -10.120 1.659
-1.727 -6.184 2.231
2.340 -5.819 2.206
4.019 -2.715 1.812
5.595 -3.427 2.223
6.146 -2.177 2.185
5.959 -1.833 2.205
0.630 4.861 2.113
2.404 -1.333 2.122
2.681 -1.405 2.123
0.136 -5.391 2.222
1.257 4.823 1.794
0.311 -8.417 2.254
-1.413 -7.581 2.238
3.759 -5.588 1.993
-1.719 -1.094 0.389
5.456 -5.716 1.096
-1.556 1.764 0.290
-1.204 -3.211 0.525
5.832 -2.164 1.955
-1.729 1.731 1.126
5.415 -6.302 2.104
-1.590 0.524 0.536
2.966 1.373 1.069
3.649 -7.024 2.082
-0.526 1.821 0.722
0.084 -5.614 2.224
0.236 -5.175 2.223
1.854 4.208 2.174
1.439 -3.212 2.175
2.436 1.424 2.073
-1.663 -0.007 0.788
-1.010 -5.763 2.222
0.245 -6.070 2.223
1.709 -6.260 2.216
5.416 -3.660 2.214
3.621 -4.574 2.205
2.942 1.372 0.579
0.755 -5.898 2.227
3.751 -4.353 2.207
1.964 4.748 2.100
-1.624 -0.191 1.653
-2.343 -7.704 2.121
-1.767 -1.373 0.381
-1.777 -1.283 0.163
1.205 -10.644 1.707
6.574 -2.263 1.291
6.046 0.583 2.183
2.276 4.733 2.000
-0.587 -7.949 2.228
5.663 -3.677 1.567
5.569 -4.488 1.057
1.265 4.430 2.163
0.884 4.314 2.171
0.360 4.127 2.177
0.472 -2.012 2.124
-0.985 1.723 1.846
-0.377 3.391 2.176
-1.591 -1.476 1.202
2.234 -6.480 2.223
5.585 -4.566 2.159
2.230 4.010 1.472
-11.288 5.911 3.616
2.269 4.521 2.072
0.915 4.514 2.172
-1.374 3.259 1.874
3.999 -3.250 1.810
5.507 -3.307 2.221
5.871 0.434 2.190
3.478 -8.709 1.989
5.540 -4.371 1.200
6.355 -2.242 1.522
3.775 1.312 0.227
-2.071 -4.349 0.731
0.402 -10.304 1.721
6.366 -2.235 1.337
9.107 1.274 2.249
-0.733 -6.237 2.229
0.692 -7.053 2.184
-1.554 -6.046 2.228
5.665 -2.262 2.214
6.368 -2.221 2.158
2.517 -3.253 2.176
2.460 -4.964 2.201
5.593 -2.305 2.208
-2.322 -7.132 2.252
-1.249 1.719 0.476
-2.043 -4.051 0.819
-1.227 -2.791 0.273
1.337 -10.670 1.591
0.600 -10.582 1.536
0.429 -7.948 2.252
2.913 -6.979 2.235
5.720 -2.986 1.944
-3.288 -1.478 2.161
0.713 3.555 2.178
-0.569 1.824 0.781
-2.174 -5.703 2.080
5.423 -6.235 2.128
0.253 -10.266 1.927
1.006 -10.634 2.022
-0.526 1.825 0.336
-1.556 1.768 0.340
1.025 -2.684 0.189
1.783 -8.896 2.243
4.224 -0.299 1.145
2.033 3.928 2.165
1.936 4.652 2.181
-1.661 0.424 1.023
2.417 1.424 1.688
-0.409 3.356 2.176
-2.161 -5.671 2.359
5.642 -1.870 2.211
5.484 -5.521 0.323
5.506 -5.391 0.326
0.390 -6.018 2.228
2.928 -5.166 2.202
1.280 -1.638 2.117
1.977 1.758 1.881
5.946 -0.485 0.268
5.763 -2.339 1.341
2.971 1.374 0.714
1.284 -7.186 2.202
3.190 -6.047 2.231
1.836 -6.562 2.205
2.236 4.010 1.478
0.380 3.599 2.172
-1.553 -8.123 2.244
0.567 -8.724 2.261
1.718 -8.392 2.253
2.228 -7.840 2.242
1.796 4.771 1.687
-0.809 -5.044 2.219
1.952 4.414 2.180
-3.144 1.221 2.142
1.246 -3.652 2.176
-2.016 -3.944 1.631
0.806 -6.398 2.212
1.680 -6.326 2.214
-0.474 -10.205 2.193
-1.829 -10.068 2.223
-1.683 -10.091 2.115
5.594 -4.265 1.588
12.125 1.008 2.019
-1.408 2.954 0.224
-1.383 2.310 0.162
4.192 -1.368 0.625
0.706 4.844 0.729
-1.788 -0.518 0.741
-1.047 -5.484 2.229
3.134 -4.728 2.204
5.950 -1.232 2.203
2.277 4.537 2.104
3.515 -4.872 2.204
6.617 -2.258 2.215
5.865 -1.059 2.210
3.799 -5.274 1.229
5.577 -4.317 1.238
4.237 1.270 0.442
-1.588 1.220 0.127
0.480 1.592 0.232
1.220 -10.653 1.756
-2.125 -5.049 1.798
-0.113 -7.090 2.229
-3.344 -1.450 2.153
-1.676 0.579 1.502
1.475 -8.037 2.248
3.880 -4.362 1.805
3.825 -4.981 1.861
2.080 -7.427 2.228
5.316 -5.231 2.239
3.728 -2.330 2.176
-2.112 -4.899 1.846
-2.026 -3.741 0.933
0.242 -8.620 2.242
2.271 4.482 2.117
2.076 4.098 2.175
1.099 1.648 1.844
-1.251 -1.830 2.124
2.820 0.851 2.127
1.246 4.639 2.185
3.766 -5.524 1.636
-0.478 1.822 0.207
-1.386 2.765 0.312
8.410 1.264 2.246
5.474 -3.285 2.215
0.650 4.142 2.172
3.460 -4.927 2.207
-1.889 -7.432 2.235
4.224 1.269 0.514
0.358 -3.043 0.281
12.165 1.242 0.938
2.932 -10.710 1.797
-2.033 -4.098 2.306
-2.290 1.071 2.115
-0.664 -6.755 2.195
1.130 -7.851 2.249
2.463 -7.127 2.237
5.509 -5.118 1.013
5.700 -2.295 1.871
-2.117 -4.986 2.012
-1.255 3.643 2.376
5.535 -4.422 2.236
5.480 -5.547 1.688
0.794 -5.711 2.228
2.656 -5.139 2.206
4.074 -2.058 1.917
-1.373 3.259 2.299
-0.084 -3.744 2.175
3.661 1.322 1.512
-1.581 -1.460 0.672
1.665 -7.841 2.243
12.188 1.913 2.008
3.619 1.341 0.257
-1.351 2.749 0.086
-4.064 2.053 0.178
0.353 -3.009 0.281
-1.635 -10.088 1.427
5.981 -0.234 1.842
2.970 -3.141 2.174
-1.088 3.684 2.194
2.705 -1.341 2.123
-1.422 2.971 1.422
-11.483 3.315 3.561
3.656 -6.761 1.828
-0.070 -2.073 0.215
5.486 -4.987 1.174
2.671 -7.519 2.227
-2.068 -4.603 1.552
3.976 -2.996 2.192
0.338 3.995 2.179
1.822 1.905 2.128
3.755 -5.739 1.935
5.436 -4.155 2.220
0.743 4.834 0.619
-1.565 1.774 0.395
2.593 -9.274 2.250
1.853 4.171 2.177
-0.388 -8.832 2.235
3.571 -7.983 2.219
5.512 1.172 2.064
2.194 -5.271 2.201
-2.421 -8.196 2.417
-1.349 -7.416 2.242
2.318 -8.515 2.246
5.678 -3.465 1.503
5.726 -2.334 1.546
4.377 0.400 0.533
0.620 1.607 0.499
3.914 -2.311 2.170
2.348 1.863 2.118
-0.158 1.616 1.685
2.706 -4.295 2.200
-1.922 -3.053 1.271
0.891 -7.021 2.192
5.398 -6.174 2.115
6.802 -1.693 2.241
-0.927 -2.819 0.090
-1.584 -4.870 2.215
1.496 -3.261 2.174
1.676 3.024 2.154
-0.972 1.783 1.478
1.344 -6.204 2.203
3.784 -5.579 2.072
3.606 -4.435 2.208
3.529 -8.032 2.080
6.025 -2.187 1.550
-2.287 -7.119 2.392
2.267 -5.657 2.208
-1.720 1.409 1.868
3.757 -4.394 2.204
-0.788 -8.132 2.240
-1.358 3.402 0.065
5.432 1.182 1.854
-2.245 1.048 2.120
2.075 2.494 1.971
-1.669 -6.592 2.231
0.461 -7.566 2.236
1.157 -8.381 2.245
6.707 -2.155 2.227
1.137 4.059 2.177
-0.663 3.637 2.174
0.975 4.742 1.996
0.730 -6.293 2.226
1.126 1.515 0.580
-2.170 -9.861 1.998
-0.351 -5.593 2.228
-1.174 -3.548 2.173
1.307 -5.205 2.206
3.437 -5.800 2.216
3.315 -4.819 2.210
5.546 -4.728 1.212
-1.549 -2.540 0.221
-1.532 -6.208 2.227
0.483 -6.318 2.235
1.375 -5.956 2.212
3.006 -0.537 2.123
0.856 -5.146 2.221
-0.487 -2.935 0.223
-0.310 -2.228 0.241
-2.187 -5.918 2.002
-0.864 -7.498 2.238
4.057 -1.431 2.175
-1.924 -3.101 1.313
-2.200 -5.978 2.191
0.513 -7.051 2.224
5.380 -6.048 2.078
0.982 1.524 0.564
7.108 -0.746 2.239
4.179 1.278 0.643
4.209 1.270 0.755
-11.301 5.711 3.817
0.624 -5.711 2.224
0.571 4.514 2.161
3.650 -4.773 2.213
-2.160 -5.349 1.429
4.257 1.271 0.782
2.251 4.763 0.858
5.721 -2.315 0.321
8.499 0.737 2.237
2.001 -5.744 2.204
5.971 0.388 2.208
-0.915 -5.210 2.216
-0.083 -8.538 2.225
-1.482 -10.098 1.393
2.640 -10.603 1.529
5.711 -2.445 0.610
4.361 0.721 0.600
12.164 1.369 0.965
-0.259 -3.146 0.516
-1.306 4.067 2.343
-11.277 5.910 3.938
-2.172 -5.661 1.990
-0.619 -6.936 2.228
-0.437 -10.207 1.959
0.681 -2.758 0.329
0.981 -2.648 0.176
-1.354 2.308 0.024
1.108 -2.425 0.192
6.150 -2.206 1.118
12.093 1.144 2.320
-1.390 3.152 0.676
5.487 -5.471 2.115
5.714 -2.860 1.816
-1.691 -4.827 2.221
-0.462 -5.323 2.223
-2.481 1.015 2.119
-1.244 -6.010 2.224
1.399 -5.731 2.213
3.577 -5.357 2.209
-2.213 -5.889 1.400
-1.615 -10.095 2.136
5.486 -5.490 1.479
-1.304 -2.595 0.097
2.174 4.420 2.185
-1.468 -5.087 2.218
3.356 -5.584 2.217
6.521 -1.061 2.216
0.079 -10.250 2.210
1.885 -8.177 2.245
-2.074 -4.439 1.389
3.408 -5.560 2.217
-1.679 -6.967 2.237
0.107 -8.550 2.247
3.750 -5.950 2.028
6.693 -2.262 2.026
0.795 4.365 2.173
-1.905 -3.688 2.387
3.910 -3.287 2.199
-1.592 0.935 0.231
-1.436 -10.108 2.080
-1.766 -0.635 0.784
2.725 -4.639 2.201
-1.972 -3.749 2.344
-1.681 0.579 1.397
0.855 -3.565 2.176
1.450 -3.556 2.178
0.836 4.690 2.180
-1.452 -5.503 2.223
-0.716 -5.774 2.223
-1.080 -5.627 2.225
1.318 -5.914 2.198
2.955 -5.976 2.215
2.957 -5.024 2.204
3.299 -4.864 2.217
3.878 -4.330 2.202
6.960 -2.270 2.222
5.658 -1.331 2.199
5.727 -0.948 2.209
0.795 -8.819 2.241
5.190 -8.648 1.993
5.710 -3.098 1.026
0.345 -3.123 0.352
4.297 1.271 0.277
2.077 -5.843 2.203
6.664 -0.723 2.212
-1.410 0.979 2.235
-1.437 1.547 2.317
-1.376 -1.918 1.551
1.072 -3.171 2.182
2.597 -5.111 2.202
0.338 -7.814 2.229
3.755 -5.820 1.548
8.693 0.228 2.235
-1.586 0.814 0.521
-2.188 -5.937 2.078
5.724 -2.245 1.792
-1.759 -0.484 0.779
-1.923 -3.003 1.591
-2.221 1.058 2.124
0.651 3.640 2.177
-1.833 -4.173 2.275
-1.942 -6.230 2.230
5.501 -4.805 2.228
-0.525 1.767 0.507
5.694 -2.749 1.035
3.687 -6.567 1.997
5.531 -5.168 2.082
1.305 -5.237 2.214
0.261 -5.414 2.215
-1.932 1.831 1.999
5.934 -0.580 1.954
5.665 -3.221 1.298
0.851 -10.613 1.892
3.456 -8.962 2.139
2.939 -4.971 2.204
1.481 4.092 2.175
1.106 4.188 2.178
-1.625 -4.977 2.222
1.565 -5.834 2.211
5.967 -0.060 2.068
-1.373 3.415 1.260
1.036 -8.761 2.249
5.616 -4.124 1.489
2.283 -6.278 2.215
-1.371 3.408 1.357
5.499 -5.322 1.093
-1.847 -7.723 2.246
-0.859 1.406 2.128
3.280 -6.261 2.225
-0.992 1.748 0.557
3.707 -6.066 1.621
5.621 -4.027 1.488
12.144 1.303 1.893
3.242 -10.864 1.312
0.273 -9.336 2.243
0.911 -9.350 2.241
5.518 -5.084 1.877
-11.244 6.391 3.851
1.457 4.272 2.180
-0.033 -3.852 2.173
3.881 -4.543 2.101
4.920 1.192 1.773
-1.370 3.424 1.309
4.264 -0.402 0.531
5.953 1.130 1.933
-1.931 -2.913 1.689
0.524 4.711 2.029
3.586 -7.595 1.916
3.642 -7.008 1.963
-1.253 -7.276 2.243
0.705 -7.211 2.204
6.184 -0.640 2.206
-3.194 1.956 2.097
1.840 4.774 2.114
-1.074 -2.741 0.105
-1.334 1.231 2.164
2.125 3.030 1.771
-1.865 -5.634 2.233
-1.981 -3.305 0.927
-2.105 -4.891 1.243
4.277 -0.604 0.333
-2.115 -5.247 2.430
5.902 -0.466 2.211
5.792 1.143 2.128
3.367 -7.289 2.228
-1.303 -10.119 1.242
5.967 -0.080 0.598
5.431 -5.892 1.572
4.374 1.201 1.891
-2.175 -5.785 1.981
1.662 -7.633 2.240
-1.690 0.286 0.248
-1.603 1.180 -0.076
12.183 1.581 1.073
-1.643 -7.430 2.225
-2.023 -3.943 1.347
-0.852 -8.092 2.234
0.236 -8.151 2.235
6.730 -2.098 2.227
5.674 -3.593 2.056
3.647 1.322 1.416
3.592 1.316 1.058
-2.135 -5.235 2.172
1.089 4.533 2.172
-0.681 -3.696 2.170
-1.234 1.702 2.124
2.139 4.484 2.187
-2.082 -4.730 1.903
7.734 -1.305 2.244
-2.264 -9.850 2.126
0.308 -2.982 0.246
5.385 -5.988 1.871
2.073 2.441 1.100
1.329 -8.302 2.243
-1.375 -2.772 0.177
-1.089 -2.595 0.173
-4.217 2.001 0.245
5.953 -0.493 0.589
0.700 -10.591 1.750
-1.399 -6.099 2.226
1.435 -5.221 2.203
0.020 -2.095 0.229
0.696 -10.586 1.472
0.640 -7.838 2.240
6.068 1.043 1.898
2.134 2.928 1.141
2.440 -7.535 2.229
5.522 -5.105 1.562
-1.036 -2.636 0.109
-0.311 -2.231 0.187
-1.187 -5.009 2.228
-1.544 -3.299 2.175
2.943 1.051 2.129
1.453 4.453 2.170
-0.659 -6.051 2.222
7.557 -2.353 2.203
-0.649 -5.945 2.228
1.009 -5.695 2.230
1.029 -2.483 0.269
5.515 -5.168 1.450
-1.832 1.818 0.700
6.620 -2.152 2.219
5.583 -4.565 1.700
6.123 -2.214 1.129
2.602 -10.608 1.528
3.645 -6.962 2.110
0.954 -7.778 2.243
2.449 -8.023 2.243
2.438 -7.689 2.238
5.613 -4.124 1.860
-1.361 -5.533 2.232
4.008 -1.972 2.177
5.740 -2.690 1.924
2.082 -5.954 2.206
2.893 -5.691 2.205
-2.109 -4.818 1.159
4.360 0.461 0.683
7.590 -2.348 1.924
1.197 -5.682 2.219
-0.003 -6.020 2.233
0.101 -5.747 2.228
2.568 -5.009 2.200
3.337 -4.606 2.194
0.741 4.877 2.151
1.823 -3.406 2.176
2.495 1.295 2.130
-1.724 -4.970 2.225
5.915 -0.907 2.196
-1.323 -8.534 2.229
5.616 -4.039 1.264
5.966 -0.195 1.281
12.131 1.366 2.204
0.670 4.904 0.669
-0.990 -6.316 2.229
-0.571 -6.371 2.233
1.008 -6.711 2.194
2.708 -6.002 2.208
5.960 0.327 2.201
-1.788 -0.526 1.615
-0.588 -1.923 2.124
-1.710 -7.451 2.230
-1.206 -7.475 2.228
-1.706 0.336 0.706
-1.666 -0.140 0.676
-1.729 -6.167 2.234
0.639 -10.599 1.980
4.731 1.206 0.555
1.037 -2.588 0.370
5.478 -5.531 0.239
6.090 1.023 1.169
-0.267 -5.404 2.224
0.825 -5.293 2.224
-2.126 -5.132 2.176
-1.417 -5.532 2.221
0.329 -6.459 2.223
3.717 -6.073 2.219
-2.102 -4.691 1.253
5.507 -5.302 1.611
12.103 0.743 1.031
5.480 -5.542 1.757
5.867 0.146 2.192
5.794 0.536 2.189
-11.295 6.008 3.699
-0.156 -7.717 2.234
0.328 -7.770 2.232
2.746 -7.921 2.237
-1.200 -3.246 0.602
0.760 -6.969 2.183
-1.414 -6.500 2.216
2.481 -8.450 2.240
5.432 -5.934 2.147
-1.869 -0.478 1.622
0.805 4.704 2.029
2.215 4.319 2.171
0.310 -6.755 2.221
0.876 -6.045 2.225
5.849 -2.156 2.106
5.806 -2.114 2.214
-1.728 -0.027 0.521
0.799 -10.606 2.088
3.467 -8.884 2.201
12.198 1.560 1.164
2.344 -5.363 2.200
2.992 -4.949 2.206
5.848 1.147 2.135
-0.077 -5.677 2.220
2.842 -4.999 2.205
5.662 -2.562 2.209
6.149 -1.363 2.217
0.302 -8.052 2.236
3.469 -8.823 1.926
0.863 4.883 1.000
0.926 4.877 0.950
2.876 -10.601 1.410
4.760 1.235 0.490
12.143 1.390 0.403
12.156 1.427 0.734
12.062 0.387 1.918
-1.295 3.851 2.361
4.074 -2.068 2.109
5.401 -4.904 2.238
5.457 -5.782 1.205
1.848 -7.578 2.246
-0.605 1.824 1.152
2.522 -1.574 2.123
2.361 -0.274 2.128
2.599 -3.199 2.176
2.281 4.578 2.094
-1.477 2.765 1.324
-0.265 -6.859 2.228
0.806 -6.184 2.218
3.830 -5.036 1.891
2.074 2.495 0.914
3.448 -8.436 2.252
0.934 4.822 1.621
0.769 -5.826 2.224
-1.017 -2.121 2.124
2.744 -5.210 2.206
3.138 -5.060 2.208
-1.375 3.417 0.565
-1.758 -2.688 0.211
12.151 1.403 0.654
-1.583 -5.688 2.228
-1.774 -1.423 2.111
-2.057 -4.530 2.248
1.203 -5.572 2.223
2.438 -4.906 2.199
3.633 -4.872 2.209
3.879 -4.472 2.141
-2.090 -7.584 2.227
1.865 -7.379 2.245
-0.272 -2.280 0.067
5.997 -1.727 2.214
-1.975 -3.430 1.360
1.194 -7.194 2.177
3.581 -5.530 2.216
5.636 -3.579 0.951
12.136 1.137 1.922
-2.206 -6.064 1.714
3.558 -7.795 2.180
-0.024 -8.031 2.241
-0.822 -4.937 2.217
-1.522 1.519 1.928
-0.746 3.218 2.178
-1.071 3.430 2.173
1.346 -3.550 2.175
-1.802 -5.890 2.231
1.914 -6.086 2.211
4.743 1.233 1.578
5.520 -5.031 1.772
5.552 -4.603 1.102
5.702 -2.288 1.046
1.678 4.812 0.772
12.078 0.400 1.740
12.167 1.528 1.086
0.593 4.849 0.779
5.336 -6.895 1.936
-2.124 -5.096 1.918
4.244 1.273 1.727
-1.357 3.375 1.583
-1.711 -1.476 1.492
1.683 1.527 1.776
2.670 0.818 2.127
2.556 1.129 2.127
3.435 1.325 2.129
6.020 0.452 2.078
3.750 -5.873 1.954
0.918 -10.618 1.673
2.385 -6.388 2.211
1.266 -7.797 2.237
5.972 1.142 0.647
-1.422 2.875 0.351
-1.006 -3.318 0.573
-1.700 -10.101 1.400
2.835 -7.493 2.232
2.012 -7.178 2.227
-0.347 -5.073 2.220
-0.325 3.458 2.179
0.680 -6.669 2.191
1.957 -5.751 2.207
5.914 -2.192 1.094
12.169 1.618 1.851
-1.975 -3.276 0.973
3.701 -6.338 1.862
-1.918 -5.668 2.224
-2.058 -4.411 1.926
0.717 -5.932 2.221
5.687 -1.161 2.199
-2.076 -4.452 1.215
3.694 -6.497 1.908
12.192 1.596 0.582
1.937 -1.138 0.289
12.149 1.458 2.087
4.752 1.225 0.962
4.253 1.271 1.109
5.510 -1.920 2.224
-0.419 -7.055 2.212
3.710 1.326 2.029
-1.780 -1.275 2.300
1.141 -3.622 2.177
-2.084 -4.669 2.331
-2.129 -5.119 1.662
0.800 3.401 0.106
5.553 -4.449 1.139
1.784 -7.041 2.225
5.648 -3.409 2.209
-0.972 1.329 2.126
3.962 -3.556 1.819
12.161 1.290 0.740
-2.212 -6.096 1.709
0.813 -5.264 2.226
-1.360 -5.975 2.225
0.664 -6.128 2.216
0.010 -5.614 2.223
3.208 -5.643 2.211
6.001 -2.155 2.196
6.229 -1.769 2.217
1.122 1.618 0.677
-0.197 -9.216 2.242
-0.569 -10.203 2.181
-2.436 -9.840 2.111
2.009 -9.804 2.266
-1.949 -10.058 2.245
3.256 -10.820 2.244
3.749 -5.909 1.346
5.414 -6.327 1.998
5.632 -4.101 1.455
3.810 1.328 0.164
-1.373 -1.434 0.303
1.169 4.785 0.214
4.272 -0.513 0.349
3.974 1.294 0.306
5.396 -6.425 1.879
5.606 -4.315 1.578
0.980 -5.972 2.224
2.448 -5.655 2.204
0.220 -6.123 2.222
3.188 -5.037 2.207
6.055 -1.834 2.209
5.734 -1.498 2.205
-11.232 6.164 4.013
1.832 -10.119 2.240
-2.025 -3.942 1.265
1.666 -6.870 2.226
2.613 -6.267 2.210
5.736 0.269 2.195
2.261 4.335 2.012
-1.536 1.512 1.872
-0.009 -4.806 2.213
5.912 0.646 2.195
-2.217 -6.213 1.829
2.581 -6.472 2.224
0.902 -7.064 2.189
0.788 -10.610 2.149
4.324 0.206 0.672
0.831 4.746 0.840
2.250 4.243 1.973
1.603 4.347 2.177
-0.111 -5.847 2.222
2.775 -8.278 2.244
4.294 0.027 0.511
-1.839 -1.071 0.746
-0.364 -7.106 2.223
2.325 -5.873 2.182
6.064 -1.469 2.206
1.814 -3.680 2.174
-0.262 3.477 2.176
-1.698 -0.286 1.397
5.831 -0.248 2.194
2.011 -8.309 2.254
1.143 -10.657 1.595
3.661 -6.496 2.231
5.560 -4.575 2.084
6.027 0.324 2.161
4.962 1.216 1.842
1.020 4.068 2.175
1.842 -2.268 2.126
0.874 3.432 2.177
5.457 -5.566 1.071
2.034 1.873 0.771
-1.067 -8.271 2.230
0.992 -9.315 2.254
-1.691 -4.861 2.233
0.984 4.147 2.175
-1.384 3.145 2.379
2.233 -3.258 2.175
1.783 -3.522 2.178
3.194 -5.527 2.217
3.654 -4.181 2.203
2.761 -10.728 2.009
4.398 1.233 0.371
5.744 -2.198 0.599
1.005 -10.627 1.934
-2.059 -4.628 1.796
-2.151 -5.339 1.896
2.374 1.425 1.293
3.604 1.321 1.704
2.978 0.136 2.125
0.056 -5.569 2.225
-0.256 -9.379 2.239
3.344 -9.972 2.263
-1.326 3.721 2.173
-2.253 -6.526 2.239
-1.800 -6.593 2.231
-0.972 -10.119 1.493
12.188 1.802 1.806
0.118 -7.677 2.239
3.727 -6.088 1.987
-1.592 -5.517 2.235
3.978 -3.082 2.201
-0.601 -6.571 2.222
-11.286 6.040 3.156
5.175 -8.829 2.224
5.340 -6.830 1.908
5.388 -6.182 2.037
-1.374 3.425 1.094
0.968 -5.658 2.222
1.013 -5.451 2.219
0.629 4.335 2.167
0.413 -3.815 2.169
0.375 -5.794 2.224
-2.304 -6.884 1.839
-0.205 -10.228 2.144
-2.267 -6.634 1.975
2.781 -5.897 2.208
0.966 -7.048 2.181
1.705 -7.612 2.243
5.727 -2.851 1.844
0.976 1.572 0.234
4.222 -1.327 0.259
1.019 -7.088 2.193
6.343 -1.317 2.217
1.570 -1.582 2.128
-2.632 0.050 2.121
1.180 -6.846 2.183
1.090 -2.576 0.371
-1.369 3.423 0.228
2.802 -10.604 1.349
12.137 1.505 2.102
3.603 -7.418 2.074
-1.069 -5.626 2.224
1.601 -3.521 2.176
1.704 4.216 2.180
-0.456 -6.120 2.222
0.307 -5.930 2.220
5.913 -2.035 2.208
2.026 -5.367 2.194
5.972 -0.024 2.066
0.264 -10.260 2.236
5.635 -4.051 1.521
3.795 -5.397 1.488
12.164 1.630 1.992
4.662 1.242 0.966
-1.314 -2.769 0.154
0.486 1.580 0.165
3.493 1.323 0.589
-1.803 -6.079 2.241
3.314 -5.169 2.214
2.398 -1.805 2.122
-1.683 -4.905 2.228
-0.311 -5.453 2.223
0.890 4.824 1.608
1.540 -1.078 0.220
3.817 -5.071 2.068
2.626 -6.601 2.224
5.485 -3.230 2.211
1.227 4.825 1.907
1.289 1.559 0.579
5.544 -4.718 0.946
12.199 1.611 0.643
1.086 -8.101 2.248
-2.137 -6.039 2.459
1.754 4.576 2.188
-1.004 -6.064 2.238
2.721 -10.744 2.019
1.977 -9.375 2.247
-2.163 -5.610 2.141
0.352 -5.718 2.222
-1.708 -8.374 2.243
5.444 -5.656 1.420
0.407 4.926 0.882
-1.764 -1.434 0.379
0.981 -2.682 0.103
-1.030 -10.107 1.562
4.692 1.247 1.274
2.871 -6.125 2.219
-2.044 -4.717 2.437
-1.925 -2.985 1.126
-1.484 1.772 0.456
5.663 -3.383 1.897
3.609 1.323 1.876
-3.469 1.615 2.151
-1.976 -3.455 2.104
1.731 4.774 2.127
2.446 1.390 0.104
4.173 1.273 0.676
2.931 1.372 0.627
1.780 -2.547 2.124
-2.127 -5.651 2.439
-1.629 -5.208 2.224
-0.138 -5.595 2.221
0.040 -6.160 2.220
3.879 -4.448 1.903
3.236 -5.899 2.218
6.225 -0.777 2.205
-2.242 -6.363 1.695
-2.321 -9.843 2.183
0.532 -8.750 2.245
1.253 -10.650 2.100
2.241 -8.452 2.254
2.684 -9.182 2.242
3.761 -5.769 1.387
3.788 -5.365 1.494
1.932 1.615 0.517
-1.918 -3.125 0.412
4.239 -0.866 0.508
3.596 1.321 0.515
5.397 -6.238 1.822
5.906 -1.861 2.217
6.494 -1.363 2.212
6.588 -0.900 2.212
2.070 2.529 1.982
2.606 0.489 2.129
0.938 -5.622 2.218
2.271 4.543 1.783
-11.321 5.630 3.683
-2.001 -7.462 2.226
5.483 -5.310 1.182
12.132 1.056 0.892
-0.285 -6.674 2.220
1.253 4.825 2.012
0.462 4.720 1.825
-1.671 1.761 1.937
-2.056 1.816 2.026
-0.617 3.721 2.173
12.133 1.137 1.797
-2.131 -5.134 1.501
0.495 -8.875 2.236
5.734 -2.670 1.844
-1.671 0.575 1.325
4.055 -1.509 2.179
0.382 -6.410 2.223
0.539 -6.739 2.212
2.534 -6.775 2.224
5.468 -5.687 1.572
2.943 1.372 0.952
-2.270 -6.717 2.283
-0.437 -5.907 2.228
0.242 -6.117 2.219
2.427 -5.360 2.203
5.843 -1.653 2.206
-1.374 3.255 1.814
2.079 2.303 1.098
-2.138 -5.112 1.546
-2.400 -8.111 2.057
3.790 -5.324 1.271
-1.646 -10.088 1.256
5.724 -2.829 0.419
-1.365 3.509 0.084
5.398 -6.265 1.622
-0.940 -6.786 2.240
5.722 -1.623 2.198
1.253 4.823 1.974
-0.810 3.733 2.179
2.373 1.424 1.219
-1.387 -2.652 0.263
-1.767 -7.124 2.229
-2.131 -5.128 1.590
1.106 -7.692 2.250
-1.353 1.559 2.233
-1.574 0.442 1.958
-0.360 3.461 2.178
2.735 -5.419 2.209
1.033 -6.317 2.224
2.753 -5.924 2.216
5.387 -5.160 2.241
-1.476 1.775 0.588
-11.202 7.008 3.263
5.563 -4.435 1.347
-1.661 0.167 0.370
-7.544 2.316 -0.412
-0.499 -2.974 0.378
-1.053 -10.150 2.029
-2.154 -5.116 1.348
3.637 -7.033 1.937
5.459 -5.673 1.844
6.202 -2.199 1.609
-1.718 -5.107 2.236
2.758 -4.798 2.202
3.606 1.322 1.486
1.110 1.622 1.827
2.415 1.424 1.977
1.295 4.271 2.176
-4.833 -1.717 2.185
0.949 -6.156 2.219
1.129 1.601 0.757
-11.497 3.397 3.427
-11.547 2.911 3.774
-0.611 -8.539 2.233
2.260 -8.270 2.249
5.410 -6.084 1.651
3.764 -5.653 1.452
-2.020 -4.491 2.422
-2.953 -0.670 2.156
-0.218 -5.324 2.217
0.134 -5.353 2.221
-1.552 -4.820 2.227
-11.329 5.354 3.399
-2.144 -5.450 1.746
2.823 -8.404 2.235
0.924 -3.016 0.078
-0.404 -7.129 2.227
-1.872 -6.998 2.230
-1.422 -4.972 2.226
0.950 -4.870 2.210
1.823 -6.260 2.197
5.538 -5.182 2.095
-2.149 -5.140 1.106
-1.864 -0.558 1.623
0.869 -6.298 2.222
1.934 -5.307 2.197
2.989 -5.373 2.209
0.718 -9.488 2.236
3.631 1.325 0.332
-1.828 -6.169 2.233
-0.921 -3.391 2.177
-0.668 -3.509 2.177
-1.684 1.767 1.221
-1.750 -4.798 2.226
4.027 -2.765 1.819
12.189 1.891 2.255
-1.347 -7.772 2.227
5.604 -3.118 2.217
5.745 -1.140 2.199
6.564 -1.401 2.211
6.017 0.403 2.010
3.583 -7.172 2.228
1.055 4.816 1.565
0.898 4.117 2.179
-2.559 1.215 2.132
-0.580 3.363 2.176
2.128 2.934 1.646
-1.566 1.488 1.028
-1.790 -5.863 2.230
0.229 -6.223 2.227
2.687 -5.769 2.205
-2.103 -4.705 1.109
-0.990 -10.159 2.006
0.608 -10.601 1.806
1.133 -10.640 1.978
5.465 -5.311 1.236
12.190 1.828 2.149
4.059 -2.905 0.578
5.940 -0.520 0.529
-0.372 -5.439 2.226
1.004 -5.682 2.223
5.856 -0.794 2.196
5.586 -2.228 2.216
3.022 1.372 0.443
5.487 -5.473 1.667
0.789 -6.594 2.196
3.621 -5.241 2.221
1.922 1.523 0.626
3.768 1.311 0.169
3.056 1.373 0.363
-1.561 1.768 1.858
3.963 -1.767 2.179
-1.732 -0.227 0.740
-1.408 -6.993 2.209
-0.239 -6.441 2.223
0.130 -6.429 2.222
3.383 -6.044 2.212
-11.187 6.902 3.411
0.361 -10.279 1.876
-0.547 1.825 0.277
12.063 0.376 2.022
-0.402 -8.601 2.245
7.118 -2.237 2.231
4.442 1.231 1.574
-1.480 1.775 0.843
-1.165 -1.184 2.124
-1.490 -0.747 2.174
-1.675 -1.476 1.405
1.932 4.436 2.182
2.376 -3.257 2.177
0.200 -5.687 2.219
0.455 -6.200 2.219
7.337 -0.810 2.229
-1.727 0.095 0.522
0.763 -9.330 2.243
-1.604 -10.095 1.777
1.615 -5.640 2.203
-1.975 -3.552 2.219
3.194 0.604 2.122
-0.572 -2.152 2.123
3.006 -0.599 2.124
0.294 -5.104 2.223
3.769 -5.482 1.918
3.772 -5.547 1.541
5.466 -5.529 1.548
-1.235 -2.726 0.224
0.291 -3.119 0.273
5.580 -4.248 1.218
-1.155 -6.579 2.228
0.886 -7.089 2.175
5.622 -3.622 2.206
6.001 0.204 1.806
-1.363 1.516 2.229
-1.585 -1.477 1.169
0.072 -8.074 2.240
-2.144 -5.433 1.883
-0.658 1.825 0.470
2.250 4.757 0.548
12.157 1.552 1.981
5.491 -5.392 2.208
7.266 -2.161 2.242
-1.080 -5.597 2.228
-1.445 1.775 1.025
-0.607 -5.859 2.233
-1.721 -5.759 2.233
0.690 -6.122 2.227
5.544 -4.500 2.224
-11.193 6.985 3.806
1.406 -10.672 1.865
5.402 -5.976 1.388
5.457 -5.657 1.624
6.044 -2.199 1.032
12.123 1.034 2.228
-0.645 -2.607 0.387
-1.713 -1.476 0.158
0.673 -2.726 0.117
0.725 4.787 0.729
3.406 -4.518 2.201
0.069 -5.610 2.223
-2.301 -6.922 1.953
0.536 -10.535 1.729
-1.463 -6.093 2.228
-2.174 -5.654 2.201
5.765 0.999 2.201
0.825 1.575 1.812
-2.321 -7.186 2.277
12.142 1.148 1.049
0.837 4.811 0.823
0.767 4.872 1.761
-0.920 1.357 2.125
-1.376 3.321 2.262
-1.379 3.339 2.094
-1.772 -1.479 1.259
-1.971 -3.590 2.096
4.224 -0.289 1.703
0.413 -10.319 1.968
-0.594 1.825 0.368
12.114 1.012 2.092
2.487 -8.757 2.243
5.570 -4.533 1.939
3.703 -6.252 1.870
-0.740 -5.340 2.220
-2.164 -5.813 2.434
-0.167 -10.234 2.198
5.462 -5.559 1.679
4.324 0.278 0.673
5.981 -0.012 0.383
-1.454 2.224 0.806
-2.208 -6.042 2.135
5.468 -3.247 2.214
0.492 4.725 2.030
2.384 1.421 1.630
-3.162 -0.843 2.154
-1.277 -4.826 2.218
5.935 1.142 2.130
-0.806 -7.994 2.231
6.776 -2.293 1.770
3.008 1.374 0.389
2.421 -10.744 1.880
5.833 -2.175 1.187
1.933 -7.481 2.236
6.063 -1.143 2.206
5.093 -9.745 2.134
-1.651 0.291 0.187
2.924 -7.809 2.228
3.623 -7.266 2.078
-1.095 -5.114 2.214
1.521 -3.505 2.176
1.683 -3.399 2.176
4.116 -1.147 2.177
-2.184 -6.152 2.427
0.002 -6.201 2.224
5.484 -4.372 2.230
5.965 -1.495 2.214
0.489 -10.452 2.107
3.557 -8.087 2.091
5.982 -0.294 1.239
3.603 1.333 0.335
3.058 1.374 0.312
-1.588 -5.785 2.233
-0.548 -6.244 2.235
6.162 -0.733 2.201
-1.723 -0.963 0.957
5.738 -2.831 2.102
-0.725 -9.122 2.247
5.414 -5.932 2.131
-1.679 -6.584 2.232
-1.685 0.420 0.816
1.572 -6.795 2.222
5.498 -5.490 2.200
-1.673 -2.636 0.157
4.081 -2.235 2.040
0.297 3.876 2.165
-2.033 1.824 1.978
2.723 -4.172 2.194
-2.206 -6.127 2.246
5.575 -4.604 1.901
5.979 -0.202 1.897
1.073 -2.436 0.208
-1.998 -3.383 0.463
-0.002 -5.502 2.220
0.861 4.287 2.176
-0.558 -2.108 2.126
-2.091 1.705 2.143
-1.692 1.741 1.814
-1.445 -5.373 2.219
0.899 -5.882 2.224
5.741 -2.210 2.181
-2.064 -4.369 1.237
-0.420 -8.817 2.237
1.972 -8.594 2.259
12.177 1.920 2.094
6.500 -1.641 2.226
0.938 1.611 0.838
2.897 -0.985 2.124
-1.028 -2.869 0.042
5.941 -0.407 0.874
5.923 0.875 2.188
5.478 1.169 2.090
1.818 4.770 1.856
-1.923 -3.021 1.558
-0.478 1.722 1.442
-2.267 1.191 2.120
0.628 3.581 2.169
-3.839 -1.327 2.164
-1.567 1.027 -0.076
3.741 -5.946 1.834
-1.326 3.762 2.379
1.539 4.383 2.179
5.725 -2.306 2.148
5.966 -1.056 2.199
-0.867 -10.160 2.220
0.770 -10.609 2.012
1.972 1.672 0.070
4.326 1.267 0.353
-0.405 -6.067 2.230
2.669 -5.507 2.210
2.764 -5.318 2.201
2.672 -0.988 2.119
0.223 1.678 1.694
-11.184 6.734 3.445
-1.413 1.382 2.276
-11.214 6.933 3.827
3.289 -7.608 2.236
3.693 -5.970 2.229
3.726 -6.080 1.900
4.795 1.216 0.507
-1.798 -0.521 0.800
-2.599 1.151 2.140
-0.379 1.672 1.951
2.826 -5.797 2.221
-1.094 -10.135 2.195
-1.739 0.050 0.170
-0.967 -5.281 2.223
-0.163 -6.202 2.226
-0.035 -5.884 2.225
-1.758 -5.401 2.230
-0.714 -5.430 2.224
-0.039 -5.356 2.220
5.940 1.011 2.189
-11.186 7.193 3.104
2.430 -8.182 2.252
6.617 -2.259 1.293
0.367 -3.111 0.297
-2.831 -0.907 2.151
1.086 4.043 2.178
-3.744 -1.332 2.157
1.857 4.769 2.126
-2.083 -4.722 1.794
3.326 -6.451 2.214
-1.681 -10.088 2.036
-1.226 1.746 0.149
1.797 4.771 1.649
0.605 -5.853 2.224
1.721 -3.515 2.176
1.083 -5.723 2.221
-1.570 -10.064 2.269
5.509 -4.811 1.151
3.698 -6.076 1.818
-2.077 -4.399 0.654
12.176 1.552 1.092
-1.286 -2.626 0.160
-0.264 -5.954 2.227
4.074 -2.000 1.871
1.835 4.550 2.180
0.465 -6.128 2.225
2.709 -5.308 2.203
5.594 -2.173 2.214
1.217 -7.584 2.237
-0.845 -7.702 2.231
-0.189 -8.148 2.235
5.510 -5.128 1.721
3.626 -7.059 1.887
7.058 -2.288 1.807
5.975 -0.255 1.532
3.192 -10.842 1.946
-1.856 -6.322 2.230
5.858 -1.003 2.207
5.746 0.884 2.201
5.858 -2.184 1.077
4.257 1.268 0.194
0.695 1.609 1.773
1.071 -1.841 2.111
-2.191 -6.287 2.430
-1.581 -6.060 2.230
3.251 -5.496 2.216
-1.708 -0.085 0.238
0.274 -2.978 0.137
0.391 -2.947 0.421
1.522 -5.811 2.207
1.845 -5.611 2.199
-0.860 -6.060 2.223
2.654 -5.063 2.202
1.132 4.196 2.178
3.699 -5.290 2.223
6.050 -0.007 0.087
2.938 -10.737 1.944
1.834 -6.231 2.211
2.247 -8.019 2.240
4.138 -1.720 0.669
-1.433 1.774 0.043
12.150 1.391 1.812
0.198 -7.732 2.235
0.304 -7.401 2.227
-1.126 -7.192 2.229
-1.410 -5.301 2.223
5.568 -4.668 1.949
7.383 -0.825 2.237
5.365 -6.597 1.849
3.415 -9.275 2.135
5.396 -6.574 2.132
-1.791 -5.340 2.232
1.140 4.262 2.176
2.029 1.904 1.985
-1.724 1.441 1.954
2.154 -3.233 2.176
0.502 -5.936 2.222
1.607 -6.254 2.216
0.076 -5.934 2.228
2.617 -5.192 2.204
-0.400 -3.147 0.385
0.766 -2.894 0.094
2.048 -6.170 2.209
2.134 -5.745 2.202
1.544 4.736 2.194
-1.724 -1.028 0.964
-2.052 -4.367 2.213
5.644 -1.709 2.208
5.744 0.500 2.187
2.568 -7.944 2.234
5.730 -2.345 1.646
4.026 -2.656 2.132
4.284 0.052 1.774
-2.120 -5.162 2.371
0.464 4.513 2.171
-2.114 -5.060 2.052
1.410 -5.539 2.205
0.543 -5.706 2.227
-1.925 -2.919 2.057
-2.197 -5.968 1.745
1.624 -10.247 2.246
-0.981 -2.403 0.279
5.501 -5.442 0.456
5.937 -0.530 0.606
0.883 -10.614 1.788
5.571 -4.649 1.524
5.655 -3.613 1.426
-2.202 -5.854 1.728
0.706 -6.442 2.195
3.522 -5.697 2.216
0.509 1.567 1.678
0.538 -4.864 2.204
3.348 -7.558 2.238
-1.994 -6.882 2.238
3.898 -4.220 1.809
-0.281 -2.357 0.072
3.143 0.634 2.125
-1.524 1.245 2.296
-1.567 1.185 0.037
-1.429 -10.109 2.025
-0.702 -5.673 2.226
-0.356 -5.671 2.228
3.059 -4.615 2.200
1.438 4.482 2.176
0.762 -3.744 2.173
2.164 -5.966 2.211
-1.674 -0.078 0.782
3.088 -0.119 2.123
0.799 -3.673 2.178
6.080 1.024 1.545
-1.934 -3.064 0.643
4.274 1.272 1.056
-1.654 -0.273 0.715
1.638 -1.094 2.125
3.979 -3.344 2.155
4.794 1.232 1.295
0.606 -10.605 1.958
-1.191 -10.119 1.216
-2.065 -4.644 2.246
1.721 -5.055 2.200
0.169 1.625 1.845
1.139 4.674 0.594
4.226 1.275 1.296
-0.792 1.539 2.125
12.148 1.335 2.062
3.717 1.319 0.093
-2.040 -3.899 0.606
0.701 -10.609 1.613
0.395 -3.118 0.525
2.983 -10.730 1.794
-1.857 -6.388 2.229
-1.444 -6.490 2.228
5.547 -3.024 2.202
-1.064 -6.746 2.225
0.566 3.322 0.066
1.330 -8.004 2.237
-0.697 -6.607 2.221
2.354 -6.271 2.215
3.778 -5.502 1.926
2.849 -5.577 2.213
-1.535 -10.114 2.199
5.635 -3.684 1.320
5.503 -5.068 1.268
-0.304 -2.199 0.276
-0.573 -5.563 2.227
-0.009 -6.053 2.226
1.270 -5.513 2.216
0.106 -5.432 2.222
5.355 -6.894 2.049
3.130 -10.839 1.984
5.640 -3.978 1.528
-0.162 -6.254 2.231
1.438 -6.227 2.210
1.378 -1.294 2.130
1.554 -5.252 2.202
3.098 -4.841 2.211
-1.294 -2.662 0.272
3.282 -10.785 1.773
-2.262 -6.402 2.130
-1.916 -6.726 2.238
7.006 -2.266 2.243
-0.896 -3.474 2.177
-1.627 -0.063 1.648
-2.018 -3.941 2.241
0.449 -10.350 2.112
5.508 -4.961 1.043
-0.636 -2.546 0.379
2.519 -10.774 1.328
3.276 -10.856 1.392
-0.198 -8.739 2.245
-2.207 -5.944 1.647
0.434 -5.754 2.228
5.984 1.176 1.878
5.642 -3.521 1.058
5.418 -5.955 1.628
3.611 1.324 1.107
1.473 4.696 2.186
1.216 -1.159 2.125
1.903 -3.447 2.176
1.940 -5.432 2.195
-0.052 -8.076 2.244
5.402 -6.433 1.962
-1.002 -2.473 0.258
2.343 -6.074 2.213
5.475 -5.660 2.140
-0.365 -10.210 2.022
5.455 -5.732 1.570
3.267 -2.929 2.174
1.495 4.482 2.174
5.542 -4.680 1.050
5.643 -3.530 0.962
1.044 -2.748 0.428
0.369 -6.394 2.224
-1.361 -10.120 1.843
-0.135 -5.705 2.226
-1.609 -5.302 2.226
1.620 -5.872 2.203
12.149 1.407 1.879
4.066 1.294 0.235
3.402 -5.396 2.216
5.724 -2.665 2.059
3.066 -0.677 2.125
5.959 -0.287 0.196
2.166 -6.131 2.211
2.392 -7.246 2.230
6.178 -0.940 2.210
6.095 1.075 0.967
-0.531 -2.690 0.127
1.091 -1.005 0.150
5.621 -4.007 1.603
-0.029 -7.043 2.228
-0.129 -6.125 2.226
0.881 -6.723 2.178
-2.066 -4.789 2.410
3.152 -4.942 2.207
4.074 -2.049 2.069
-2.195 -5.964 1.908
0.489 -7.930 2.252
5.449 -5.947 1.713
5.433 -5.610 1.276
4.321 1.272 1.684
-2.199 -6.032 2.209
-1.318 -6.683 2.229
4.185 1.274 0.129
2.036 -8.786 2.251
5.946 -0.592 1.589
-0.945 -5.869 2.235
-0.134 -5.793 2.235
1.693 -1.150 2.127
2.024 1.929 1.919
-0.997 3.391 2.174
-1.054 -6.153 2.226
-11.289 5.717 3.740
-2.090 -4.570 1.257
5.457 -5.683 1.924
3.570 -7.713 2.066
3.738 -5.990 1.333
5.644 -4.003 1.611
5.517 -5.126 1.786
-1.018 3.287 2.175
2.474 1.323 2.128
3.679 1.319 2.036
12.125 1.445 2.320
-1.348 2.095 0.109
0.431 -3.057 0.308
-1.477 1.774 0.672
0.668 -6.859 2.197
-1.644 1.072 1.365
-1.687 -1.477 1.908
-2.316 0.869 2.121
-1.670 1.741 1.690
-11.255 6.635 3.857
-1.917 -6.931 2.230
-0.367 -7.631 2.218
1.405 -7.870 2.238
-1.667 0.304 1.020
-0.671 -6.850 2.223
-0.053 -10.240 2.109
3.181 -10.849 2.003
-2.108 -9.967 2.107
6.127 -2.220 1.374
5.457 -5.748 2.025
-1.002 -5.582 2.223
-1.686 1.566 1.995
-0.650 -3.564 2.176
5.654 -3.034 2.220
6.465 -1.406 2.214
-0.182 -8.503 2.236
12.122 0.842 0.950
-1.407 3.131 0.116
4.413 1.194 0.530
1.311 4.820 0.719
12.136 1.291 1.989
-2.082 -4.714 1.490
-2.101 -4.912 1.934
5.746 -1.632 2.201
4.076 -2.128 1.870
-1.517 -7.335 2.229
-1.430 -8.170 2.241
2.998 -8.062 2.236
-1.026 -3.267 0.548
-2.076 -4.595 1.507
-0.558 -7.194 2.239
0.401 -7.299 2.232
0.843 -7.095 2.189
5.471 -4.954 2.233
-0.480 3.503 2.179
-11.535 2.791 3.938
-1.235 -6.318 2.227
-0.080 -6.272 2.229
-1.383 2.161 0.223
3.156 1.311 2.121
-0.323 -1.886 2.125
2.262 4.422 1.498
3.757 -5.825 1.702
5.666 -2.623 1.389
2.856 -0.241 2.123
2.469 -3.270 2.178
5.540 1.165 2.094
-2.119 -4.985 1.553
1.402 -7.706 2.239
4.747 1.233 1.022
3.053 -10.759 1.489
4.326 -0.075 0.518
0.745 -2.706 0.275
4.135 -1.339 0.338
5.596 -3.939 1.404
1.156 -6.861 2.192
-2.038 -4.573 2.430
-2.111 -4.921 1.729
-2.123 -5.118 1.795
-2.263 -6.625 2.268
5.462 -5.698 2.233
8.059 0.984 2.242
1.057 4.579 2.170
0.722 4.613 2.171
-2.574 0.969 2.124
2.992 -2.945 2.180
2.949 -5.620 2.217
-2.224 -5.979 1.446
1.088 -10.636 1.800
5.413 -6.298 1.829
12.147 1.565 1.952
5.730 -2.364 1.613
1.958 -5.544 2.202
2.289 -5.179 2.193
0.736 4.561 2.171
-1.608 -1.353 2.240
2.589 1.154 2.127
-1.322 -5.026 2.219
1.182 -5.311 2.217
-2.035 -3.781 0.643
-2.106 -4.636 0.769
-0.990 -2.476 0.192
-0.897 -2.665 0.197
-1.568 -2.380 0.020
-1.727 -0.042 0.885
-0.594 3.647 2.172
2.731 -1.070 2.125
-2.109 -4.977 1.684
5.964 -0.213 0.254
5.396 -6.365 1.344
1.844 -8.228 2.249
-1.924 -2.961 2.267
0.054 2.269 2.135
-0.496 -2.080 2.130
-3.629 -1.454 2.169
-1.137 -6.445 2.219
-0.788 -6.323 2.215
6.057 0.760 1.814
5.507 -4.943 1.163
-1.214 1.746 0.248
-1.382 2.123 0.251
-1.373 -2.410 0.133
-1.713 -1.049 0.507
2.222 4.050 1.890
-1.643 1.067 1.384
-1.156 2.844 2.179
-11.196 7.072 3.322
-1.591 0.740 0.523
4.770 1.233 0.858
0.504 4.917 0.819
5.693 -2.648 0.419
0.248 -6.164 2.231
0.672 -6.087 2.226
-1.310 3.924 2.269
-1.364 3.368 1.911
-1.575 -1.475 1.015
5.684 -2.753 1.266
2.349 1.424 0.598
0.765 -7.192 2.189
-0.002 -6.759 2.225
1.285 -6.571 2.198
1.619 -1.077 0.197
12.220 1.489 0.300
5.620 -4.089 1.014
1.673 -7.808 2.234
0.335 3.303 2.177
4.226 -0.428 2.112
-1.451 -5.800 2.227
-1.428 -6.012 2.230
-2.261 -6.509 1.568
-2.241 -6.731 2.445
2.709 -5.262 2.206
1.284 4.104 2.176
-11.531 3.044 3.939
-1.101 1.819 0.483
-1.600 0.925 0.227
0.459 3.296 -0.029
0.568 -2.673 0.085
-1.792 -1.395 0.721
-2.145 -5.401 1.771
-2.246 -6.404 1.876
3.143 -0.459 2.123
-1.713 0.366 1.519
2.072 2.406 1.227
2.059 -7.287 2.243
5.373 -6.594 1.945
5.670 -2.810 1.332
5.958 1.179 0.576
2.903 -7.099 2.226
-1.679 -1.476 1.685
-1.178 -1.563 2.125
3.673 -2.412 2.176
2.064 4.790 0.720
2.369 1.419 0.501
0.630 -8.814 2.241
-0.120 -5.392 2.221
-0.562 -2.275 2.124
5.795 1.148 2.089
12.084 0.730 2.021
3.746 1.326 0.158
-2.017 -4.055 2.162
-1.773 -1.475 2.008
-1.375 -2.090 2.122
-1.818 -0.266 1.517
0.481 -7.593 2.236
3.387 -8.599 2.253
-0.545 -7.112 2.226
-1.166 -7.442 2.232
5.620 -4.018 1.013
5.475 -5.113 1.955
-1.712 -0.434 0.679
-0.809 -5.630 2.229
1.156 1.596 1.710
3.555 -2.653 2.180
-1.738 -5.764 2.233
-1.346 -6.163 2.232
-0.563 -6.174 2.231
2.533 -5.527 2.204
5.765 -2.169 1.696
-2.343 -9.838 2.066
12.168 1.412 1.768
2.807 1.396 0.323
4.129 -1.437 1.773
1.355 4.531 2.171
3.206 0.510 2.123
-1.794 -4.925 2.230
12.134 0.974 1.103
-0.689 1.867 0.114
-1.566 -7.850 2.233
-1.045 -6.850 2.228
2.525 -6.458 2.217
2.165 -6.340 2.216
3.874 -4.408 1.948
-3.481 1.573 2.149
4.185 -1.121 1.815
-0.749 -7.802 2.234
0.424 -6.751 2.220
-0.183 -7.952 2.238
5.717 -2.996 1.826
-2.096 -4.724 0.992
12.179 1.719 1.790
-1.375 3.467 0.328
4.248 1.272 0.842
-1.617 0.893 0.466
5.596 -4.281 2.052
1.365 4.502 2.173
4.180 -0.980 2.031
2.655 1.359 2.126
2.892 1.190 2.127
-2.168 -5.558 2.131
-0.282 -6.158 2.219
0.014 -5.959 2.235
0.061 -10.252 2.169
5.947 -0.182 0.486
-1.282 -6.303 2.225
-1.669 -5.166 2.226
-1.298 -5.273 2.222
-1.312 -6.175 2.225
-0.518 -6.259 2.234
1.194 -5.937 2.214
3.358 -5.132 2.212
-2.015 -4.433 2.423
2.547 -3.249 2.181
-12.092 -3.114 3.913
1.907 -7.183 2.234
7.078 -2.166 2.241
1.015 -6.563 2.186
3.537 1.322 0.638
1.081 -2.469 2.127
-0.829 3.421 2.174
0.428 -5.535 2.225
1.496 -5.320 2.201
5.599 1.151 1.873
4.146 -2.126 0.228
1.059 -10.650 2.015
-1.559 -5.645 2.225
1.050 -6.016 2.217
5.837 0.209 2.196
-1.721 -0.161 0.882
-1.424 2.581 2.303
-3.231 -0.329 2.137
12.094 0.858 2.286
-0.862 -2.697 0.199
5.975 -0.225 0.237
-2.072 -4.229 0.629
5.505 -4.942 1.297
6.484 -2.242 1.518
-0.394 -6.629 2.233
2.265 -6.397 2.219
6.189 -1.585 2.218
0.456 3.602 2.173
-1.699 1.752 2.051
-2.029 -4.112 2.264
0.837 -6.543 2.193
-2.102 -4.809 0.991
2.374 -10.751 1.902
-1.264 -2.853 0.295
-1.023 -3.239 0.496
-0.308 -3.125 0.460
5.535 -5.159 2.001
6.839 -1.401 2.229
-2.434 1.240 2.131
-1.969 -3.542 2.227
-0.364 -5.842 2.227
-2.181 -5.724 1.292
-2.477 -9.819 2.119
-0.579 -10.180 2.208
12.159 1.440 1.904
2.011 -9.207 2.252
2.363 1.424 1.359
2.900 1.375 1.786
-1.772 -0.931 0.422
-2.046 -4.029 0.641
3.195 1.367 0.270
5.955 -0.163 0.328
-2.004 1.829 1.821
-2.353 -7.544 2.230
1.887 -7.430 2.234
0.909 -5.477 2.222
-0.383 -3.769 2.169
0.693 4.479 2.183
1.127 -6.007 2.216
5.996 -2.050 2.211
6.027 0.384 2.141
2.398 1.418 0.095
-1.360 -6.877 2.226
1.900 -5.759 2.205
5.394 -6.517 1.693
3.245 -10.828 1.567
5.975 1.119 0.203
2.759 -10.667 1.778
0.052 -6.800 2.230
1.283 -6.798 2.182
-2.253 -6.913 2.409
-1.480 -7.074 2.233
2.647 -6.667 2.212
5.910 -2.084 2.210
4.394 1.122 1.744
3.705 -6.473 2.095
6.934 -1.880 2.228
5.663 -3.240 1.268
5.486 -5.456 1.483
11.854 -1.148 1.875
-2.119 -5.002 1.430
-2.133 -5.389 1.708
2.077 2.275 1.169
-0.493 -5.133 2.229
1.344 -1.650 2.119
-1.574 1.181 1.424
2.028 4.435 2.179
-1.528 -1.477 0.898
5.449 -5.878 0.945
-11.252 6.485 3.910
1.769 -5.599 2.202
-1.572 1.180 1.034
1.245 4.129 2.175
0.411 4.371 2.171
2.189 -7.994 2.248
-1.188 -2.487 0.127
1.117 -10.634 1.395
1.312 -10.650 1.535
-1.977 -3.382 1.921
-1.338 3.626 2.122
1.380 -1.029 2.125
1.369 1.377 2.125
6.111 1.099 0.450
2.861 -4.561 2.204
0.372 4.382 2.179
-1.833 -1.077 1.335
-1.769 -1.480 1.418
-1.629 -5.256 2.224
4.197 1.271 1.413
5.399 1.184 1.847
2.671 -10.735 2.046
8.533 1.163 2.225
-1.851 -7.037 2.227
-1.558 -6.558 2.231
0.143 -6.879 2.229
6.029 -2.177 2.185
6.489 -0.852 2.217
2.731 -0.863 2.125
-2.332 1.221 2.120
0.907 4.812 1.774
-2.316 -7.094 2.152
12.096 0.919 2.200
0.963 4.171 2.171
-1.709 1.715 1.118
2.119 -6.077 2.194
-11.218 7.047 2.990
5.395 -6.091 1.596
3.758 -5.603 1.333
-1.359 2.093 0.023
1.128 1.601 0.154
-1.590 -10.113 1.201
3.661 -6.884 2.106
0.151 -5.437 2.222
-0.584 -5.519 2.220
2.803 1.267 2.129
-1.375 3.349 2.268
0.492 4.859 2.196
-2.187 -5.774 2.309
6.134 -1.199 2.211
-1.681 0.914 0.479
2.839 -4.959 2.199
3.505 -4.528 2.208
2.313 -3.213 2.179
-0.180 1.775 0.347
2.946 1.373 0.493
1.403 -6.299 2.216
1.728 -6.332 2.210
3.930 -3.921 1.937
1.209 4.824 1.985
5.927 -1.393 2.201
4.380 1.147 1.746
-0.927 1.774 0.569
0.828 -2.907 0.184
-0.462 -7.768 2.228
1.353 -0.953 2.127
0.770 1.574 1.853
-1.728 -1.475 1.374
-1.753 -3.795 2.219
-0.185 1.775 0.864
6.236 -2.041 2.219
1.100 -2.772 0.461
-2.082 -4.568 1.334
1.889 -9.539 2.255
3.621 -7.188 1.950
-1.022 3.005 2.176
6.380 -2.244 2.072
-11.273 6.084 4.005
12.195 1.832 2.045
-1.312 0.454 0.108
5.726 -2.543 0.552
2.936 1.374 0.533
-0.984 1.791 0.625
-1.500 -5.908 2.230
5.932 -1.801 2.204
5.686 -0.261 2.197
-1.613 1.591 1.947
5.904 -0.579 2.201
1.614 -8.575 2.254
3.455 -8.393 2.254
4.154 -1.124 0.607
-1.622 0.854 0.488
0.355 -8.172 2.240
1.519 -7.011 2.219
-2.067 -4.628 2.087
0.752 -10.595 1.418
2.330 1.421 1.428
-1.771 -1.481 1.638
-0.032 2.271 2.139
2.181 1.347 2.126
-1.665 -5.603 2.229
5.464 -5.492 1.707
0.074 -5.715 2.230
-0.384 -5.883 2.227
-1.223 1.780 1.090
1.986 -0.647 2.125
5.488 -5.539 1.469
5.946 -0.493 0.301
0.322 -7.518 2.240
1.308 -6.663 2.185
0.814 -7.322 2.208
1.001 -7.966 2.249
0.986 -2.620 0.231
-0.916 -7.760 2.236
2.939 1.373 1.148
-0.851 -5.102 2.222
-0.554 -5.109 2.219
0.955 -5.951 2.217
-11.206 6.868 3.259
0.721 -2.836 0.396
12.109 0.854 1.924
7.880 -1.462 2.250
3.459 -4.531 2.215
2.866 -5.634 2.213
1.445 -1.274 2.126
1.230 -7.657 2.230
4.184 -1.292 0.332
-1.681 1.761 -0.072
-1.617 -1.476 0.677
-1.682 -1.480 1.809
-0.977 1.723 2.028
-1.375 -2.034 1.751
0.848 -3.002 0.180
-1.685 1.773 0.186
5.414 -6.114 2.172
5.530 -5.092 1.944
0.497 -5.726 2.224
1.472 -1.729 2.133
1.620 -0.945 2.126
1.512 -5.770 2.207
12.123 0.936 1.761
2.662 0.905 2.125
0.124 -3.713 2.177
-2.119 -5.082 2.340
5.838 1.158 1.916
1.495 4.827 1.620
-0.330 -8.096 2.236
0.145 -8.104 2.242
1.755 -7.878 2.243
2.252 -7.764 2.236
5.476 -5.565 1.884
6.954 -2.280 1.653
-1.599 -10.083 1.450
12.205 1.846 1.784
1.965 -6.448 2.217
-0.723 -6.527 2.242
0.596 -6.596 2.207
0.978 -2.677 0.134
5.650 -3.655 0.879
-0.954 -7.980 2.231
-1.428 3.066 1.216
4.126 -1.611 1.900
4.177 -0.928 1.846
-1.478 2.522 1.168
4.246 1.271 1.375
-2.145 -5.318 1.300
0.790 -5.488 2.222
3.046 -4.654 2.204
3.251 -4.666 2.202
5.869 -0.773 2.206
3.612 1.322 1.764
1.862 4.398 2.175
1.213 4.373 2.176
-1.974 -3.516 2.255
-1.370 3.183 2.318
1.428 1.450 2.127
-1.434 -2.695 0.190
2.145 -6.018 2.206
3.205 -5.578 2.220
2.965 -4.826 2.200
2.017 -6.828 2.220
2.870 -6.542 2.218
-2.157 -5.231 0.980
3.169 -10.839 1.938
-1.705 -0.073 0.240
5.480 -5.439 1.141
12.161 1.576 2.223
1.839 1.931 2.126
-1.900 -6.057 2.229
0.670 -5.374 2.220
-0.565 -5.671 2.223
4.383 0.943 1.802
-1.255 -1.479 2.124
-1.880 -5.680 2.231
2.165 -5.909 2.209
5.979 -1.026 2.210
-2.180 -9.846 2.184
2.339 -10.760 1.960
2.876 -10.793 2.194
5.601 -4.187 1.072
5.662 -3.644 1.021
-11.182 7.112 3.854
-0.057 -6.207 2.222
0.026 -5.942 2.220
2.278 -5.372 2.200
1.738 4.370 2.177
2.031 1.817 1.545
1.431 -0.791 2.125
-1.574 1.156 1.000
-3.685 1.991 1.868
-1.646 -4.749 2.222
1.133 -9.062 2.246
5.632 -4.101 1.925
5.942 -0.213 0.543
-0.631 -6.611 2.225
0.579 -6.880 2.194
5.803 -2.155 2.168
0.999 -7.606 2.230
1.785 4.775 1.793
0.615 4.041 2.175
-0.833 -1.626 2.123
6.492 -0.705 2.213
12.115 1.048 1.883
-1.294 -5.998 2.229
1.464 -5.792 2.206
3.110 -4.580 2.202
0.631 -6.037 2.227
5.576 -4.153 1.220
5.378 -6.627 1.791
-1.726 1.762 0.150
5.970 -0.155 0.637
5.675 -2.312 1.177
2.216 -6.106 2.202
-1.629 1.128 1.609
4.025 -2.684 1.844
5.384 -6.595 1.523
4.226 -1.101 0.650
-1.068 1.352 2.125
2.137 -0.467 2.125
4.380 1.120 2.163
0.993 4.764 1.950
-1.864 -6.046 2.249
5.976 -0.258 1.896
-1.401 2.565 0.588
-2.153 -5.435 1.504
-1.500 -5.994 2.230
1.168 4.409 2.178
2.583 -8.705 2.251
3.647 -6.896 1.917
2.212 4.772 0.785
4.328 -0.086 0.548
-1.102 -6.001 2.242
-1.606 1.656 1.946
-0.958 1.725 2.126
1.248 -4.732 2.202
-0.823 -7.091 2.228
5.975 -0.661 2.201
-1.664 -1.141 2.331
3.767 -5.667 2.086
6.082 1.113 1.424
5.548 -4.507 0.954
1.439 -0.926 2.127
1.871 1.402 2.127
-1.905 -0.856 1.570
7.035 -2.266 2.233
-2.204 -5.802 1.386
1.438 4.831 2.021
-2.192 -5.735 1.697
2.274 -6.655 2.225
1.410 -6.664 2.188
-1.804 -0.597 0.973
2.065 3.254 2.156
5.447 -5.861 1.458
-2.087 -4.731 1.615
-1.899 -7.717 2.232
2.690 -7.870 2.233
6.620 -1.611 2.227
0.948 -6.685 2.189
3.592 -4.990 2.211
6.491 -1.557 2.214
-1.664 0.429 0.272
0.248 -5.923 2.226
4.276 0.101 1.973
-0.652 -5.868 2.228
6.269 -1.402 2.223
2.494 -10.765 2.001
5.480 -4.985 1.410
4.196 -1.242 0.573
-1.562 1.154 1.631
1.565 -5.614 2.200
3.684 -3.344 2.197
-1.374 -2.026 0.110
1.537 -7.575 2.244
5.887 0.562 2.192
-0.967 -5.068 2.220
-1.875 -6.368 2.227
0.985 -5.305 2.223
1.282 -5.299 2.218
2.272 0.242 2.125
2.921 0.950 2.129
-3.516 -1.374 2.161
1.750 -3.620 2.175
1.219 4.582 2.182
2.387 -5.166 2.199
-1.367 -1.951 0.020
-1.632 0.724 0.207
3.505 1.336 0.286
-2.087 -4.841 1.811
2.243 4.022 1.764
0.537 -3.926 2.174
2.005 -0.581 2.128
2.558 1.085 2.125
-1.047 -3.393 2.175
-4.846 -1.859 2.194
2.426 -5.139 2.199
1.091 -5.752 2.216
2.241 1.424 0.016
-2.192 -6.038 2.265
0.591 -6.712 2.202
1.617 -6.667 2.209
1.410 -8.465 2.243
1.387 4.778 0.502
1.316 -7.889 2.241
3.680 -6.709 2.151
1.863 -7.795 2.249
4.065 -1.724 2.175
3.551 -4.920 2.206
7.684 -1.871 2.246
1.285 -1.079 0.166
2.777 -4.629 2.205
3.547 -4.227 2.203
-1.402 -5.373 2.227
-0.651 -5.531 2.228
0.601 -5.919 2.225
2.085 -6.149 2.212
2.587 -6.075 2.214
5.720 -2.268 1.861
0.263 -3.216 0.424
-1.404 3.373 0.087
-1.924 -3.039 0.615
12.160 1.495 0.930
-1.364 -10.098 1.356
0.374 -6.933 2.230
-1.676 -0.514 1.909
1.049 -6.954 2.193
0.695 -6.343 2.227
-1.007 -2.562 0.100
2.612 -8.855 2.240
3.836 -5.150 1.671
1.558 4.347 2.172
0.498 4.436 2.173
-1.406 -10.089 2.268
-1.379 3.485 0.669
12.179 1.660 0.819
5.955 1.129 0.442
-2.107 -4.773 0.881
3.037 -10.808 2.178
5.522 -5.050 1.716
0.866 -6.184 2.212
2.794 -5.284 2.210
2.030 -0.430 2.127
2.664 0.618 2.127
-1.390 2.716 2.073
3.047 1.376 1.745
-0.446 -5.405 2.224
3.778 -4.248 2.212
5.621 -0.859 2.207
5.756 1.111 2.194
3.713 -6.458 1.943
2.819 -10.609 1.490
2.509 1.429 0.340
-1.421 -10.103 1.398
2.452 -6.668 2.222
-1.766 -2.917 2.286
2.459 0.296 2.128
2.227 4.006 1.834
0.198 -7.804 2.213
-2.142 -5.256 1.821
-0.925 1.713 0.455
0.837 -10.623 1.362
3.452 -7.615 2.234
5.407 -5.873 2.235
1.029 -4.892 2.207
1.107 4.414 2.176
1.921 1.471 1.736
2.075 -0.477 2.126
1.842 1.432 2.127
-2.093 -4.548 1.155
-2.101 -4.729 1.172
5.390 -5.896 1.871
0.798 -5.726 2.221
1.685 1.425 2.126
0.330 -6.065 2.223
5.427 -3.465 2.215
5.799 1.152 2.067
1.089 4.828 1.576
-2.043 -3.797 0.578
4.280 1.266 0.132
-2.224 -6.166 2.316
-0.405 -6.929 2.226
5.721 -2.239 2.004
5.833 -1.696 2.215
2.247 -7.493 2.236
2.128 2.940 1.309
5.939 -0.581 2.053
-2.687 0.586 2.137
-0.821 -10.168 1.977
-1.401 1.779 0.334
-1.375 -1.965 0.322
-1.597 1.229 -0.019
-0.982 -2.586 0.084
0.939 -3.033 0.176
3.599 -7.533 2.082
3.653 -6.761 1.952
1.803 -0.919 2.126
-2.126 -5.239 2.228
-0.575 -6.890 2.228
-0.152 -5.968 2.226
0.260 -5.929 2.225
-1.677 -0.571 2.038
2.024 1.934 1.035
1.726 -7.329 2.232
5.490 -5.322 1.548
-1.922 -3.006 0.575
5.500 -5.291 1.037
5.723 -2.324 0.577
-1.379 2.737 0.366
0.423 -2.912 0.298
-1.432 3.028 0.412
0.765 -10.614 1.517
2.074 2.435 1.127
2.075 2.529 1.941
-1.776 -1.207 1.772
3.602 -2.447 2.180
8.239 0.958 2.219
-0.080 -7.976 2.242
2.255 4.392 1.618
-1.169 2.743 2.177
1.675 -0.853 2.127
-0.490 3.437 2.176
2.855 -5.102 2.205
7.253 -2.192 2.242
5.402 -6.006 1.617
-2.133 -5.130 2.013
-0.290 -5.949 2.222
-1.376 3.375 1.680
0.944 1.576 1.826
0.371 3.201 2.179
5.677 1.169 2.071
6.340 -1.345 2.214
-1.376 2.669 0.262
-1.717 -6.114 2.232
1.510 -6.565 2.200
1.957 -6.263 2.210
1.463 -1.162 2.126
2.523 0.636 2.125
1.367 4.838 1.896
9.084 1.103 2.231
5.380 -6.406 1.364
2.375 -7.390 2.230
7.311 -2.294 2.225
-1.796 -3.347 2.275
1.862 -0.956 2.122
2.323 -0.247 2.127
-3.333 -1.340 2.170
1.568 -6.693 2.217
3.445 -6.239 2.216
-0.931 -10.155 2.220
0.584 -10.603 2.096
6.121 -2.212 1.312
4.141 -1.319 0.221
0.119 -10.261 2.175
-2.142 -5.379 2.294
0.252 -3.816 2.173
-1.579 1.138 2.000
1.763 -3.399 2.176
1.403 4.426 2.176
-2.028 -4.101 1.843
0.194 -5.904 2.229
-1.013 -5.487 2.224
2.632 -5.530 2.201
4.038 -2.909 0.549
1.004 -6.136 2.219
-0.502 -6.046 2.228
-1.373 -2.049 2.054
2.021 1.937 1.621
-1.931 -3.078 0.645
5.754 -2.814 0.660
0.835 3.426 0.108
-1.071 -2.590 0.267
12.105 0.742 1.927
4.273 1.272 1.694
0.746 4.224 2.170
-11.337 5.525 3.980
1.580 -8.204 2.254
3.143 -8.188 2.241
3.658 -6.844 1.988
-1.806 -5.709 2.232
3.923 -3.910 1.825
-1.726 0.156 0.494
-2.113 -4.713 1.199
-2.582 -9.773 2.136
-2.050 -9.856 2.258
5.147 -9.454 1.972
12.130 1.307 1.805
2.740 -5.031 2.205
1.025 4.786 2.192
-2.090 -4.722 2.129
-2.201 -5.978 1.747
4.738 1.238 0.925
4.274 1.275 0.116
5.622 -3.925 0.603
5.496 -5.136 1.349
-1.754 -6.294 2.239
2.098 -6.278 2.204
-1.013 -6.792 2.234
3.889 -4.069 1.796
5.731 -2.432 0.544
-1.318 -1.458 0.202
12.160 1.616 0.712
-1.436 1.034 2.264
-3.362 1.588 2.149
-1.778 -1.270 0.949
1.911 1.535 0.397
2.101 4.768 0.702
-1.076 -2.743 0.096
-2.039 -3.746 0.565
-11.228 6.307 3.629
3.787 -3.988 2.201
-0.908 -5.758 2.222
2.536 -5.866 2.213
5.873 1.105 2.188
1.778 -9.020 2.246
5.535 -4.619 1.272
-1.366 -1.975 0.386
-1.196 -10.127 1.141
4.238 -1.385 0.164
1.038 4.661 0.363
1.978 4.802 0.583
1.016 4.828 2.024
1.610 -1.012 2.125
-1.376 -1.947 1.145
2.930 -9.020 2.255
0.003 -3.111 0.489
-0.190 -7.525 2.235
0.286 -7.541 2.227
0.824 -7.513 2.239
0.682 -10.607 2.013
12.165 1.615 2.002
0.988 -2.994 0.181
2.684 -10.595 1.412
-1.921 -3.817 2.399
-1.531 -1.476 0.939
3.189 -5.163 2.213
3.544 -4.955 2.208
0.418 4.908 0.853
1.477 -1.042 2.126
-0.764 -5.425 2.225
3.923 -3.763 2.059
3.975 -3.172 2.028
-1.673 -8.062 2.236
5.543 1.179 2.045
-2.436 1.135 2.134
-1.675 0.479 1.443
0.785 4.698 0.923
3.558 -7.524 2.239
-1.466 -5.229 2.216
-1.306 -5.575 2.224
0.392 1.654 1.671
1.453 -0.752 2.127
-0.526 3.320 2.177
-1.851 -3.731 2.309
6.074 1.085 1.997
-2.157 -5.414 1.268
-0.059 -10.230 2.187
0.663 -2.712 0.384
-1.144 -5.410 2.226
-0.052 -5.873 2.223
0.786 -5.932 2.221
1.034 -5.669 2.226
2.274 -5.022 2.194
6.470 -0.878 2.212
4.764 1.238 1.827
-0.451 1.826 0.670
-2.230 -6.425 1.778
5.964 0.017 0.626
12.131 0.965 1.151
1.532 -6.374 2.205
6.691 -1.951 2.240
5.488 -2.403 2.207
0.061 -7.407 2.227
6.006 -2.185 2.113
0.679 4.457 2.160
0.791 -1.953 2.119
4.858 1.235 1.542
-1.686 0.478 0.624
12.086 0.664 2.071
0.015 -3.843 2.174
1.651 4.335 2.178
-0.930 -5.674 2.222
-0.670 -5.536 2.221
-0.282 -5.584 2.219
2.282 4.615 1.574
4.411 0.854 0.671
0.731 -10.613 1.286
-1.355 3.483 0.165
5.687 -1.949 2.199
1.517 -8.935 2.248
2.706 -10.702 1.868
5.492 -5.013 1.296
12.194 1.569 1.782
-1.768 -6.434 2.231
-0.700 -7.557 2.240
1.275 1.570 0.555
5.631 -3.848 1.296
2.707 -10.609 1.480
12.129 1.397 2.214
-1.309 -5.755 2.222
-1.831 -5.284 2.227
0.979 4.438 2.175
-1.311 2.992 2.366
-1.624 0.674 0.604
5.883 -2.200 1.221
4.273 -0.429 0.199
-1.609 1.042 0.219
0.247 -10.265 1.976
-0.003 -6.383 2.225
5.623 1.156 2.027
-1.699 1.456 2.002
0.417 -5.755 2.222
1.035 -5.508 2.223
-2.115 -5.010 1.521
3.741 -5.863 1.610
1.943 -7.741 2.245
0.203 -10.264 1.618
1.020 4.840 2.030
2.275 4.559 1.710
1.391 -1.177 2.126
-1.005 -6.872 2.234
3.496 -8.372 2.247
5.284 -5.507 2.247
1.256 4.822 1.677
2.162 -6.715 2.213
-1.372 2.367 0.247
4.736 1.239 1.528
0.041 -5.876 2.221
0.462 -5.834 2.219
-1.985 -3.594 2.327
-1.576 -5.688 2.224
1.724 -5.506 2.196
0.023 -6.244 2.224
3.067 1.379 1.117
-2.104 -4.882 1.328
4.137 -1.305 0.781
-2.882 -1.003 2.146
1.327 -7.047 2.177
2.301 4.650 1.761
-1.808 1.759 1.530
2.086 -7.683 2.235
4.508 1.206 0.701
-0.885 -0.673 0.127
5.552 -4.668 0.939
-2.210 -6.271 1.717
-2.534 -9.801 2.160
5.388 -6.583 2.150
5.564 -4.501 1.815
7.287 -1.556 2.230
4.194 -0.734 1.722
-1.340 -5.697 2.228
1.159 -6.193 2.221
6.417 -1.731 2.218
5.721 -2.194 1.025
5.486 -5.556 1.857
-1.163 -10.135 2.175
-1.782 -1.289 0.281
5.769 -2.855 0.260
0.989 -2.645 0.358
12.116 0.875 1.073
-2.193 -5.963 2.309
-1.435 -4.887 2.221
2.958 -5.374 2.212
5.576 -2.390 2.207
6.132 -2.191 2.130
5.389 1.194 2.041
-2.046 -3.953 0.684
12.181 1.491 0.399
4.820 1.224 1.195
-1.440 -6.791 2.240
1.246 -6.585 2.188
-1.700 1.745 1.753
2.268 4.530 1.954
3.489 -8.199 2.248
-1.677 0.675 0.755
-2.182 -5.813 2.339
0.507 -4.889 2.202
6.236 -1.698 2.216
3.701 1.329 1.148
6.419 -1.305 2.208
5.429 -5.785 1.561
7.578 -2.330 2.122
-1.954 1.825 1.904
0.332 -5.859 2.223
-0.223 -10.232 2.078
1.956 -6.338 2.207
3.758 -5.003 2.216
4.140 -2.068 1.762
6.506 -1.796 2.222
-0.929 -5.027 2.225
0.879 -5.334 2.221
-2.261 -6.484 2.099
1.167 -9.091 2.247
5.379 -6.521 1.806
3.717 -6.215 2.150
6.212 -2.179 2.195
2.362 -7.720 2.245
-1.801 -0.834 1.609
-1.676 0.173 1.573
-2.141 -5.223 1.932
-1.033 -6.990 2.218
5.468 -5.638 2.072
1.184 4.554 0.388
-1.682 -10.082 1.122
1.151 -8.780 2.257
8.729 0.624 2.238
1.954 4.776 1.698
1.346 4.833 2.160
3.648 1.319 1.939
1.001 4.430 2.180
0.002 -6.346 2.224
-1.248 -5.962 2.224
6.820 -1.904 2.244
6.020 0.429 2.007
6.082 0.921 1.918
-11.342 5.391 3.790
0.289 -10.271 2.201
3.624 -7.326 2.070
5.677 -3.355 0.996
-1.678 -10.091 1.060
4.147 -1.115 0.554
12.125 0.915 1.023
5.962 1.144 0.410
3.854 1.308 0.310
0.969 4.736 2.030
-1.916 -0.773 1.670
1.371 -1.670 2.145
-0.127 -3.657 2.176
5.712 -3.004 1.662
5.523 -5.012 1.245
-0.527 -7.133 2.225
3.690 -6.588 2.044
-0.609 3.289 2.178
-1.744 -10.083 2.044
3.514 -8.421 2.051
0.992 -2.833 0.392
0.934 -2.965 0.179
12.158 1.550 1.920
5.758 -2.324 0.621
5.766 0.072 2.198
-1.061 -8.805 2.247
-0.565 -8.375 2.245
2.433 -6.332 2.211
3.266 -5.664 2.219
2.409 1.415 0.212
4.860 1.221 1.383
0.899 4.231 2.173
1.814 -0.630 2.126
1.072 -2.218 2.239
0.725 -6.700 2.203
7.406 -0.986 2.238
-1.244 -10.137 2.067
-1.124 -10.147 1.898
12.114 0.927 2.125
12.175 1.731 2.031
-1.213 1.803 0.131
8.653 -2.447 1.456
5.526 -5.068 1.822
-0.409 -5.289 2.223
-0.592 3.229 2.177
-2.156 -5.245 1.431
3.721 -6.051 1.663
5.684 -3.316 1.041
5.532 -5.128 1.659
12.189 1.216 1.219
1.551 -5.986 2.212
3.346 -5.269 2.214
3.441 -5.151 2.213
0.417 4.110 2.176
-3.295 1.953 1.905
-11.244 6.456 3.496
5.582 -4.404 1.453
6.162 -2.218 1.639
5.966 -0.103 0.334
1.033 -10.630 1.513
5.426 -5.092 2.239
-1.763 -2.790 2.298
-2.027 -4.066 2.282
2.924 -5.850 2.211
5.474 -5.016 2.228
12.102 0.855 2.185
-2.157 -5.558 1.742
1.152 -8.281 2.250
0.803 -5.409 2.220
-1.347 -5.843 2.229
5.656 -2.512 1.718
6.350 -0.795 2.224
-2.079 -4.495 1.129
-2.484 -9.823 2.177
-2.365 -9.835 2.080
5.655 -3.774 1.508
0.717 4.752 0.727
0.273 -6.103 2.230
1.379 -1.362 2.127
1.335 4.149 2.177
-1.488 -4.980 2.228
3.136 -10.839 1.582
5.971 -0.245 0.610
2.174 -6.245 2.207
2.494 -6.200 2.215
5.608 -3.560 2.216
6.539 -2.249 2.165
12.135 1.120 1.706
-0.848 -7.446 2.231
-2.213 -6.219 2.246
1.909 -6.144 2.193
-0.682 -3.151 0.134
3.647 -6.860 1.922
0.479 3.165 2.175
-1.221 -5.536 2.224
-0.513 -5.565 2.220
6.258 -2.212 1.995
1.393 4.827 0.902
0.946 4.814 0.314
3.722 -4.980 2.202
3.245 -5.443 2.220
2.406 -5.807 2.205
1.810 -7.734 2.231
3.713 -6.380 1.853
2.083 2.706 0.469
-1.481 2.577 1.210
3.676 1.326 1.617
-2.169 -5.630 2.048
5.445 -5.486 1.958
-1.146 -6.387 2.239
2.405 -7.076 2.232
0.728 -2.663 0.132
3.596 -3.627 2.200
1.680 -3.468 2.176
-0.417 -10.197 2.233
6.495 -2.250 1.549
-2.115 -4.937 2.003
1.401 -6.023 2.222
1.229 -3.763 2.179
5.959 0.527 2.195
6.475 -2.216 2.201
-2.109 -5.031 2.357
-0.407 -5.214 2.227
1.495 -7.756 2.230
5.466 -5.586 2.226
-1.329 2.411 0.011
6.686 -2.251 2.189
-0.106 3.525 2.175
-1.758 -5.830 2.233
-1.732 -6.262 2.228
3.827 -5.105 1.847
-0.311 -10.211 2.073
1.373 -9.491 2.247
0.673 4.525 2.178
1.568 4.229 2.176
-1.574 0.416 1.758
1.509 4.203 2.177
-1.781 -4.976 2.226
-0.449 -5.338 2.221
6.936 -1.849 2.239
5.972 -1.092 2.197
5.822 0.843 2.192
12.111 0.902 1.881
-1.306 1.973 0.246
-1.365 2.794 0.103
0.444 -10.291 1.687
1.225 -6.493 2.199
6.694 -1.804 2.228
0.347 -6.864 2.233
-0.199 -8.062 2.245
0.411 -8.140 2.232
5.735 -2.395 1.260
0.906 4.872 0.825
6.323 -1.238 2.217
1.886 1.929 2.131
2.556 -10.747 2.008
0.454 1.621 0.292
3.828 -5.157 1.677
0.818 3.128 2.176
2.547 -5.906 2.203
5.841 -1.427 2.197
4.231 1.281 1.433
5.526 -4.979 1.559
5.665 -3.654 0.280
-0.882 3.401 2.174
6.091 -0.609 2.188
4.296 -0.231 0.521
0.827 -2.678 0.255
2.302 -6.557 2.215
0.492 -6.983 2.216
6.790 -1.436 2.222
5.881 0.012 2.190
3.925 -3.874 1.802
7.339 -1.360 2.237
5.499 -5.105 1.055
-1.479 2.262 1.018
-2.431 1.198 2.133
5.628 -4.120 1.960
6.598 -2.254 2.039
5.546 1.181 1.836
0.472 -10.390 2.023
-1.365 2.749 0.219
-0.273 -10.233 2.009
2.950 1.372 1.258
-0.899 1.432 2.127
0.193 -5.121 2.221
0.576 4.877 0.802
5.586 -4.295 1.322
-2.016 -4.079 1.933
6.128 -1.558 2.210
5.723 -1.462 2.217
-1.636 1.682 -0.084
0.369 -3.056 0.328
2.177 4.712 0.601
-1.723 -10.086 1.489
-0.460 -6.681 2.231
0.347 -7.006 2.227
0.967 -6.411 2.225
3.292 -5.747 2.222
3.055 -5.898 2.215
3.366 -5.689 2.219
-1.317 -1.504 1.265
-1.631 0.499 1.751
-1.837 -0.773 0.743
2.140 1.424 0.068
5.557 -4.451 1.079
-1.787 -6.569 2.226
3.227 -5.853 2.223
-1.056 -10.154 1.979
7.336 -2.345 1.517
-2.360 -7.777 2.219
0.209 -8.908 2.241
5.338 -6.786 2.242
3.634 1.325 1.848
-1.590 -5.339 2.224
-1.134 -5.771 2.225
-1.451 -5.734 2.236
6.363 -1.207 2.213
6.470 -0.730 2.213
-1.272 3.575 2.396
-1.833 -7.737 2.241
1.100 -8.771 2.244
1.954 -7.098 2.226
2.438 -6.565 2.211
-2.156 -5.467 1.960
2.839 -10.603 1.405
5.528 -4.827 0.969
-1.914 -3.010 2.041
-0.153 1.710 1.671
2.026 1.864 1.957
-3.513 -1.297 2.155
0.531 -5.754 2.226
3.222 -9.013 2.249
3.534 -8.132 2.076
3.606 -7.059 1.887
3.732 -5.902 1.479
2.618 -9.212 2.258
-0.304 -5.676 2.226
0.656 -6.382 2.225
4.378 1.115 2.027
-0.632 -2.198 2.122
2.131 3.011 1.943
-1.974 -3.392 1.729
-1.925 -2.998 1.072
6.116 -2.206 1.360
4.239 1.279 0.438
-1.962 -3.249 0.345
-2.170 -5.599 2.076
-1.769 -1.275 1.748
-1.597 -0.910 2.276
5.988 0.783 2.203
-1.426 3.041 1.234
0.028 -8.328 2.235
3.243 -7.642 2.229
12.170 0.977 0.360
3.220 -10.826 1.694
-2.624 -0.185 2.126
-1.371 3.300 2.218
-1.376 3.435 1.485
-2.027 -3.838 0.972
0.438 3.323 -0.015
-1.949 -3.208 0.420
-0.358 -5.494 2.221
5.732 -2.226 2.190
1.098 -6.330 2.222
-0.357 -6.281 2.237
2.160 1.395 2.125
-1.561 -0.835 2.241
4.225 -0.273 0.954
3.764 -5.534 2.116
2.412 1.425 1.777
-1.619 1.860 1.579
4.346 1.276 1.815
-1.090 -6.350 2.239
-1.047 -6.541 2.221
0.320 -2.715 0.198
-2.167 -8.427 2.237
1.929 -8.139 2.246
7.206 -0.831 2.239
2.829 0.921 2.127
0.487 3.236 2.175
1.869 4.319 2.173
-1.597 -5.541 2.229
2.034 -6.509 2.201
-0.807 -5.948 2.225
-0.383 -6.051 2.218
0.188 -5.632 2.216
3.491 -6.144 2.224
3.354 -5.043 2.208
-2.400 -9.830 2.290
-0.899 -10.174 2.133
5.680 -3.173 0.964
4.276 1.273 0.737
5.494 -4.830 1.128
5.599 -4.256 1.062
12.097 0.918 2.300
1.875 -5.902 2.206
-1.827 -1.074 0.861
6.000 -1.455 2.211
6.081 -1.051 2.207
4.309 1.271 1.745
4.194 -0.214 1.743
1.927 1.454 0.534
3.137 -10.841 1.768
12.147 1.152 0.866
12.140 1.273 1.133
1.019 -6.496 2.187
6.956 -2.293 2.212
2.147 4.217 2.174
-1.372 3.213 2.223
-1.414 2.732 2.072
1.104 3.673 0.151
0.658 -6.019 2.226
0.223 -3.634 2.176
1.068 -9.238 2.241
0.961 3.260 -0.037
12.110 1.055 2.073
5.754 -0.172 2.202
-0.236 -6.218 2.226
0.099 -6.425 2.231
-1.367 3.366 2.082
-1.452 -6.259 2.230
0.660 -7.598 2.243
5.728 -2.399 1.710
1.469 -1.032 0.206
-1.474 -10.104 1.120
0.190 -3.211 0.475
4.063 -2.651 0.617
-2.185 -5.818 2.381
-1.454 -5.198 2.220
1.153 4.128 2.175
2.275 4.541 2.132
-1.814 -3.539 2.277
3.972 -1.977 2.175
6.780 -2.271 2.039
-1.621 -9.536 2.243
3.012 -5.267 2.211
2.695 -5.495 2.208
-2.123 -5.307 2.426
-12.059 -2.783 3.989
-1.317 -7.943 2.232
0.251 -2.277 0.114
-1.715 -1.021 0.942
2.029 1.797 1.657
4.126 -1.529 1.866
-2.035 -6.579 2.226
-0.586 -7.080 2.239
-1.786 -1.479 0.112
12.113 0.950 2.052
2.299 -7.696 2.239
0.729 4.856 2.113
3.039 -10.814 1.975
5.944 -0.110 0.202
3.566 -4.333 2.202
0.499 -3.708 2.176
-1.434 -5.165 2.221
6.057 -2.205 1.196
1.618 -3.474 2.178
-2.071 -4.583 2.307
5.848 0.403 2.194
5.726 -2.531 0.478
4.134 -1.326 0.592
1.691 -7.354 2.239
-2.120 -5.047 2.221
-2.631 1.304 2.144
2.027 1.824 0.514
0.866 4.399 2.169
-1.528 -5.313 2.213
0.941 -5.358 2.224
-0.759 -5.604 2.226
3.648 -4.632 2.206
6.926 -2.287 2.131
3.880 -4.240 1.821
6.223 -1.431 2.211
3.759 -5.769 1.567
-2.085 -4.458 0.625
-1.094 -2.569 0.199
-0.903 -5.091 2.218
12.131 1.260 2.157
5.384 -5.790 2.249
-0.161 -2.104 0.228
5.657 -3.619 1.326
2.445 -7.017 2.236
2.847 -6.522 2.217
2.259 4.011 1.785
-1.105 -7.503 2.226
0.249 3.427 2.177
-2.138 -5.274 2.042
3.716 -6.296 2.119
2.787 -10.766 2.239
-1.555 -10.096 2.149
-1.359 -1.764 0.567
5.634 -3.669 1.303
2.691 -5.032 2.202
6.063 -0.668 2.203
1.169 -5.328 2.222
-1.429 -2.458 0.064
1.797 -1.126 0.253
-2.324 -7.559 2.452
2.914 -7.940 2.247
5.140 -9.410 1.868
4.126 -2.121 0.231
12.181 1.519 0.813
3.702 -6.143 2.094
2.141 2.940 1.098
3.669 1.323 1.785
1.928 4.780 2.160
5.333 -4.556 2.231
1.736 -1.069 0.201
3.821 -5.158 1.667
5.528 -5.026 1.944
0.341 -5.685 2.227
0.687 -5.584 2.224
1.120 4.272 2.166
-0.066 -3.799 2.174
-0.018 -5.605 2.226
0.110 -5.845 2.230
5.700 -3.055 1.062
-1.928 -2.988 0.494
1.990 1.480 0.074
0.380 1.676 0.132
5.367 -6.668 1.853
6.454 -2.235 1.556
2.806 -5.605 2.214
3.212 -5.228 2.220
6.432 -1.104 2.206
3.185 0.886 2.125
3.050 1.376 1.222
5.533 -3.093 2.208
5.733 -2.674 2.185
3.548 -8.029 2.132
-0.502 -2.808 0.106
-2.212 -5.996 1.706
-2.174 -5.637 1.860
2.484 -6.777 2.219
2.559 -6.603 2.222
1.078 -7.205 2.193
3.370 -6.273 2.221
-1.973 -3.592 2.053
1.076 -2.156 2.145
-1.907 -6.447 2.241
2.009 -6.227 2.205
-1.855 -8.069 2.236
3.009 -8.109 2.239
-1.324 -1.530 1.006
0.272 -5.428 2.225
0.572 -2.935 0.689
-1.232 -6.109 2.227
-0.236 -5.852 2.228
0.994 4.795 2.002
-1.626 0.027 1.734
-1.646 1.482 1.958
5.527 -4.616 1.311
-0.530 -2.712 0.216
0.742 -10.600 1.724
5.409 -3.301 2.209
2.130 2.869 1.227
2.083 2.463 1.922
0.731 4.634 0.943
-1.782 -1.344 0.227
0.264 -7.750 2.223
-0.574 -5.383 2.225
1.989 -6.700 2.219
-1.980 -3.335 0.863
-2.046 -4.201 1.021
3.790 -5.260 1.414
0.200 -2.979 0.095
4.347 1.203 2.175
-0.143 -2.117 0.123
5.477 -5.563 0.213
0.489 3.315 -0.063
-1.016 -2.835 0.176
-1.777 -6.721 2.226
-1.525 -7.170 2.234
-0.970 -6.039 2.228
-0.569 -6.117 2.231
2.546 -5.793 2.217
2.343 -3.277 2.175
-0.918 -6.728 2.227
3.681 -6.684 2.177
0.073 1.710 0.512
5.649 -3.656 0.969
4.125 -1.614 2.050
0.313 -6.682 2.223
5.554 -3.466 2.222
3.728 -6.170 2.128
-0.564 -2.183 2.124
-4.848 -1.876 2.183
1.934 -6.972 2.237
5.542 -4.475 1.288
5.424 -5.596 2.236
2.917 1.372 1.753
1.645 4.105 2.175
-2.609 -0.081 2.115
0.550 1.562 1.684
2.861 1.013 2.130
-2.128 -5.137 2.318
2.027 1.813 0.968
-2.109 -4.865 1.413
5.480 -5.324 1.290
1.281 4.780 0.254
5.366 -6.570 1.746
0.472 -7.123 2.216
0.258 -7.703 2.245
0.448 -6.962 2.233
2.280 -6.704 2.206
-1.488 2.327 1.110
0.437 4.061 2.177
0.747 -10.599 1.923
5.485 -5.621 0.468
1.182 -10.654 1.433
5.550 -4.730 1.004
-0.072 -5.756 2.231
-0.690 -5.478 2.227
4.131 -1.594 2.135
1.518 4.729 2.193
2.829 -5.937 2.207
-11.268 6.430 3.845
5.613 -4.059 1.404
5.348 -6.860 1.941
-0.474 -5.761 2.234
-0.224 -6.010 2.229
-0.304 -3.484 2.176
-1.131 -5.306 2.227
2.767 -10.657 1.635
12.122 0.846 1.120
-1.278 -10.121 1.447
-1.934 -2.909 1.261
-2.215 -6.230 1.821
-2.030 -6.784 2.229
-0.806 -7.792 2.226
-1.276 -7.667 2.233
5.956 -0.581 1.323
12.201 1.388 0.324
5.986 -2.180 2.075
-0.473 -1.967 2.124
-2.175 -5.630 2.083
2.067 -6.436 2.217
3.372 -5.479 2.216
4.798 1.216 0.877
0.224 -10.267 2.123
-0.461 -5.435 2.226
-1.682 -5.514 2.231
1.663 1.451 2.128
2.250 -5.459 2.200
-2.100 -4.758 0.706
-1.573 1.592 1.069
2.438 -3.280 2.170
-0.507 -2.794 0.062
-1.570 -7.215 2.235
5.539 -4.792 1.028
1.063 -10.637 1.325
7.213 -1.034 2.231
-1.121 -4.962 2.225
0.147 -5.278 2.220
0.873 3.217 2.175
-1.303 -2.401 0.087
5.369 -6.730 1.922
-1.893 -3.251 2.378
6.111 -2.189 2.158
5.533 -4.512 0.904
-2.174 1.016 2.130
-1.924 -3.062 1.211
2.792 -10.773 2.100
3.051 -10.777 1.888
1.029 -2.841 0.494
-2.127 -5.187 1.654
-1.463 2.251 1.022
-1.678 0.569 0.993
0.356 -5.821 2.226
5.969 1.151 1.882
1.966 -3.158 0.733
0.943 -10.627 2.127
-1.974 -3.431 1.388
0.422 -3.847 2.174
0.652 -3.813 2.174
0.617 2.210 2.126
-0.081 -5.613 2.220
-2.038 -3.912 0.630
12.089 0.736 0.779
6.082 0.903 1.939
3.099 -0.436 2.123
-1.766 -0.052 1.633
-1.974 -3.357 1.180
5.448 -5.634 1.261
-2.022 -4.007 1.335
1.498 1.588 1.813
3.080 -10.836 2.104
5.469 -5.428 1.151
-0.873 -0.656 0.128
-5.045 2.146 0.230
1.353 -3.667 2.175
1.658 4.285 2.176
-0.604 -5.697 2.226
-1.394 -2.088 0.018
0.650 -6.143 2.230
0.509 3.472 2.183
0.294 1.684 1.705
1.386 -3.623 2.176
5.674 -2.818 1.213
-0.095 -2.108 0.225
2.338 1.425 0.565
-2.264 -6.597 1.874
6.057 -0.894 2.204
-1.941 -0.891 1.734
-2.875 1.923 1.917
2.836 -6.464 2.216
-0.707 -7.480 2.229
0.082 -6.868 2.229
5.364 -6.103 2.247
1.760 -7.292 2.240
2.228 -7.226 2.229
-1.567 -10.101 1.982
1.127 -10.648 1.475
5.673 -2.829 1.211
0.746 -2.772 0.142
-0.958 0.553 0.063
6.981 -2.316 1.142
-2.282 -6.821 1.561
1.606 4.120 2.177
2.079 2.368 1.617
-1.055 -5.448 2.225
1.397 -3.263 2.175
-1.782 -5.617 2.230
-0.034 -6.556 2.223
0.420 -10.291 1.898
5.905 -2.197 1.242
-1.668 1.742 0.353
1.079 -2.716 0.437
4.201 -1.300 0.688
-1.870 -10.060 1.831
4.760 1.238 1.060
3.145 -4.830 2.203
2.718 0.639 2.131
-1.924 -3.063 1.550
0.820 4.736 0.894
-0.378 -7.621 2.231
0.014 -6.440 2.233
5.982 -1.598 2.206
-0.026 -2.044 0.060
0.087 -7.371 2.236
-1.111 -1.506 2.125
-1.475 2.658 1.344
-1.030 -5.823 2.227
-0.958 -7.608 2.231
-0.031 -7.363 2.226
2.390 -9.184 2.250
-0.908 -2.924 0.307
4.171 -1.321 0.307
1.376 -7.001 2.199
4.963 1.216 1.887
-3.823 -1.497 2.164
4.375 1.117 1.923
-1.174 -6.802 2.238
0.957 -7.652 2.245
1.177 -7.025 2.190
-2.234 -6.203 1.360
-0.035 -2.124 0.227
1.787 -2.795 0.231
4.025 -2.786 0.594
-0.473 -10.165 2.254
1.063 -9.077 2.245
3.696 -6.501 1.950
-0.534 -5.314 2.220
0.409 -5.676 2.224
-1.902 -10.056 2.238
0.413 -10.301 1.989
5.209 -8.581 2.175
1.980 1.620 0.440
3.490 -7.118 2.226
-1.198 -7.286 2.239
5.872 -0.842 2.202
3.821 -5.021 1.986
-0.565 -3.075 0.313
1.026 -7.802 2.235
2.375 1.425 0.923
4.809 1.221 1.354
0.505 -6.059 2.232
-1.047 -10.149 1.928
0.526 -5.819 2.220
-1.569 1.204 1.745
-2.129 -5.504 2.454
12.177 1.748 2.113
2.747 -5.819 2.218
-2.902 -0.614 2.149
1.151 -3.069 2.175
-1.833 -7.284 2.232
-0.011 -7.245 2.228
1.083 -8.988 2.255
1.814 -9.062 2.254
6.131 -2.204 1.721
-0.993 -2.743 0.069
5.970 -0.105 0.321
4.136 1.269 0.904
1.024 -10.626 1.826
3.356 -10.019 2.206
4.267 -0.611 0.161
-2.091 -4.760 1.811
0.952 -5.694 2.227
3.680 -6.436 1.867
5.481 -5.039 1.207
-1.619 0.382 0.411
1.146 4.203 0.141
8.656 0.530 2.238
0.774 -5.979 2.225
2.614 -5.608 2.201
3.259 -5.204 2.212
3.582 -4.910 2.205
3.571 1.324 1.678
1.800 -0.794 2.126
4.923 1.221 1.686
6.059 -2.189 1.631
-1.721 1.620 1.968
-0.642 -5.907 2.227
-0.966 -6.255 2.218
5.675 -3.616 1.834
3.520 -8.285 2.028
5.334 -6.879 1.498
5.629 -3.893 1.325
4.259 -0.324 0.463
-0.498 -2.735 0.126
-1.990 -7.643 2.227
2.880 -6.068 2.219
3.581 -5.477 2.217
-4.306 -0.117 2.155
-0.844 -7.267 2.230
2.253 -6.586 2.223
9.025 1.263 2.244
3.761 -5.592 1.256
5.584 -4.274 1.264
5.601 -3.703 1.198
-0.266 -2.108 0.239
-2.095 -4.544 0.679
5.360 -6.079 1.295
5.668 -3.390 1.830
1.482 -7.709 2.246
3.557 1.324 1.299
-1.374 3.239 1.925
-1.523 -6.134 2.224
-1.144 -6.117 2.225
0.434 -7.210 2.222
-0.741 -6.153 2.223
3.538 -5.653 2.204
4.133 -2.027 0.597
5.660 -3.660 1.816
1.229 4.183 2.170
2.863 1.156 2.131
-1.035 -3.595 2.175
1.269 4.308 2.176
1.361 4.290 2.182
-1.612 -5.447 2.220
6.123 -2.186 1.960
-1.783 -8.696 2.236
2.508 -10.343 2.246
4.316 1.270 0.418
-2.122 -5.109 1.659
6.596 -0.856 2.221
3.727 -4.756 2.213
3.773 -5.584 1.608
-0.513 -2.859 0.128
-0.902 -6.984 2.233
3.251 -6.160 2.229
5.835 -1.952 2.197
-1.574 0.963 1.975
4.283 -0.387 1.677
5.979 -0.280 1.009
-1.924 -3.108 0.458
12.166 1.696 2.253
3.315 -7.780 2.249
5.481 -5.652 2.026
-0.685 -5.690 2.224
2.252 -5.722 2.206
-1.424 2.681 0.964
-1.164 -10.132 2.239
0.264 -10.272 2.191
-1.065 -5.568 2.226
0.971 -5.261 2.221
5.880 -2.010 2.218
3.790 -5.320 1.293
-1.572 1.183 0.488
1.227 4.550 0.387
-1.375 2.114 0.237
-2.002 -7.816 2.236
2.979 -6.130 2.229
3.602 1.324 1.467
-2.030 -4.106 2.199
1.811 4.774 1.969
-0.285 -7.183 2.231
1.961 -7.698 2.233
5.482 -5.606 1.780
12.136 1.070 1.734
0.735 -2.719 0.123
0.043 -2.058 0.184
-0.346 -3.123 0.464
3.711 -6.386 2.047
-1.921 -3.089 1.397
4.027 -2.677 2.107
4.325 0.587 1.861
-1.871 -5.709 2.232
1.844 -5.928 2.205
-2.082 -4.420 1.092
5.517 -5.115 1.508
-0.543 -2.506 0.068
0.332 -3.164 0.382
-0.478 -2.960 0.368
5.971 -0.093 0.477
3.545 -8.185 2.117
5.678 -3.294 1.733
1.279 -5.863 2.207
-0.807 -6.356 2.230
-0.047 -5.690 2.226
6.393 -1.707 2.210
-11.270 5.981 3.706
-0.472 -2.733 0.194
12.117 0.996 0.866
8.780 1.232 2.236
2.397 -5.894 2.216
3.875 -4.335 2.068
-1.685 -2.955 2.184
5.682 -3.352 1.694
-2.052 -4.197 0.793
-1.601 -10.096 1.334
1.486 -6.967 2.215
5.681 -3.589 2.187
-0.294 -6.523 2.222
4.362 0.661 0.579
6.913 -2.282 2.170
-1.770 -1.476 2.330
-0.420 1.674 2.125
1.929 -0.674 2.128
-2.184 -6.048 2.432
6.998 -1.826 2.247
6.461 -2.245 1.490
2.491 1.248 2.125
2.424 1.377 2.126
-1.401 -4.835 2.221
0.531 -5.680 2.224
3.122 -5.337 2.217
1.341 -10.647 1.778
2.916 -10.705 1.907
5.671 -3.228 1.390
0.314 -7.722 2.239
2.633 -6.455 2.225
0.084 -6.641 2.233
2.297 -6.359 2.200
1.627 -6.982 2.217
6.529 -2.247 1.943
5.620 -4.092 0.888
-1.935 -3.081 0.496
3.194 -7.983 2.228
8.115 0.674 2.216
-1.415 -1.474 0.862
-1.158 -5.671 2.231
1.766 -4.856 2.200
-1.376 3.368 2.342
-2.083 -4.673 1.922
3.726 -6.019 1.437
6.379 -2.233 1.249
-1.679 -3.127 0.375
1.742 -5.488 2.194
0.637 4.518 2.174
-2.059 -4.600 2.137
6.509 -2.242 2.130
5.790 -1.444 2.205
12.182 1.759 2.005
-2.267 -6.485 2.287
-1.563 -6.921 2.229
-1.525 1.567 2.182
5.858 -1.911 2.216
-2.078 -4.597 1.526
-2.183 -5.858 1.827
0.966 -8.206 2.260
9.388 1.474 2.240
4.443 1.222 1.054
0.103 -7.426 2.228
-2.156 -5.291 1.452
-1.376 3.331 1.626
-0.104 -5.770 2.226
0.549 -5.490 2.222
4.263 1.280 0.166
0.883 -2.697 0.348
12.129 1.091 0.984
-1.372 -7.817 2.240
12.114 0.993 2.142
12.204 1.964 2.199
5.740 -2.542 0.403
4.212 -0.263 0.820
0.067 -7.191 2.234
2.996 -3.224 2.174
3.687 1.334 1.536
-0.745 -6.548 2.224
5.497 -4.945 2.232
12.119 0.968 2.184
0.590 4.724 0.808
-1.594 -8.309 2.246
1.151 -8.766 2.237
5.581 1.174 1.921
-1.444 -5.056 2.220
-1.581 -3.412 2.169
-0.915 -3.587 2.171
3.962 -2.101 2.176
-2.211 -6.289 2.421
3.005 -5.871 2.225
3.915 -3.815 2.089
6.528 -1.229 2.218
-2.366 -9.834 2.135
5.721 -2.455 0.374
5.993 -0.089 0.440
2.678 1.404 0.323
3.328 -4.885 2.210
-1.369 -5.337 2.220
6.198 -1.543 2.216
-2.149 -5.545 2.113
-1.850 -7.581 2.239
1.765 -6.892 2.226
3.643 -5.572 2.214
2.174 -6.389 2.209
5.977 -0.599 2.179
-0.549 -8.298 2.232
4.237 1.276 1.074
-1.280 1.747 0.099
0.542 -8.046 2.255
-1.673 -7.038 2.230
-1.364 3.324 2.321
5.509 -5.324 1.003
1.238 -5.898 2.216
-1.108 -5.841 2.230
6.227 -1.087 2.213
12.212 1.967 1.767
3.112 -5.425 2.219
2.029 1.824 1.476
1.067 -7.178 2.183
3.678 -6.710 2.091
-1.283 1.928 0.285
5.723 -2.833 0.441
-1.923 -3.138 0.284
0.075 -2.124 0.225
-2.027 -8.489 2.239
1.940 -7.324 2.242
3.662 -5.284 2.206
0.838 4.837 0.479
2.421 -8.289 2.252
4.250 -0.270 1.152
4.846 1.234 1.494
2.623 -5.917 2.214
3.646 1.327 0.759
-0.736 -2.507 0.184
-1.642 0.734 0.186
-1.618 0.712 0.651
-1.601 -5.905 2.231
0.851 -5.789 2.223
-1.852 -0.536 1.682
-2.012 -3.565 0.626
5.944 -0.467 0.232
12.203 1.936 1.916
2.254 -6.434 2.214
-1.164 -1.887 2.123
1.833 3.277 2.165
5.557 -4.338 1.051
12.123 1.070 2.326
-2.308 -7.584 2.378
-0.896 -7.892 2.239
0.809 4.881 1.781
-1.425 -5.397 2.228
-1.730 1.602 1.915
4.103 -1.729 2.176
-0.124 -6.332 2.222
-2.152 -5.411 1.388
-0.592 -5.368 2.225
0.765 -5.530 2.224
0.823 -5.406 2.230
0.460 -3.655 2.175
3.789 -5.437 1.764
3.668 1.325 0.246
5.412 -6.072 1.671
0.761 -7.020 2.190
1.185 -6.781 2.186
3.023 -5.742 2.220
5.422 -2.994 2.224
1.544 -1.043 2.125
0.455 3.967 2.175
5.696 -3.109 1.078
3.562 1.336 0.442
-1.401 -1.472 0.204
-0.329 -2.230 0.225
-1.573 1.546 1.071
-1.841 -6.688 2.231
0.128 -6.321 2.227
1.043 -10.636 2.032
4.134 -1.930 0.570
2.147 4.770 0.651
5.407 -6.274 2.055
5.576 -4.612 1.943
-0.046 -5.401 2.226
0.618 -5.528 2.223
1.735 1.521 1.644
-1.581 -10.094 2.234
5.496 -5.460 0.298
2.275 -7.554 2.234
4.292 -0.361 0.212
5.542 -3.832 2.224
2.863 -3.032 2.176
1.915 -0.862 2.124
-0.589 -7.081 2.224
2.778 -6.857 2.227
5.728 -2.411 1.539
5.484 -5.369 1.031
-2.140 -5.432 1.630
-1.961 -7.945 2.233
1.768 -8.194 2.252
3.687 -6.620 2.109
7.987 -0.898 2.237
1.352 1.369 2.126
-1.374 3.137 2.277
3.776 -5.449 1.135
2.800 -4.878 2.205
-1.620 -1.057 2.278
-1.681 -5.158 2.227
2.067 -5.475 2.196
6.416 -1.499 2.216
12.160 1.417 0.977
6.072 1.128 1.969
-0.953 1.413 2.126
0.439 3.857 2.177
1.280 -8.755 2.259
-1.639 -7.175 2.236
-1.264 -7.002 2.225
3.295 -7.771 2.236
-2.063 -4.238 0.853
5.503 -5.203 1.337
1.086 1.579 0.279
-1.526 1.008 -0.057
1.307 -10.672 1.385
3.566 -7.034 2.228
-1.205 -5.008 2.225
-1.914 -3.007 1.513
-1.676 -0.534 1.807
0.957 -5.997 2.218
8.135 0.794 2.229
5.680 -2.798 1.152
-1.368 2.353 0.025
-1.621 0.558 0.268
0.089 -2.164 0.326
4.153 -1.126 0.760
2.999 -4.470 2.198
1.499 4.367 2.179
2.347 1.404 2.125
2.915 1.035 2.125
5.726 -2.395 1.852
12.142 1.177 2.012
1.240 -1.096 0.237
0.207 -2.968 0.089
5.963 0.016 0.386
-11.523 3.285 3.706
3.138 -8.819 2.251
6.253 -2.216 1.274
-1.925 -3.038 0.985
-1.572 -1.473 2.056
-1.859 -0.655 1.617
5.781 -2.188 1.167
-0.332 -2.233 0.217
-1.834 -1.069 1.016
1.286 2.992 2.151
-2.320 -9.845 2.250
-1.653 -10.073 2.243
12.096 1.258 2.317
5.939 0.032 0.455
3.449 -9.061 2.204
0.481 -5.689 2.226
1.454 4.444 2.177
-1.645 -5.051 2.230
-1.309 -5.338 2.211
0.768 -8.113 2.244
0.662 -10.591 1.656
-1.857 -6.215 2.236
-1.215 -7.745 2.232
5.618 -2.188 2.207
-1.624 1.846 1.531
-2.068 -6.868 2.228
-1.543 -7.301 2.227
-2.063 -4.279 0.896
4.294 1.273 0.200
2.258 -8.300 2.233
6.638 -0.766 2.218
5.719 -2.712 1.978
-2.185 -5.800 2.226
2.313 -6.428 2.207
5.727 -2.861 1.892
8.057 0.860 2.226
-2.096 -4.668 1.122
5.459 -5.898 1.762
-1.693 -10.082 2.174
3.222 -10.858 1.317
-3.266 -0.426 2.143
12.077 0.368 2.054
3.543 -5.104 2.212
6.580 -1.175 2.215
-1.223 1.785 0.845
-1.372 -10.108 1.390
4.252 -1.028 0.546
-1.572 0.801 -0.044
0.708 -10.608 1.571
5.485 -5.241 1.230
0.329 -10.276 2.023
2.818 -10.718 1.925
3.668 -2.509 2.177
6.162 -2.222 1.571
-2.156 -5.534 1.918
0.825 -5.962 2.219
2.338 -5.565 2.207
-1.399 1.049 2.231
2.670 0.559 2.125
-1.671 -4.763 2.226
-1.248 -5.209 2.226
-0.737 -8.228 2.228
-1.273 -10.107 1.172
4.379 0.472 0.611
1.124 4.202 0.140
4.112 -2.086 0.332
-2.190 -5.732 1.653
1.495 -6.676 2.213
1.935 -6.603 2.216
2.006 -6.485 2.223
0.302 3.747 2.176
4.026 -2.630 1.918
5.270 1.197 1.992
4.124 -1.489 2.117
-1.968 -6.968 2.226
-0.405 -7.948 2.242
3.683 -6.567 1.851
1.140 3.844 0.409
-0.244 -3.120 0.428
5.594 -4.086 0.968
1.265 1.474 2.128
-2.684 0.996 2.137
0.729 3.326 2.179
0.571 3.382 2.180
0.056 3.473 2.177
-0.434 3.345 2.175
4.098 -1.414 2.175
3.262 -6.738 2.215
3.259 -6.100 2.207
5.568 -4.621 1.990
-2.028 -3.756 1.013
-2.046 -4.066 1.001
0.860 -10.616 1.801
3.559 -7.925 1.949
5.582 -4.317 1.359
1.036 -2.744 0.419
12.111 1.049 1.835
-2.136 -5.191 2.150
1.502 -0.754 2.126
-1.713 -5.276 2.232
0.133 -10.266 2.173
5.565 -4.528 1.835
1.856 1.578 0.524
0.471 4.734 2.033
0.584 4.134 2.174
5.490 -5.251 1.222
0.788 4.795 0.963
6.162 -1.007 2.213
5.580 -4.534 1.824
0.847 -10.551 1.238
0.295 -8.698 2.255
-0.169 -5.821 2.223
1.093 4.518 2.176
-0.676 -5.991 2.227
6.052 1.126 1.999
3.317 -8.712 2.259
7.440 -2.354 1.533
12.162 1.358 1.840
5.370 -6.600 1.896
-0.398 -6.398 2.223
1.354 -5.744 2.207
3.164 -5.114 2.213
1.445 -3.052 2.176
1.550 -9.808 2.249
2.119 -8.164 2.241
2.636 -8.015 2.238
5.642 -3.877 0.457
5.213 -8.624 1.755
6.704 -1.749 2.231
6.790 -1.253 2.220
-2.215 -6.165 2.157
1.563 -6.412 2.213
2.360 -6.198 2.215
3.188 -5.912 2.230
5.493 -5.476 0.231
-2.089 -4.793 1.970
5.685 -3.494 1.499
-0.426 -2.866 0.150
4.225 -0.275 0.378
-11.363 5.317 3.616
-1.938 -6.457 2.232
-2.141 -5.454 2.378
-2.142 -5.673 2.395
4.938 1.229 1.881
0.307 -8.426 2.251
2.482 -8.043 2.234
-0.651 -6.437 2.229
-0.354 -6.809 2.238
0.734 4.772 2.070
3.925 -3.895 2.044
1.331 4.825 1.859
12.180 1.486 1.005
1.110 3.844 0.471
-0.806 -6.784 2.236
5.140 -9.311 2.128
6.085 1.104 0.630
4.094 -1.318 0.249
-2.104 -5.041 2.169
-0.682 -5.701 2.226
-1.370 -2.399 0.211
-0.523 -2.585 0.298
4.328 0.349 0.681
5.624 -4.049 1.605
0.550 -3.725 2.181
6.251 -1.848 2.213
-5.058 2.163 0.150
0.115 -2.118 0.171
0.966 3.265 0.026
2.026 1.809 0.275
1.514 -1.301 2.126
5.456 -5.889 1.945
3.519 -7.841 2.230
-1.354 -5.623 2.225
-11.256 6.407 3.342
2.564 -10.690 1.790
3.638 -4.377 2.203
1.393 4.139 2.178
0.816 4.308 2.176
2.596 -5.292 2.206
-0.036 -8.895 2.249
2.123 4.787 0.891
0.942 -8.410 2.248
-2.302 -7.050 2.373
5.779 0.085 2.193
-1.824 -8.973 2.235
7.379 -1.771 2.236
2.237 4.747 2.176
5.722 -2.842 1.729
2.007 4.778 1.562
2.169 -0.410 2.126
5.574 -4.560 1.604
6.275 -1.954 2.212
2.896 -5.539 2.218
-0.071 -7.015 2.227
1.330 -3.591 2.176
3.100 1.365 0.124
-2.435 -9.831 1.491
0.854 -6.795 2.198
2.155 -7.326 2.243
5.343 -4.680 2.230
6.018 -1.816 2.209
-1.322 -1.544 0.909
2.897 -10.750 1.996
-0.421 -2.988 0.371
-1.010 -2.670 0.089
-0.913 -2.731 0.054
1.474 -4.921 2.201
-1.696 1.513 2.008
0.686 3.287 2.176
-2.214 -5.912 1.477
5.529 -5.072 1.722
-0.880 0.536 0.039
-1.568 -5.429 2.219
-0.503 -3.758 2.171
3.135 -5.579 2.219
6.222 -1.488 2.205
-2.135 -5.089 1.721
0.840 -6.922 2.196
0.735 -8.069 2.247
12.113 1.077 2.094
6.284 -1.824 2.216
-0.705 -10.192 2.046
5.811 -2.183 1.110
12.098 0.725 1.836
4.231 -1.327 0.238
-2.201 -5.913 2.162
0.498 -3.851 2.169
-2.026 -4.063 1.694
-2.983 0.897 2.120
-2.075 -4.580 2.302
2.010 -5.310 2.199
1.322 -7.039 2.197
-0.308 -7.062 2.227
-1.567 1.773 0.009
5.357 -6.379 2.254
3.986 -3.267 2.178
-1.531 1.645 2.231
2.487 -5.038 2.203
5.405 -6.289 1.926
4.773 1.228 0.787
1.075 -1.855 2.137
-11.186 6.922 3.659
-0.632 -8.173 2.243
0.075 -8.591 2.240
5.675 -3.408 1.431
3.544 -5.512 2.215
-0.224 -8.310 2.238
0.932 -2.854 0.183
-0.505 -2.792 0.231
-1.118 -6.389 2.222
2.531 -6.493 2.210
3.008 -8.989 2.256
-1.973 -3.429 1.463
-0.473 -6.246 2.232
3.044 -5.270 2.211
5.676 -3.387 1.635
6.084 1.112 0.294
4.817 1.217 0.259
4.773 1.223 0.881
0.753 -6.184 2.227
2.536 -8.325 2.247
3.515 -8.392 2.106
5.647 -3.883 1.399
4.360 0.526 0.563
-1.573 1.746 0.034
-3.039 1.928 1.919
1.149 -6.970 2.178
2.208 -6.962 2.223
-0.941 -5.958 2.226
1.704 -5.714 2.210
-1.719 -1.235 0.290
5.963 -0.203 0.471
-2.018 -4.099 1.810
-1.906 -5.478 2.227
1.481 -9.225 2.256
1.934 1.527 0.309
12.192 1.472 0.342
5.973 1.111 0.237
12.159 1.549 1.873
-1.758 -7.442 2.230
-0.253 -7.534 2.241
3.550 1.324 0.732
1.605 -7.589 2.247
-1.510 -4.832 2.226
0.813 -5.901 2.226
5.493 -3.845 2.222
6.491 -0.910 2.212
2.088 1.465 0.013
-2.174 -5.873 2.376
2.285 -5.238 2.200
-1.522 1.774 1.184
1.548 -3.415 2.180
-1.570 -5.132 2.220
0.441 -10.301 2.170
12.168 1.654 2.164
0.923 1.553 0.212
-0.869 -2.632 0.194
-1.457 1.746 0.115
-1.636 1.731 -0.068
12.190 1.445 0.466
5.463 -5.655 1.660
-1.922 -2.945 1.308
-2.019 -4.020 1.292
0.979 4.807 2.094
-0.862 3.484 2.168
-1.333 -1.636 0.472
0.195 -2.705 0.128
5.618 -4.011 1.931
12.191 1.344 0.789
1.095 -2.829 0.454
-1.970 -3.328 0.982
-2.507 -9.818 2.058
-1.232 -6.012 2.230
1.240 -5.245 2.213
5.808 -1.568 2.214
-2.425 -9.839 2.270
3.542 1.322 0.528
-1.663 -0.075 0.596
0.942 -9.064 2.252
-2.243 -6.475 1.957
12.148 1.068 1.009
-0.408 -6.684 2.227
-1.373 3.264 2.056
-1.731 -6.621 2.232
-1.681 -6.785 2.236
3.866 -4.641 1.812
5.689 -2.769 1.137
1.179 -10.644 1.384
6.382 -2.187 2.216
3.826 -5.165 1.518
-0.473 -2.711 0.204
-0.975 -2.460 0.156
5.413 -6.341 1.675
5.472 -5.624 1.593
11.857 -1.117 1.923
6.013 -1.572 2.212
0.891 -6.888 2.193
-0.590 -3.235 0.439
1.896 -6.249 2.209
3.593 -7.371 2.000
1.933 -1.977 2.125
1.678 -1.700 2.128
0.980 4.085 2.176
-1.688 -4.731 2.218
-2.061 -4.087 0.754
2.254 -6.764 2.213
4.921 1.214 1.529
12.135 1.120 1.821
0.139 -2.122 0.186
-2.110 -4.580 0.653
2.076 2.325 0.913
-0.868 1.734 1.932
1.228 -9.480 2.256
-2.153 -5.263 1.301
1.875 -9.470 2.251
2.564 0.714 2.127
4.173 -1.400 0.671
-1.757 -2.854 0.220
0.975 4.766 0.329
5.971 -0.170 0.994
2.923 1.373 0.866
1.652 -6.674 2.209
5.368 -3.953 2.224
6.117 -0.683 2.203
3.534 1.336 2.132
-1.775 -6.737 2.229
5.378 -6.072 1.513
2.570 1.396 0.054
5.576 -4.312 1.013
2.534 -7.291 2.229
2.287 -6.032 2.200
-3.016 0.419 2.122
-0.362 -2.054 2.119
1.897 -5.123 2.195
5.538 -4.979 1.616
-1.194 -10.134 1.227
-1.381 -5.663 2.232
2.303 -5.616 2.202
-0.277 -7.963 2.238
3.515 -8.506 2.226
-1.994 -3.379 0.655
1.373 4.759 0.425
-1.722 -0.467 0.749
6.174 -2.210 1.752
-0.457 -5.232 2.220
0.898 -5.157 2.220
0.248 1.675 1.704
-1.571 1.180 1.208
-1.323 -5.901 2.225
-0.830 -6.298 2.229
-0.029 -6.190 2.230
5.910 -2.195 1.045
-1.033 -2.779 0.045
3.387 -9.434 2.255
2.161 3.317 1.224
-1.436 -5.532 2.226
2.278 4.538 2.044
0.823 4.803 1.789
-1.231 -2.875 0.297
2.215 1.424 0.042
-2.091 -4.644 0.633
3.528 -7.146 2.231
3.302 1.002 2.123
3.486 -2.563 2.175
7.082 -1.346 2.232
12.104 0.863 1.945
2.490 -9.307 2.254
3.299 -4.337 2.195
-1.655 -6.152 2.235
3.530 -4.639 2.213
0.106 -6.084 2.231
2.077 -5.817 2.202
-0.282 -2.059 2.124
-2.272 -6.763 2.167
-1.176 -6.827 2.235
5.686 -2.817 1.035
-1.848 -0.851 1.651
5.580 -4.316 1.085
5.645 -3.765 1.034
5.685 -3.218 0.998
-1.693 -0.127 0.512
-1.424 2.957 0.262
-1.125 -2.574 0.184
0.547 -2.809 0.374
12.145 1.076 1.044
-2.081 -4.382 0.846
-2.138 -5.209 1.758
-2.045 -4.362 1.842
-2.136 -5.420 2.237
-3.005 1.194 2.133
0.785 4.656 0.885
3.870 -4.354 1.951
-0.728 3.754 2.185
0.891 -7.557 2.245
-1.418 2.165 0.426
-2.094 -4.773 2.263
3.794 -4.696 2.213
1.059 -10.634 2.213
1.246 -10.662 2.022
1.611 -1.193 2.126
-3.098 -1.266 2.158
-2.099 -4.876 2.180
-1.728 -2.793 0.173
4.286 -0.349 0.315
2.876 -6.618 2.212
3.738 -5.912 1.605
5.685 -2.832 0.516
5.532 -4.800 1.104
0.614 -7.557 2.241
-1.449 -7.511 2.233
2.027 -7.481 2.233
3.395 -6.728 2.224
-1.776 -5.171 2.223
4.226 1.275 2.151
-1.831 -1.079 1.236
-2.181 -5.804 2.141
-1.439 -6.314 2.221
1.346 -6.840 2.182
7.307 -1.888 2.236
-0.530 -5.696 2.225
-0.021 -5.957 2.222
6.030 0.476 2.189
-11.387 5.254 3.832
-2.156 -5.451 1.458
-2.215 -9.848 2.153
3.619 -7.172 1.986
4.352 0.126 0.511
5.627 -4.069 1.592
6.464 -1.491 2.218
3.998 -1.798 2.175
-2.263 -7.002 2.441
1.072 -10.642 1.922
12.142 1.020 1.047
-1.023 -8.402 2.241
5.420 -5.911 2.210
7.062 -1.315 2.245
5.544 1.159 1.917
-1.622 0.528 1.439
6.174 -1.492 2.220
-2.078 -4.459 1.145
-1.366 2.798 0.067
-1.558 -6.366 2.227
-0.919 -6.037 2.225
4.071 -2.038 1.951
3.285 -5.611 2.220
3.625 1.330 0.827
-1.782 1.756 -0.087
4.239 -1.316 0.309
-0.795 -6.658 2.226
-0.145 -7.471 2.228
3.704 -5.377 2.218
5.719 -2.328 2.009
1.654 -0.791 2.125
3.328 -7.779 2.231
1.076 -6.865 2.189
0.684 -8.729 2.268
8.337 0.744 2.230
0.121 3.536 2.177
0.945 -5.891 2.223
0.609 4.412 2.168
-0.763 -5.652 2.224
5.153 1.220 1.815
5.734 -2.380 1.334
12.201 1.954 1.806
-1.492 -10.105 1.087
4.264 1.279 0.208
-4.072 2.009 0.244
4.401 1.236 0.312
8.910 0.741 2.247
-1.073 -6.046 2.239
0.233 -7.058 2.228
5.513 -5.559 0.554
3.714 -6.183 2.101
0.128 1.735 0.573
5.407 -6.326 1.428
-1.312 2.000 0.246
12.091 0.647 1.779
1.188 4.298 2.180
-1.473 2.512 1.516
1.549 4.457 2.171
-1.625 -5.726 2.222
-2.009 -3.888 1.140
1.439 4.397 2.176
3.012 1.015 2.128
1.639 -3.492 2.175
-2.081 -4.532 1.381
-1.527 -10.102 1.490
3.429 -5.905 2.221
0.427 -7.700 2.236
5.982 0.044 0.273
3.683 -6.638 2.171
-0.637 -5.434 2.222
-1.375 -1.969 1.371
-1.570 1.312 1.027
-2.120 -4.934 1.960
-0.192 -5.988 2.224
6.290 -1.534 2.207
1.045 -2.804 0.410
-0.283 -2.150 0.147
-1.584 -10.102 1.973
3.234 -4.676 2.201
1.039 -3.418 2.178
3.815 -5.207 1.211
12.190 2.020 2.111
2.007 1.684 0.539
4.365 1.239 0.226
2.412 0.276 2.127
3.813 -5.112 1.825
-0.848 -10.131 1.522
2.396 0.137 2.127
0.879 3.427 2.181
-0.172 3.550 2.178
-1.069 -6.241 2.243
-1.571 1.071 0.025
-1.968 -3.424 1.404
2.010 1.595 1.877
-0.894 3.009 2.176
0.797 -2.767 0.389
-2.271 -7.278 2.444
3.015 -5.056 2.210
-1.034 -3.347 2.176
1.383 -3.514 2.177
5.411 -6.162 2.039
5.742 -2.454 0.400
5.460 -3.530 2.213
-1.323 -1.513 1.294
2.690 -1.514 2.124
5.692 -0.816 2.205
1.852 -8.215 2.252
0.916 1.493 0.122
5.972 0.047 0.219
-1.378 -10.108 1.265
5.667 -3.162 1.702
8.028 0.793 2.226
2.128 2.991 1.885
-1.753 1.744 1.930
-1.672 -10.092 2.217
5.552 -4.879 1.456
4.207 -1.097 0.834
0.183 -2.299 0.129
12.140 1.093 0.862
-1.325 -5.373 2.226
1.768 4.223 2.175
0.244 -3.629 2.179
-2.137 -5.399 2.353
5.106 1.213 1.927
-1.685 -0.410 0.646
0.382 -8.973 2.249
5.573 -4.496 1.470
2.581 1.428 0.183
0.583 -6.378 2.236
1.389 -6.398 2.223
1.808 -6.494 2.221
0.669 -6.911 2.198
3.712 -6.170 1.919
5.311 -5.073 2.251
5.101 -9.622 1.911
4.024 -2.843 0.603
5.966 -0.461 0.203
5.695 -3.116 0.890
-2.319 -7.668 2.426
-0.694 -7.259 2.226
6.426 -1.616 2.227
6.436 -1.156 2.214
-2.187 -5.787 2.178
-0.192 -8.581 2.241
-1.470 2.319 2.017
-3.544 -0.414 2.159
-1.429 -5.602 2.229
5.412 -5.901 1.732
2.058 -5.700 2.202
0.605 3.386 2.180
-1.711 1.651 2.030
5.963 -0.060 2.159
-1.668 -0.233 0.661
-1.488 0.398 0.114
1.976 -6.749 2.224
2.468 -6.819 2.220
1.546 -6.910 2.221
2.014 -6.977 2.240
-1.780 -0.736 1.617
0.779 1.626 1.684
0.411 3.765 2.176
1.306 -7.979 2.245
3.501 -5.598 2.220
2.679 -5.936 2.216
2.437 -10.769 1.500
3.613 -7.124 2.058
3.648 -6.955 2.066
-1.639 -5.475 2.229
-0.137 -5.688 2.216
3.089 -5.280 2.217
-0.817 -10.166 2.166
5.476 -5.559 1.623
3.644 -6.917 1.862
5.650 -3.615 0.985
5.723 -2.824 0.338
-1.678 -1.015 0.560
0.143 -5.758 2.225
-1.024 -5.662 2.228
2.054 4.235 2.180
-1.575 0.440 1.602
-1.520 -3.171 2.175
0.949 -4.996 2.215
2.024 1.941 1.022
3.121 -6.118 2.227
5.458 -3.822 2.213
1.818 -7.141 2.237
2.551 -8.473 2.244
0.814 -7.662 2.244
6.715 -1.642 2.234
-0.639 -5.517 2.227
0.803 4.500 2.163
-2.940 1.915 1.914
0.281 -3.571 2.175
6.863 -2.158 2.235
6.250 -1.887 2.218
-2.049 -3.948 0.943
-2.196 -6.035 2.425
4.357 1.054 1.760
4.760 1.226 0.420
0.378 -2.667 0.159
0.875 3.851 0.136
5.392 -6.274 1.714
-2.233 -6.425 2.204
1.359 -6.358 2.214
-1.442 0.978 2.267
-1.606 0.877 1.863
-0.289 -2.161 0.266
-1.950 -6.667 2.228
-1.483 -6.755 2.232
-2.359 -7.545 2.057
7.221 -1.194 2.236
0.292 -5.621 2.219
2.231 4.181 1.423
-1.465 -10.105 2.192
-0.213 -9.887 2.244
3.757 -5.723 1.514
-1.354 3.428 0.054
3.466 -8.849 2.051
12.118 1.100 2.226
2.634 -1.526 2.122
6.350 -1.943 2.217
5.979 -0.244 1.476
12.078 1.259 2.340
5.720 -2.709 0.420
0.190 -2.326 0.086
-1.995 -7.365 2.231
3.577 -5.893 2.229
1.027 -2.307 2.128
-1.084 -6.718 2.226
1.022 -1.027 0.175
8.011 0.241 2.234
0.275 -5.945 2.231
-2.140 -5.189 1.137
-1.365 -10.120 2.014
0.223 -5.827 2.222
3.961 -3.441 1.822
5.899 -0.118 2.197
2.604 -8.262 2.243
-2.219 -6.035 2.330
2.194 -5.967 2.204
3.659 -5.170 2.214
5.811 -2.164 2.184
-0.212 -7.280 2.227
3.644 -6.900 1.944
1.758 -7.269 2.237
1.791 -0.695 2.125
0.251 -7.354 2.237
2.631 -8.961 2.252
3.908 -4.137 1.809
3.563 -7.858 2.224
5.331 -6.571 2.098
-1.513 -2.536 0.212
-0.347 -2.295 0.143
-1.572 1.746 0.150
0.209 -5.987 2.232
-1.911 -4.851 2.315
0.710 -5.603 2.230
-1.674 -0.037 0.591
-0.120 -8.094 2.244
5.735 -2.829 0.589
12.175 1.308 0.595
1.219 4.581 0.391
-0.921 -7.484 2.237
0.002 -8.007 2.241
-1.726 -0.116 1.120
-0.523 -6.881 2.229
3.607 -7.431 2.135
12.100 0.794 0.996
0.624 4.678 0.947
0.841 3.231 2.176
0.951 3.699 0.116
1.075 -9.389 2.243
-0.930 -5.602 2.218
4.021 -2.527 2.045
5.613 -3.064 2.188
2.490 -7.964 2.234
-1.668 -7.563 2.231
-1.373 -6.180 2.227
4.177 -0.978 2.125
-1.115 -7.048 2.227
1.278 -7.612 2.233
0.451 -6.448 2.223
3.474 -6.340 2.222
-1.517 -10.101 2.031
-1.698 0.097 0.307
-1.722 -1.035 0.452
-1.469 -6.148 2.244
-0.556 -5.299 2.227
0.502 4.422 2.171
-1.474 -1.474 1.092
-1.468 -5.247 2.227
-1.374 -5.518 2.227
-0.400 -5.412 2.226
5.533 -5.130 1.910
5.639 -3.519 1.081
1.091 -0.910 0.151
-2.201 -5.867 1.915
-1.813 -6.672 2.235
1.082 -3.098 2.182
5.902 -0.405 2.203
1.486 -7.862 2.238
5.568 -4.547 2.091
3.352 -2.657 2.175
-1.328 3.807 2.256
-1.344 -1.677 0.486
5.573 -4.543 2.029
-1.725 0.001 0.453
4.784 1.235 1.211
0.948 -10.608 1.452
3.689 -6.612 2.128
-1.794 1.768 1.438
-2.097 -4.855 1.925
3.010 -9.689 2.270
-3.659 0.799 -0.031
5.727 -2.487 0.615
-2.061 -4.701 2.096
2.232 4.001 1.925
1.687 -1.051 2.126
2.552 1.343 2.126
-0.633 -5.492 2.224
5.509 -3.508 2.206
-1.273 -9.647 2.264
0.856 -10.602 1.830
-2.189 -6.168 2.376
0.679 -6.127 2.226
5.349 1.189 2.045
3.584 -7.388 1.913
1.953 1.464 0.637
-2.013 -3.721 0.744
-1.007 -2.481 0.255
-1.021 -3.055 0.276
5.460 -5.426 1.263
2.667 -7.109 2.238
6.310 -1.005 2.221
4.225 1.269 1.663
0.813 3.521 2.177
-3.585 -1.420 2.164
8.406 -1.363 2.256
-1.616 0.834 0.034
0.908 -2.810 0.175
-1.123 -8.110 2.241
-1.281 -5.211 2.226
2.567 0.666 2.125
5.967 -0.049 1.934
4.883 1.234 1.688
-2.104 -4.830 1.291
-1.426 -9.294 2.249
-11.313 5.590 3.835
1.407 4.536 2.178
5.835 -0.021 2.191
-2.053 -4.482 2.429
1.667 -6.570 2.204
0.987 -10.620 1.405
0.885 -8.164 2.256
3.296 -5.441 2.207
6.610 -1.974 2.226
-11.143 7.555 3.812
1.986 -3.181 0.758
1.705 4.803 0.722
-1.059 -2.694 0.118
6.792 -2.267 1.839
-2.931 0.835 2.123
-1.624 -0.139 1.617
2.749 0.780 2.127
-1.233 -5.571 2.223
2.559 -8.009 2.243
0.163 -10.251 1.685
5.519 -5.100 1.617
-2.220 -6.205 1.919
-1.239 -6.896 2.236
5.536 -3.181 2.211
-0.077 -7.148 2.233
0.131 -8.011 2.227
3.488 -8.623 2.178
0.391 -2.977 0.141
-1.070 -2.579 0.067
5.733 -2.607 0.456
12.180 1.595 0.776
0.005 -3.120 0.464
2.383 0.029 2.126
-2.164 -5.583 2.011
-0.245 -6.905 2.230
2.544 -7.507 2.237
2.011 4.777 0.657
-2.215 -6.136 1.643
-2.797 0.860 2.122
-0.928 -5.851 2.221
-0.108 -2.205 0.512
1.794 -5.744 2.199
-1.768 -1.477 1.699
-1.581 -7.923 2.231
-0.904 -6.718 2.230
5.621 -4.087 2.172
1.734 -0.868 2.126
-0.377 -5.868 2.226
0.845 -6.689 2.196
0.434 -2.831 0.365
4.238 -1.071 0.696
1.358 4.397 2.178
3.774 -5.588 1.561
5.331 -6.852 1.997
-1.894 -0.602 1.508
-3.118 -1.386 2.157
1.530 4.102 2.176
2.511 -5.651 2.213
0.007 -8.631 2.238
0.578 -8.743 2.261
5.545 -4.568 1.321
-2.098 -4.703 0.758
-1.442 1.744 0.144
-1.212 1.720 0.355
7.599 -1.207 2.245
-1.229 -5.371 2.224
1.401 1.490 2.127
0.394 -6.222 2.238
0.230 -6.853 2.222
5.501 -5.223 1.378
-0.359 -2.257 0.136
-2.021 -4.157 1.756
-1.712 -5.430 2.233
0.198 -5.788 2.224
6.171 -2.208 2.069
-0.690 -9.133 2.241
1.056 4.052 2.176
0.530 4.292 2.129
-0.437 -8.033 2.234
-2.108 -4.828 0.849
12.146 0.955 1.181
12.136 1.013 0.950
3.052 -6.587 2.233
6.221 -2.201 1.964
0.949 -7.896 2.237
5.635 -3.361 1.261
-4.065 2.086 0.282
4.118 1.271 0.844
6.030 0.409 1.820
5.858 -2.180 1.250
-0.023 -10.142 2.263
5.644 -3.420 0.935
12.098 0.724 1.803
12.221 1.434 0.320
12.150 1.350 1.753
-1.181 -10.131 1.835
1.682 -5.743 2.207
1.814 -8.516 2.240
2.839 -10.665 1.646
12.214 1.487 0.458
2.715 -10.721 1.965
-1.625 -0.001 2.146
-2.028 -4.588 2.427
3.424 -7.142 2.227
6.609 -0.956 2.208
-1.648 -0.187 0.649
-2.191 -5.918 2.091
3.648 -7.097 2.026
5.578 -4.563 1.558
-1.847 -1.073 0.813
-0.527 -6.294 2.227
2.267 4.450 2.035
-2.037 -3.927 0.769
5.493 -4.984 1.190
3.813 -5.046 1.983
5.950 0.679 2.190
7.083 -0.952 2.222
-1.379 1.777 0.524
3.817 -5.159 1.675
6.033 -2.182 1.994
-1.407 3.186 0.048
-1.656 0.750 0.634
-0.390 1.825 0.961
-1.860 -0.477 1.684
-3.268 -0.284 2.137
1.373 -3.082 2.178
-2.110 -4.874 2.305
1.979 1.618 0.274
2.275 4.562 1.904
-2.181 -5.808 1.834
4.759 1.228 1.355
5.678 -2.787 1.076
0.386 -8.376 2.242
-1.815 -4.694 2.242
2.217 -6.637 2.219
0.915 -10.625 2.111
6.026 0.984 0.169
-0.958 -8.458 2.229
5.624 -3.986 1.736
2.394 -5.615 2.207
12.203 1.735 1.818
2.368 -5.984 2.210
6.266 -0.989 2.206
0.772 4.073 2.177
1.194 -7.665 2.243
5.757 -2.671 0.341
-0.595 -3.297 0.505
1.917 -7.499 2.230
-2.302 -6.956 2.315
5.462 -4.755 2.235
-1.768 -6.856 2.234
-1.575 0.437 2.001
0.438 -6.293 2.217
2.025 2.195 0.435
1.871 -0.391 0.140
5.474 -5.591 2.088
0.852 -5.440 2.226
2.154 -0.572 2.128
-1.773 -1.278 1.877
-2.148 -5.256 1.369
5.394 -6.553 1.816
3.388 -9.659 2.179
-11.334 5.326 3.805
0.179 -6.347 2.224
6.286 -0.905 2.219
4.113 -1.492 1.776
2.424 1.353 2.125
-0.792 -2.588 0.308
5.665 -3.303 1.066
5.918 -1.644 2.200
-2.068 -4.630 1.605
3.579 -7.292 2.235
5.563 -4.572 1.040
-1.026 -7.981 2.234
-2.069 -4.664 1.843
5.562 -4.545 2.164
-0.310 -6.043 2.230
5.618 -3.895 1.258
5.738 -2.670 1.663
0.931 4.344 2.172
0.673 4.465 2.167
1.622 -3.383 2.176
3.146 -3.048 2.174
5.331 -4.516 2.247
-0.773 -5.825 2.226
-0.312 -7.300 2.226
4.279 -0.340 1.752
-1.464 0.867 2.277
-2.057 -4.773 2.384
2.829 -6.629 2.214
12.149 1.107 0.796
3.263 -6.016 2.201
2.621 -10.687 1.841
-0.382 -3.197 0.415
12.192 1.418 0.831
2.891 -10.586 1.328
5.623 -3.825 1.653
-1.701 -0.143 1.015
-1.975 -3.640 2.376
2.644 -10.725 2.248
0.691 -6.249 2.223
-1.753 -4.707 2.224
5.496 -3.344 2.208
6.061 1.119 2.042
-1.745 -10.081 1.346
5.624 -3.726 1.354
2.285 1.333 2.127
12.183 1.629 0.643
5.584 -4.261 0.951
5.608 -3.895 0.986
4.223 -0.287 1.447
1.305 4.831 2.171
-2.242 -6.413 2.330
5.327 -6.873 1.425
0.175 -5.938 2.234
-1.310 -7.465 2.237
5.523 -3.444 2.208
-1.705 -7.476 2.229
-1.178 -7.697 2.239
-2.159 -5.556 1.834
9.276 1.435 2.232
-2.257 -6.655 2.043
2.141 3.391 2.161
2.597 0.827 2.126
4.274 0.154 1.817
1.838 4.208 2.180
-1.569 -5.504 2.225
6.375 -2.227 1.987
-11.190 6.882 3.721
1.805 -8.735 2.249
2.934 -8.413 2.246
12.099 0.819 2.219
1.927 -5.799 2.201
6.500 -0.796 2.217
0.594 -7.601 2.238
4.810 1.223 1.074
1.395 -7.588 2.231
0.446 -7.520 2.230
-2.169 1.122 2.133
0.663 -10.583 1.333
-0.876 1.721 1.936
-2.912 1.920 1.934
-1.664 -6.255 2.226
3.824 -4.959 1.805
1.910 1.659 1.762
1.032 -5.359 2.226
5.479 -5.618 1.871
-2.092 -4.552 0.758
-1.803 -7.623 2.226
1.247 -6.877 2.183
5.525 -1.825 2.209
-0.697 -7.358 2.229
12.165 1.185 0.819
1.751 4.004 2.175
0.129 3.539 2.180
0.568 -7.095 2.196
1.862 -3.330 2.177
2.949 -8.271 2.254
3.870 -4.350 2.094
-2.286 -7.054 2.203
-1.674 -0.637 1.864
-1.897 -0.825 1.661
0.781 4.672 1.875
-1.451 -7.188 2.228
-0.944 -8.306 2.234
1.913 -7.874 2.236
-1.473 -5.659 2.230
5.480 -5.561 1.553
-2.282 -7.093 2.438
0.023 -5.866 2.227
0.332 -6.111 2.227
1.153 -9.336 2.261
1.318 -10.657 1.760
0.745 -10.594 1.832
12.188 1.879 1.885
-2.306 -7.489 2.469
0.619 -6.727 2.193
1.252 -7.061 2.181
-1.510 -7.953 2.235
0.841 3.352 2.179
0.136 3.597 2.176
-0.216 3.406 2.175
4.155 -0.663 2.176
-1.572 0.729 0.058
-0.430 -3.016 0.380
-2.107 -4.856 2.215
5.539 -4.911 1.324
1.918 4.792 0.913
-1.727 -2.808 0.075
-1.784 -1.353 0.567
-3.333 0.292 2.143
1.074 -8.387 2.272
7.054 -1.890 2.242
7.050 -0.763 2.241
-1.400 -5.104 2.226
0.215 -6.527 2.218
3.185 -10.829 1.914
1.279 -10.659 2.056
3.485 -6.030 2.220
-1.622 -6.575 2.235
-2.251 -7.151 2.453
12.133 1.244 1.780
-0.608 1.811 0.032
1.164 4.080 2.177
-1.121 -5.115 2.225
-0.399 -8.298 2.246
3.104 1.367 0.052
0.900 4.012 2.175
5.716 -3.006 2.053
6.241 -1.514 2.208
3.478 -2.466 2.175
1.648 -0.685 2.126
2.193 1.404 2.125
0.912 3.533 2.180
-1.383 3.372 1.989
4.110 -1.462 2.176
3.822 -4.966 1.998
-1.424 2.509 0.848
-0.367 -5.339 2.226
7.090 -1.222 2.220
-2.089 -4.591 1.265
-2.160 -9.864 2.199
3.735 -4.637 2.212
-1.229 -8.109 2.239
2.246 1.393 2.126
5.663 -3.569 2.142
2.354 -8.214 2.245
3.643 -7.144 2.156
5.410 -5.897 2.243
2.876 1.081 2.131
5.630 -3.766 1.312
0.830 4.520 2.169
-1.115 -3.406 2.176
-1.757 -0.917 0.512
0.634 -10.598 1.678
-11.338 5.260 3.864
-2.188 -5.732 1.909
3.569 1.322 0.998
0.195 -7.449 2.240
5.642 -3.167 1.104
0.911 -8.842 2.255
-2.219 -6.187 1.800
2.722 1.315 2.128
-11.305 5.735 3.881
0.615 -5.956 2.228
1.513 -5.569 2.200
-2.110 -4.786 0.686
2.070 -7.005 2.226
1.555 -1.201 2.125
0.892 3.592 2.178
3.311 -10.738 2.183
-1.388 -8.365 2.238
-0.580 -5.699 2.224
1.046 -5.716 2.230
1.846 -6.200 2.206
6.398 -1.938 2.223
3.548 -7.871 2.036
2.577 -5.131 2.205
-1.592 -5.254 2.224
3.462 -5.586 2.219
-0.052 -7.438 2.228
1.103 -10.641 1.892
-1.252 -7.596 2.229
-0.757 -7.627 2.228
-1.706 -5.247 2.233
2.032 4.166 2.177
0.511 4.025 2.176
0.908 1.525 0.131
5.356 -6.835 2.086
3.566 -7.783 2.107
-0.297 -5.555 2.229
1.763 -3.433 2.177
0.460 -5.644 2.226
-1.368 -1.918 0.360
5.882 -1.592 2.212
-1.472 0.811 2.281
-0.119 -7.896 2.237
3.937 1.304 0.380
2.528 0.585 2.126
2.410 0.332 2.127
7.048 -1.136 2.230
3.791 -5.312 1.361
5.676 -3.178 1.103
12.207 1.548 0.944
5.524 -4.881 0.941
-0.722 -8.190 2.245
-0.458 -5.612 2.220
4.371 1.178 1.947
1.616 -1.268 2.128
1.024 -3.814 2.175
-1.862 -5.604 2.239
-1.382 3.488 1.126
-11.163 7.477 3.644
0.168 -10.267 1.943
-1.896 -5.823 2.232
5.986 -0.225 2.084
-1.638 -4.819 2.217
5.523 -5.159 2.107
12.131 1.373 2.279
-2.031 -3.701 0.636
5.546 -4.686 0.917
0.930 -2.625 0.303
5.778 -1.386 2.201
6.074 0.976 2.037
2.877 -3.068 2.177
0.069 1.540 1.645
-0.190 1.710 1.692
-1.045 -6.894 2.238
3.664 -6.792 2.106
3.407 -7.479 2.235
12.157 1.437 1.142
5.798 -2.179 1.218
-0.904 1.721 1.908
-2.141 -5.116 1.977
5.608 -4.030 2.231
-0.801 -10.171 2.039
2.232 -5.964 2.204
1.687 -0.788 2.126
1.880 -2.167 2.125
1.777 -8.317 2.248
-1.464 -3.122 0.352
5.423 -5.970 1.247
0.006 -3.141 0.475
5.697 1.163 1.931
-2.135 -5.193 2.285
0.479 3.945 2.176
-1.417 2.727 2.022
4.324 0.693 1.889
3.059 -6.027 2.226
6.502 -1.932 2.221
3.741 -5.951 1.476
5.492 -5.055 1.097
0.933 -2.994 0.181
-0.080 -8.386 2.245
0.968 -8.858 2.251
7.403 -2.333 1.976
-1.844 -5.887 2.245
-0.125 -5.922 2.224
-2.178 -5.721 1.573
1.275 4.780 0.263
12.148 1.430 1.000
4.079 1.278 0.302
3.457 1.341 0.275
1.976 4.803 0.722
5.396 -6.418 1.782
0.183 -5.929 2.230
1.636 -6.190 2.213
1.471 -1.448 2.126
0.281 -7.746 2.226
3.565 1.324 0.942
2.365 1.425 0.714
-1.802 -6.327 2.240
-3.277 1.292 2.159
3.526 1.321 0.841
5.962 -0.596 1.704
0.697 4.352 2.187
1.964 1.317 2.128
5.468 -5.588 1.828
3.020 -4.862 2.203
-1.183 3.247 2.238
6.052 1.098 0.251
-0.703 -6.658 2.228
0.125 -6.983 2.229
0.697 -6.380 2.233
3.169 -5.780 2.224
-1.677 0.774 1.846
7.221 -2.325 1.782
1.102 -2.367 0.138
5.625 -3.819 0.560
-1.195 -10.119 1.412
5.656 -3.450 0.938
1.836 -7.547 2.234
3.649 -6.763 2.220
4.106 -1.116 2.176
5.373 -5.408 2.232
3.565 -7.091 2.233
0.903 4.876 0.634
-0.715 1.813 0.238
12.182 1.658 0.850
12.137 1.256 2.049
5.623 -3.999 1.884
7.596 -2.359 2.012
-1.307 3.191 2.364
-2.202 -6.102 1.619
12.080 0.795 0.924
12.202 1.640 0.879
3.867 1.309 0.341
-1.625 0.934 -0.073
1.318 -1.123 0.260
4.122 1.284 0.248
-0.389 -2.044 2.121
-3.046 0.765 2.133
4.154 -1.260 0.572
-2.258 -6.581 2.304
12.177 1.625 1.780
-1.926 -2.946 0.471
0.893 -8.823 2.246
-0.968 3.072 2.177
-0.239 -6.274 2.225
2.450 -5.598 2.200
5.395 -6.390 1.515
0.600 -2.795 0.368
5.727 -2.518 0.571
-1.816 1.773 1.821
-1.096 -1.733 2.125
0.887 -8.065 2.238
12.154 1.544 0.811
-2.235 -6.330 2.277
5.075 1.212 1.926
-2.024 -4.018 1.442
1.223 -7.678 2.242
8.046 0.884 2.237
-2.084 -4.533 0.932
-0.277 -2.169 0.221
5.481 -5.600 0.514
0.527 -2.899 0.533
-0.215 -8.115 2.230
2.891 -7.634 2.229
2.124 3.045 1.689
5.551 -4.688 1.385
0.643 -2.900 0.416
3.585 -7.425 2.016
2.262 4.513 1.593
0.895 -5.379 2.224
0.743 -6.173 2.218
3.670 -6.700 1.976
5.625 -4.008 1.163
-0.114 -6.205 2.226
0.277 -6.197 2.232
3.030 -5.564 2.217
-1.625 -7.324 2.225
4.433 1.182 0.537
0.185 -2.221 0.247
-1.790 -0.573 0.786
0.891 3.480 2.180
5.145 -9.097 2.110
5.493 -5.471 0.190
12.148 1.367 2.136
6.085 1.077 0.174
2.211 -0.298 2.125
-1.018 -5.913 2.232
6.555 -0.964 2.215
-11.305 5.612 3.824
-1.384 -5.944 2.228
1.720 -5.861 2.207
4.271 -0.318 1.672
3.378 -8.968 2.274
1.928 1.519 0.559
12.188 1.708 1.097
2.734 -8.208 2.232
-2.023 -4.073 1.487
5.148 -9.137 1.989
-1.413 2.887 0.267
6.015 0.025 0.122
-0.823 -2.649 0.225
-1.425 3.013 0.628
3.730 1.325 1.827
-1.371 -2.068 0.640
1.056 -10.641 1.812
3.203 -10.845 2.072
5.400 -6.402 1.404
-0.209 -5.767 2.224
12.127 0.962 0.962
0.224 -10.247 1.681
-1.987 -7.045 2.229
2.645 -10.631 1.682
6.169 -2.213 1.300
3.778 -5.492 2.023
6.691 -1.234 2.222
-2.123 -5.437 2.409
0.508 -8.881 2.239
-1.193 -10.129 2.137
4.361 0.802 1.774
-0.878 -6.129 2.226
-1.461 -4.886 2.225
-2.230 -6.379 1.732
0.200 -7.609 2.244
-1.581 -4.970 2.229
-3.324 1.551 2.146
2.026 1.960 2.056
-0.063 1.619 1.692
-11.589 2.818 3.698
-2.294 -6.986 2.398
0.353 -6.537 2.225
1.470 -7.949 2.245
5.614 -3.854 2.214
8.126 0.452 2.221
1.920 1.540 0.123
-2.072 -4.282 0.607
1.016 -8.508 2.270
2.122 -8.210 2.242
-0.353 3.189 2.175
-1.155 -5.685 2.234
-0.752 -5.737 2.223
5.756 -2.043 2.202
7.118 -2.094 2.244
-2.152 -5.206 1.304
-1.246 -10.133 2.119
3.519 -8.443 2.111
6.049 -0.948 2.210
-2.115 -4.793 0.753
2.850 -5.991 2.205
-0.319 3.664 2.179
-2.337 -7.662 2.250
1.208 -10.660 1.561
4.829 1.224 1.866
1.171 -1.223 2.126
-0.646 -6.676 2.222
-1.376 -1.959 1.463
-1.939 -3.127 0.632
12.175 1.442 0.521
0.183 -2.235 0.260
5.476 -5.120 1.218
3.166 -6.573 2.216
1.629 -1.064 2.126
2.821 -5.768 2.208
4.341 0.818 0.619
4.431 1.194 0.615
-1.380 3.504 0.175
-1.642 0.411 -0.047
-0.645 -2.662 0.395
0.891 1.575 1.833
1.422 4.418 2.177
-1.454 -5.447 2.222
-1.411 -5.580 2.227
-0.999 -5.648 2.224
-1.204 -10.136 2.197
3.786 -5.439 1.467
5.395 -6.324 1.541
0.375 -3.157 0.457
-1.139 -10.144 1.872
0.302 -5.432 2.222
2.481 -6.573 2.222
5.606 -3.675 2.222
1.969 4.787 1.737
6.176 -2.207 1.751
-1.591 -7.658 2.233
5.846 -2.163 1.867
0.984 -4.993 2.206
-2.510 -9.820 1.926
1.702 -1.327 2.125
-1.285 -5.133 2.221
6.541 -1.297 2.220
0.485 1.662 0.168
2.093 2.699 0.967
0.672 4.740 2.050
1.401 -1.672 2.139
3.869 -4.481 1.802
12.113 0.833 1.042
12.225 1.505 0.497
-0.979 -2.657 0.072
4.810 1.222 1.161
1.340 -7.675 2.230
2.920 -6.733 2.212
6.733 -0.807 2.222
-1.160 -6.751 2.239
-0.401 -6.410 2.240
1.747 -7.034 2.236
1.144 -10.615 1.226
1.063 -9.180 2.246
-1.536 -5.127 2.226
0.425 3.173 2.177
3.460 -2.567 2.180
1.066 4.449 2.178
-1.318 -5.952 2.230
0.564 -5.808 2.226
6.747 -1.909 2.220
-2.144 -5.335 1.379
-2.276 -6.643 1.708
-2.516 -9.807 2.303
1.863 1.444 0.100
3.923 1.296 0.319
-0.396 -6.788 2.229
2.080 2.521 2.136
1.074 4.077 2.176
-2.049 -3.986 0.684
-1.528 1.627 2.279
4.459 1.225 1.183
-1.366 2.235 0.225
-1.844 -3.817 2.303
-1.820 -5.944 2.236
5.950 -2.005 2.208
-2.280 -6.807 1.581
-1.248 -10.140 2.194
-0.551 -10.209 2.157
-1.093 -10.156 1.955
-1.735 -0.700 1.569
2.658 -5.748 2.211
4.398 1.197 0.785
5.949 1.230 0.251
-1.918 -3.062 1.101
0.436 -6.362 2.235
1.658 -6.290 2.214
6.693 -1.830 2.226
2.626 -6.510 2.222
3.534 -8.253 2.140
3.587 1.315 1.287
-0.142 1.704 1.152
-2.199 -6.522 2.442
0.631 1.625 0.555
6.238 -1.239 2.217
5.390 -6.528 1.850
5.390 -6.473 1.696
2.028 -0.333 2.116
0.545 -7.691 2.243
5.586 -4.349 1.384
2.495 -10.741 1.526
1.383 -6.530 2.196
5.492 -3.194 2.215
5.830 -2.156 2.005
4.224 -0.283 0.654
5.362 -6.216 2.243
-1.301 -6.240 2.227
-2.316 -6.906 1.640
5.971 0.015 1.725
3.051 -4.845 2.203
6.022 -0.832 2.212
1.582 -3.360 2.175
-2.086 -4.691 2.223
2.698 -5.223 2.204
-1.857 -6.555 2.245
6.667 -2.268 2.100
5.356 -6.831 1.542
-1.185 -3.247 0.523
-2.110 -4.570 0.670
0.981 -10.589 1.279
1.087 -2.793 2.177
0.643 3.407 2.179
-0.308 3.534 2.176
0.592 -6.311 2.233
3.098 -6.282 2.209
-2.119 -4.883 1.198
-2.099 -9.965 2.192
-0.542 -10.197 2.100
1.066 1.488 0.343
-0.535 -2.427 0.129
0.155 -5.785 2.228
-1.806 -3.431 2.289
6.190 -2.211 2.003
-0.027 -6.337 2.223
5.569 -3.419 2.209
-1.221 4.141 2.386
-1.917 -7.595 2.233
3.755 -5.429 1.118
0.975 -10.616 1.895
0.845 -7.193 2.193
12.116 0.939 1.037
12.156 1.629 2.194
1.267 -10.652 1.302
3.511 -7.696 2.242
3.676 1.330 1.659
0.970 4.108 2.180
1.651 4.447 2.175
-0.864 -6.361 2.234
3.510 -8.296 2.108
5.530 -5.047 1.541
-2.055 -9.164 2.249
4.294 1.263 0.431
0.113 -2.171 0.124
3.521 1.320 0.554
1.169 4.725 0.612
0.484 -6.580 2.228
-0.714 -7.403 2.210
1.126 -7.008 2.196
3.473 -5.834 2.220
2.245 -6.330 2.205
5.682 -2.676 1.027
0.913 -10.627 2.183
6.363 -2.244 1.230
2.531 -9.618 2.253
5.939 1.177 1.788
-1.621 0.716 0.706
2.154 3.864 2.176
5.455 -3.872 2.220
6.312 -2.208 2.192
0.625 4.707 2.032
-0.787 -7.657 2.222
5.709 -3.010 1.505
-2.060 -4.150 0.785
7.004 -1.950 2.240
-3.265 -1.272 2.159
3.340 -5.543 2.206
1.236 -9.143 2.256
3.976 -3.321 1.803
-1.608 0.530 0.574
-1.450 -7.888 2.235
2.711 -9.806 2.268
3.451 -6.844 2.219
-1.750 -1.116 0.420
4.213 -1.084 0.691
12.168 1.087 1.191
5.976 1.154 0.184
-1.915 -6.898 2.232
6.073 0.985 2.146
-1.194 -6.797 2.232
0.222 -6.984 2.228
2.577 -6.104 2.214
-0.327 -2.262 0.069
3.772 -5.568 1.833
-3.170 1.227 2.156
0.515 -6.754 2.220
2.520 -6.693 2.224
2.989 -5.469 2.211
-7.547 2.321 -0.443
6.034 0.569 2.188
4.250 1.277 0.409
-2.249 -6.574 2.300
-1.913 -5.952 2.229
1.072 -1.909 2.130
6.020 0.502 1.887
2.434 -7.371 2.239
-3.782 -1.319 2.164
5.523 -5.129 2.156
6.851 -2.284 1.192
4.140 -1.321 0.708
1.246 4.345 2.176
1.429 -6.355 2.218
-1.633 0.520 1.714
-1.676 0.561 1.252
-1.971 -3.488 1.843
5.984 1.108 2.182
0.717 3.943 2.177
9.083 1.360 2.237
-1.777 -2.787 0.228
2.707 -10.636 1.663
-0.619 -7.663 2.239
5.880 0.383 2.195
-1.926 -2.904 1.754
-2.079 -5.065 2.440
-0.832 -1.921 2.124
3.746 -2.311 2.177
-1.492 -10.114 1.206
2.798 -8.486 2.243
2.614 -3.132 2.176
-1.260 -6.188 2.239
1.241 -6.254 2.220
1.855 -5.733 2.204
-0.067 -6.269 2.221
0.033 -6.583 2.218
5.494 -5.351 2.232
12.189 1.922 1.819
0.750 -2.645 0.227
0.969 -2.843 0.408
4.228 -1.223 0.691
12.129 1.130 1.151
1.584 -3.324 2.175
-2.117 -5.095 2.324
-0.383 -5.307 2.228
6.327 -1.079 2.206
1.286 -10.664 1.778
-1.678 -6.445 2.243
-0.815 -6.594 2.226
0.780 -7.010 2.198
0.593 -6.341 2.229
0.636 1.601 1.772
0.038 -8.552 2.239
6.431 -2.229 2.010
-0.205 3.520 2.177
5.628 -4.088 1.777
1.911 -1.785 2.126
5.400 -6.420 1.741
5.408 -6.162 1.641
6.476 -1.213 2.213
1.849 -3.602 2.174
0.658 -9.209 2.257
-1.208 -2.773 0.277
0.702 -10.603 1.655
-2.365 -7.524 2.018
1.951 -7.584 2.233
5.607 -4.106 2.231
3.291 -2.730 2.176
1.615 -1.083 2.126
-11.366 4.992 3.944
-1.914 -6.605 2.226
-1.714 -0.375 0.425
7.055 -2.310 1.306
12.186 1.868 2.250
2.885 -7.871 2.237
3.600 -7.216 2.089
-1.342 -3.492 2.170
-1.268 -5.730 2.233
-0.847 -5.784 2.228
-1.790 -2.936 0.232
5.716 -2.474 0.628
12.148 1.198 1.082
-11.390 5.096 3.863
5.717 0.728 2.189
-1.768 1.780 1.933
5.516 -3.798 2.222
5.612 -4.186 1.303
-2.176 -5.705 1.772
-0.163 -7.341 2.228
4.252 1.280 1.156
-1.963 -7.751 2.243
0.745 -7.527 2.230
3.153 -7.547 2.240
4.101 -1.187 2.180
-1.778 -0.655 1.605
2.125 3.067 1.667
-1.684 0.610 0.831
0.327 -6.345 2.223
3.922 -3.751 1.955
0.219 -6.040 2.221
-1.476 2.694 1.539
12.159 1.260 0.904
-1.153 -7.086 2.224
6.291 -2.104 2.217
6.970 -2.303 1.862
5.718 -2.766 0.489
-1.606 -10.094 1.256
2.040 2.469 0.539
-1.348 -7.337 2.230
2.359 1.374 2.125
0.323 3.560 2.177
-1.807 -4.025 2.265
0.471 -7.048 2.223
-11.216 6.682 3.034
12.131 0.838 0.821
-1.434 -2.456 0.084
12.109 0.762 1.791
-0.170 -10.210 2.242
7.094 -1.735 2.233
-1.131 -5.910 2.222
4.272 -0.644 0.355
-0.488 -6.324 2.229
0.458 -5.984 2.232
1.387 4.832 0.671
4.796 1.233 1.861
2.298 -7.648 2.242
-0.268 -5.513 2.221
-1.185 -6.541 2.225
-0.410 -6.504 2.216
-0.460 -10.182 2.232
1.808 -5.307 2.194
-1.357 -5.543 2.225
-0.636 -7.516 2.226
12.175 1.396 0.833
-2.069 -6.905 2.227
3.045 -7.198 2.230
1.421 3.990 2.177
0.624 1.610 1.681
-1.370 3.259 2.208
0.494 -6.956 2.213
2.483 -6.867 2.219
3.734 -6.026 1.476
2.553 -9.225 2.257
-2.116 -5.123 2.228
1.798 4.402 2.184
0.745 1.627 1.248
-11.197 6.623 3.545
6.382 -0.685 2.204
-1.126 3.244 2.189
0.845 -10.621 1.744
4.230 1.282 1.505
1.530 -3.227 2.179
-2.408 -9.826 1.848
-0.604 -5.599 2.220
2.540 0.737 2.128
-2.211 -6.262 2.435
0.821 -6.127 2.219
3.549 -7.837 1.943
5.434 -5.869 0.966
-1.883 -0.573 1.507
2.583 1.121 2.126
1.256 -3.276 2.178
5.514 -2.080 2.207
4.269 -0.394 0.607
0.958 3.226 0.020
6.383 -1.226 2.218
-1.676 0.551 1.107
0.661 -10.599 1.904
2.330 -10.180 2.245
2.950 -10.730 1.881
5.407 -6.156 1.561
2.822 0.914 2.126
2.064 -6.222 2.212
6.525 -2.045 2.220
12.060 0.376 1.955
-1.311 -10.093 1.045
-1.221 0.479 0.120
6.126 -2.007 2.212
-1.794 -0.569 1.631
3.181 -7.945 2.234
5.677 -3.656 1.976
7.070 -1.208 2.233
0.892 -1.922 2.124
1.018 -2.687 0.405
0.736 -10.613 2.076
-1.673 -0.596 1.766
-1.679 -4.891 2.220
1.891 -8.012 2.249
-1.784 -1.400 0.383
0.798 4.621 0.346
-1.377 3.415 2.207
2.875 1.371 2.015
2.869 -7.019 2.231
7.378 -1.849 2.243
2.385 -1.046 2.125
1.473 -0.704 2.125
6.722 -1.056 2.223
3.113 -10.814 1.905
-1.376 3.549 0.462
12.157 1.421 2.259
2.792 -5.564 2.211
6.127 -1.899 2.210
1.823 4.770 2.149
-3.239 0.184 2.127
-1.221 1.780 1.150
-0.028 -5.437 2.224
0.592 4.742 0.927
2.564 -8.336 2.249
-1.151 2.805 2.177
4.324 1.280 1.785
0.858 4.241 2.179
0.926 -10.607 1.847
0.297 -6.535 2.228
0.121 -2.084 2.125
-2.285 -6.976 2.215
5.130 -9.316 1.964
12.188 1.571 0.749
3.281 -10.803 1.646
0.050 -8.959 2.240
0.841 -7.777 2.236
-2.090 -5.158 2.439
-0.355 1.675 1.750
1.299 -6.188 2.215
0.941 3.548 0.109
1.041 -2.375 0.169
-0.918 -5.831 2.225
-0.273 -5.614 2.223
5.704 -2.287 1.152
6.115 -2.219 1.606
-1.458 -7.007 2.229
-0.279 1.649 1.695
-0.469 -8.381 2.241
3.662 -6.732 1.875
-2.033 -3.777 0.761
-1.316 -10.102 1.316
-2.023 -3.984 2.279
-1.808 -6.251 2.228
0.658 -10.591 1.942
-1.382 3.483 0.730
-2.199 -5.883 1.631
5.616 -4.077 1.387
6.083 -1.323 2.217
1.391 -7.819 2.245
1.878 -7.722 2.238
12.149 1.494 2.288
-2.092 -4.634 0.821
-1.635 0.880 0.581
0.369 -6.582 2.218
2.084 -6.387 2.215
-1.671 0.579 1.122
0.768 -6.592 2.182
5.609 -4.168 1.037
6.768 -1.505 2.230
1.907 -1.005 2.127
-1.924 -0.928 1.648
-11.237 6.510 3.625
-1.601 -5.490 2.224
-11.244 6.024 3.310
0.405 -8.626 2.243
2.104 -8.405 2.244
12.164 1.478 1.802
-1.202 -5.875 2.231
3.576 -7.682 2.098
1.705 -9.375 2.253
8.801 0.499 2.260
-0.376 -2.295 0.106
-0.619 -3.169 0.467
-0.942 -7.007 2.231
-1.671 -0.084 0.497
0.434 -8.738 2.245
2.143 -8.860 2.241
-0.700 -5.575 2.226
-1.448 -5.414 2.224
-1.123 -5.484 2.222
-0.555 -2.003 2.123
5.873 -0.141 2.199
-2.021 -4.079 1.495
-1.614 0.233 0.514
5.392 -5.662 2.237
-1.263 -10.128 1.949
1.491 -1.545 2.128
1.579 -1.449 2.125
-1.661 0.213 1.575
-1.800 1.742 1.284
-0.799 -5.771 2.223
0.388 -6.037 2.216
3.302 -10.793 2.003
-1.577 0.676 2.325
5.736 -2.746 0.251
-1.525 1.617 2.211
2.188 -6.889 2.222
-0.862 1.719 0.502
3.384 -8.197 2.257
-1.730 -3.480 2.188
-1.001 -1.827 2.125
-1.688 -5.358 2.220
3.782 -4.580 2.213
3.741 1.321 0.330
-2.013 -4.103 1.733
-2.165 -6.224 2.440
5.897 -1.507 2.207
6.381 -1.402 2.210
5.601 -0.768 2.204
5.674 -2.849 1.268
-2.040 -3.848 0.739
5.495 -5.537 0.524
5.939 0.005 0.567
-0.308 -7.638 2.238
0.023 -6.887 2.230
-1.598 1.830 1.465
6.084 1.100 0.188
0.630 1.619 1.680
-1.774 -1.283 1.926
4.126 -1.599 2.096
-1.042 -5.851 2.221
2.050 -5.584 2.201
-0.884 -1.897 2.119
1.742 -1.192 2.128
1.484 -1.478 2.127
0.233 1.668 1.282
-11.283 5.835 3.385
3.136 -7.696 2.232
6.037 0.654 2.190
1.288 4.170 2.176
-1.722 0.394 1.630
3.765 -4.467 2.207
3.734 -5.830 1.462
2.044 -2.988 0.716
-2.061 -4.143 0.739
0.242 -10.271 1.729
7.211 -2.323 1.712
-2.022 -3.952 1.321
-3.037 0.707 2.135
0.697 4.029 2.175
-0.057 -7.488 2.226
-2.007 -4.509 2.427
3.575 -2.342 2.177
12.168 1.326 0.730
-0.824 3.049 2.175
1.975 4.368 2.177
5.379 -6.598 1.735
1.115 -10.640 2.081
1.344 4.757 2.187
-1.472 2.724 1.468
-0.535 3.387 2.178
-1.258 3.356 2.363
-1.624 -0.176 1.585
-1.424 2.643 2.134
3.519 -5.338 2.212
5.529 -5.128 1.798
5.613 -3.806 1.216
0.150 -7.561 2.230
2.891 -6.095 2.222
-1.021 0.434 0.077
12.079 0.753 2.290
1.680 -1.322 2.128
0.735 3.432 2.175
5.772 -2.163 1.586
-1.535 1.775 0.184
0.640 4.605 2.175
-1.690 -3.191 2.182
-1.046 -2.668 0.192
0.611 -7.635 2.227
2.534 -8.164 2.243
4.276 -0.585 0.694
-0.216 -7.901 2.231
6.216 -1.699 2.214
7.039 -2.088 2.235
1.866 -2.219 2.131
-1.247 -6.240 2.227
5.527 -4.501 2.228
3.632 -7.197 2.057
-1.262 -5.313 2.227
-0.871 -6.191 2.226
2.864 -10.737 1.964
-1.353 3.420 0.198
5.965 -0.172 0.452
1.838 -1.066 2.127
-1.477 -8.110 2.240
12.109 0.851 2.063
-1.515 -1.478 0.383
5.666 -3.342 1.388
-1.230 -6.480 2.225
4.327 -0.026 0.657
-1.718 -0.371 0.527
6.789 -0.923 2.216
0.644 1.632 1.799
1.597 -1.396 2.127
1.933 -0.851 2.127
1.290 -9.487 2.256
-0.507 -5.751 2.233
2.582 1.178 2.126
3.126 -5.650 2.216
6.563 -0.791 2.218
5.575 -4.378 1.248
9.146 1.254 2.240
-0.320 3.624 2.175
-0.386 1.673 1.778
0.081 -7.225 2.230
5.861 1.105 2.174
1.839 -1.130 2.128
-1.401 2.522 2.133
2.140 -7.510 2.244
2.234 -6.793 2.224
6.100 -2.211 1.789
-0.670 -2.000 2.123
-1.524 1.434 2.067
-0.440 -5.994 2.228
-2.179 -5.781 2.079
-1.819 -5.510 2.227
-3.135 0.300 2.130
1.374 1.522 2.022
2.816 -10.697 1.863
-0.161 -7.544 2.237
-1.180 -1.693 2.121
-1.476 2.290 1.064
-1.628 -6.713 2.233
-0.374 -6.659 2.226
-1.414 -7.686 2.238
0.621 -1.982 2.120
0.104 -5.812 2.226
-0.488 -10.182 2.247
-1.231 -2.472 0.140
4.282 -0.453 0.404
2.909 1.375 0.995
-0.103 -5.898 2.234
5.332 1.198 1.942
1.882 -0.960 2.127
2.018 -0.724 2.129
2.653 0.834 2.128
-0.049 -3.622 2.176
-3.348 -0.124 2.141
2.258 -3.215 2.178
-1.182 -3.370 2.176
2.451 1.399 2.126
1.251 4.076 2.177
-1.211 -5.035 2.229
-1.116 -5.298 2.225
-0.488 -5.098 2.226
0.350 -5.573 2.221
1.334 -5.827 2.210
3.798 -4.659 2.215
-0.006 -8.156 2.239
0.533 -8.132 2.248
0.321 -9.313 2.258
1.369 -8.664 2.254
-1.560 -2.779 0.177
-1.623 0.535 1.092
-0.521 1.699 1.766
1.837 -1.097 2.129
-1.209 -6.180 2.229
-1.110 -1.789 2.121
2.075 2.342 1.541
12.182 1.827 1.980
4.128 -1.115 0.279
3.041 -5.349 2.213
5.686 -3.550 1.484
6.099 1.293 1.952
-0.968 -1.831 2.125
2.507 0.724 2.126
-1.915 -0.926 1.552
1.139 -6.669 2.179
12.114 0.903 2.128
12.187 1.703 2.179
-1.622 -0.137 2.166
-3.334 -1.487 2.155
3.545 -2.548 2.175
-1.632 -5.891 2.228
2.935 -5.816 2.216
5.339 -6.907 1.631
12.120 1.020 1.042
5.950 -0.593 1.521
-11.191 6.862 3.413
-1.524 1.512 2.202
-1.980 -3.392 1.767
1.161 4.711 0.605
2.965 1.374 0.734
5.557 -4.053 2.224
2.698 -6.229 2.209
1.821 -6.649 2.223
3.331 -2.805 2.175
-0.861 1.459 2.126
2.187 -6.343 2.207
6.012 -2.190 1.612
-1.370 -2.568 0.100
2.373 1.420 0.167
-1.227 2.768 2.241
1.429 -1.539 2.130
1.529 -1.492 2.129
-3.819 -1.528 2.180
6.952 -1.354 2.233
-2.035 -3.824 0.972
-2.026 -10.024 2.252
3.311 -9.515 2.263
2.632 -9.627 2.257
-1.411 3.107 0.023
3.705 -6.039 1.694
1.489 4.821 1.570
-0.367 -5.485 2.226
-0.678 -5.967 2.229
-1.534 -5.201 2.229
-1.095 -5.568 2.235
2.077 2.319 1.403
6.679 -0.772 2.219
1.569 -8.373 2.246
1.007 -2.631 0.242
1.089 -1.898 2.177
0.915 -6.180 2.213
7.234 -1.951 2.246
-0.517 -2.055 2.120
0.782 -3.612 2.177
0.205 -9.670 2.241
3.744 -5.934 1.597
3.800 -5.238 1.452
5.553 -4.363 1.104
-1.775 -1.360 0.345
-2.087 -4.211 0.602
-0.329 -2.223 0.143
3.719 1.316 0.297
3.502 1.323 0.496
6.351 -1.250 2.214
0.028 -2.089 2.124
2.010 -0.609 2.120
1.959 1.755 1.900
-1.799 -3.151 2.307
3.467 -5.069 2.210
0.410 -8.847 2.250
1.713 -9.024 2.256
2.101 -7.478 2.240
5.736 -2.252 0.905
-0.771 -2.576 0.302
3.770 -5.538 2.129
-0.006 1.721 0.024
-2.337 -9.837 2.235
2.153 3.321 1.291
-1.458 -5.023 2.223
1.509 4.055 2.177
-0.168 3.445 2.175
-0.194 -5.859 2.225
12.187 1.745 1.913
-2.232 -9.839 1.880
-0.526 -2.045 2.123
1.776 -1.214 2.128
1.022 -5.977 2.219
3.629 -5.410 2.213
6.102 -1.991 2.212
3.633 -7.083 2.126
-1.513 -2.726 0.177
0.567 -6.381 2.239
1.053 -8.123 2.259
6.447 -2.142 2.231
6.499 -1.723 2.235
1.978 -0.850 2.125
-3.909 -1.605 2.176
-0.645 -6.208 2.229
0.944 -2.631 0.256
0.785 -10.600 1.286
3.104 -8.914 2.243
2.128 2.840 1.098
-1.199 3.060 2.245
-0.428 -2.065 2.125
2.129 -0.339 2.125
1.674 1.410 2.126
12.119 0.997 2.071
5.490 -5.432 0.376
-2.200 -5.874 2.053
1.183 -6.335 2.218
0.456 4.186 2.174
3.763 -5.478 2.005
3.617 -7.302 2.065
2.962 1.374 0.475
1.773 -0.900 2.127
-4.283 -0.140 2.153
0.579 -7.768 2.244
2.375 -8.927 2.258
0.891 -5.278 2.228
1.192 4.448 2.178
-1.349 3.178 1.800
-0.016 -2.111 2.124
0.749 3.261 2.178
3.929 -3.949 1.965
-0.964 -5.506 2.218
3.003 -10.793 2.020
2.937 -10.643 1.529
5.560 1.160 1.973
2.785 -6.380 2.218
1.078 -1.859 2.154
1.935 -0.974 2.129
2.032 -0.721 2.127
1.638 -3.385 2.175
-2.110 -9.219 2.246
5.719 -2.516 0.544
1.254 -10.645 1.860
1.009 -3.114 2.175
0.835 -2.953 0.181
5.723 -2.295 0.485
1.040 -7.692 2.244
0.558 4.103 2.175
1.737 3.124 2.161
4.080 -1.494 2.178
-0.381 1.724 0.533
4.128 -1.127 0.281
-1.363 2.186 0.245
3.127 -10.843 1.458
4.084 1.274 0.612
0.757 -8.749 2.275
-1.838 -7.967 2.227
1.454 4.218 2.175
-0.108 -2.081 2.123
0.730 -1.944 2.122
-1.683 -2.828 0.102
